"ARRIVAL_TM","AUTOMOBILE_COUNT","BELTED_DEATH_COUNT","BELTED_SUSP_SERIOUS_INJ_COUNT","BICYCLE_COUNT","BICYCLE_DEATH_COUNT","BICYCLE_SUSP_SERIOUS_INJ_COUNT","BUS_COUNT","CHLDPAS_DEATH_COUNT","CHLDPAS_SUSP_SERIOUS_INJ_COUNT","COLLISION_TYPE","COMM_VEH_COUNT","CONS_ZONE_SPD_LIM","COUNTY","CRASH_MONTH","CRASH_YEAR","CRN","DAY_OF_WEEK","DEC_LAT","DEC_LONG","DISPATCH_TM","DISTRICT","DRIVER_COUNT_16YR","DRIVER_COUNT_17YR","DRIVER_COUNT_18YR","DRIVER_COUNT_19YR","DRIVER_COUNT_20YR","DRIVER_COUNT_50_64YR","DRIVER_COUNT_65_74YR","DRIVER_COUNT_75PLUS","EST_HRS_CLOSED","FATAL_COUNT","HEAVY_TRUCK_COUNT","HORSE_BUGGY_COUNT","HOUR_OF_DAY","ILLUMINATION","INJURY_COUNT","INTERSECT_TYPE","LANE_CLOSED","LATITUDE","LN_CLOSE_DIR","LOCATION_TYPE","LONGITUDE","MAX_SEVERITY_LEVEL","MCYCLE_DEATH_COUNT","MCYCLE_SUSP_SERIOUS_INJ_COUNT","MOTORCYCLE_COUNT","MUNICIPALITY","NONMOTR_COUNT","NONMOTR_DEATH_COUNT","NONMOTR_SUSP_SERIOUS_INJ_COUNT","NTFY_HIWY_MAINT","PED_COUNT","PED_DEATH_COUNT","PED_SUSP_SERIOUS_INJ_COUNT","PERSON_COUNT","POLICE_AGCY","POSSIBLE_INJ_COUNT","RDWY_SURF_TYPE_CD","RELATION_TO_ROAD","ROAD_CONDITION","SCH_BUS_IND","SCH_ZONE_IND","SMALL_TRUCK_COUNT","SPEC_JURIS_CD","SUSP_MINOR_INJ_COUNT","SUSP_SERIOUS_INJ_COUNT","SUV_COUNT","TCD_FUNC_CD","TCD_TYPE","TFC_DETOUR_IND","TIME_OF_DAY","TOT_INJ_COUNT","TOTAL_UNITS","UNB_DEATH_COUNT","UNB_SUSP_SERIOUS_INJ_COUNT","UNBELTED_OCC_COUNT","UNK_INJ_DEG_COUNT","UNK_INJ_PER_COUNT","URBAN_RURAL","VAN_COUNT","VEHICLE_COUNT","WORK_ZONE_IND","WORK_ZONE_LOC","WORK_ZONE_TYPE","WORKERS_PRES","WZ_CLOSE_DETOUR","WZ_FLAGGER","WZ_LAW_OFFCR_IND","WZ_LN_CLOSURE","WZ_MOVING","WZ_OTHER","WZ_SHLDER_MDN","ROADWAY_CLEARED","WEATHER1","WEATHER2","WZ_WORKERS_INJ_KILLED","SECONDARY_CRASH","INTERSECTION_RELATED"
"2016","0","0","0","0","0","0","0","0","0","7","0","","36","01","2018","2018004916","1","39.8105","-76.2441","2016","08","0","0","0","0","0","0","0","0","2","0","0","0","20","3","0","00","1","39 48:37.740","3","00","76 14:38.770","0","0","0","0","36208","0","0","0","N","0","0","0","1","68J01","0","","4","02","N","N","1","","0","0","0","0","0","N","2016","0","1","0","0","1","0","0","1","0","1","N","","","","","","","","","","","","03","  ","","",""
"0212","0","0","0","0","0","0","0","0","0","7","0","","36","01","2018","2018004939","3","40.0475","-76.3629","0211","08","0","0","0","0","0","1","0","0","2","0","0","0","02","3","0","01","1","40 02:50.996","4","00","76 21:46.341","0","0","0","0","36214","0","0","0","N","0","0","0","1","36214","0","","2","02","N","N","0","","0","0","0","3","2","N","0211","0","1","0","0","0","0","0","3","1","1","N","","","","","","","","","","","","03","  ","","",""
"1153","2","0","0","0","0","0","0","0","0","6","0","","36","01","2018","2018004940","2","40.0312","-76.3608","1148","08","0","0","0","0","0","0","0","1","","0","0","0","11","1","0","00","0","40 01:52.176","","00","76 21:38.748","0","0","0","0","36223","0","0","0","N","0","0","0","2","36223","0","","1","07","N","N","0","","0","0","0","0","0","","1146","0","2","0","0","0","0","0","1","0","2","N","","","","","","","","","","","","09","  ","","",""
"1342","1","0","0","0","0","0","0","0","0","7","0","","36","01","2018","2018004941","2","39.9447","-76.4117","1326","08","0","0","0","0","0","1","0","0","2","0","0","0","13","1","1","00","1","39 56:40.815","1","00","76 24:42.231","3","0","0","0","36223","0","0","0","","0","0","0","1","36223","0","","5","02","N","N","0","","1","0","0","9","8","N","1322","1","1","0","0","0","0","0","1","0","1","N","","","","","","","","","","","","09","  ","","",""
"1008","0","0","0","0","0","0","0","0","0","7","0","","36","01","2018","2018005014","6","40.1564","-75.9618","1008","08","0","0","0","0","0","0","1","0","","0","0","0","09","1","0","00","0","40 09:23.090","","00","75 57:42.560","0","0","0","0","36203","0","0","0","N","0","0","0","1","68J01","0","","5","07","N","N","1","","0","0","0","0","0","","0940","0","1","0","0","0","0","0","1","0","1","N","","","","","","","","","","","","03","  ","","",""
"1222","0","0","0","0","0","0","0","0","0","7","0","","36","01","2018","2018005016","6","39.8677","-76.272","1216","08","0","0","0","0","1","0","0","0","","0","0","0","12","1","0","00","0","39 52:03.783","","00","76 16:19.170","0","0","0","0","36224","0","0","0","","0","0","0","1","68J01","0","","4","07","N","N","1","","0","0","0","0","0","","1214","0","1","0","0","0","0","0","1","0","1","N","","","","","","","","","","","","03","  ","","",""
"1545","1","0","0","0","0","0","0","0","0","4","0","","36","01","2018","2018005019","6","39.8837","-76.2046","1509","08","0","0","0","0","0","1","1","0","","0","0","0","15","1","1","01","0","39 53:01.345","","00","76 12:16.591","8","0","0","0","36212","0","0","0","N","0","0","0","3","68J01","0","","1","01","N","N","0","","0","0","1","3","3","","1501","1","2","0","0","0","1","0","1","0","2","N","","","","","","","","","","","","03","  ","","",""
"1638","1","0","0","0","0","0","0","0","0","4","0","","36","01","2018","2018005022","6","40.0392","-76.0644","1628","08","0","0","0","0","0","0","0","1","1","0","0","0","16","4","1","01","2","40 02:21.008","6","00","76 03:51.827","8","0","0","0","36221","0","0","0","","0","0","0","2","68J01","0","","1","01","N","N","1","","0","0","0","0","0","Y","1627","1","2","0","0","0","1","0","1","0","2","N","","","","","","","","","","","","03","  ","","",""
"2327","0","0","0","0","0","0","0","0","0","7","0","","36","01","2018","2018005040","7","40.1153","-75.9608","2313","08","0","0","0","0","0","0","0","0","1","0","0","0","22","3","0","00","2","40 06:55.105","5","00","75 57:38.823","0","0","0","0","36203","0","0","0","","0","0","0","1","68J01","0","","4","02","N","N","1","","0","0","0","0","0","Y","2251","0","1","0","0","0","0","0","1","0","1","N","","","","","","","","","","","","10","  ","","",""
"0930","1","0","0","0","0","0","0","0","0","7","0","","36","01","2018","2018005044","1","39.9776","-76.072","0920","08","0","0","0","0","0","0","0","0","","0","0","0","09","1","0","00","0","39 58:39.480","","00","76 04:19.140","0","0","0","0","36226","0","0","0","N","0","0","0","1","68J01","0","","4","01","N","N","0","","0","0","0","0","0","","0917","0","1","0","0","0","0","0","1","0","1","N","","","","","","","","","","","","03","  ","","",""
"1237","1","0","0","0","0","0","0","0","0","4","0","","36","01","2018","2018005045","1","39.9277","-76.2524","1237","08","0","0","0","0","0","0","0","0","2","0","0","0","12","1","0","02","1","39 55:39.686","1","00","76 15:08.739","9","0","0","0","36229","0","0","0","","0","0","0","4","68J01","0","","1","01","N","N","0","","0","0","1","3","3","N","1235","0","2","0","0","0","0","1","1","0","2","N","","","","","","","","","","","","03","  ","","",""
"1835","1","0","0","0","0","0","0","0","0","9","0","","36","01","2018","2018005048","1","39.9788","-76.3435","1821","08","0","1","0","0","0","0","0","0","","0","0","0","18","2","0","00","0","39 58:43.531","","00","76 20:36.519","0","0","0","0","36206","0","0","0","N","0","0","0","1","68J01","0","","1","01","N","N","0","","0","0","0","0","0","","1809","0","1","0","0","0","0","0","1","0","1","N","","","","","","","","","","","","03","  ","","",""
"2007","1","0","0","0","0","0","0","0","0","7","0","","36","01","2018","2018005049","1","39.9494","-76.235","1957","08","0","0","0","0","0","0","0","0","","0","0","0","19","2","0","00","0","39 56:57.750","","00","76 14:06.090","0","0","0","0","36233","0","0","0","","0","0","0","1","68J01","0","","5","01","N","N","0","","0","0","0","0","0","","1954","0","1","0","0","0","0","0","1","0","1","N","","","","","","","","","","","","03","  ","","",""
"0822","0","0","0","0","0","0","0","0","0","7","0","","36","01","2018","2018005058","2","39.767","-76.0864","0814","08","0","0","0","0","0","0","0","0","","0","0","0","08","1","0","00","0","39 46:01.285","","00","76 05:10.956","0","0","0","0","36222","0","0","0","N","0","0","0","1","68J01","0","","4","02","N","N","0","","0","0","1","0","0","","0806","0","1","0","0","0","0","0","1","0","1","N","","","","","","","","","","","","03","  ","","",""
"1308","1","0","0","0","0","0","0","0","0","2","0","","36","01","2018","2018005065","2","40.0343","-75.9658","1300","08","0","0","0","0","0","1","0","0","2","0","0","0","12","1","1","00","1","40 02:03.560","1","00","75 57:57.000","8","0","0","0","36232","0","0","0","N","0","0","0","2","68J01","0","","1","09","N","N","0","","0","0","0","0","0","N","1259","1","2","0","0","0","1","0","1","0","2","N","","","","","","","","","","","","09","  ","","",""
"0754","0","0","0","0","0","0","0","0","0","7","0","","36","01","2018","2018005082","3","39.8494","-76.0248","0725","08","0","0","0","0","0","0","0","0","","0","0","0","06","5","0","00","0","39 50:57.820","","00","76 01:29.283","0","0","0","0","36205","0","0","0","","0","0","0","1","68J01","0","","4","02","N","N","1","","0","0","0","0","0","","0644","0","1","0","0","0","0","0","1","0","1","N","","","","","","","","","","","","05","  ","","",""
"0743","1","0","0","0","0","0","0","0","0","7","0","","36","01","2018","2018005083","3","39.7664","-76.0876","0652","08","0","0","0","0","0","0","0","0","","0","0","0","06","5","0","00","0","39 45:59.173","","00","76 05:15.233","0","0","0","0","36222","0","0","0","N","0","0","0","1","68J01","0","","2","02","N","N","0","","0","0","0","0","0","","0649","0","1","0","0","0","0","0","1","0","1","N","","","","","","","","","","","","98","  ","","",""
"1935","2","0","0","0","0","0","0","0","0","5","0","","36","01","2018","2018005129","7","40.0356","-76.287","1929","08","0","0","0","0","0","1","0","0","2","0","0","0","19","3","0","00","1","40 02:08.100","1","00","76 17:13.100","0","0","0","0","36301","0","0","0","N","0","0","0","1","36301","0","","6","09","N","N","1","","0","0","3","0","0","N","1929","0","6","0","0","0","0","0","3","0","6","N","","","","","","","","","","","","03","  ","","",""
"2218","2","0","0","0","0","0","0","0","0","4","0","","36","01","2018","2018005150","4","40.1797","-76.1755","2215","08","0","0","1","0","0","0","0","0","2","0","0","0","22","3","0","01","1","40 10:46.812","1","00","76 10:31.684","0","0","0","0","36408","0","0","0","N","0","0","0","3","36408","0","","1","01","N","N","0","","0","0","0","3","2","N","2215","0","2","0","0","0","0","0","2","0","2","N","","","","","","","","","","","","03","  ","","",""
"1319","0","0","0","0","0","0","0","0","0","7","1","","36","01","2018","2018005238","2","40.0865","-76.2687","1304","08","0","0","0","0","0","0","0","0","2","0","1","0","13","1","0","00","1","40 05:11.561","2","00","76 16:07.285","0","0","0","0","36101","0","0","0","","0","0","0","1","36101","0","","5","02","N","N","0","","0","0","0","0","0","N","1300","0","1","0","0","0","0","0","3","0","1","N","","","","","","","","","","","","09","  ","","",""
"1709","1","0","0","0","0","0","0","0","0","4","0","","36","01","2018","2018005239","3","40.0606","-76.2768","1702","08","0","0","0","0","1","1","0","0","2","0","0","0","16","4","0","01","1","40 03:38.256","3","00","76 16:36.560","0","0","0","0","36101","0","0","0","","0","0","0","4","36101","0","","1","01","N","N","1","","0","0","0","3","2","N","1659","0","2","0","0","0","0","0","3","0","2","N","","","","","","","","","","","","03","  ","","",""
"2337","1","0","0","0","0","0","0","0","0","7","0","","36","01","2018","2018005240","3","40.051","-76.3535","2329","08","0","0","0","0","0","0","0","0","2","0","0","0","23","3","0","01","1","40 03:03.668","1","00","76 21:12.504","0","0","0","0","36214","0","0","0","Y","0","0","0","2","36214","0","","4","09","N","N","0","","0","0","0","3","2","N","2328","0","1","0","0","0","0","0","3","0","1","N","","","","","","","","","","","","03","  ","","",""
"1426","1","0","0","0","0","0","0","0","0","7","0","","36","01","2018","2018005241","5","40.0315","-76.3608","1425","08","0","0","0","0","0","0","0","0","","0","0","0","14","1","0","03","0","40 01:53.274","","00","76 21:38.852","0","0","0","0","36223","0","0","0","","0","0","0","1","36223","0","","4","07","N","N","0","","0","0","0","0","0","","1423","0","1","0","0","0","0","0","1","0","1","N","","","","","","","","","","","","10","  ","","",""
"0635","4","0","0","0","0","0","0","0","0","4","0","","36","01","2018","2018005242","4","40.0388","-76.3581","0631","08","0","0","0","0","0","1","0","0","","0","0","0","06","3","0","00","0","40 02:19.539","","00","76 21:29.026","0","0","0","0","36223","0","0","0","","0","0","0","1","36223","0","","4","01","N","N","0","","0","0","0","0","0","","0623","0","4","0","0","0","0","0","1","0","4","N","","","","","","","","","","","","03","  ","","",""
"0748","3","0","0","0","0","0","0","0","0","1","0","","36","01","2018","2018005298","4","40.1668","-76.607","0738","08","0","0","0","0","0","0","0","0","","0","0","0","07","1","0","00","0","40 10:00.556","","00","76 36:25.078","0","0","0","0","36225","0","0","0","N","0","0","0","3","36505","0","","1","01","N","N","0","","0","0","0","0","0","","0733","0","3","0","0","0","0","0","2","0","3","N","","","","","","","","","","","","03","  ","","",""
"1305","0","0","0","0","0","0","0","0","0","7","0","","36","01","2018","2018005307","5","39.9516","-76.0002","1302","08","0","0","0","0","0","0","0","0","","0","0","0","13","1","0","00","0","39 57:05.838","","00","76 00:00.565","0","0","0","0","36403","0","0","0","N","0","0","0","1","36403","0","","4","06","N","N","0","","0","0","1","0","0","N","1302","0","1","0","0","0","0","0","1","0","1","N","","","","","","","","","","","","10","  ","","",""
"0827","2","0","0","0","0","0","0","0","0","1","0","","36","01","2018","2018005317","3","40.1139","-76.3863","0817","08","0","0","0","0","0","0","0","1","","0","0","0","08","1","0","01","0","40 06:50.151","","00","76 23:10.518","0","0","0","0","36214","0","0","0","N","0","0","0","2","36214","0","","1","02","N","N","0","","0","0","0","0","0","","0815","0","2","0","0","0","0","0","3","0","2","N","","","","","","","","","","","","03","  ","","",""
"0905","1","0","0","0","0","0","0","0","0","4","0","","36","01","2018","2018005321","5","40.2448","-76.1041","0900","08","0","0","0","0","0","0","1","0","","0","0","0","09","1","0","01","0","40 14:41.207","","00","76 06:14.899","0","0","0","0","36210","0","0","0","N","0","0","0","2","36210","0","","1","09","N","N","0","","0","0","0","3","3","","0900","0","2","0","0","0","0","0","1","1","2","N","","","","","","","","","","","","03","  ","","",""
"1232","0","0","0","0","0","0","0","0","0","4","0","","36","01","2018","2018005343","2","40.0414","-76.3204","1232","08","0","0","0","0","0","0","0","0","1","0","0","0","12","1","1","01","1","40 02:29.072","2","00","76 19:13.339","4","0","0","0","36301","0","0","0","N","0","0","0","2","36301","1","","1","01","N","N","0","","0","0","1","3","2","Y","1232","1","2","0","0","0","0","0","3","1","2","N","","","","","","","","","","","","03","  ","","",""
"0802","1","0","0","0","0","0","0","0","0","7","0","","36","01","2018","2018005366","2","40.1527","-76.6576","0747","08","0","0","0","0","0","0","0","0","","0","0","0","07","1","0","00","0","40 09:09.700","","00","76 39:27.500","0","0","0","0","36237","0","0","0","N","0","0","0","1","36505","0","","4","01","N","N","0","","0","0","0","0","0","N","0745","0","1","0","0","0","0","0","1","0","1","N","","","","","","","","","","","","03","  ","","",""
"1616","2","0","0","0","0","0","0","0","0","4","0","","36","01","2018","2018005379","2","40.1791","-76.6006","1606","08","0","0","0","0","0","0","0","0","","0","0","0","16","1","0","01","0","40 10:44.805","","02","76 36:01.990","0","0","0","0","36225","0","0","0","N","0","0","0","3","36505","0","","1","98","N","N","0","","0","0","0","3","2","","1600","0","2","0","0","0","0","0","2","0","2","N","","","","","","","","","","","","03","  ","","",""
"1110","1","0","0","0","0","0","0","0","0","4","0","","36","01","2018","2018005383","5","40.0399","-76.3664","1056","08","0","0","0","1","0","0","1","0","","0","0","0","10","1","1","02","0","40 02:23.803","","00","76 21:59.120","4","0","0","0","36223","0","0","0","N","0","0","0","3","36214","1","","1","01","N","N","0","","0","0","0","3","3","","1055","1","2","0","0","0","0","0","1","1","2","N","","","","","","","","","","","","03","  ","","",""
"1340","1","0","0","0","0","0","0","0","0","2","0","","36","01","2018","2018005431","1","40.0285","-76.2689","1332","08","0","0","0","0","0","0","1","0","2","0","0","0","13","1","0","00","2","40 01:42.491","5","00","76 16:08.097","0","0","0","0","36240","0","0","0","N","0","0","0","5","36240","0","","1","01","N","N","0","","0","0","0","0","0","Y","1332","0","2","0","0","0","0","0","1","1","2","N","","","","","","","","","","","","03","  ","","",""
"1804","2","0","0","0","0","0","0","0","0","1","0","","36","01","2018","2018005655","7","40.0414","-76.3868","1759","08","0","0","0","0","0","0","0","0","","0","0","0","17","3","2","02","0","40 02:28.912","","00","76 23:12.345","4","0","0","0","36214","0","0","0","N","0","0","0","5","36223","2","","1","01","N","N","0","","0","0","0","3","2","","1759","2","2","0","0","0","0","0","3","0","2","N","","","","","","","","","","","","03","  ","","",""
"1628","1","0","0","0","0","0","0","0","0","7","0","","36","01","2018","2018005656","1","40.0145","-76.3939","1628","08","0","0","0","0","0","1","0","0","2","0","0","0","16","1","0","00","1","40 00:52.258","1","00","76 23:38.210","0","0","0","0","36223","0","0","0","","0","0","0","1","36223","0","","2","01","N","N","0","","0","0","0","3","8","N","1628","0","1","0","0","0","0","0","1","0","1","N","","","","","","","","","","","","03","  ","","",""
"1358","0","0","0","0","0","0","0","0","0","9","0","","36","01","2018","2018005684","7","40.2337","-76.3189","1322","08","0","0","0","0","0","1","0","0","","0","0","0","13","1","0","00","0","40 14:00.850","","00","76 19:10.220","0","0","0","0","36217","0","0","0","","0","0","0","1","68T06","0","","1","01","N","N","0","","0","0","1","0","0","","1318","0","1","0","0","0","0","0","1","0","1","N","","","","","","","","","","","","03","  ","","",""
"0840","1","0","0","0","0","0","0","0","0","7","0","","36","01","2018","2018005696","3","40.2356","-76.0459","0840","08","0","0","0","0","0","0","0","0","","0","0","0","08","1","0","00","0","40 14:08.188","","00","76 02:45.187","0","0","0","0","36202","0","0","0","","0","0","0","1","68T06","0","","2","02","N","N","0","","0","0","0","0","0","","0810","0","1","0","0","0","0","0","1","0","1","N","","","","","","","","","","","","03","  ","","",""
"1917","1","0","0","0","0","0","0","0","0","7","1","","36","01","2018","2018005726","5","40.1799","-76.4763","1908","08","0","0","0","0","0","1","0","0","1","0","1","0","19","2","1","00","2","40 10:47.519","6","00","76 28:34.613","8","0","0","0","36230","0","0","0","N","0","0","0","3","36410","0","","5","01","N","N","0","","0","0","0","0","0","Y","1908","1","2","0","0","0","1","0","1","0","2","N","","","","","","","","","","","","03","  ","","",""
"0443","0","0","0","0","0","0","0","0","0","7","0","","36","01","2018","2018005736","3","40.1402","-76.5511","0428","08","0","0","0","0","0","0","0","0","2","0","0","0","04","2","0","00","1","40 08:24.840","4","00","76 33:04.064","0","0","0","0","36225","0","0","0","N","0","0","0","1","36505","0","","4","02","N","N","1","","0","0","0","0","0","N","0420","0","1","0","0","0","0","0","2","0","1","N","","","","","","","","","","","","09","  ","","",""
"1612","2","0","0","0","0","0","0","0","0","4","0","","36","01","2018","2018005842","2","40.027","-76.3376","1608","08","0","0","0","0","0","0","1","0","2","0","0","0","16","1","2","02","2","40 01:37.181","7","00","76 20:15.233","8","0","0","0","36220","0","0","0","N","0","0","0","3","36101","0","","1","01","N","N","0","","0","0","0","3","3","Y","1608","2","2","0","0","0","2","0","3","0","2","N","","","","","","","","","","","","03","  ","","",""
"0245","1","0","0","0","0","0","0","0","0","7","0","","36","01","2018","2018005843","2","40.0534","-76.2874","0242","08","0","0","0","0","0","0","0","0","","0","0","0","02","3","1","02","0","40 03:12.218","","00","76 17:14.748","3","0","0","0","36101","0","0","0","","0","0","0","1","36101","0","","4","01","N","N","0","","1","0","0","0","0","","0230","1","1","0","0","0","0","0","3","0","1","N","","","","","","","","","","","","03","  ","","",""
"1505","1","0","0","0","0","0","0","0","0","3","0","","36","01","2018","2018005844","7","40.0709","-76.3175","1458","08","0","0","0","0","0","0","0","0","","0","0","0","14","1","0","00","0","40 04:15.328","","00","76 19:02.927","0","0","0","0","36101","0","0","0","N","0","0","0","5","36101","0","","1","01","N","N","0","","0","0","1","0","0","","1453","0","2","0","0","0","0","0","3","0","2","N","","","","","","","","","","","","03","  ","","",""
"0914","1","0","0","0","0","0","0","0","0","4","0","","36","01","2018","2018005845","1","40.0892","-76.2825","0908","08","0","0","0","0","0","0","1","0","","0","0","0","09","1","0","01","0","40 05:26.217","","00","76 16:48.972","0","0","0","0","36101","0","0","0","","0","0","0","3","36101","0","","1","01","N","N","0","","0","0","1","3","2","","0905","0","2","0","0","0","0","0","3","0","2","N","","","","","","","","","","","","03","  ","","",""
"1010","0","0","0","0","0","0","0","0","0","7","0","","36","01","2018","2018005849","5","40.0573","-76.2354","1005","08","0","1","0","0","0","0","0","0","2","0","0","0","10","1","0","00","2","40 03:26.450","5","00","76 14:07.540","0","0","0","0","36215","0","0","0","N","0","0","0","1","36215","0","","4","07","N","N","0","","0","0","1","0","0","Y","1003","0","1","0","0","0","0","0","1","0","1","N","","","","","","","","","","","","10","  ","","",""
"1054","1","0","0","0","0","0","0","0","0","7","0","","36","01","2018","2018005850","5","40.0545","-76.2184","1032","08","0","0","0","0","0","0","0","0","","0","0","0","10","1","0","02","0","40 03:16.049","","00","76 13:06.246","0","0","0","0","36215","0","0","0","","0","0","0","1","36215","0","","5","07","N","N","0","","0","0","0","0","0","","1026","0","1","0","0","0","0","0","1","0","1","N","","","","","","","","","","","","10","  ","","",""
"1320","0","0","0","0","0","0","0","0","0","7","0","","36","01","2018","2018005851","5","40.0848","-76.218","1316","08","0","0","0","0","0","0","1","0","2","0","0","0","13","1","1","00","2","40 05:05.398","7","00","76 13:04.977","4","0","0","0","36234","0","0","0","","0","0","0","1","36215","1","","5","09","N","N","0","","0","0","1","0","0","Y","1314","1","1","0","0","0","0","0","1","0","1","N","","","","","","","","","","","","10","  ","","",""
"1857","1","0","0","0","0","0","0","0","0","4","0","","36","01","2018","2018005852","5","40.0373","-76.2647","1855","08","0","0","0","0","0","2","0","0","","0","0","0","18","2","0","00","0","40 02:14.367","","00","76 15:52.847","0","0","0","0","36215","0","0","0","","0","0","0","2","36215","0","","1","06","N","N","1","","0","0","0","0","0","","1855","0","2","0","0","0","0","0","1","0","2","N","","","","","","","","","","","","03","  ","","",""
"2034","1","0","0","0","0","0","0","0","0","0","0","","36","01","2018","2018005853","6","40.0778","-76.2565","2029","08","0","1","0","0","0","0","0","0","3","0","0","0","20","2","0","00","2","40 04:40.172","6","00","76 15:23.537","0","0","0","0","36215","0","0","0","","0","0","0","1","36215","0","","1","01","N","N","0","","0","0","0","0","0","Y","2029","0","1","0","0","0","0","0","1","0","1","N","","","","","","","","","","","","03","  ","","",""
"1935","1","0","0","0","0","0","0","0","0","7","0","","36","01","2018","2018005854","7","40.0394","-76.2006","1928","08","0","0","0","0","0","0","0","0","1","0","0","0","19","3","1","00","1","40 02:21.686","3","00","76 12:02.110","8","0","0","0","36215","0","0","0","","0","0","0","2","36215","0","","4","98","N","N","0","","0","0","0","0","0","Y","1928","1","1","0","0","2","1","0","1","0","1","N","","","","","","","","","","","","03","  ","","",""
"1310","0","0","0","0","0","0","0","0","0","7","0","","36","01","2018","2018005855","2","40.0768","-76.2579","1303","08","0","0","0","0","0","1","0","0","2","0","0","0","12","1","1","00","2","40 04:36.350","7","00","76 15:28.360","4","0","0","0","36215","0","0","0","N","0","0","0","1","36215","1","","4","02","N","N","0","","0","0","1","0","0","Y","1255","1","1","0","0","0","0","0","1","0","1","N","","","","","","","","","","","","09","  ","","",""
"1000","1","0","0","0","0","0","0","0","0","7","0","","36","01","2018","2018005932","3","40.0412","-76.3828","0946","08","0","0","0","0","0","0","0","0","2","0","0","0","09","1","1","00","1","40 02:28.237","4","00","76 22:58.004","3","0","0","0","36214","0","0","0","N","0","0","0","4","36214","0","","2","09","N","N","0","","1","0","0","0","0","N","0945","1","2","0","0","1","0","0","3","1","2","N","","","","","","","","","","","","03","  ","","",""
"0652","0","0","0","0","0","0","1","0","0","7","1","","36","01","2018","2018005952","6","40.1116","-75.9958","0643","08","0","0","0","0","0","0","0","1","3","0","0","0","06","2","1","00","1","40 06:41.667","3","00","75 59:44.991","4","0","0","0","36213","0","0","0","N","0","0","0","3","36213","1","","4","09","Y","N","0","","0","0","0","0","0","N","0641","1","1","0","0","0","0","0","1","0","1","N","","","","","","","","","","","","07","  ","","",""
"2147","1","0","0","0","0","0","0","0","0","7","0","","36","01","2018","2018006036","5","40.1476","-76.2722","2144","08","0","0","0","0","0","0","0","0","2","0","0","0","21","2","1","00","2","40 08:51.451","6","00","76 16:20.010","8","0","0","0","36235","0","0","0","N","0","0","0","1","36506","0","","4","09","N","N","0","","0","0","0","0","0","Y","2144","1","1","0","0","0","1","0","1","0","1","N","","","","","","","","","","","","03","  ","","",""
"1547","2","0","0","0","0","0","0","0","0","1","0","","36","01","2018","2018006053","4","39.8022","-76.1857","1528","08","0","0","1","0","0","0","1","0","","0","0","0","15","1","1","00","0","39 48:07.948","","00","76 11:08.687","8","0","0","0","36219","0","0","0","N","0","0","0","4","68J01","0","","1","01","N","N","0","","0","0","0","0","0","","1519","1","2","0","0","0","1","0","1","0","2","N","","","","","","","","","","","","03","  ","","",""
"1134","1","0","0","0","0","0","0","0","0","4","0","","36","01","2018","2018006057","6","39.9851","-76.0474","1134","08","0","0","0","0","0","0","0","0","","0","0","0","11","1","1","00","0","39 59:06.217","","00","76 02:50.666","3","0","0","0","36232","0","0","0","","0","0","0","4","68J01","0","","1","07","N","N","0","","1","0","1","0","0","","1133","1","2","0","0","0","0","0","1","0","2","N","","","","","","","","","","","","03","  ","","",""
"0958","1","0","0","0","0","0","0","0","0","7","0","","36","01","2018","2018006059","7","39.9292","-76.2424","0947","08","0","0","0","0","0","0","0","0","2","0","0","0","09","1","0","00","2","39 55:45.280","3","00","76 14:32.580","0","0","0","0","36229","0","0","0","N","0","0","0","1","68J01","0","","4","07","N","N","0","","0","0","0","0","0","N","0925","0","1","0","0","0","0","0","1","0","1","N","","","","","","","","","","","","03","  ","","",""
"2018","1","0","0","0","0","0","0","0","0","4","0","","36","01","2018","2018006063","7","39.7739","-76.1791","2009","08","0","0","0","0","0","0","1","0","2","0","0","0","20","2","3","01","1","39 46:25.988","5","00","76 10:44.934","3","0","0","0","36219","0","0","0","N","0","0","0","3","68J01","0","","1","01","N","N","0","","2","0","1","3","3","N","2007","3","2","0","0","0","1","0","1","0","2","N","","","","","","","","","","","","03","  ","","",""
"1625","0","0","0","0","0","0","0","0","0","7","1","","36","01","2018","2018006069","2","40.1339","-75.9018","1538","08","0","0","0","0","0","1","0","0","","0","1","0","14","1","0","00","0","40 08:02.213","","00","75 54:06.651","0","0","0","0","36203","0","0","0","N","0","0","0","1","68J01","0","","4","02","N","N","0","","0","0","0","0","0","","1447","0","1","0","0","0","0","0","1","0","1","N","","","","","","","","","","","","07","  ","","",""
"0816","1","0","0","0","0","0","0","0","0","4","0","","36","01","2018","2018006076","4","39.8948","-76.2288","0758","08","0","0","0","0","0","0","0","0","1","0","0","0","07","1","0","02","1","39 53:41.103","6","00","76 13:43.723","0","0","0","0","36229","0","0","0","","0","0","0","3","68J01","0","","1","01","N","N","0","","0","0","1","3","3","N","0749","0","2","0","0","0","0","0","1","0","2","N","","","","","","","","","","","","03","  ","","",""