"ARRIVAL_TM","AUTOMOBILE_COUNT","BELTED_DEATH_COUNT","BELTED_SUSP_SERIOUS_INJ_COUNT","BICYCLE_COUNT","BICYCLE_DEATH_COUNT","BICYCLE_SUSP_SERIOUS_INJ_COUNT","BUS_COUNT","CHLDPAS_DEATH_COUNT","CHLDPAS_SUSP_SERIOUS_INJ_COUNT","COLLISION_TYPE","COMM_VEH_COUNT","CONS_ZONE_SPD_LIM","COUNTY","CRASH_MONTH","CRASH_YEAR","CRN","DAY_OF_WEEK","DEC_LAT","DEC_LONG","DISPATCH_TM","DISTRICT","DRIVER_COUNT_16YR","DRIVER_COUNT_17YR","DRIVER_COUNT_18YR","DRIVER_COUNT_19YR","DRIVER_COUNT_20YR","DRIVER_COUNT_50_64YR","DRIVER_COUNT_65_74YR","DRIVER_COUNT_75PLUS","EST_HRS_CLOSED","FATAL_COUNT","HEAVY_TRUCK_COUNT","HORSE_BUGGY_COUNT","HOUR_OF_DAY","ILLUMINATION","INJURY_COUNT","INTERSECT_TYPE","LANE_CLOSED","LATITUDE","LN_CLOSE_DIR","LOCATION_TYPE","LONGITUDE","MAX_SEVERITY_LEVEL","MCYCLE_DEATH_COUNT","MCYCLE_SUSP_SERIOUS_INJ_COUNT","MOTORCYCLE_COUNT","MUNICIPALITY","NONMOTR_COUNT","NONMOTR_DEATH_COUNT","NONMOTR_SUSP_SERIOUS_INJ_COUNT","NTFY_HIWY_MAINT","PED_COUNT","PED_DEATH_COUNT","PED_SUSP_SERIOUS_INJ_COUNT","PERSON_COUNT","POLICE_AGCY","POSSIBLE_INJ_COUNT","RDWY_SURF_TYPE_CD","RELATION_TO_ROAD","ROAD_CONDITION","SCH_BUS_IND","SCH_ZONE_IND","SMALL_TRUCK_COUNT","SPEC_JURIS_CD","SUSP_MINOR_INJ_COUNT","SUSP_SERIOUS_INJ_COUNT","SUV_COUNT","TCD_FUNC_CD","TCD_TYPE","TFC_DETOUR_IND","TIME_OF_DAY","TOT_INJ_COUNT","TOTAL_UNITS","UNB_DEATH_COUNT","UNB_SUSP_SERIOUS_INJ_COUNT","UNBELTED_OCC_COUNT","UNK_INJ_DEG_COUNT","UNK_INJ_PER_COUNT","URBAN_RURAL","VAN_COUNT","VEHICLE_COUNT","WORK_ZONE_IND","WORK_ZONE_LOC","WORK_ZONE_TYPE","WORKERS_PRES","WZ_CLOSE_DETOUR","WZ_FLAGGER","WZ_LAW_OFFCR_IND","WZ_LN_CLOSURE","WZ_MOVING","WZ_OTHER","WZ_SHLDER_MDN","ROADWAY_CLEARED","WEATHER1","WEATHER2","WZ_WORKERS_INJ_KILLED","SECONDARY_CRASH","INTERSECTION_RELATED"
"1316","1","0","0","0","0","0","0","0","0","7","0","","36","01","2018","2018006115","5","40.0742","-76.3207","1312","08","0","0","0","0","1","0","0","0","","0","0","0","13","1","0","01","0","40 04:26.783","","00","76 19:14.697","0","0","0","0","36101","0","0","0","","0","0","0","1","36101","0","","4","01","N","N","0","","0","0","0","3","2","","1310","0","1","0","0","0","0","0","3","0","1","N","","","","","","","","","","","","03","  ","","",""
"1355","2","0","0","0","0","0","0","0","0","2","0","","36","01","2018","2018006159","2","40.1226","-76.5434","1351","08","0","0","0","0","0","1","0","0","2","0","0","0","13","1","3","00","1","40 07:21.532","4","00","76 32:36.277","2","0","0","0","36225","0","0","0","N","0","0","0","4","36505","2","","1","02","N","N","0","","0","1","0","0","0","N","1348","3","2","0","0","0","0","0","2","0","2","N","","","","","","","","","","","","09","  ","","",""
"2116","1","0","0","0","0","0","0","0","0","7","0","","36","01","2018","2018006203","6","40.0591","-76.4629","2111","08","0","0","0","0","0","0","0","0","2","0","0","0","21","2","1","03","2","40 03:32.814","6","00","76 27:46.398","3","0","0","0","36239","0","0","0","N","0","0","0","1","36239","0","","4","09","N","N","0","","1","0","0","0","0","Y","2110","1","1","0","0","0","0","0","3","0","1","N","","","","","","","","","","","","07","  ","","",""
"1835","1","0","0","0","0","0","0","0","0","7","0","","36","01","2018","2018006204","2","40.1728","-76.6206","1811","08","1","0","0","0","0","0","0","0","1","0","0","0","18","2","0","00","1","40 10:22.200","3","00","76 37:14.000","0","0","0","0","36225","0","0","0","N","0","0","0","1","36505","0","","4","02","N","N","0","","0","0","0","0","0","N","1800","0","1","0","0","0","0","0","2","0","1","N","","","","","","","","","","","","09","  ","","",""
"1618","1","0","0","0","0","0","0","0","0","1","0","","36","01","2018","2018006237","6","40.0414","-76.3883","1559","08","0","0","0","0","0","0","1","0","1","0","0","0","15","1","0","00","2","40 02:28.916","4","00","76 23:17.970","0","0","0","0","36214","0","0","0","N","0","0","0","2","36214","0","","1","09","N","N","0","","0","0","1","0","0","Y","1559","0","2","0","0","0","0","0","3","0","2","N","","","","","","","","","","","","07","  ","","",""
"0556","1","0","0","0","0","0","0","0","0","7","0","","36","01","2018","2018006307","3","40.1115","-76.4109","0547","08","0","0","0","0","0","0","0","0","2","0","0","0","05","2","0","00","2","40 06:41.500","2","00","76 24:39.100","0","0","0","0","36214","0","0","0","N","0","0","0","1","36214","0","","4","02","N","N","0","","0","0","0","0","0","N","0545","0","1","0","0","0","0","0","3","0","1","N","","","","","","","","","","","","05","  ","","",""
"0955","1","0","0","0","0","0","0","0","0","7","0","","36","01","2018","2018006308","3","40.052","-76.3963","0950","08","0","0","0","0","0","0","0","0","","0","0","0","09","1","0","00","0","40 03:07.048","","00","76 23:46.691","0","0","0","0","36214","0","0","0","N","0","0","0","1","36214","0","","1","06","N","N","0","","0","0","0","0","0","","0946","0","1","0","0","0","0","0","3","0","1","N","","","","","","","","","","","","03","  ","","",""
"1849","2","0","0","0","0","0","0","0","0","1","0","","36","01","2018","2018006309","4","40.0746","-76.237","1840","08","0","0","0","0","0","0","0","0","","0","0","0","18","2","0","00","0","40 04:28.670","","07","76 14:13.280","0","0","0","0","36215","0","0","0","N","0","0","0","2","36215","0","","1","01","N","N","0","","0","0","0","0","0","","1836","0","2","0","0","0","0","0","1","0","2","N","","","","","","","","","","","","03","  ","","",""
"0846","2","0","0","0","0","0","0","0","0","4","0","","36","01","2018","2018006332","2","40.0416","-76.3019","0842","08","0","0","0","0","0","0","1","1","1","0","0","0","08","1","1","01","1","40 02:29.712","7","00","76 18:06.976","4","0","0","0","36301","0","0","0","N","0","0","0","3","36301","1","","1","01","N","N","0","","0","0","0","3","2","Y","0840","1","2","0","0","0","0","0","3","0","2","N","","","","","","","","","","","","03","  ","","",""
"2256","1","0","0","0","0","0","0","0","0","4","0","","36","01","2018","2018006339","2","40.1117","-76.4517","2248","08","0","0","0","0","0","0","1","0","2","0","0","0","22","2","1","01","1","40 06:42.333","4","00","76 27:05.926","2","0","0","0","36230","0","0","0","N","0","0","0","2","36410","0","","1","01","N","N","0","","0","1","1","3","2","N","2246","1","2","0","1","1","0","0","1","0","2","N","","","","","","","","","","","","03","  ","","",""
"1712","1","0","0","0","0","0","0","0","0","8","0","","36","01","2018","2018006351","3","40.0435","-76.298","1708","08","0","0","0","0","0","0","0","0","","0","0","0","17","4","1","01","0","40 02:36.541","","00","76 17:52.639","8","0","0","0","36301","1","0","0","N","1","0","0","2","36301","0","","1","01","N","N","0","","0","0","0","3","2","","1706","1","2","0","0","0","1","0","3","0","1","N","","","","","","","","","","","","03","  ","","",""
"1552","0","0","0","0","0","0","0","0","0","7","0","","36","01","2018","2018006356","5","40.1561","-76.6596","1550","08","0","0","0","0","0","1","0","0","","0","0","0","15","1","0","00","0","40 09:21.800","","00","76 39:34.600","0","0","0","0","36237","0","0","0","N","0","0","0","1","36505","0","","4","2","N","N","0","","0","0","1","0","0","N","1545","0","1","0","0","0","0","0","1","0","1","N","","","","","","","","","","","","03","  ","","",""
"1629","1","0","0","0","0","0","0","0","0","1","0","","36","01","2018","2018006369","6","40.1567","-76.2051","1627","08","0","0","0","0","1","0","0","0","","0","0","0","16","1","0","00","0","40 09:23.973","","00","76 12:18.372","0","0","0","0","36402","0","0","0","N","0","0","0","3","36402","0","","1","09","N","N","0","","0","0","1","0","0","","1625","0","2","0","0","0","0","0","2","0","2","N","","","","","","","","","","","","07","  ","","",""
"0954","1","0","0","0","0","0","0","0","0","0","0","","36","01","2018","2018006375","7","40.0926","-76.3883","0950","08","0","0","0","0","0","0","0","0","2","0","0","0","09","1","0","00","2","40 05:33.262","4","00","76 23:18.035","0","0","0","0","36214","0","0","0","N","0","0","0","1","36214","0","","1","01","N","N","0","","0","0","0","0","0","Y","0948","0","1","0","0","0","0","0","3","0","1","N","","","","","","","","","","","","03","  ","","",""
"1446","1","0","0","0","0","0","0","0","0","1","0","","36","01","2018","2018006381","3","40.1401","-76.3827","1446","08","0","0","0","0","1","1","0","0","","0","0","0","14","1","1","00","0","40 08:24.392","","00","76 22:57.719","8","0","0","0","36227","0","0","0","N","0","0","0","2","36506","0","","1","01","N","N","0","","0","0","1","0","0","","1446","1","2","0","0","0","1","0","1","0","2","N","","","","","","","","","","","","03","  ","","",""
"1150","2","0","0","0","0","0","0","0","0","4","0","","36","01","2018","2018006399","7","40.0422","-76.2957","1149","08","0","0","0","0","0","1","0","0","1","0","0","0","11","1","0","01","1","40 02:32.089","3","00","76 17:44.343","0","0","0","0","36301","0","0","0","N","0","0","0","2","36301","0","","1","01","N","N","0","","0","0","0","3","3","N","1149","0","2","0","0","0","0","0","3","0","2","N","","","","","","","","","","","","03","  ","","",""
"1729","2","0","0","0","0","0","0","0","0","4","0","","36","01","2018","2018006439","6","40.0103","-76.3444","1723","08","0","0","0","0","0","0","0","1","1","0","0","0","17","3","1","02","1","40 00:37.078","5","00","76 20:39.866","8","0","0","0","36412","0","0","0","N","0","0","0","2","36412","0","","1","09","N","N","0","","0","0","0","3","2","Y","1723","1","2","0","0","0","1","0","3","0","2","N","","","","","","","","","","","","07","  ","","",""
"0834","1","0","0","0","0","0","0","0","0","7","0","","36","01","2018","2018006442","5","40.0089","-76.2669","0823","08","0","0","0","0","0","0","0","0","","0","0","0","08","1","0","00","0","40 00:32.172","","00","76 16:00.784","0","0","0","0","36240","0","0","0","N","0","0","0","1","36240","0","","5","07","N","N","0","","0","0","0","0","0","","0820","0","1","0","0","0","0","0","1","0","1","N","","","","","","","","","","","","10","  ","","",""
"2300","1","0","0","0","0","0","0","0","0","7","0","","36","01","2018","2018006501","4","40.2431","-76.3358","2243","08","0","1","0","0","0","0","0","0","","0","0","0","22","2","3","00","0","40 14:35.160","","00","76 20:08.970","3","0","0","0","36217","0","0","0","N","0","0","0","3","68J01","0","","4","02","N","N","0","","1","0","0","0","0","","2232","3","1","0","0","0","2","0","1","0","1","N","","","","","","","","","","","","03","  ","","",""
"0032","2","0","0","0","0","0","0","0","0","4","0","","36","01","2018","2018006524","2","40.0431","-76.3284","0029","08","0","0","0","0","0","0","1","0","","0","0","0","00","3","0","01","0","40 02:35.307","","00","76 19:42.329","0","0","0","0","36220","0","0","0","","0","0","0","2","36101","0","","1","01","N","N","0","","0","0","0","3","2","","0028","0","2","0","0","0","0","0","3","0","2","N","","","","","","","","","","","","03","  ","","",""
"2345","2","0","0","0","0","0","0","0","0","4","0","","36","01","2018","2018006525","4","40.0432","-76.3285","2342","08","0","0","0","0","0","1","0","0","2","0","0","0","23","3","2","01","1","40 02:35.544","1","00","76 19:42.727","4","0","0","0","36220","0","0","0","","0","0","0","2","36101","2","","1","01","N","N","0","","0","0","0","3","2","N","2341","2","2","0","0","0","0","0","3","0","2","N","","","","","","","","","","","","03","  ","","",""
"0157","2","0","0","0","0","0","0","0","0","5","1","","36","01","2018","2018006526","2","40.0701","-76.3155","0153","08","0","0","0","0","0","1","0","0","2","0","0","0","01","3","3","00","2","40 04:12.212","3","00","76 18:55.897","3","0","0","0","36101","0","0","0","Y","0","0","0","4","36101","2","","1","01","N","N","0","","1","0","0","0","0","N","0151","3","3","0","0","0","0","0","3","1","3","N","","","","","","","","","","","","03","  ","","",""
"1016","1","0","0","0","0","0","0","0","0","4","0","","36","01","2018","2018006527","2","40.0606","-76.2768","1007","08","1","0","0","0","0","0","1","0","2","0","0","0","10","1","0","01","1","40 03:38.263","2","02","76 16:36.564","0","0","0","0","36101","0","0","0","N","0","0","0","4","36101","0","","1","01","N","N","0","","0","0","0","3","2","N","1005","0","2","0","0","0","0","0","3","1","2","N","","","","","","","","","","","","03","  ","","",""
"1354","0","0","0","0","0","0","0","0","0","4","0","","36","01","2018","2018006528","3","40.0709","-76.3176","1347","08","0","0","0","0","0","0","1","0","1","0","0","0","13","1","1","01","1","40 04:15.280","4","00","76 19:04.236","4","0","0","0","36101","0","0","0","","0","0","0","5","36101","1","","1","01","N","N","0","","0","0","1","3","2","N","1346","1","2","0","0","0","0","0","3","1","2","N","","","","","","","","","","","","03","  ","","",""
"2057","1","0","0","0","0","0","0","0","0","8","0","","36","01","2018","2018006573","6","40.0474","-76.2927","2052","08","0","0","0","0","0","1","0","0","","0","0","0","20","3","1","02","0","40 02:50.686","","00","76 17:33.784","3","0","0","0","36301","1","0","0","N","1","0","0","2","36301","0","","1","09","N","N","0","","1","0","0","0","0","","2051","1","2","0","0","0","0","0","3","0","1","N","","","","","","","","","","","","07","  ","","",""
"1745","1","0","0","0","0","0","0","0","0","4","0","","36","01","2018","2018006612","6","40.083","-76.269","1722","08","0","0","0","0","0","1","0","0","","0","0","0","17","2","0","01","0","40 04:58.889","","00","76 16:08.446","0","0","0","0","36101","0","0","0","N","0","0","0","2","36101","0","","1","09","N","N","0","","0","0","1","3","3","","1721","0","2","0","0","0","0","0","3","0","2","N","","","","","","","","","","","","07","  ","","",""
"0800","0","0","0","0","0","0","0","0","0","6","0","","36","01","2018","2018006686","3","40.0459","-76.4893","0755","08","0","0","0","0","0","0","0","1","1","0","0","0","07","1","0","00","1","40 02:45.400","3","00","76 29:21.400","0","0","0","0","36404","0","0","0","N","0","0","0","2","36404","0","","1","02","N","N","1","","0","0","1","0","0","N","0755","0","2","0","0","0","0","0","3","0","2","N","","","","","","","","","","","","03","  ","","",""
"0825","1","0","0","0","0","0","0","0","0","7","0","","36","01","2018","2018006694","7","40.1178","-76.5609","0820","08","0","0","0","0","0","0","0","0","2","0","0","0","08","1","0","00","2","40 07:04.251","5","00","76 33:39.360","0","0","0","0","36211","0","0","0","N","0","0","0","1","36504","0","","5","01","N","N","0","","0","0","0","0","0","Y","0819","0","1","0","0","0","0","0","1","0","1","N","","","","","","","","","","","","03","  ","","",""
"1416","0","0","0","0","0","0","0","0","0","7","0","","36","01","2018","2018006695","2","40.1585","-76.6608","1414","08","0","0","0","0","0","0","0","0","","0","0","0","14","1","1","00","0","40 09:30.500","","00","76 39:38.800","8","0","0","0","36237","0","0","0","N","0","0","0","1","36505","0","","4","02","N","N","0","","0","0","1","0","0","N","1410","1","1","0","0","0","1","0","1","0","1","N","","","","","","","","","","","","03","  ","","",""
"0946","1","0","0","0","0","0","0","0","0","7","0","","36","01","2018","2018006739","5","39.9933","-76.2618","0940","08","0","0","0","0","1","0","0","0","","0","0","0","09","1","0","00","0","39 59:35.898","","00","76 15:42.476","0","0","0","0","36240","0","0","0","N","0","0","0","1","36240","0","","4","07","N","N","0","","0","0","0","0","0","","0936","0","1","0","0","0","0","0","1","0","1","N","","","","","","","","","","","","10","  ","","",""
"1208","1","0","0","0","0","0","0","0","0","7","0","","36","01","2018","2018006790","7","40.2344","-76.2535","1202","08","0","1","0","0","0","0","0","0","","0","0","0","12","1","0","00","0","40 14:03.986","","00","76 15:12.495","0","0","0","0","36204","0","0","0","N","0","0","0","2","36506","0","","4","01","N","N","0","","0","0","0","0","0","","1202","0","1","0","0","0","0","0","1","0","1","N","","","","","","","","","","","","03","  ","","",""
"1758","2","0","0","0","0","0","0","0","0","4","0","","36","01","2018","2018006806","6","40.1257","-76.3788","1751","08","0","0","0","0","0","1","0","0","2","0","0","0","17","2","3","03","2","40 07:32.431","5","00","76 22:43.785","8","0","0","0","36227","0","0","0","N","0","0","0","3","36506","0","","1","09","N","N","0","","0","0","0","3","3","Y","1751","3","2","0","0","0","3","0","1","0","2","N","","","","","","","","","","","","07","  ","","",""
"0116","1","0","0","0","0","0","0","0","0","1","0","","36","01","2018","2018006871","1","40.089","-76.6664","0114","08","0","0","0","1","0","0","0","0","","0","0","0","01","3","1","00","0","40 05:20.300","","00","76 39:59.000","3","0","0","0","36207","0","0","0","N","0","0","0","2","36504","0","","6","01","N","N","0","","1","0","0","0","0","","0113","1","2","0","0","1","0","0","1","1","2","N","","","","","","","","","","","","03","  ","","",""
"0359","1","0","0","0","0","0","0","0","0","7","0","","36","01","2018","2018006940","5","40.0965","-76.5908","0353","08","0","0","0","0","1","0","0","0","2","0","0","0","03","2","0","00","2","40 05:47.247","5","00","76 35:26.851","0","0","0","0","36211","0","0","0","N","0","0","0","1","36504","0","","4","02","N","N","0","","0","0","0","0","0","Y","0345","0","1","0","0","0","0","0","1","0","1","N","","","","","","","","","","","","10","  ","","",""
"2018","2","0","0","0","0","0","0","0","0","1","0","","36","01","2018","2018006943","7","40.0375","-76.3097","2014","08","0","0","0","0","0","0","0","0","2","0","0","0","20","3","0","00","1","40 02:15.098","3","07","76 18:34.942","0","0","0","0","36301","0","0","0","N","0","0","0","3","36301","0","","1","01","N","N","1","","0","0","0","0","0","N","2011","0","3","0","0","0","0","0","3","0","3","N","","","","","","","","","","","","03","  ","","",""
"0955","1","0","0","0","0","0","0","0","0","7","0","","36","01","2018","2018007053","1","40.0897","-76.5731","0948","08","0","0","0","0","0","0","0","0","","0","0","0","09","1","0","00","0","40 05:22.900","","00","76 34:23.200","0","0","0","0","36211","0","0","0","N","0","0","0","1","36504","0","","4","07","N","N","0","","0","0","0","0","0","","0900","0","1","0","0","0","0","0","1","0","1","N","","","","","","","","","","","","10","  ","","",""
"0640","1","0","0","0","0","0","0","0","0","1","1","","36","01","2018","2018007065","2","40.1687","-76.15","0633","08","0","0","0","1","0","1","0","0","","0","1","0","06","2","0","00","0","40 10:07.312","","00","76 08:59.977","0","0","0","0","36218","0","0","0","N","0","0","0","2","36408","0","","1","01","N","N","0","","0","0","0","0","0","","0633","0","2","0","0","0","0","0","1","0","2","N","","","","","","","","","","","","03","  ","","",""
"1757","1","0","0","0","0","0","0","0","0","8","0","","36","01","2018","2018007087","1","40.0357","-76.3143","1751","08","0","0","0","0","0","0","0","0","1","0","0","0","17","3","1","01","2","40 02:08.544","6","00","76 18:51.312","8","0","0","0","36301","1","0","0","N","1","0","0","2","36301","0","","1","01","N","N","0","","0","0","0","0","0","Y","1750","1","2","0","0","0","1","0","3","0","1","N","","","","","","","","","","","","03","  ","","",""
"1454","0","0","0","0","0","0","0","0","0","4","0","","36","01","2018","2018007221","7","40.1","-76.3541","1453","08","0","0","0","0","0","1","0","1","2","0","0","0","14","1","1","01","2","40 06:00.025","5","00","76 21:14.898","4","0","0","0","36406","0","0","0","","0","0","0","2","36101","1","","1","01","N","N","0","","0","0","2","3","2","Y","1452","1","2","0","0","0","0","0","3","0","2","N","","","","","","","","","","","","03","  ","","",""
"1415","2","0","0","0","0","0","0","0","0","4","0","","36","01","2018","2018007222","3","40.0238","-76.3231","1409","08","0","0","0","0","0","0","0","0","2","0","0","0","14","1","0","02","2","40 01:25.827","7","00","76 19:23.138","0","0","0","0","36220","0","0","0","N","0","0","0","3","36101","0","","1","09","N","N","0","","0","0","0","3","3","Y","1403","0","2","0","0","0","0","0","3","0","2","N","","","","","","","","","","","","03","  ","","",""
"0816","3","0","0","0","0","0","0","0","0","1","0","","36","01","2018","2018007224","3","40.0545","-76.3269","0810","08","0","0","1","0","0","0","0","0","","0","0","0","08","1","1","02","0","40 03:16.243","","00","76 19:36.702","4","0","0","0","36101","0","0","0","","0","0","0","3","36101","1","","1","09","N","N","0","","0","0","0","3","2","","0808","1","3","0","0","0","0","0","3","0","3","N","","","","","","","","","","","","03","  ","","",""
"1547","1","0","0","0","0","0","0","0","0","1","0","","36","01","2018","2018007225","6","40.0906","-76.3042","1544","08","0","0","0","0","0","2","0","0","2","0","0","0","15","1","0","00","1","40 05:26.236","2","00","76 18:15.161","0","0","0","0","36101","0","0","0","","0","0","0","2","36101","0","","1","09","N","N","0","","0","0","0","0","0","N","1539","0","2","0","0","0","0","0","3","1","2","N","","","","","","","","","","","","03","  ","","",""
"1538","0","0","0","0","0","0","0","0","0","7","0","","36","01","2018","2018007280","2","40.0371","-76.0298","1516","08","0","0","0","0","0","1","0","0","","0","0","0","15","1","0","00","0","40 02:13.471","","03","76 01:47.361","0","0","0","0","36232","0","0","0","N","0","0","0","1","68J01","0","","2","06","N","N","0","","0","0","0","0","0","","1515","0","1","0","0","0","0","0","1","1","1","N","","","","","","","","","","","","10","  ","","",""
"1643","0","0","0","0","0","0","0","0","0","4","0","","36","01","2018","2018007307","7","40.0771","-76.0142","1620","08","0","0","0","0","0","1","0","0","2","0","0","0","16","1","0","02","2","40 04:37.457","6","00","76 00:51.070","0","0","0","0","36213","0","0","0","N","0","0","0","2","68J01","0","","1","01","N","N","1","","0","0","1","3","3","N","1618","0","2","0","0","0","0","0","1","0","2","N","","","","","","","","","","","","03","  ","","",""
"1956","0","0","0","0","0","0","0","0","0","4","0","","36","01","2018","2018007322","3","39.9321","-76.201","1948","08","0","1","0","0","0","0","0","0","1","0","0","1","19","2","2","00","2","39 55:55.472","5","07","76 12:03.503","8","0","0","0","36233","1","0","0","","0","0","0","3","68J01","0","","5","01","N","N","0","","0","0","1","0","0","N","1946","2","2","0","0","0","2","0","1","0","1","N","","","","","","","","","","","","03","  ","","",""
"2048","1","0","0","0","0","0","0","0","0","7","0","","36","01","2018","2018007356","2","40.0731","-76.3689","2045","08","0","0","1","0","0","0","0","0","2","0","0","0","20","2","0","00","1","40 04:23.133","3","00","76 22:08.183","0","0","0","0","36214","0","0","0","Y","0","0","0","1","36214","0","","2","01","N","N","0","","0","0","0","0","0","N","2041","0","1","0","0","0","0","0","3","0","1","N","","","","","","","","","","","","03","  ","","",""
"0636","2","0","0","0","0","0","0","0","0","1","0","","36","01","2018","2018007381","5","40.1093","-76.4851","0632","08","0","0","0","0","0","0","0","0","","0","0","0","06","5","0","01","0","40 06:33.525","","00","76 29:06.301","0","0","0","0","36413","0","0","0","N","0","0","0","2","36413","0","","1","09","N","N","0","","0","0","0","3","2","","0630","0","2","0","0","0","0","0","2","0","2","N","","","","","","","","","","","","03","  ","","",""
"1811","0","0","0","0","0","0","1","0","0","8","1","","36","01","2018","2018007454","6","40.0389","-76.2798","1807","08","0","0","0","0","0","1","0","0","1","0","0","0","18","2","1","02","1","40 02:20.025","5","00","76 16:47.209","4","0","0","0","36220","1","0","0","N","1","0","0","2","36101","1","","1","09","N","N","0","","0","0","0","3","3","N","1804","1","2","0","0","0","0","0","3","0","1","N","","","","","","","","","","","","07","  ","","",""
"1706","0","0","0","0","0","0","0","0","0","1","0","","36","01","2018","2018007455","6","40.0501","-76.2646","1650","08","0","0","0","0","0","0","0","0","1","0","0","0","16","2","0","00","1","40 03:00.535","2","03","76 15:52.439","0","0","0","0","36301","0","0","0","","0","0","0","2","36215","0","","1","09","N","N","0","","0","0","2","0","0","N","1650","0","2","0","0","0","0","0","3","0","2","N","","","","","","","","","","","","07","  ","","",""
"1046","1","0","0","0","0","0","0","0","0","4","0","","36","01","2018","2018007456","7","40.02","-76.2382","1040","08","0","0","0","0","0","0","1","0","3","0","0","0","10","1","0","01","1","40 01:11.892","6","00","76 14:17.432","0","0","0","0","36215","0","0","0","N","0","0","0","2","36215","0","","1","01","N","N","1","","0","0","0","3","2","Y","1039","0","2","0","0","0","0","0","1","0","2","N","","","","","","","","","","","","03","  ","","",""
"1613","1","0","0","0","0","0","0","0","0","4","0","","36","01","2018","2018007457","7","40.025","-76.2059","1609","08","0","0","0","1","0","0","1","0","2","0","0","0","16","1","0","00","1","40 01:30.128","6","00","76 12:21.103","0","0","0","0","36215","0","0","0","","0","0","0","4","36215","0","","1","01","N","N","0","","0","0","1","0","0","N","1604","0","2","0","0","0","0","0","1","0","2","N","","","","","","","","","","","","03","  ","","",""
"1215","1","0","0","0","0","0","0","0","0","4","0","","36","01","2018","2018007459","4","40.1133","-76.4512","1206","08","0","0","0","0","0","1","0","0","2","0","0","0","12","1","0","01","1","40 06:47.876","3","00","76 27:04.154","0","0","0","0","36230","0","0","0","N","0","0","0","2","36410","0","","1","01","N","N","1","","0","0","0","3","2","N","1205","0","2","0","0","0","0","0","1","0","2","N","","","","","","","","","","","","03","  ","","",""
"1420","1","0","0","0","0","0","0","0","0","7","0","","36","01","2018","2018007461","2","40.2063","-76.3955","1408","08","0","0","0","0","0","0","0","0","","0","0","0","14","1","1","00","0","40 12:22.794","","00","76 23:43.789","8","0","0","0","36230","0","0","0","","0","0","0","1","36410","0","","5","06","N","N","0","","0","0","0","3","8","","1406","1","1","0","0","0","1","0","1","0","1","N","","","","","","","","","","","","09","  ","","",""
"1513","0","0","0","0","0","0","0","0","0","1","1","","36","01","2018","2018007462","3","40.167","-76.3899","1507","08","0","0","0","0","0","1","0","0","","0","1","0","14","1","0","02","0","40 10:01.258","","00","76 23:23.559","0","0","0","0","36410","0","0","0","N","0","0","0","2","36410","0","","1","09","N","N","0","","0","0","1","0","0","","1456","0","2","0","0","1","0","0","2","0","2","N","","","","","","","","","","","","03","  ","","",""
"1611","2","0","0","0","0","0","0","0","0","4","0","","36","01","2018","2018007463","7","40.1607","-76.4","1607","08","0","0","0","0","0","0","0","0","2","0","0","0","16","1","0","01","2","40 09:38.669","4","00","76 24:00.175","0","0","0","0","36410","0","0","0","","0","0","0","4","36410","0","","1","01","N","N","0","","0","0","0","3","3","N","1605","0","2","0","0","0","0","0","2","0","2","N","","","","","","","","","","","","03","  ","","",""
"0636","0","0","0","0","0","0","0","0","0","7","0","","36","01","2018","2018007565","3","40.2143","-76.0967","0630","08","0","0","0","0","0","0","0","0","","0","0","0","06","3","0","00","0","40 12:51.472","","00","76 05:48.024","0","0","0","0","36210","0","0","0","Y","0","0","0","2","36210","0","","4","07","N","N","0","","0","0","0","0","0","","0629","0","1","0","0","0","0","0","1","1","1","N","","","","","","","","","","","","10","  ","","",""
"1414","1","0","0","0","0","0","0","0","0","7","0","","36","01","2018","2018007602","6","40.0908","-76.6408","1400","08","0","0","0","0","0","0","0","0","2","0","0","0","14","1","1","00","1","40 05:27.000","2","00","76 38:26.700","3","0","0","0","36207","0","0","0","N","0","0","0","1","36504","0","","4","07","N","N","0","","1","0","0","0","0","N","1400","1","1","0","0","0","0","0","1","0","1","N","","","","","","","","","","","","10","  ","","",""
"0615","1","0","0","0","0","0","0","0","0","6","0","","36","01","2018","2018007608","3","40.041","-76.4806","0614","08","0","0","0","1","0","1","0","0","","0","0","0","06","2","0","00","0","40 02:27.606","","00","76 28:50.197","0","0","0","0","36239","0","0","0","Y","0","0","0","2","36239","0","","1","07","N","N","1","","0","0","0","0","0","","0607","0","2","0","0","0","0","0","3","0","2","N","","","","","","","","","","","","10","  ","","",""
"0735","0","0","0","0","0","0","0","0","0","7","0","","36","01","2018","2018007610","3","40.1979","-76.1219","0630","08","0","0","0","0","0","1","0","0","","0","0","0","06","5","0","00","0","40 11:52.399","","00","76 07:18.836","0","0","0","0","36210","0","0","0","N","0","0","0","1","36210","0","","4","07","N","N","1","","0","0","0","0","0","","0628","0","1","0","0","0","0","0","1","0","1","N","","","","","","","","","","","","10","  ","","",""
"0811","2","0","0","0","0","0","0","0","0","4","0","","36","01","2018","2018007611","3","40.0381","-76.3191","0807","08","0","0","0","0","0","1","0","0","2","0","0","0","08","1","1","00","1","40 02:17.328","4","07","76 19:08.714","4","0","0","0","36301","0","0","0","N","0","0","0","2","36301","1","","1","06","N","N","0","","0","0","1","0","0","N","0804","1","3","0","0","0","0","0","3","0","3","N","","","","","","","","","","","","10","  ","","",""