"ARRIVAL_TM","AUTOMOBILE_COUNT","BELTED_DEATH_COUNT","BELTED_SUSP_SERIOUS_INJ_COUNT","BICYCLE_COUNT","BICYCLE_DEATH_COUNT","BICYCLE_SUSP_SERIOUS_INJ_COUNT","BUS_COUNT","CHLDPAS_DEATH_COUNT","CHLDPAS_SUSP_SERIOUS_INJ_COUNT","COLLISION_TYPE","COMM_VEH_COUNT","CONS_ZONE_SPD_LIM","COUNTY","CRASH_MONTH","CRASH_YEAR","CRN","DAY_OF_WEEK","DEC_LAT","DEC_LONG","DISPATCH_TM","DISTRICT","DRIVER_COUNT_16YR","DRIVER_COUNT_17YR","DRIVER_COUNT_18YR","DRIVER_COUNT_19YR","DRIVER_COUNT_20YR","DRIVER_COUNT_50_64YR","DRIVER_COUNT_65_74YR","DRIVER_COUNT_75PLUS","EST_HRS_CLOSED","FATAL_COUNT","HEAVY_TRUCK_COUNT","HORSE_BUGGY_COUNT","HOUR_OF_DAY","ILLUMINATION","INJURY_COUNT","INTERSECT_TYPE","LANE_CLOSED","LATITUDE","LN_CLOSE_DIR","LOCATION_TYPE","LONGITUDE","MAX_SEVERITY_LEVEL","MCYCLE_DEATH_COUNT","MCYCLE_SUSP_SERIOUS_INJ_COUNT","MOTORCYCLE_COUNT","MUNICIPALITY","NONMOTR_COUNT","NONMOTR_DEATH_COUNT","NONMOTR_SUSP_SERIOUS_INJ_COUNT","NTFY_HIWY_MAINT","PED_COUNT","PED_DEATH_COUNT","PED_SUSP_SERIOUS_INJ_COUNT","PERSON_COUNT","POLICE_AGCY","POSSIBLE_INJ_COUNT","RDWY_SURF_TYPE_CD","RELATION_TO_ROAD","ROAD_CONDITION","SCH_BUS_IND","SCH_ZONE_IND","SMALL_TRUCK_COUNT","SPEC_JURIS_CD","SUSP_MINOR_INJ_COUNT","SUSP_SERIOUS_INJ_COUNT","SUV_COUNT","TCD_FUNC_CD","TCD_TYPE","TFC_DETOUR_IND","TIME_OF_DAY","TOT_INJ_COUNT","TOTAL_UNITS","UNB_DEATH_COUNT","UNB_SUSP_SERIOUS_INJ_COUNT","UNBELTED_OCC_COUNT","UNK_INJ_DEG_COUNT","UNK_INJ_PER_COUNT","URBAN_RURAL","VAN_COUNT","VEHICLE_COUNT","WORK_ZONE_IND","WORK_ZONE_LOC","WORK_ZONE_TYPE","WORKERS_PRES","WZ_CLOSE_DETOUR","WZ_FLAGGER","WZ_LAW_OFFCR_IND","WZ_LN_CLOSURE","WZ_MOVING","WZ_OTHER","WZ_SHLDER_MDN","ROADWAY_CLEARED","WEATHER1","WEATHER2","WZ_WORKERS_INJ_KILLED","SECONDARY_CRASH","INTERSECTION_RELATED"
"1531","1","0","0","0","0","0","0","0","0","1","0","","36","01","2018","2018007629","2","40.1804","-76.3093","1526","08","0","1","0","0","0","0","0","0","2","0","0","0","15","1","1","00","1","40 10:49.295","2","00","76 18:33.305","4","0","0","0","36235","0","0","0","N","0","0","0","2","36506","1","","1","01","N","N","1","","0","0","0","0","0","Y","1526","1","2","0","0","0","0","0","1","0","2","N","","","","","","","","","","","","03","  ","","",""
"0600","0","0","0","0","0","0","0","0","0","7","0","","36","01","2018","2018007644","3","40.0422","-76.4364","0548","08","0","0","0","0","0","0","0","0","","0","0","0","05","3","0","00","0","40 02:31.790","","00","76 26:11.054","0","0","0","0","36239","0","0","0","N","0","0","0","1","36239","0","","3","07","N","N","1","","0","0","0","0","0","","0548","0","1","0","0","0","0","0","3","0","1","N","","","","","","","","","","","","10","  ","","",""
"1653","1","0","0","0","0","0","0","0","0","4","0","","36","01","2018","2018007664","4","40.2079","-76.1395","1649","08","0","0","0","0","0","1","0","0","2","0","0","0","16","4","1","00","1","40 12:28.314","1","00","76 08:22.149","3","0","0","0","36210","0","0","0","N","0","0","0","2","36210","0","","1","01","N","N","0","","1","0","1","0","0","N","1645","1","2","0","0","0","0","0","1","0","2","N","","","","","","","","","","","","03","  ","","",""
"2148","0","0","0","0","0","0","0","0","0","7","0","","36","01","2018","2018007680","5","40.2542","-76.1516","2145","08","0","0","0","0","0","0","0","0","2","0","0","0","21","2","0","00","2","40 15:15.200","5","00","76 09:05.700","0","0","0","0","36236","0","0","0","N","0","0","0","1","36408","0","","4","09","N","N","1","","0","0","0","0","0","Y","2142","0","2","0","0","0","0","0","1","1","2","N","","","","","","","","","","","","03","  ","","",""
"0733","0","0","0","0","0","0","0","0","0","7","0","","36","01","2018","2018007688","3","40.1814","-76.132","0723","08","0","0","0","0","0","0","0","0","","0","0","0","07","1","0","00","0","40 10:53.116","","00","76 07:55.322","0","0","0","0","36218","0","0","0","Y","0","0","0","1","36408","0","","3","07","N","N","1","","0","0","0","0","0","","0723","0","1","0","0","0","0","0","1","0","1","N","","","","","","","","","","","","10","  ","","",""
"1026","1","0","0","0","0","0","0","0","0","7","0","","36","01","2018","2018007837","7","39.889","-76.1385","1013","08","0","0","0","1","0","0","0","0","","0","0","0","10","1","0","01","0","39 53:20.254","","00","76 08:18.744","0","0","0","0","36216","0","0","0","","0","0","0","1","68J01","0","","4","01","N","N","0","","0","0","0","0","0","","1010","0","1","0","0","0","0","0","1","0","1","N","","","","","","","","","","","","03","  ","","",""
"0617","1","0","0","0","0","0","0","0","0","7","0","","36","01","2018","2018007852","3","39.9889","-75.9908","0602","08","0","0","0","0","0","0","0","0","","0","0","0","05","2","0","00","0","39 59:20.090","","00","75 59:26.970","0","0","0","0","36232","0","0","0","N","0","0","0","1","68J01","0","","4","07","N","N","0","","0","0","0","0","0","","0547","0","1","0","0","0","0","0","1","0","1","N","","","","","","","","","","","","10","  ","","",""
"0937","1","0","0","0","0","0","0","0","0","7","0","","36","01","2018","2018007853","3","40.2118","-76.3119","0931","08","0","0","0","0","0","1","0","0","","0","0","0","09","1","0","00","0","40 12:42.520","","00","76 18:42.680","0","0","0","0","36217","0","0","0","N","0","0","0","1","68J01","0","","4","07","N","N","0","","0","0","0","0","0","","0901","0","1","0","0","0","0","0","1","0","1","N","","","","","","","","","","","","10","  ","","",""
"0545","0","0","0","0","0","0","0","0","0","6","0","","36","01","2018","2018007975","3","40.1169","-76.2338","0532","08","0","0","0","0","0","0","0","0","","0","0","0","05","2","0","00","0","40 07:00.683","","00","76 14:01.707","0","0","0","0","36235","0","0","0","N","0","0","0","2","36506","0","","1","07","N","N","0","","0","0","1","0","0","","0532","0","2","0","0","0","0","0","1","1","2","N","","","","","","","","","","","","10","  ","","",""
"0624","1","0","0","0","0","0","0","0","0","5","0","","36","01","2018","2018007976","3","40.1167","-76.2343","0624","08","0","0","0","0","0","0","0","0","","0","0","0","06","2","0","00","0","40 07:00.216","","00","76 14:03.324","0","0","0","0","36235","0","0","0","N","0","0","0","2","36506","0","","1","07","N","N","0","","0","0","1","0","0","","0624","0","2","0","0","0","0","0","1","0","2","N","","","","","","","","","","","","10","  ","","",""
"0706","1","0","0","0","0","0","0","0","0","7","0","","36","01","2018","2018008033","6","40.0555","-76.2662","0702","08","0","0","0","0","0","0","0","0","","0","0","0","06","1","0","02","0","40 03:19.710","","02","76 15:58.271","0","0","0","0","36215","0","0","0","Y","0","0","0","1","36215","0","","3","01","N","N","0","","0","0","0","0","0","","0659","0","1","0","0","0","0","0","1","0","1","N","","","","","","","","","","","","03","  ","","",""
"1041","1","0","0","0","0","0","0","0","0","7","0","","36","01","2018","2018008034","6","40.0161","-76.2095","1032","08","0","0","0","0","1","0","0","0","2","0","0","0","10","1","0","00","1","40 00:57.880","3","00","76 12:34.270","0","0","0","0","36215","0","0","0","N","0","0","0","1","36215","0","","4","07","N","N","0","","0","0","0","0","0","N","1029","0","1","0","0","0","0","0","1","0","1","N","","","","","","","","","","","","03","  ","","",""
"1102","1","0","0","0","0","0","0","0","0","0","1","","36","01","2018","2018008035","6","40.0456","-76.2487","1101","08","0","0","0","0","0","0","0","0","","0","1","0","11","1","0","00","0","40 02:44.013","","00","76 14:55.228","9","0","0","0","36215","0","0","0","N","0","0","0","2","36215","0","","1","01","N","N","0","","0","0","0","0","0","","1101","0","2","0","0","0","0","1","1","0","2","N","","","","","","","","","","","","03","  ","","",""
"1144","1","0","0","0","0","0","0","0","0","1","0","","36","01","2018","2018008036","6","40.031","-76.2354","1137","08","0","0","1","0","0","0","0","0","2","0","0","0","11","1","0","01","1","40 01:50.123","3","00","76 14:03.641","0","0","0","0","36215","0","0","0","","0","0","0","4","36215","0","","1","01","N","N","0","","0","0","1","3","2","N","1134","0","2","0","0","0","0","0","1","0","2","N","","","","","","","","","","","","03","  ","","",""
"1528","2","0","0","0","0","0","0","0","0","5","0","","36","01","2018","2018008037","6","40.0809","-76.2414","1524","08","0","0","0","0","0","0","0","0","2","0","0","0","15","1","1","00","2","40 04:51.339","4","00","76 14:29.217","4","0","0","0","36215","0","0","0","N","0","0","0","2","36215","1","","1","01","N","N","0","","0","0","0","0","0","N","1523","1","2","0","0","0","0","0","1","0","2","N","","","","","","","","","","","","03","  ","","",""
"0907","1","0","0","0","0","0","0","0","0","7","0","","36","01","2018","2018008104","3","40.0721","-76.6332","0857","08","0","0","0","0","0","1","0","0","3","0","0","0","08","1","1","00","1","40 04:19.487","2","00","76 37:59.405","8","0","0","0","36207","0","0","0","N","0","0","0","1","36504","0","","4","07","N","N","0","","0","0","0","0","0","N","0849","1","1","0","0","0","1","0","1","0","1","N","","","","","","","","","","","","10","  ","","",""
"0602","1","0","0","0","0","0","0","0","0","5","0","","36","01","2018","2018008146","4","40.2378","-76.1436","0552","08","0","0","0","0","0","0","0","0","3","0","0","0","05","3","0","00","1","40 14:16.200","3","00","76 08:36.928","0","0","0","0","36236","0","0","0","N","0","0","0","1","36210","0","","4","07","Y","N","1","","0","0","0","0","0","N","0549","0","2","0","0","0","0","0","1","0","2","N","","","","","","","","","","","","10","  ","","",""
"1721","2","0","0","0","0","0","0","0","0","1","0","","36","01","2018","2018008155","6","40.1206","-76.2136","1717","08","0","0","0","0","0","0","0","0","","0","0","0","17","2","0","00","0","40 07:14.050","","00","76 12:48.979","0","0","0","0","36238","0","0","0","N","0","0","0","3","36238","0","","1","09","N","N","1","","0","0","0","0","0","","1717","0","3","0","0","0","0","0","3","0","3","N","","","","","","","","","","","","07","  ","","",""
"0812","0","0","0","0","0","0","0","0","0","7","0","","36","01","2018","2018008172","4","40.0583","-76.5091","0807","08","0","0","0","0","0","0","0","0","","0","0","0","08","1","0","00","0","40 03:29.700","","00","76 30:32.700","0","0","0","0","36239","0","0","0","N","0","0","0","1","36239","0","","4","07","N","N","0","","0","0","1","0","0","","0807","0","1","0","0","0","0","0","3","0","1","N","","","","","","","","","","","","10","  ","","",""
"0849","2","0","0","0","0","0","0","0","0","2","0","","36","01","2018","2018008176","3","40.1579","-76.3855","0838","08","0","0","0","0","0","0","0","0","2","0","0","0","08","1","2","00","2","40 09:28.403","5","00","76 23:07.698","8","0","0","0","36227","0","0","0","N","0","0","0","2","36506","0","","1","07","N","N","0","","0","0","0","0","0","Y","0838","2","2","0","0","0","2","0","1","0","2","N","","","","","","","","","","","","10","  ","","",""
"1301","1","0","0","0","0","0","0","0","0","8","0","","36","01","2018","2018008189","3","40.0425","-76.3086","1300","08","0","0","0","0","0","1","0","0","","0","0","0","12","1","1","01","0","40 02:33.169","","00","76 18:31.085","3","0","0","0","36301","1","0","0","N","1","0","0","2","36301","0","","1","01","N","N","0","","1","0","0","3","2","","1255","1","2","0","0","0","0","0","3","0","1","N","","","","","","","","","","","","03","  ","","",""
"1540","2","0","0","0","0","0","0","0","0","4","0","","36","01","2018","2018008209","7","40.0089","-76.3576","1535","08","0","0","0","0","0","1","0","0","","0","0","0","15","1","0","00","0","40 00:31.867","","07","76 21:27.262","0","0","0","0","36412","0","0","0","N","0","0","0","2","36412","0","","1","01","N","N","0","","0","0","0","3","2","","1535","0","2","0","0","0","0","0","3","0","2","N","","","","","","","","","","","","03","  ","","",""
"1553","1","0","0","0","0","0","0","0","0","7","0","","36","01","2018","2018008213","7","40.1664","-76.163","1549","08","0","0","0","0","0","0","1","0","","0","0","0","15","1","0","00","0","40 09:59.055","","00","76 09:46.823","0","0","0","0","36218","0","0","0","N","0","0","0","1","36408","0","","4","01","N","N","0","","0","0","0","0","0","","1545","0","1","0","0","0","0","0","1","0","1","N","","","","","","","","","","","","03","  ","","",""
"0705","2","0","0","0","0","0","0","0","0","6","0","","36","01","2018","2018008264","3","40.1258","-76.4648","0655","08","0","0","0","0","0","2","0","0","","0","0","0","06","1","0","00","0","40 07:32.793","","00","76 27:53.400","0","0","0","0","36230","0","0","0","N","0","0","0","2","36410","0","","1","07","N","N","0","","0","0","0","0","0","","0655","0","2","0","0","0","0","0","1","0","2","N","","","","","","","","","","","","10","  ","","",""
"1830","1","0","0","0","0","0","0","0","0","7","0","","36","01","2018","2018008315","5","39.9937","-76.4711","1822","08","0","0","0","0","0","0","0","0","1","0","0","0","18","3","0","10","1","39 59:37.416","5","03","76 28:15.903","0","0","0","0","36223","0","0","0","","0","0","0","1","36223","0","","4","09","N","N","0","","0","0","0","0","0","N","1820","0","1","0","0","0","0","0","1","0","1","N","","","","","","","","","","","","03","  ","","",""
"2048","0","0","0","0","0","0","0","0","0","7","0","","36","01","2018","2018008367","6","39.9088","-76.2187","2041","08","0","0","0","0","0","0","0","0","3","1","0","0","20","2","0","00","2","39 54:31.700","6","00","76 13:07.300","1","0","0","0","36229","0","0","0","N","0","0","0","1","68J01","0","2","4","02","N","N","0","0","0","0","0","0","0","Y","2040","0","1","1","0","1","0","0","1","1","1","N","","","","","","","","","","","","03","  ","","",""
"0309","0","0","0","0","0","0","0","0","0","7","0","","36","01","2018","2018008400","7","40.1851","-75.9977","0258","08","0","0","0","0","0","1","0","0","2","0","0","0","02","2","1","00","1","40 11:05.523","3","00","75 59:50.441","8","0","0","0","36202","0","0","0","","0","0","0","1","68T06","0","","4","09","N","N","0","","0","0","0","0","0","N","0258","1","1","0","0","0","1","0","1","1","1","N","","","","","","","","","","","","07","  ","","",""
"0845","1","0","0","0","0","0","0","0","0","7","0","","36","01","2018","2018008447","3","40.0934","-76.4968","0825","08","0","0","0","0","0","0","0","0","1","0","0","0","08","1","0","00","1","40 05:36.306","1","00","76 29:48.365","0","0","0","0","36230","0","0","0","N","0","0","0","1","36410","0","","4","07","N","N","0","","0","0","0","0","0","N","0825","0","1","0","0","0","0","0","1","0","1","N","","","","","","","","","","","","10","  ","","",""
"2207","2","0","0","0","0","0","0","0","0","4","0","","36","01","2018","2018008482","4","40.1233","-76.3753","2200","08","0","0","0","1","0","0","0","0","1","0","0","0","21","3","1","01","2","40 07:23.702","5","00","76 22:31.147","3","0","0","0","36214","0","0","0","N","0","0","0","2","36214","0","","1","09","N","N","0","","1","0","0","3","3","N","2155","1","2","0","0","0","0","0","3","0","2","N","","","","","","","","","","","","03","  ","","",""
"2045","2","0","0","0","0","0","0","0","0","1","0","","36","01","2018","2018008525","1","40.0275","-76.3027","2040","08","0","0","0","0","0","0","0","0","","0","0","0","20","3","0","00","0","40 01:39.000","","00","76 18:09.700","0","0","0","0","36301","0","0","0","N","0","0","0","3","36301","0","","1","01","N","N","0","","0","0","0","0","0","","2040","0","2","0","0","0","0","0","3","0","2","N","","","","","","","","","","","","03","  ","","",""
"2213","1","0","0","0","0","0","0","0","0","7","0","","36","01","2018","2018008527","4","40.1019","-76.452","2210","08","0","0","0","0","0","0","0","0","","0","0","0","22","2","0","00","0","40 06:06.900","","00","76 27:07.100","0","0","0","0","36230","0","0","0","N","0","0","0","1","36410","0","","5","02","N","N","0","","0","0","0","0","0","","2210","0","1","0","0","0","0","0","1","0","1","N","","","","","","","","","","","","03","  ","","",""
"1758","1","0","0","0","0","0","0","0","0","1","0","","36","01","2018","2018008598","5","40.0704","-76.3176","1754","08","0","0","0","0","0","0","1","0","","0","0","0","17","2","0","00","0","40 04:13.260","","00","76 19:03.263","0","0","0","0","36101","0","0","0","N","0","0","0","3","36101","0","","1","01","N","N","0","","0","0","1","0","0","","1751","0","3","0","0","0","0","0","3","0","2","N","","","","","","","","","","","","03","  ","","",""
"1619","1","0","0","0","0","0","0","0","0","4","0","","36","01","2018","2018008599","5","40.0331","-76.2452","1615","08","0","0","0","0","0","0","1","0","","0","0","0","16","1","0","02","0","40 01:59.084","","00","76 14:42.829","0","0","0","0","36215","0","0","0","","0","0","0","2","36215","0","","1","01","N","N","0","","0","0","1","3","2","","1613","0","2","0","0","0","0","0","1","0","2","N","","","","","","","","","","","","03","  ","","",""
"0637","1","0","0","0","0","0","0","0","0","7","0","","36","01","2018","2018008745","5","40.2148","-76.0948","0634","08","0","0","0","0","0","1","0","0","3","0","0","0","06","2","2","00","1","40 12:53.285","1","00","76 05:41.210","3","0","0","0","36210","0","0","0","Y","0","0","0","2","36210","0","","3","01","N","N","0","","2","0","1","0","0","N","0632","2","2","0","0","0","0","0","1","0","2","N","","","","","","","","","","","","03","  ","","",""
"1434","2","0","0","0","0","0","0","0","0","4","0","","36","01","2018","2018008764","7","40.1792","-76.1793","1431","08","0","0","0","0","0","0","0","0","1","0","0","0","14","1","1","01","1","40 10:45.200","2","00","76 10:45.400","4","0","0","0","36408","0","0","0","N","0","0","0","3","36408","1","","1","01","N","N","0","","0","0","0","0","0","N","1429","1","2","0","0","0","0","0","2","0","2","N","","","","","","","","","","","","03","  ","","",""
"1041","1","0","0","0","0","0","0","0","0","0","0","","36","01","2018","2018008773","5","40.0601","-76.3599","1038","08","0","0","0","0","0","0","0","0","1","0","0","0","10","1","0","01","1","40 03:36.531","3","02","76 21:35.471","0","0","0","0","36214","0","0","0","N","0","0","0","1","36214","0","","1","01","N","N","0","","0","0","0","9","2","N","1037","0","1","0","0","0","0","0","3","0","1","N","","","","","","","","","","","","03","  ","","",""
"0830","1","0","0","0","0","0","0","0","0","7","0","","36","01","2018","2018008812","1","40.1397","-76.5892","0820","08","0","0","0","0","0","0","0","0","2","0","0","0","08","1","1","01","1","40 08:22.840","3","00","76 35:21.156","3","0","0","0","36237","0","0","0","N","0","0","0","1","36505","0","","4","01","N","N","0","","1","0","0","3","2","N","0815","1","1","0","0","0","0","0","1","0","1","N","","","","","","","","","","","","03","  ","","",""
"1243","1","0","0","0","0","0","0","0","0","1","0","","36","01","2018","2018008827","1","40.1795","-76.6004","1236","08","0","0","0","0","0","0","0","0","","0","0","0","12","1","2","06","0","40 10:46.324","","02","76 36:01.450","8","0","0","0","36225","0","0","0","N","0","0","0","3","36505","0","","1","01","N","N","0","","0","0","1","3","4","","1230","2","2","0","0","0","2","0","2","0","2","N","","","","","","","","","","","","03","  ","","",""
"1225","2","0","0","0","0","0","0","0","0","1","0","","36","01","2018","2018008836","5","40.1358","-76.0941","1220","08","0","0","0","0","0","0","2","0","1","0","0","0","12","1","1","01","2","40 08:08.741","6","00","76 05:38.932","3","0","0","0","36209","0","0","0","N","0","0","0","2","36415","0","","1","01","N","N","0","","1","0","0","0","0","N","1220","1","2","0","0","0","0","0","1","0","2","N","","","","","","","","","","","","03","  ","","",""
"1219","2","0","0","0","0","0","0","0","0","7","0","","36","01","2018","2018008854","5","40.2154","-76.1594","1215","08","0","0","0","0","0","1","0","0","1","0","0","0","12","1","1","00","1","40 12:55.300","3","00","76 09:33.900","8","0","0","0","36210","0","0","0","N","0","0","0","1","36408","0","","4","01","N","N","1","","0","0","0","0","0","N","1213","1","3","0","0","0","1","0","1","0","3","N","","","","","","","","","","","","03","  ","","",""
"0639","0","0","0","0","0","0","0","0","0","7","0","","36","01","2018","2018008906","5","39.8793","-76.2899","0608","08","0","0","0","0","0","0","0","0","1","0","0","0","05","3","0","00","1","39 52:45.570","5","00","76 17:23.810","0","0","0","0","36224","0","0","0","N","0","0","0","1","68J01","0","","4","07","N","N","1","","0","0","0","0","0","Y","0535","0","1","0","0","0","0","0","1","0","1","N","","","","","","","","","","","","10","  ","","",""
"0807","0","0","0","0","0","0","0","0","0","7","0","","36","01","2018","2018008907","5","39.9523","-76.1539","0807","08","0","0","0","0","0","0","1","0","","0","0","0","07","1","0","03","0","39 57:08.161","","00","76 09:13.874","0","0","0","0","36233","0","0","0","N","0","0","0","2","68J01","0","","4","07","N","N","0","","0","0","0","0","0","","0723","0","1","0","0","0","0","0","1","1","1","N","","","","","","","","","","","","10","  ","","",""
"0830","3","0","0","0","0","0","0","0","0","1","0","","36","01","2018","2018008933","5","40.2268","-76.3041","0751","08","0","0","0","1","0","1","0","0","","0","0","0","07","1","3","00","0","40 13:36.345","","00","76 18:14.581","3","0","0","0","36217","0","0","0","","0","0","0","6","68J01","1","","1","01","N","N","0","","1","0","1","0","0","","0747","3","4","0","0","0","1","0","1","0","4","N","","","","","","","","","","","","03","  ","","",""
"0903","1","0","0","0","0","0","0","0","0","7","0","","36","01","2018","2018008967","4","40.0047","-76.3053","0856","08","0","0","0","0","0","0","0","0","2","0","0","0","08","1","0","00","2","40 00:16.919","3","00","76 18:18.982","0","0","0","0","36220","0","0","0","","0","0","0","1","36101","0","","2","07","N","N","0","","0","0","0","0","0","N","0851","0","1","0","0","0","0","0","3","0","1","N","","","","","","","","","","","","10","  ","","",""
"1150","3","0","0","0","0","0","0","0","0","4","0","","36","01","2018","2018008968","7","40.0666","-76.3073","1146","08","0","0","0","0","0","0","0","1","2","0","0","0","11","1","0","00","1","40 03:59.889","1","07","76 18:26.138","0","0","0","0","36101","0","0","0","N","0","0","0","3","36101","0","","1","01","N","N","0","","0","0","0","0","0","N","1144","0","3","0","0","0","0","0","3","0","3","N","","","","","","","","","","","","03","  ","","",""
"0043","0","0","0","0","0","0","0","0","0","1","0","","36","01","2018","2018009018","5","39.8945","-76.1633","0037","08","0","0","0","0","0","1","0","0","2","0","0","0","00","3","0","00","1","39 53:40.094","1","00","76 09:47.853","0","0","0","0","36416","0","0","0","N","0","0","0","1","68J01","0","","6","09","N","N","1","","0","0","1","0","0","N","0034","0","2","0","0","0","0","0","1","0","2","N","","","","","","","","","","","","03","  ","","",""
"1503","1","0","0","0","0","0","0","0","0","7","0","","36","01","2018","2018009026","7","39.8176","-76.0419","1436","08","0","0","0","0","0","1","0","0","","0","0","0","14","1","1","00","0","39 49:03.381","","00","76 02:30.787","3","0","0","0","36205","0","0","0","","0","0","0","1","68J01","0","","4","01","N","N","0","","1","0","0","0","0","","1429","1","1","0","0","0","0","0","1","0","1","N","","","","","","","","","","","","03","  ","","",""
"0721","1","0","0","0","0","0","0","0","0","7","0","","36","01","2018","2018009059","4","39.8734","-76.2321","0653","08","0","0","0","0","0","0","0","0","","0","0","0","05","2","0","00","0","39 52:24.124","","00","76 13:55.398","0","0","0","0","36208","0","0","0","N","0","0","0","1","68J01","0","","5","07","N","N","0","","0","0","0","0","0","","0530","0","1","0","0","0","0","0","1","0","1","N","","","","","","","","","","","","10","  ","","",""
"0915","0","0","0","0","0","0","0","0","0","7","0","","36","01","2018","2018009062","4","40.143","-75.9665","0915","08","0","0","0","0","0","0","0","0","","0","0","0","08","1","0","00","0","40 08:34.920","","00","75 57:59.350","0","0","0","0","36203","0","0","0","N","0","0","0","1","68T06","0","","4","07","N","N","0","","0","0","1","0","0","","0831","0","1","0","0","0","0","0","1","0","1","N","","","","","","","","","","","","10","  ","","",""
"1258","0","0","0","0","0","0","0","0","0","7","0","","36","01","2018","2018009063","4","39.8822","-76.2626","1237","08","0","0","0","0","0","1","0","0","","0","0","0","12","1","1","01","0","39 52:55.885","","00","76 15:45.251","3","0","0","0","36229","0","0","0","","0","0","0","1","68J01","0","","4","06","N","N","0","","1","0","1","0","0","","1234","1","1","0","0","0","0","0","1","0","1","N","","","","","","","","","","","","10","  ","","",""
"2325","1","0","0","0","0","0","0","0","0","7","0","","36","01","2018","2018009069","4","39.8288","-76.3099","2308","08","0","0","1","0","0","0","0","0","","0","0","0","22","2","1","00","0","39 49:43.598","","00","76 18:35.811","3","0","0","0","36224","0","0","0","N","0","0","0","1","68J01","0","","4","02","N","N","0","","1","0","0","0","0","","2252","1","1","0","0","0","0","0","1","0","1","N","","","","","","","","","","","","10","  ","","",""
"0524","1","0","0","0","0","0","0","0","0","7","0","","36","01","2018","2018009070","5","40.0118","-76.1388","0520","08","0","0","0","0","0","0","0","0","1","0","0","0","05","2","1","00","2","40 00:42.500","6","00","76 08:19.640","3","0","0","0","36215","0","0","0","","0","0","0","1","68J01","0","","4","01","N","N","0","","1","0","0","0","0","N","0515","1","1","0","0","1","0","0","1","0","1","N","","","","","","","","","","","","03","  ","","",""
"1748","1","0","0","0","0","0","0","0","0","1","0","","36","01","2018","2018009095","5","40.1129","-76.3966","1738","08","0","0","0","0","0","1","1","0","","0","0","0","17","4","1","00","0","40 06:46.500","","00","76 23:47.800","3","0","0","0","36214","0","0","0","N","0","0","0","2","36214","0","","1","01","N","N","0","","1","0","1","0","0","","1730","1","2","0","0","0","0","0","3","0","2","N","","","","","","","","","","","","03","  ","","",""
"0608","2","0","0","0","0","0","0","0","0","6","0","","36","01","2018","2018009132","5","40.0228","-76.3138","0558","08","0","0","0","0","0","0","0","0","","0","0","0","05","3","1","00","0","40 01:22.000","","00","76 18:49.700","8","0","0","0","36301","1","0","0","N","0","0","0","2","36301","0","","1","07","N","N","0","","0","0","0","0","0","","0556","1","2","0","0","0","1","0","3","0","2","N","","","","","","","","","","","","10","  ","","",""
"0254","1","0","0","0","0","0","0","0","0","7","0","","36","01","2018","2018009222","7","40.0278","-76.3261","0245","08","0","0","0","0","0","0","0","0","","0","0","0","02","3","0","00","0","40 01:40.198","","00","76 19:33.929","0","0","0","0","36220","0","0","0","","0","0","0","1","36101","0","","4","09","N","N","0","","0","0","0","0","0","","0242","0","1","0","0","0","0","0","3","0","1","N","","","","","","","","","","","","07","  ","","",""
"0857","1","0","0","0","0","0","0","0","0","4","0","","36","01","2018","2018009223","4","40.0357","-76.2557","0852","08","0","0","0","0","0","0","0","0","2","0","0","0","08","1","0","02","1","40 02:08.444","3","00","76 15:20.515","0","0","0","0","36215","0","0","0","","0","0","0","2","36215","0","","1","07","N","N","0","","0","0","1","3","3","N","0845","0","2","0","0","0","0","0","1","0","2","N","","","","","","","","","","","","10","  ","","",""
"0635","0","0","0","0","0","0","0","0","0","7","0","","36","01","2018","2018009257","3","40.1686","-76.15","0627","08","0","0","0","0","0","0","0","0","2","0","0","0","06","2","1","00","1","40 10:06.784","1","00","76 09:00.155","3","0","0","0","36218","0","0","0","N","0","0","0","1","36408","0","","4","07","N","N","1","","1","0","0","0","0","N","0625","1","1","0","0","0","0","0","1","0","1","N","","","","","","","","","","","","10","  ","","",""
"0550","0","0","0","0","0","0","0","0","0","7","0","","36","01","2018","2018009269","3","40.0359","-76.5222","0537","08","0","0","0","0","0","0","0","0","2","0","0","0","05","2","0","00","1","40 02:09.092","3","03","76 31:19.779","0","0","0","0","36239","0","0","0","N","0","0","0","1","36239","0","","2","07","N","N","0","","0","0","1","0","0","N","0537","0","1","0","0","0","0","0","3","0","1","N","","","","","","","","","","","","10","  ","","",""
"0620","0","0","0","0","0","0","0","0","0","7","0","","36","01","2018","2018009279","3","40.2","-76.1645","0615","08","0","0","0","0","0","0","0","0","","0","0","0","06","2","0","00","0","40 11:59.860","","00","76 09:52.154","0","0","0","0","36218","0","0","0","Y","0","0","0","1","36408","0","","2","07","N","N","1","","0","0","0","0","0","","0615","0","1","0","0","1","0","0","1","0","1","N","","","","","","","","","","","","10","  ","","",""
"1056","2","0","0","0","0","0","0","0","0","1","0","","36","01","2018","2018009282","3","40.1163","-76.0408","1053","08","1","0","0","0","0","0","1","0","2","0","0","0","10","1","2","02","1","40 06:58.802","6","00","76 02:26.783","3","0","0","0","36213","0","0","0","N","0","0","0","4","36213","0","","1","01","N","N","0","","2","0","0","0","0","N","1053","2","2","0","0","0","0","0","1","0","2","N","","","","","","","","","","","","03","  ","","",""