"ARRIVAL_TM","AUTOMOBILE_COUNT","BELTED_DEATH_COUNT","BELTED_SUSP_SERIOUS_INJ_COUNT","BICYCLE_COUNT","BICYCLE_DEATH_COUNT","BICYCLE_SUSP_SERIOUS_INJ_COUNT","BUS_COUNT","CHLDPAS_DEATH_COUNT","CHLDPAS_SUSP_SERIOUS_INJ_COUNT","COLLISION_TYPE","COMM_VEH_COUNT","CONS_ZONE_SPD_LIM","COUNTY","CRASH_MONTH","CRASH_YEAR","CRN","DAY_OF_WEEK","DEC_LAT","DEC_LONG","DISPATCH_TM","DISTRICT","DRIVER_COUNT_16YR","DRIVER_COUNT_17YR","DRIVER_COUNT_18YR","DRIVER_COUNT_19YR","DRIVER_COUNT_20YR","DRIVER_COUNT_50_64YR","DRIVER_COUNT_65_74YR","DRIVER_COUNT_75PLUS","EST_HRS_CLOSED","FATAL_COUNT","HEAVY_TRUCK_COUNT","HORSE_BUGGY_COUNT","HOUR_OF_DAY","ILLUMINATION","INJURY_COUNT","INTERSECT_TYPE","LANE_CLOSED","LATITUDE","LN_CLOSE_DIR","LOCATION_TYPE","LONGITUDE","MAX_SEVERITY_LEVEL","MCYCLE_DEATH_COUNT","MCYCLE_SUSP_SERIOUS_INJ_COUNT","MOTORCYCLE_COUNT","MUNICIPALITY","NONMOTR_COUNT","NONMOTR_DEATH_COUNT","NONMOTR_SUSP_SERIOUS_INJ_COUNT","NTFY_HIWY_MAINT","PED_COUNT","PED_DEATH_COUNT","PED_SUSP_SERIOUS_INJ_COUNT","PERSON_COUNT","POLICE_AGCY","POSSIBLE_INJ_COUNT","RDWY_SURF_TYPE_CD","RELATION_TO_ROAD","ROAD_CONDITION","SCH_BUS_IND","SCH_ZONE_IND","SMALL_TRUCK_COUNT","SPEC_JURIS_CD","SUSP_MINOR_INJ_COUNT","SUSP_SERIOUS_INJ_COUNT","SUV_COUNT","TCD_FUNC_CD","TCD_TYPE","TFC_DETOUR_IND","TIME_OF_DAY","TOT_INJ_COUNT","TOTAL_UNITS","UNB_DEATH_COUNT","UNB_SUSP_SERIOUS_INJ_COUNT","UNBELTED_OCC_COUNT","UNK_INJ_DEG_COUNT","UNK_INJ_PER_COUNT","URBAN_RURAL","VAN_COUNT","VEHICLE_COUNT","WORK_ZONE_IND","WORK_ZONE_LOC","WORK_ZONE_TYPE","WORKERS_PRES","WZ_CLOSE_DETOUR","WZ_FLAGGER","WZ_LAW_OFFCR_IND","WZ_LN_CLOSURE","WZ_MOVING","WZ_OTHER","WZ_SHLDER_MDN","ROADWAY_CLEARED","WEATHER1","WEATHER2","WZ_WORKERS_INJ_KILLED","SECONDARY_CRASH","INTERSECTION_RELATED"
"0619","0","0","0","0","0","0","0","0","0","7","0","","36","01","2018","2018009398","3","40.0608","-76.3581","0606","08","0","0","0","0","0","0","0","0","","0","0","0","06","3","0","00","0","40 03:38.934","","00","76 21:29.175","0","0","0","0","36214","0","0","0","N","0","0","0","1","36214","0","","3","07","N","N","0","","0","0","1","0","0","","0605","0","1","0","0","0","0","0","3","0","1","N","","","","","","","","","","","","10","  ","","",""
"0252","1","0","0","0","0","0","0","0","0","7","0","","36","01","2018","2018009463","5","39.9876","-76.0518","0240","08","0","0","0","0","0","0","0","0","2","0","0","0","02","2","1","00","2","39 59:15.320","5","00","76 03:06.560","3","0","0","0","36232","0","0","0","N","0","0","0","1","68J01","0","","4","07","N","N","0","","1","0","0","0","0","N","0232","1","1","0","0","0","0","0","1","0","1","N","","","","","","","","","","","","03","  ","","",""
"1722","1","0","1","0","0","0","0","0","0","5","0","","36","01","2018","2018009480","5","40.0387","-76.2774","1714","08","0","0","0","0","0","0","0","0","","0","0","0","17","2","1","00","0","40 02:19.210","","00","76 16:38.697","2","0","0","0","36220","0","0","0","N","0","0","0","1","36101","0","","6","01","N","N","0","","0","1","1","0","0","","1707","1","2","0","0","0","0","0","3","0","2","N","","","","","","","","","","","","03","  ","","",""
"1725","0","0","0","0","0","0","0","0","0","4","0","","36","01","2018","2018009481","5","40.1009","-76.0823","1723","08","0","0","0","0","0","1","0","0","","0","0","0","17","4","0","01","0","40 06:03.334","","00","76 04:56.150","0","0","0","0","36415","0","0","0","N","0","0","0","2","36415","0","","1","01","N","N","0","","0","0","2","3","3","","1723","0","2","0","0","0","0","0","1","0","2","N","","","","","","","","","","","","03","  ","","",""
"0717","1","0","0","0","0","0","0","0","0","1","0","","36","01","2018","2018009507","5","39.9839","-76.0867","0701","08","0","0","0","0","0","1","0","0","3","0","0","0","06","1","1","00","2","39 59:02.101","6","00","76 05:12.142","3","0","0","0","36226","0","0","0","","0","0","0","3","68J01","0","","1","02","N","N","0","","1","0","1","0","0","Y","0648","1","3","0","0","0","0","0","1","1","3","N","","","","","","","","","","","","03","  ","","",""
"1650","1","0","0","0","0","0","0","0","0","1","0","","36","01","2018","2018009650","6","40.1873","-76.1844","1647","08","0","0","0","0","0","0","1","1","1","0","0","0","16","1","0","01","1","40 11:18.675","2","00","76 10:54.803","0","0","0","0","36408","0","0","0","N","0","0","0","2","36408","0","","1","01","N","N","1","","0","0","0","3","2","N","1645","0","2","0","0","0","0","0","2","0","2","N","","","","","","","","","","","","03","  ","","",""
"1502","0","0","0","0","0","0","0","0","0","1","1","","36","01","2018","2018009654","2","40.0681","-76.3013","1452","08","0","0","0","0","1","0","0","0","1","0","1","0","14","1","0","00","1","40 04:05.111","3","00","76 18:04.726","0","0","0","0","36101","0","0","0","N","0","0","0","2","36101","0","","1","01","N","N","0","","0","0","1","0","0","N","1449","0","2","0","0","0","0","0","3","0","2","N","","","","","","","","","","","","03","  ","","",""
"1750","2","0","0","0","0","0","0","0","0","4","0","","36","01","2018","2018009655","3","40.0685","-76.3029","1748","08","0","0","0","0","0","0","1","0","2","0","0","0","17","3","0","01","1","40 04:06.491","1","00","76 18:10.333","0","0","0","0","36101","0","0","0","","0","0","0","2","36101","0","","1","09","N","N","0","","0","0","0","3","2","N","1745","0","2","0","0","0","0","0","3","0","2","N","","","","","","","","","","","","03","  ","","",""
"1214","1","0","0","0","0","0","0","0","0","4","0","","36","01","2018","2018009656","5","40.0608","-76.3061","1210","08","0","0","0","0","0","0","0","0","","0","0","0","12","1","0","01","0","40 03:38.254","","00","76 18:22.514","0","0","0","0","36101","0","0","0","","0","0","0","2","36101","0","","1","01","N","N","0","","0","0","1","3","2","","1207","0","2","0","0","0","0","0","3","0","2","N","","","","","","","","","","","","03","  ","","",""
"1546","1","0","0","0","0","0","0","0","0","6","1","","36","01","2018","2018009694","3","40.0229","-76.2403","1539","08","0","0","0","0","0","1","0","1","2","0","1","0","15","1","1","00","2","40 01:22.365","5","00","76 14:25.183","3","0","0","0","36215","0","0","0","N","0","0","0","4","36215","0","","1","01","N","N","0","","1","0","0","3","8","Y","1539","1","2","0","0","0","0","0","1","0","2","N","","","","","","","","","","","","03","  ","","",""
"1452","2","0","0","0","0","0","0","0","0","4","0","","36","01","2018","2018009701","6","40.0508","-76.2993","1449","08","0","0","0","0","0","0","0","0","","0","0","0","14","1","1","01","0","40 03:02.905","","00","76 17:57.328","8","0","0","0","36301","0","0","0","N","0","0","0","2","36301","0","","1","01","N","N","0","","0","0","0","3","2","","1449","1","2","0","0","0","1","0","3","0","2","N","","","","","","","","","","","","03","  ","","",""
"1633","1","0","0","0","0","0","0","0","0","1","1","","36","01","2018","2018009702","6","40.1654","-76.1595","1630","08","0","0","0","0","0","1","0","0","","0","1","0","16","1","1","00","0","40 09:55.607","","00","76 09:34.346","4","0","0","0","36218","0","0","0","N","0","0","0","6","36408","1","","1","01","N","N","0","","0","0","1","3","2","","1630","1","3","0","0","0","0","0","1","0","3","N","","","","","","","","","","","","03","  ","","",""
"1111","1","0","0","0","0","0","0","0","0","4","0","","36","01","2018","2018009703","6","40.0431","-76.3022","1106","08","0","0","0","0","0","0","1","0","2","0","0","0","11","1","0","01","1","40 02:35.283","7","00","76 18:08.098","0","0","0","0","36301","0","0","0","N","0","0","0","3","36301","0","","1","06","N","N","0","","0","0","0","3","2","N","1106","0","2","0","0","0","0","0","3","1","2","N","","","","","","","","","","","","03","  ","","",""
"0801","1","0","0","0","0","0","0","0","0","7","0","","36","01","2018","2018009736","3","40.0981","-76.409","0800","08","0","0","0","0","0","0","0","0","1","0","0","0","07","1","0","00","1","40 05:53.301","3","00","76 24:32.470","0","0","0","0","36214","0","0","0","N","0","0","0","1","36214","0","","1","07","N","N","0","","0","0","0","0","0","N","0755","0","1","0","0","0","0","0","3","0","1","N","","","","","","","","","","","","10","  ","","",""
"0740","1","0","0","0","0","0","0","0","0","7","0","","36","01","2018","2018009755","7","40.0435","-76.4316","0735","08","0","0","0","0","0","0","0","0","2","0","0","0","07","1","1","00","1","40 02:36.603","3","00","76 25:53.805","3","0","0","0","36239","0","0","0","Y","0","0","0","1","36239","0","","4","01","N","N","0","","1","0","0","0","0","N","0735","1","1","0","0","0","0","0","3","0","1","N","","","","","","","","","","","","03","  ","","",""
"0625","0","0","0","0","0","0","0","0","0","1","0","","36","01","2018","2018009762","3","40.1128","-76.3965","0615","08","0","0","0","0","0","0","0","0","1","0","0","0","06","5","0","01","1","40 06:45.982","2","00","76 23:47.576","0","0","0","0","36214","0","0","0","N","0","0","0","2","36214","0","","1","07","N","N","1","","0","0","1","3","3","N","0610","0","2","0","0","0","0","0","3","0","2","N","","","","","","","","","","","","10","  ","","",""
"0545","0","0","0","0","0","0","0","0","0","7","0","","36","01","2018","2018009887","3","40.1294","-76.5009","0527","08","0","0","0","0","0","0","0","0","","0","0","0","05","2","0","00","0","40 07:45.757","","03","76 30:03.301","0","0","0","0","36225","0","0","0","N","0","0","0","1","36505","0","","2","07","N","N","1","","0","0","0","0","0","","0527","0","1","0","0","0","0","0","2","0","1","N","","","","","","","","","","","","10","  ","","",""
"0135","1","0","0","0","0","0","0","0","0","7","0","","36","01","2018","2018009892","4","40.0763","-76.2324","0133","08","0","0","0","1","0","0","0","0","1","0","0","0","01","2","0","03","1","40 04:34.615","4","00","76 13:56.485","0","0","0","0","36215","0","0","0","N","0","0","0","1","36215","0","","4","02","N","N","0","","0","0","0","3","3","N","0133","0","1","0","0","0","0","0","1","0","1","N","","","","","","","","","","","","10","  ","","",""
"1838","1","0","0","0","0","0","0","0","0","4","0","","36","01","2018","2018009893","6","40.2","-76.421","1832","08","0","0","0","0","0","0","1","0","1","0","0","0","18","2","0","01","1","40 11:59.848","7","00","76 25:15.755","0","0","0","0","36230","0","0","0","N","0","0","0","4","36410","0","","1","01","N","N","0","","0","0","1","3","3","Y","1832","0","2","0","0","0","0","0","1","0","2","N","","","","","","","","","","","","03","  ","","",""
"1811","0","0","0","0","0","0","0","0","0","4","0","","36","01","2018","2018009899","7","40.0314","-76.4816","1808","08","0","0","0","0","0","0","1","0","2","0","0","0","18","3","1","01","1","40 01:53.017","7","00","76 28:53.643","8","0","0","0","36239","0","0","0","N","0","0","0","3","36404","0","","1","01","N","N","0","","0","0","2","3","2","N","1807","1","2","0","0","0","1","0","3","0","2","N","","","","","","","","","","","","03","  ","","",""
"1511","0","0","0","1","0","1","0","0","0","5","1","","36","01","2018","2018009918","6","40.1314","-76.0335","1508","08","0","0","0","0","0","0","0","0","2","0","1","0","15","1","1","00","2","40 07:52.900","6","00","76 02:00.500","2","0","0","0","36213","1","0","1","N","0","0","0","2","36213","0","","1","01","N","N","0","","0","1","0","0","0","Y","1505","1","2","0","0","0","0","0","1","0","1","N","","","","","","","","","","","","03","  ","","",""
"1535","1","0","0","0","0","0","0","0","0","1","1","","36","01","2018","2018010002","6","40.0563","-76.5269","1528","08","0","0","0","0","0","0","0","0","3","0","1","0","15","1","1","00","2","40 03:22.759","5","00","76 31:36.716","3","0","0","0","36211","0","0","0","N","0","0","0","5","36504","0","","1","01","N","N","0","","1","0","1","0","0","Y","1528","1","4","0","0","0","0","0","1","1","4","N","","","","","","","","","","","","03","  ","","",""
"0745","1","0","0","0","0","0","0","0","0","4","0","","36","01","2018","2018010021","3","40.0631","-76.5696","0736","08","0","0","0","0","0","0","0","0","","0","0","0","07","1","0","02","0","40 03:47.276","","00","76 34:10.402","0","0","0","0","36211","0","0","0","N","0","0","0","2","36504","0","","1","02","N","N","0","","0","0","0","9","3","","0732","0","2","0","0","0","0","0","1","1","2","N","","","","","","","","","","","","10","  ","","",""
"0719","0","0","0","0","0","0","0","0","0","7","0","","36","01","2018","2018010063","3","40.0575","-76.3983","0710","08","0","0","0","0","0","0","0","0","2","0","0","0","07","1","1","01","1","40 03:26.963","4","00","76 23:53.840","3","0","0","0","36214","0","0","0","N","0","0","0","1","36214","0","","4","07","N","N","0","","1","0","0","3","2","N","0705","1","1","0","0","0","0","0","3","1","1","N","","","","","","","","","","","","10","  ","","",""
"0807","0","0","0","0","0","0","0","0","0","7","0","","36","01","2018","2018010068","4","40.0044","-76.218","0747","08","0","0","0","0","0","0","0","0","","0","0","0","07","1","0","00","0","40 00:16.000","","00","76 13:04.670","0","0","0","0","36240","0","0","0","N","0","0","0","1","36240","0","","4","07","N","N","0","","0","0","1","0","0","","0746","0","1","0","0","0","0","0","1","0","1","N","","","","","","","","","","","","10","  ","","",""
"0824","1","0","0","0","0","0","0","0","0","4","0","","36","01","2018","2018010077","4","40.0171","-76.247","0816","08","0","0","1","0","0","0","0","0","","0","0","0","08","1","0","02","0","40 01:01.606","","00","76 14:49.020","0","0","0","0","36240","0","0","0","N","0","0","0","2","36240","0","","1","06","N","N","0","","0","0","1","0","0","","0814","0","2","0","0","0","0","0","1","0","2","N","","","","","","","","","","","","10","  ","","",""
"1431","0","0","0","0","0","0","0","0","0","4","0","","36","01","2018","2018010111","1","40.1906","-76.1879","1428","08","0","0","0","0","0","1","0","0","2","0","0","0","14","1","2","01","1","40 11:26.221","5","00","76 11:16.335","4","0","0","0","36408","0","0","0","N","0","0","0","7","36408","2","","1","01","N","N","0","","0","0","1","3","3","N","1427","2","2","0","0","0","0","0","2","1","2","N","","","","","","","","","","","","03","  ","","",""
"1713","2","0","0","0","0","0","0","0","0","6","0","","36","01","2018","2018010116","7","40.1917","-76.1872","1710","08","0","0","0","0","0","1","0","0","1","0","0","0","17","3","0","00","2","40 11:30.100","5","00","76 11:13.900","0","0","0","0","36408","0","0","0","N","0","0","0","3","36408","0","","1","01","N","N","0","","0","0","0","0","0","Y","1710","0","2","0","0","0","0","0","2","0","2","N","","","","","","","","","","","","03","  ","","",""
"1249","0","0","0","0","0","0","0","0","0","1","1","","36","01","2018","2018010120","3","40.1514","-76.2509","1238","08","0","0","0","0","0","0","0","0","1","0","1","0","12","1","0","00","2","40 09:05.165","3","00","76 15:03.398","0","0","0","0","36235","0","0","0","N","0","0","0","2","36506","0","","1","09","N","N","0","","0","0","0","0","0","Y","1234","0","2","0","0","1","0","0","1","1","2","N","","","","","","","","","","","","03","  ","","",""
"1657","2","0","0","0","0","0","0","0","0","6","0","","36","01","2018","2018010121","6","40.1674","-76.3189","1646","08","0","0","0","0","0","1","1","0","","0","0","0","16","1","0","00","0","40 10:02.695","","00","76 19:08.018","0","0","0","0","36235","0","0","0","N","0","0","0","3","36506","0","","1","01","N","N","0","","0","0","0","0","0","","1642","0","2","0","0","0","0","0","1","0","2","N","","","","","","","","","","","","03","  ","","",""
"0722","0","0","0","0","0","0","0","0","0","7","0","","36","01","2018","2018010196","3","40.1744","-76.5964","0716","08","0","0","0","0","0","0","0","0","","0","0","0","07","1","0","00","0","40 10:27.940","","00","76 35:46.974","0","0","0","0","36225","0","0","0","Y","0","0","0","1","36505","0","","3","07","N","N","0","","0","0","1","0","0","N","0716","0","1","0","0","0","0","0","2","0","1","N","","","","","","","","","","","","10","  ","","",""
"0642","1","0","0","0","0","0","0","0","0","7","0","","36","01","2018","2018010203","3","40.16","-76.6312","0633","08","0","0","0","0","0","0","1","0","3","0","0","0","06","5","0","00","2","40 09:35.994","5","00","76 37:52.228","0","0","0","0","36237","0","0","0","N","0","0","0","1","36505","0","","4","07","N","N","0","","0","0","0","0","0","Y","0633","0","1","0","0","0","0","0","1","0","1","N","","","","","","","","","","","","10","  ","","",""
"1728","2","0","0","0","0","0","0","0","0","4","0","","36","01","2018","2018010204","4","40.2448","-76.1041","1725","08","0","0","1","1","0","0","0","0","1","0","0","0","17","2","0","01","1","40 14:41.207","2","00","76 06:14.899","0","0","0","0","36210","0","0","0","N","0","0","0","2","36210","0","","1","01","N","N","0","","0","0","0","3","3","N","1723","0","2","0","0","0","0","0","1","0","2","N","","","","","","","","","","","","03","  ","","",""
"1715","2","0","0","0","0","0","0","0","0","5","0","","36","01","2018","2018010205","1","40.0598","-76.3624","1708","08","0","0","0","0","0","1","0","0","2","0","0","0","17","4","1","00","2","40 03:35.213","3","00","76 21:44.621","8","0","0","0","36214","0","0","0","Y","0","0","0","3","36214","0","","1","01","N","N","0","","0","0","0","0","0","Y","1708","1","2","0","0","0","1","0","3","0","2","N","","","","","","","","","","","","03","  ","","",""
"0008","1","0","0","0","0","0","0","0","0","7","0","","36","01","2018","2018010214","4","40.181","-76.5296","0002","08","0","0","0","0","0","0","0","0","","0","0","0","00","2","0","00","0","40 10:51.589","","00","76 31:46.404","0","0","0","0","36225","0","0","0","N","0","0","0","1","36505","0","","4","09","N","N","0","","0","0","0","0","0","","0002","0","1","0","0","0","0","0","2","0","1","N","","","","","","","","","","","","10","  ","","",""
"1815","1","0","0","0","0","0","0","0","0","8","0","","36","01","2018","2018010222","7","40.2267","-76.0911","1812","08","0","0","0","0","0","0","0","1","","0","0","0","18","3","1","02","0","40 13:27.791","","00","76 05:40.250","3","0","0","0","36210","1","0","0","N","1","0","0","3","36210","0","","1","01","N","N","0","","1","0","0","0","0","","1809","1","2","0","0","0","0","0","1","0","1","N","","","","","","","","","","","","03","  ","","",""
"1419","1","0","0","0","0","0","0","0","0","7","0","","36","01","2018","2018010230","1","40.2656","-76.1839","1414","08","0","0","0","0","0","0","0","0","","0","0","0","14","1","0","00","0","40 15:56.303","","00","76 11:02.186","0","0","0","0","36236","0","0","0","N","0","0","0","1","36408","0","","4","01","N","N","0","","0","0","0","0","0","N","1412","0","1","0","0","0","0","0","1","0","1","N","","","","","","","","","","","","03","  ","","",""
"1259","1","0","0","0","0","0","0","0","0","7","0","","36","01","2018","2018010237","1","40.25","-76.135","1255","08","0","0","1","0","0","0","0","0","1","0","0","0","12","1","0","00","2","40 15:00.000","6","00","76 08:06.100","0","0","0","0","36236","0","0","0","N","0","0","0","1","36408","0","","4","01","N","N","0","","0","0","0","0","0","N","1253","0","1","0","0","0","0","0","1","0","1","N","","","","","","","","","","","","03","  ","","",""
"1238","0","0","0","0","0","0","0","0","0","4","0","","36","01","2018","2018010241","5","40.1903","-76.1787","1236","08","0","0","0","0","0","0","2","0","","0","0","0","12","1","0","02","0","40 11:25.227","","08","76 10:43.421","0","0","0","0","36218","0","0","0","N","0","0","0","2","36408","0","","1","01","N","N","0","","0","0","2","3","2","","1234","0","2","0","0","0","0","0","1","0","2","N","","","","","","","","","","","","03","  ","","",""
"2023","1","0","0","0","0","0","0","0","0","4","0","","36","01","2018","2018010254","1","40.1886","-76.1892","2020","08","0","2","0","0","0","0","0","0","1","0","0","0","20","3","0","01","1","40 11:18.916","5","00","76 11:21.037","0","0","0","0","36408","0","0","0","N","0","0","0","2","36408","0","","1","01","N","N","1","","0","0","0","3","3","Y","2018","0","2","0","0","0","0","0","2","0","2","N","","","","","","","","","","","","03","  ","","",""
"1146","0","0","0","0","0","0","0","0","0","7","0","","36","01","2018","2018010272","7","40.2411","-76.2107","1130","08","1","0","0","0","0","0","0","0","","0","0","0","11","1","0","00","0","40 14:28.087","","00","76 12:38.587","0","0","0","0","36204","0","0","0","N","0","0","0","2","36506","0","","2","01","N","N","1","","0","0","0","0","0","","1130","0","1","0","0","0","0","0","1","0","1","N","","","","","","","","","","","","03","  ","","",""
"0704","0","0","0","0","0","0","0","0","0","7","0","","36","01","2018","2018010288","4","40.2138","-76.0618","0659","08","0","0","0","0","0","1","0","0","","0","0","0","06","1","1","00","0","40 12:49.946","","00","76 03:44.788","3","0","0","0","36202","0","0","0","","0","0","0","1","68T06","0","","4","02","N","N","0","","1","0","0","0","0","","0659","1","1","0","0","0","0","0","1","1","1","N","","","","","","","","","","","","03","  ","","",""
"1321","2","0","0","0","0","0","0","0","0","4","0","","36","01","2018","2018010331","4","40.036","-76.3082","1319","08","0","0","0","0","0","1","0","0","2","0","0","0","12","1","1","01","2","40 02:09.771","4","00","76 18:29.474","3","0","0","0","36301","0","0","0","N","0","0","0","2","36301","0","","1","09","N","N","0","","1","0","0","3","3","Y","1245","1","2","0","0","0","0","0","3","0","2","N","","","","","","","","","","","","07","  ","","",""
"2226","2","0","0","0","0","0","0","0","0","4","0","","36","01","2018","2018010500","1","40.1063","-76.3544","2218","08","0","0","0","0","0","0","0","0","1","0","0","0","22","2","0","01","1","40 06:22.809","4","00","76 21:16.002","0","0","0","0","36406","0","0","0","","0","0","0","2","36101","0","","1","01","N","N","0","","0","0","0","3","2","N","2216","0","2","0","0","0","0","0","3","0","2","N","","","","","","","","","","","","03","  ","","",""
"1724","1","0","0","0","0","0","0","0","0","1","0","","36","01","2018","2018010501","3","40.0679","-76.2964","1720","08","0","0","0","0","0","1","0","0","","0","0","0","17","4","0","00","0","40 04:04.523","","00","76 17:47.118","0","0","0","0","36101","0","0","0","N","0","0","0","5","36101","0","","1","01","N","N","0","","0","0","2","0","0","","1716","0","3","0","0","0","0","0","3","0","3","N","","","","","","","","","","","","03","  ","","",""
"1418","1","0","0","0","0","0","0","0","0","4","0","","36","01","2018","2018010502","5","40.0756","-76.3368","1412","08","0","0","1","0","0","0","0","1","2","0","0","0","14","1","1","02","1","40 04:32.019","2","00","76 20:12.587","3","0","0","0","36101","0","0","0","","0","0","0","2","36101","0","","1","01","N","N","0","","1","0","1","3","2","N","1409","1","2","0","0","0","0","0","3","0","2","N","","","","","","","","","","","","03","  ","","",""
"0424","0","0","0","0","0","0","0","0","0","7","1","","36","01","2018","2018010503","3","40.0672","-76.2881","0418","08","0","0","0","0","0","0","0","0","3","0","1","0","04","3","0","07","2","40 04:01.848","4","02","76 17:17.022","0","0","0","0","36101","0","0","0","","0","0","0","1","36101","0","","5","09","N","N","0","","0","0","0","0","0","N","0416","0","1","0","0","0","0","0","3","0","1","N","","","","","","","","","","","","10","  ","","",""
"0458","0","0","0","0","0","0","0","0","0","7","0","","36","01","2018","2018010504","4","40.1146","-76.2899","0450","08","0","0","0","0","0","0","0","0","","0","0","0","04","2","0","00","0","40 06:52.670","","00","76 17:23.670","0","0","0","0","36101","0","0","0","N","0","0","0","1","36101","0","","4","07","N","N","1","","0","0","0","0","0","","0447","0","1","0","0","0","0","0","3","0","1","N","","","","","","","","","","","","10","  ","","",""
"1449","1","0","0","0","0","0","0","0","0","7","0","","36","01","2018","2018010505","6","40.0733","-76.3197","1447","08","0","0","0","0","0","1","0","0","","0","0","0","14","1","0","00","0","40 04:23.904","","00","76 19:10.741","0","0","0","0","36101","0","0","0","","0","0","0","1","36101","0","","2","01","N","N","0","","0","0","0","0","0","","1444","0","1","0","0","0","0","0","3","0","1","N","","","","","","","","","","","","03","  ","","",""
"2045","1","0","0","0","0","0","0","0","0","7","0","","36","01","2018","2018010506","6","40.0554","-76.2846","2043","08","0","0","0","0","0","0","0","0","","0","0","0","20","3","0","00","0","40 03:19.281","","00","76 17:04.706","0","0","0","0","36101","0","0","0","","0","0","0","1","36101","0","","5","01","N","N","0","","0","0","0","0","0","","2036","0","1","0","0","0","0","0","3","0","1","N","","","","","","","","","","","","03","  ","","",""
"2210","1","0","0","0","0","0","0","0","0","7","0","","36","01","2018","2018010669","3","40.1586","-76.6179","2200","08","0","0","0","0","0","0","0","0","","0","0","0","21","2","0","00","0","40 09:31.077","","00","76 37:04.574","0","0","0","0","36225","0","0","0","N","0","0","0","2","36505","0","","4","07","N","N","0","","0","0","0","0","0","","2155","0","1","0","0","0","0","0","2","0","1","N","","","","","","","","","","","","10","  ","","",""
"0210","0","0","0","0","0","0","0","0","0","8","0","","36","01","2018","2018010681","2","40.0384","-76.3162","0210","08","0","0","0","0","0","0","0","0","","0","0","0","02","3","1","01","0","40 02:18.408","","00","76 18:58.376","8","0","0","0","36301","1","0","0","N","1","0","0","2","36301","0","","1","01","N","N","0","","0","0","0","0","0","","0208","1","2","0","0","0","1","1","3","0","1","N","","","","","","","","","","","","03","  ","","",""
"2220","2","0","0","0","0","0","0","0","0","4","0","","36","01","2018","2018010691","1","40.0433","-76.317","2216","08","0","0","0","0","0","0","0","0","3","0","0","0","22","3","0","01","2","40 02:35.926","6","00","76 19:01.023","0","0","0","0","36301","0","0","0","N","0","0","0","2","36301","0","","1","01","N","N","0","","0","0","0","3","3","Y","2215","0","2","0","0","0","0","0","3","0","2","N","","","","","","","","","","","","03","  ","","",""
"0053","1","0","0","0","0","0","0","0","0","7","0","","36","01","2018","2018010767","4","40.0843","-76.2403","0050","08","0","0","0","0","1","0","0","0","2","0","0","0","00","2","0","00","1","40 05:03.436","3","00","76 14:25.124","0","0","0","0","36234","0","0","0","","0","0","0","1","36215","0","","4","07","N","N","0","","0","0","0","0","0","N","0034","0","1","0","0","0","0","0","1","0","1","N","","","","","","","","","","","","10","  ","","",""
"0730","1","0","0","0","0","0","0","0","0","4","0","","36","01","2018","2018010768","6","40.0324","-76.2339","0730","08","0","1","0","0","0","0","0","0","","0","0","0","07","1","0","01","0","40 01:56.498","","00","76 14:01.976","0","0","0","0","36215","0","0","0","","0","0","0","2","36215","0","","1","01","N","N","0","","0","0","1","3","3","","0729","0","2","0","0","0","0","0","1","0","2","N","","","","","","","","","","","","03","  ","","",""
"1155","1","0","0","0","0","0","0","0","0","1","1","","36","01","2018","2018010769","6","40.0293","-76.2285","1153","08","0","0","0","0","0","1","1","0","2","0","1","0","11","1","1","00","1","40 01:45.566","3","00","76 13:42.462","4","0","0","0","36215","0","0","0","","0","0","0","5","36215","1","","1","01","N","N","0","","0","0","0","0","0","N","1150","1","3","0","0","0","0","0","1","1","3","N","","","","","","","","","","","","03","  ","","",""
"1343","2","0","0","0","0","0","0","0","0","4","0","","36","01","2018","2018010770","1","40.0405","-76.2483","1339","08","0","0","0","0","0","0","0","0","","0","0","0","13","1","0","02","0","40 02:25.815","","00","76 14:53.859","0","0","0","0","36215","0","0","0","N","0","0","0","4","36215","0","","1","01","N","N","0","","0","0","0","3","3","","1337","0","2","0","0","0","0","0","1","0","2","N","","","","","","","","","","","","03","  ","","",""
"2233","0","0","0","0","0","0","0","0","0","7","0","","36","01","2018","2018010771","3","40.0211","-76.3813","2228","08","0","0","0","0","0","0","0","0","2","0","0","0","22","2","0","00","1","40 01:16.000","4","00","76 22:52.550","0","0","0","0","36223","0","0","0","N","0","0","0","1","36223","0","","4","09","N","N","0","","0","0","1","0","0","N","2220","0","1","0","0","0","0","0","1","0","1","N","","","","","","","","","","","","10","  ","","",""
"0550","1","0","0","0","0","0","0","0","0","7","0","","36","01","2018","2018010839","3","40.2033","-76.1193","0516","08","0","0","0","0","0","0","0","0","","0","0","0","05","2","0","00","0","40 12:11.868","","00","76 07:09.498","0","0","0","0","36210","0","0","0","Y","0","0","0","1","36210","0","","5","09","N","N","0","","0","0","0","0","0","","0515","0","1","0","0","0","0","0","1","0","1","N","","","","","","","","","","","","07","  ","","",""
"2344","0","0","0","0","0","0","0","0","0","4","0","","36","01","2018","2018010871","3","40.1565","-76.2052","2341","08","0","0","0","1","0","0","1","0","1","0","0","0","23","3","1","01","1","40 09:23.506","1","00","76 12:18.574","8","0","0","0","36402","0","0","0","N","0","0","0","2","36402","0","","1","01","N","N","1","","0","0","1","3","3","N","2337","1","2","0","0","1","1","0","2","0","2","N","","","","","","","","","","","","03","  ","","",""