"ARRIVAL_TM","AUTOMOBILE_COUNT","BELTED_DEATH_COUNT","BELTED_SUSP_SERIOUS_INJ_COUNT","BICYCLE_COUNT","BICYCLE_DEATH_COUNT","BICYCLE_SUSP_SERIOUS_INJ_COUNT","BUS_COUNT","CHLDPAS_DEATH_COUNT","CHLDPAS_SUSP_SERIOUS_INJ_COUNT","COLLISION_TYPE","COMM_VEH_COUNT","CONS_ZONE_SPD_LIM","COUNTY","CRASH_MONTH","CRASH_YEAR","CRN","DAY_OF_WEEK","DEC_LAT","DEC_LONG","DISPATCH_TM","DISTRICT","DRIVER_COUNT_16YR","DRIVER_COUNT_17YR","DRIVER_COUNT_18YR","DRIVER_COUNT_19YR","DRIVER_COUNT_20YR","DRIVER_COUNT_50_64YR","DRIVER_COUNT_65_74YR","DRIVER_COUNT_75PLUS","EST_HRS_CLOSED","FATAL_COUNT","HEAVY_TRUCK_COUNT","HORSE_BUGGY_COUNT","HOUR_OF_DAY","ILLUMINATION","INJURY_COUNT","INTERSECT_TYPE","LANE_CLOSED","LATITUDE","LN_CLOSE_DIR","LOCATION_TYPE","LONGITUDE","MAX_SEVERITY_LEVEL","MCYCLE_DEATH_COUNT","MCYCLE_SUSP_SERIOUS_INJ_COUNT","MOTORCYCLE_COUNT","MUNICIPALITY","NONMOTR_COUNT","NONMOTR_DEATH_COUNT","NONMOTR_SUSP_SERIOUS_INJ_COUNT","NTFY_HIWY_MAINT","PED_COUNT","PED_DEATH_COUNT","PED_SUSP_SERIOUS_INJ_COUNT","PERSON_COUNT","POLICE_AGCY","POSSIBLE_INJ_COUNT","RDWY_SURF_TYPE_CD","RELATION_TO_ROAD","ROAD_CONDITION","SCH_BUS_IND","SCH_ZONE_IND","SMALL_TRUCK_COUNT","SPEC_JURIS_CD","SUSP_MINOR_INJ_COUNT","SUSP_SERIOUS_INJ_COUNT","SUV_COUNT","TCD_FUNC_CD","TCD_TYPE","TFC_DETOUR_IND","TIME_OF_DAY","TOT_INJ_COUNT","TOTAL_UNITS","UNB_DEATH_COUNT","UNB_SUSP_SERIOUS_INJ_COUNT","UNBELTED_OCC_COUNT","UNK_INJ_DEG_COUNT","UNK_INJ_PER_COUNT","URBAN_RURAL","VAN_COUNT","VEHICLE_COUNT","WORK_ZONE_IND","WORK_ZONE_LOC","WORK_ZONE_TYPE","WORKERS_PRES","WZ_CLOSE_DETOUR","WZ_FLAGGER","WZ_LAW_OFFCR_IND","WZ_LN_CLOSURE","WZ_MOVING","WZ_OTHER","WZ_SHLDER_MDN","ROADWAY_CLEARED","WEATHER1","WEATHER2","WZ_WORKERS_INJ_KILLED","SECONDARY_CRASH","INTERSECTION_RELATED"
"1722","3","0","0","0","0","0","0","0","0","4","0","","36","01","2018","2018010907","1","40.0325","-76.3183","1719","08","0","0","0","0","0","0","0","0","2","0","0","0","17","3","2","02","1","40 01:57.137","7","00","76 19:05.878","3","0","0","0","36301","0","0","0","N","0","0","0","2","36301","0","","1","01","N","N","0","","2","0","0","3","3","Y","1718","2","3","0","0","0","0","0","3","0","3","N","","","","","","","","","","","","03","  ","","",""
"0844","2","0","0","0","0","0","0","0","0","6","0","","36","01","2018","2018010928","5","40.0387","-76.4738","0839","08","0","0","0","0","0","0","0","0","3","0","0","0","08","1","1","00","1","40 02:19.332","3","00","76 28:25.696","3","0","0","0","36239","0","0","0","N","0","0","0","3","36239","0","","1","01","N","N","0","","1","0","1","0","0","Y","0828","1","3","0","0","0","0","0","3","0","3","N","","","","","","","","","","","","03","  ","","",""
"0750","1","0","0","0","0","0","0","0","0","5","1","","36","01","2018","2018010932","3","40.0445","-76.4281","0745","08","0","0","1","0","0","2","0","0","3","0","1","0","07","1","1","00","1","40 02:40.100","3","00","76 25:41.263","8","0","0","0","36239","0","0","0","Y","0","0","0","3","36239","0","","1","09","N","N","0","","0","0","1","0","0","N","0745","1","3","0","0","0","1","0","3","0","3","N","","","","","","","","","","","","03","  ","","",""
"2033","3","0","0","0","0","0","0","0","0","1","0","","36","01","2018","2018010949","1","40.1558","-76.3865","2024","08","0","0","0","0","0","0","0","1","3","1","0","0","20","2","1","00","2","40 09:20.809","5","00","76 23:11.276","1","0","0","0","36227","0","0","0","N","0","0","0","2","36506","0","2","6","01","N","N","0","0","0","0","0","0","0","Y","2023","1","4","0","0","0","1","0","1","1","4","N","","","","","","","","","","","","03","  ","","",""
"0612","0","0","0","0","0","0","0","0","0","7","0","","36","01","2018","2018010977","3","39.861","-76.2928","0538","08","0","0","0","1","0","0","0","0","","0","0","0","05","2","1","00","0","39 51:39.580","","00","76 17:34.153","3","0","0","0","36224","0","0","0","","0","0","0","1","68J01","0","","4","07","N","N","1","","1","0","0","0","0","","0536","1","1","0","0","0","0","0","1","0","1","N","","","","","","","","","","","","10","  ","","",""
"0839","1","0","0","0","0","0","0","0","0","4","1","","36","01","2018","2018010989","6","39.7673","-76.1521","0830","08","0","0","0","0","0","0","0","0","2","0","1","0","08","1","0","01","1","39 46:02.150","5","00","76 09:07.613","0","0","0","0","36219","0","0","0","N","0","0","0","3","68J01","0","","1","01","N","N","0","","0","0","0","3","3","N","0828","0","2","0","0","0","0","0","1","0","2","N","","","","","","","","","","","","03","  ","","",""
"1044","0","0","0","0","0","0","0","0","0","0","0","","36","01","2018","2018010994","2","39.9203","-76.3049","1002","08","1","0","0","0","0","0","0","0","","0","0","0","09","1","0","00","0","39 55:13.095","","00","76 18:17.747","0","0","0","0","36224","0","0","0","","0","0","0","1","68J01","0","","2","01","N","N","0","","0","0","1","0","0","","0958","0","1","0","0","0","0","0","1","0","1","N","","","","","","","","","","","","03","  ","","",""
"2125","1","0","0","0","0","0","0","0","0","7","0","","36","01","2018","2018011049","6","39.9254","-76.2004","2103","08","0","0","1","0","0","0","0","0","2","0","0","0","21","2","1","00","2","39 55:31.400","6","03","76 12:01.500","3","0","0","0","36229","0","0","0","N","0","0","0","1","68J01","0","","2","09","N","N","0","","1","0","0","0","0","Y","2101","1","1","0","0","0","0","0","1","0","1","N","","","","","","","","","","","","07","05","","",""
"1312","2","0","0","0","0","0","0","0","0","4","0","","36","01","2018","2018011055","1","40.0523","-76.1016","1241","08","0","1","0","0","0","0","0","1","","0","0","0","12","1","0","00","0","40 03:08.300","","00","76 06:05.600","0","0","0","0","36221","0","0","0","N","0","0","0","7","68J01","0","","1","01","N","N","0","","0","0","0","0","0","","1240","0","2","0","0","3","0","0","1","0","2","N","","","","","","","","","","","","03","  ","","",""
"0758","1","0","0","0","0","0","0","0","0","7","0","","36","01","2018","2018011058","3","39.8297","-76.0541","0705","08","0","0","0","0","0","0","0","0","","0","0","0","07","1","1","00","0","39 49:46.789","","00","76 03:14.779","3","0","0","0","36205","0","0","0","N","0","0","0","1","68J01","0","","4","07","N","N","0","","1","0","0","0","0","","0703","1","1","0","0","0","0","0","1","0","1","N","","","","","","","","","","","","10","  ","","",""
"2201","1","0","0","0","0","0","0","0","0","2","0","","36","01","2018","2018011069","4","39.9003","-76.2692","2137","08","0","0","0","0","0","0","0","0","2","0","0","0","21","2","0","00","2","39 54:00.999","5","00","76 16:09.207","0","0","0","0","36229","0","0","0","","0","0","0","2","68J01","0","","1","01","N","N","0","","0","0","1","0","0","Y","2136","0","2","0","0","0","0","0","1","0","2","N","","","","","","","","","","","","03","  ","","",""
"1725","2","0","0","0","0","0","0","0","0","1","0","","36","01","2018","2018011091","2","40.1616","-76.5793","1710","08","0","0","0","0","0","0","0","0","","0","0","0","17","2","0","00","0","40 09:41.751","","00","76 34:45.545","0","0","0","0","36225","0","0","0","N","0","0","0","2","36505","0","","1","02","N","N","0","","0","0","0","0","0","","1705","0","2","0","0","0","0","0","2","0","2","N","","","","","","","","","","","","10","  ","","",""
"1845","2","0","0","0","0","0","0","0","0","4","0","","36","01","2018","2018011118","3","40.1534","-76.0887","1843","08","0","0","0","0","0","0","0","1","","0","0","0","18","6","0","01","0","40 09:12.075","","00","76 05:19.262","0","0","0","0","36209","0","0","0","N","0","0","0","4","36415","0","","1","01","N","N","0","","0","0","0","3","3","","1840","0","2","0","0","2","0","0","1","0","2","N","","","","","","","","","","","","03","  ","","",""
"1748","1","0","0","0","0","0","0","0","0","8","0","","36","01","2018","2018011123","3","40.1607","-76.3947","1746","08","0","0","0","0","0","1","0","0","","0","0","0","17","3","1","01","0","40 09:38.692","","00","76 23:40.804","3","0","0","0","36410","1","0","0","N","1","0","0","2","36410","0","","1","01","N","N","0","","1","0","0","3","3","","1740","1","2","0","0","0","0","0","2","0","1","N","","","","","","","","","","","","03","  ","","",""
"1200","0","0","0","0","0","0","0","0","0","1","1","","36","01","2018","2018011201","3","40.0093","-76.1262","1148","08","0","0","0","0","0","2","0","0","2","0","1","0","11","1","0","00","1","40 00:33.452","3","00","76 07:34.398","0","0","0","0","36226","0","0","0","N","0","0","0","2","68J01","0","","1","09","N","N","0","","0","0","1","0","0","N","1144","0","2","0","0","0","0","0","1","0","2","N","","","","","","","","","","","","03","  ","","",""
"0753","1","0","0","0","0","0","0","0","0","1","0","","36","01","2018","2018011208","2","40.1203","-76.3057","0743","08","0","0","0","0","0","1","0","0","","0","0","0","07","1","1","00","0","40 07:13.210","","00","76 18:20.404","8","0","0","0","36101","0","0","0","","0","0","0","2","36101","0","","1","01","N","N","0","","0","0","1","0","0","","0741","1","2","0","0","0","1","0","3","0","2","N","","","","","","","","","","","","03","  ","","",""
"1751","2","0","0","0","0","0","0","0","0","1","0","","36","01","2018","2018011209","2","40.0679","-76.2956","1737","08","0","0","0","0","0","0","0","0","2","0","0","0","17","3","0","00","1","40 04:04.583","3","00","76 17:44.175","0","0","0","0","36101","0","0","0","","0","0","0","4","36101","0","","1","01","N","N","0","","0","0","1","0","0","N","1736","0","3","0","0","0","0","0","3","0","3","N","","","","","","","","","","","","03","  ","","",""
"1208","2","0","0","0","0","0","0","0","0","4","0","","36","01","2018","2018011210","4","40.0232","-76.197","1208","08","0","0","0","0","0","0","1","1","2","0","0","0","12","1","0","02","2","40 01:23.698","7","00","76 11:49.071","0","0","0","0","36215","0","0","0","N","0","0","0","2","36215","0","","1","01","N","N","0","","0","0","0","3","3","Y","1208","0","2","0","0","0","0","0","1","0","2","N","","","","","","","","","","","","03","  ","","",""
"2142","0","0","0","0","0","0","0","0","0","8","0","","36","01","2018","2018011211","6","40.0274","-76.2342","2140","08","0","0","0","0","0","0","0","0","","0","0","0","21","3","1","02","0","40 01:38.755","","00","76 14:03.238","8","0","0","0","36215","1","0","0","N","1","0","0","2","36215","0","","1","09","N","N","0","","0","0","1","0","0","","2138","1","2","0","0","0","1","0","1","0","1","N","","","","","","","","","","","","07","  ","","",""
"2221","1","0","0","0","0","0","0","0","0","9","0","","36","01","2018","2018011222","1","40.092","-76.136","2214","08","0","0","0","0","0","0","0","0","3","0","0","0","22","2","1","00","2","40 05:31.352","6","00","76 08:09.572","2","0","0","0","36238","0","0","0","N","0","0","0","1","36238","0","","1","01","N","N","0","","0","1","0","0","0","Y","2210","1","1","0","0","0","0","0","3","0","1","N","","","","","","","","","","","","03","  ","","",""
"0613","1","0","0","0","0","0","0","0","0","7","0","","36","01","2018","2018011226","3","40.1486","-76.1807","0602","08","0","0","0","0","0","0","0","0","","0","0","0","06","1","0","00","0","40 08:55.081","","00","76 10:50.411","0","0","0","0","36238","0","0","0","Y","0","0","0","1","36238","0","","3","07","N","N","0","","0","0","0","0","0","","0600","0","1","0","0","0","0","0","3","0","1","N","","","","","","","","","","","","10","  ","","",""
"0632","2","0","0","0","0","0","0","0","0","1","0","","36","01","2018","2018011230","3","40.1184","-76.2286","0628","08","0","0","0","0","0","1","0","0","","0","0","0","06","1","0","00","0","40 07:06.216","","00","76 13:43.022","0","0","0","0","36238","0","0","0","N","0","0","0","2","36238","0","","1","07","N","N","0","","0","0","0","0","0","","0625","0","2","0","0","0","0","0","3","0","2","N","","","","","","","","","","","","10","  ","","",""
"0812","1","0","0","0","0","0","0","0","0","7","0","","36","01","2018","2018011232","3","40.1426","-76.1973","0812","08","0","0","0","0","0","0","0","0","","0","0","0","08","1","0","00","0","40 08:33.202","","00","76 11:50.305","0","0","0","0","36238","0","0","0","Y","0","0","0","1","36238","0","","3","07","N","N","0","","0","0","0","0","0","","0810","0","1","0","0","0","0","0","3","0","1","N","","","","","","","","","","","","10","  ","","",""
"0819","0","0","0","0","0","0","0","0","0","7","0","","36","01","2018","2018011234","3","40.1426","-76.1971","0819","08","0","0","0","0","0","0","0","0","","0","0","0","08","1","0","00","0","40 08:33.484","","00","76 11:49.495","0","0","0","0","36238","0","0","0","Y","0","0","0","1","36238","0","","3","07","N","N","0","","0","0","1","0","0","","0815","0","1","0","0","0","0","0","3","0","1","N","","","","","","","","","","","","10","  ","","",""
"1231","2","0","0","0","0","0","0","0","0","4","0","","36","01","2018","2018011238","3","40.0928","-76.1465","1218","08","0","0","0","0","0","0","0","0","2","0","0","0","12","1","0","00","1","40 05:34.154","4","07","76 08:47.501","0","0","0","0","36238","0","0","0","N","0","0","0","2","36238","0","","1","09","N","N","0","","0","0","0","0","0","Y","1215","0","2","0","0","0","0","0","3","0","2","N","","","","","","","","","","","","03","  ","","",""
"1034","1","0","0","0","0","0","0","0","0","7","0","","36","01","2018","2018011281","3","40.1362","-76.3037","1030","08","0","0","0","0","0","0","0","0","1","0","0","0","10","1","0","02","1","40 08:10.283","6","00","76 18:13.357","0","0","0","0","36235","0","0","0","N","0","0","0","1","36506","0","","2","09","N","N","0","","0","0","0","3","3","N","1030","0","2","0","0","0","0","0","1","0","1","N","","","","","","","","","","","","07","  ","","",""
"1204","1","0","0","0","0","0","0","0","0","4","0","","36","01","2018","2018011319","4","40.1812","-76.1718","1202","08","1","1","0","0","0","0","0","0","","0","0","0","12","1","0","01","0","40 10:52.359","","00","76 10:18.411","0","0","0","0","36408","0","0","0","N","0","0","0","3","36408","0","","1","01","N","N","1","","0","0","0","3","3","","1202","0","2","0","0","0","0","0","2","0","2","N","","","","","","","","","","","","03","  ","","",""
"1630","2","0","0","0","0","0","0","0","0","1","0","","36","01","2018","2018011402","1","40.1162","-76.3054","1623","08","0","0","0","0","0","1","1","0","2","0","0","0","16","1","0","00","1","40 06:58.420","4","00","76 18:19.600","0","0","0","0","36101","0","0","0","N","0","0","0","6","36101","0","","1","01","N","N","0","","0","0","1","0","0","N","1623","0","3","0","0","0","0","0","3","0","3","N","","","","","","","","","","","","03","  ","","",""
"1252","2","0","0","0","0","0","0","0","0","4","0","","36","01","2018","2018011403","5","40.088","-76.329","1252","08","0","0","0","0","0","0","0","1","2","0","0","0","12","1","0","01","1","40 05:16.970","7","00","76 19:44.246","0","0","0","0","36101","0","0","0","","0","0","0","5","36101","0","","1","01","N","N","0","","0","0","1","3","2","N","1252","0","3","0","0","0","0","0","3","0","3","N","","","","","","","","","","","","03","  ","","",""
"1306","0","0","0","0","0","0","0","0","0","4","0","","36","01","2018","2018011404","5","40.1064","-76.3055","1301","08","0","0","0","0","0","0","1","0","1","0","0","0","12","1","0","01","1","40 06:22.882","7","00","76 18:19.646","0","0","0","0","36101","0","0","0","","0","0","0","2","36101","0","","1","01","N","N","0","","0","0","2","3","2","N","1259","0","2","0","0","0","0","0","3","0","2","N","","","","","","","","","","","","03","  ","","",""
"0958","2","0","0","0","0","0","0","0","0","4","0","","36","01","2018","2018011405","3","40.0685","-76.3029","0955","08","0","0","0","0","0","0","0","1","2","0","0","0","09","1","1","01","1","40 04:04.462","2","00","76 18:12.202","4","0","0","0","36101","0","0","0","","0","0","0","4","36101","1","","1","09","N","N","0","","0","0","0","3","2","N","0951","1","2","0","0","0","0","0","3","0","2","N","","","","","","","","","","","","07","  ","","",""
"0715","2","0","0","0","0","0","0","0","0","1","0","","36","01","2018","2018011535","5","40.0473","-76.3629","0705","08","0","0","0","0","0","0","0","0","","0","0","0","07","1","0","00","0","40 02:50.410","","00","76 21:46.427","0","0","0","0","36214","0","0","0","N","0","0","0","3","36214","0","","1","01","N","N","0","","0","0","0","0","0","","0703","0","3","0","0","0","0","0","3","1","3","N","","","","","","","","","","","","03","  ","","",""
"0905","1","0","0","0","0","0","0","0","0","7","0","","36","01","2018","2018011538","3","40.1672","-76.6067","0900","08","0","0","0","0","0","1","0","0","","0","0","0","09","1","0","00","0","40 10:01.891","","07","76 36:24.199","0","0","0","0","36225","0","0","0","N","0","0","0","1","36505","0","","4","06","N","N","0","","0","0","0","0","0","","0900","0","1","0","0","0","0","0","2","0","1","N","","","","","","","","","","","","10","  ","","",""
"0648","1","0","0","0","0","0","0","0","0","4","0","","36","01","2018","2018011557","5","40.2007","-76.1718","0644","08","0","0","0","0","0","0","0","0","2","0","0","0","06","2","0","01","1","40 12:02.510","5","00","76 10:18.574","0","0","0","0","36218","0","0","0","N","0","0","0","2","36408","0","","1","01","N","N","0","","0","0","1","3","3","Y","0644","0","2","0","0","0","0","0","1","0","2","N","","","","","","","","","","","","03","  ","","",""
"1502","0","0","0","0","0","0","0","0","0","8","0","","36","01","2018","2018011571","3","40.0394","-76.2933","1500","08","0","0","0","0","0","0","0","0","","0","0","0","14","1","1","01","0","40 02:21.963","","00","76 17:35.707","3","0","0","0","36301","1","0","0","N","1","0","0","2","36301","0","","1","01","N","N","0","","1","0","1","3","3","","1455","1","2","0","0","0","0","1","3","0","1","N","","","","","","","","","","","","03","  ","","",""
"0910","0","0","0","0","0","0","0","0","0","4","0","","36","01","2018","2018011646","4","40.1331","-76.2603","0901","08","0","0","0","0","0","0","1","0","","0","0","0","09","1","0","02","0","40 07:59.253","","00","76 15:37.039","0","0","0","0","36235","0","0","0","N","0","0","0","2","36506","0","","1","07","N","N","1","","0","0","1","3","3","","0901","0","2","0","0","0","0","0","1","0","2","N","","","","","","","","","","","","10","  ","","",""
"1119","1","0","0","0","0","0","0","0","0","0","0","","36","01","2018","2018011647","5","40.1713","-76.3829","1117","08","0","0","0","0","1","0","0","0","","0","0","0","11","1","0","00","0","40 10:16.680","","00","76 22:58.294","0","0","0","0","36227","0","0","0","N","0","0","0","1","36506","0","","1","01","N","N","0","","0","0","0","0","0","","1117","0","1","0","0","0","0","0","1","0","1","N","","","","","","","","","","","","03","  ","","",""
"0136","1","0","0","0","0","0","0","0","0","7","0","","36","01","2018","2018011692","1","40.0393","-76.2814","0129","08","0","0","0","0","0","0","0","0","","0","0","0","01","3","0","00","0","40 02:21.374","","00","76 16:52.885","9","0","0","0","36220","0","0","0","","0","0","0","1","36101","0","","5","01","N","N","0","","0","0","0","0","0","","0128","0","1","0","0","0","0","1","3","0","1","N","","","","","","","","","","","","03","  ","","",""
"1343","1","0","0","0","0","0","0","0","0","1","0","","36","01","2018","2018011693","6","40.0535","-76.3248","1335","08","0","0","0","0","0","0","0","0","","0","0","0","13","1","1","00","0","40 03:12.454","","00","76 19:29.209","8","0","0","0","36101","0","0","0","","0","0","0","2","36101","0","","1","01","N","N","0","","0","0","1","0","0","","1335","1","2","0","0","0","1","0","3","0","2","N","","","","","","","","","","","","03","  ","","",""
"2325","1","0","0","0","0","0","0","0","0","1","0","","36","01","2018","2018011694","1","40.0808","-76.3489","2311","08","0","0","0","0","0","1","0","0","2","0","0","0","23","3","0","07","1","40 04:50.954","4","02","76 20:56.140","0","0","0","0","36101","0","0","0","","0","0","0","3","36101","0","","1","01","N","N","0","","0","0","0","0","0","N","2302","0","2","0","0","0","0","0","3","1","2","N","","","","","","","","","","","","03","  ","","",""
"0026","1","0","0","0","0","0","0","0","0","7","0","","36","01","2018","2018011809","2","39.9899","-76.0012","0024","08","0","0","0","1","0","0","0","0","","0","0","0","00","2","0","00","0","39 59:23.729","","00","76 00:04.417","0","0","0","0","36232","0","0","0","","0","0","0","2","68J01","0","","4","01","N","N","0","","0","0","0","0","0","","0022","0","1","0","0","0","0","0","1","0","1","N","","","","","","","","","","","","03","  ","","",""
"1656","1","0","0","0","0","0","0","0","0","4","0","","36","01","2018","2018011840","1","40.0358","-76.5018","1656","08","0","0","0","0","0","1","1","0","1","0","0","0","16","1","0","01","1","40 02:09.013","6","00","76 30:06.445","0","0","0","0","36404","0","0","0","N","0","0","0","2","36404","0","","1","01","N","N","0","","0","0","1","3","3","Y","1656","0","2","0","0","0","0","0","3","0","2","N","","","","","","","","","","","","03","  ","","",""
"0704","1","0","0","0","0","0","0","0","0","7","0","","36","01","2018","2018011878","6","40.042","-76.4822","0659","08","0","0","0","0","0","0","0","0","","0","0","0","06","1","0","00","0","40 02:31.027","","03","76 28:56.022","0","0","0","0","36404","0","0","0","N","0","0","0","1","36404","0","","2","01","N","N","0","","0","0","0","0","0","N","0658","0","1","0","0","0","0","0","3","0","1","N","","","","","","","","","","","","03","  ","","",""
"2226","2","0","0","0","0","0","0","0","0","8","0","","36","01","2018","2018011897","6","40.0394","-76.2933","2222","08","0","0","0","0","0","0","0","0","1","0","0","0","22","3","1","01","1","40 02:21.963","1","00","76 17:35.707","3","0","0","0","36301","1","0","0","N","1","0","0","2","36301","0","","1","01","N","N","0","","1","0","0","0","0","N","2221","1","3","0","0","0","0","1","3","0","2","N","","","","","","","","","","","","03","  ","","",""
"1250","0","0","0","0","0","0","0","0","0","0","1","","36","01","2018","2018011990","3","40.2166","-76.0917","1242","08","0","0","0","0","0","0","0","0","4","0","1","0","12","1","0","00","2","40 12:59.699","2","02","76 05:30.276","0","0","0","0","36210","0","0","0","Y","0","0","0","1","36210","0","","1","01","N","N","0","","0","0","0","0","0","Y","1240","0","1","0","0","0","0","0","1","0","1","N","","","","","","","","","","","","03","  ","","",""
"0535","1","0","0","0","0","0","0","0","0","7","0","","36","01","2018","2018011996","3","40.2184","-76.107","0533","08","0","0","0","0","1","0","0","0","","0","0","0","05","2","0","00","0","40 13:03.667","","00","76 06:40.052","0","0","0","0","36210","0","0","0","N","0","0","0","1","36210","0","","2","09","N","N","0","","0","0","0","0","0","","0531","0","1","0","0","0","0","0","1","0","1","N","","","","","","","","","","","","07","  ","","",""
"1123","1","0","0","0","0","0","0","0","0","1","0","","36","01","2018","2018012044","6","40.0793","-76.2947","1120","08","0","0","0","0","0","1","0","0","2","0","0","0","11","1","0","00","2","40 04:45.596","2","00","76 17:41.034","0","0","0","0","36101","0","0","0","","0","0","0","2","36101","0","","1","01","N","N","0","","0","0","1","0","0","Y","1116","0","2","0","0","0","0","0","3","0","2","N","","","","","","","","","","","","03","  ","","",""
"1448","2","0","0","0","0","0","0","0","0","1","0","","36","01","2018","2018012045","6","40.1033","-76.3054","1444","08","1","0","1","0","0","0","0","0","","0","0","0","14","1","0","00","0","40 06:11.803","","00","76 18:19.442","0","0","0","0","36101","0","0","0","N","0","0","0","4","36101","0","","1","01","N","N","0","","0","0","0","0","0","","1443","0","2","0","0","0","0","0","3","0","2","N","","","","","","","","","","","","03","  ","","",""
"1636","0","0","0","0","0","0","0","0","0","7","0","","36","01","2018","2018012091","4","40.2286","-76.1199","1633","08","0","0","0","0","0","0","0","0","2","0","0","0","16","1","0","00","1","40 13:43.055","1","00","76 07:11.555","0","0","0","0","36210","0","0","0","N","0","0","0","2","36210","0","","4","01","N","N","0","","0","0","1","0","0","Y","1632","0","1","0","0","2","0","0","1","0","1","N","","","","","","","","","","","","03","  ","","",""
"2019","0","0","0","0","0","0","0","0","0","8","1","","36","01","2018","2018012267","3","40.1508","-76.2853","2015","08","0","0","0","0","0","1","0","0","1","0","1","0","20","2","1","00","1","40 09:02.981","6","00","76 17:06.921","8","0","0","0","36235","1","0","0","N","1","0","0","2","36506","0","","1","01","N","N","0","","0","0","0","0","0","N","2015","1","2","0","0","0","1","0","1","0","1","N","","","","","","","","","","","","03","  ","","",""
"0638","0","0","0","0","0","0","0","0","0","7","0","","36","01","2018","2018012276","5","39.8347","-76.0575","0559","08","0","0","0","0","0","1","0","0","2","0","0","0","05","2","0","00","1","39 50:04.769","1","00","76 03:26.992","0","0","0","0","36205","0","0","0","N","0","0","0","1","68J01","0","","4","07","N","N","0","","0","0","1","0","0","N","0545","0","1","0","0","0","0","0","1","0","1","N","","","","","","","","","","","","10","  ","","",""
"1150","1","0","0","0","0","0","0","0","0","7","0","","36","01","2018","2018012295","4","39.8708","-76.2723","1146","08","0","1","0","0","0","0","0","0","","0","0","0","11","1","1","00","0","39 52:14.761","","00","76 16:20.422","3","0","0","0","36224","0","0","0","","0","0","0","1","68J01","0","","4","07","N","N","0","","1","0","0","0","0","","1144","1","1","0","0","0","0","0","1","0","1","N","","","","","","","","","","","","03","  ","","",""
"1706","0","0","0","0","0","0","0","0","0","4","0","","36","01","2018","2018012301","2","40.112","-75.9868","1538","08","0","0","0","0","0","2","0","0","","0","0","0","15","1","3","00","0","40 06:43.231","","07","75 59:12.417","4","0","0","0","36203","0","0","0","N","0","0","0","3","68J01","3","","1","01","N","N","0","","0","0","1","0","0","","1531","3","2","0","0","0","0","0","1","1","2","N","","","","","","","","","","","","03","  ","","",""
"0522","3","0","0","0","0","0","0","0","0","7","0","","36","01","2018","2018012302","3","40.224","-76.0971","0518","08","0","0","0","0","0","2","0","0","","0","0","0","05","2","0","00","0","40 13:25.616","","00","76 05:46.345","0","0","0","0","36210","0","0","0","","0","0","0","3","68T06","0","","4","09","N","N","0","","0","0","0","0","0","","0518","0","3","0","0","0","0","0","1","0","3","N","","","","","","","","","","","","07","  ","","",""
"0847","0","0","0","0","0","0","0","0","0","4","0","","36","01","2018","2018012311","5","40.1518","-75.9018","0808","08","0","0","0","0","0","0","0","1","","0","0","0","07","1","0","00","0","40 09:06.384","","07","75 54:06.392","0","0","0","0","36203","0","0","0","N","0","0","0","2","68J01","0","","1","01","N","N","0","","0","0","2","0","0","","0754","0","2","0","0","0","0","0","1","0","2","N","","","","","","","","","","","","03","  ","","",""
"0746","1","0","0","0","0","0","0","0","0","1","0","","36","01","2018","2018012312","5","40.2281","-76.464","0743","08","0","0","0","0","0","0","0","0","","0","0","0","07","1","0","00","0","40 13:41.157","","00","76 27:51.914","0","0","0","0","36230","2","0","0","","0","0","0","3","68T06","0","","2","01","N","N","0","","0","0","1","0","0","","0742","0","2","0","0","0","0","0","1","0","2","N","","","","","","","","","","","","03","  ","","",""
"1800","2","0","0","0","0","0","0","0","0","4","0","","36","01","2018","2018012318","5","39.8649","-76.1022","1757","08","0","0","0","0","0","1","0","0","","0","0","0","17","2","1","01","0","39 51:53.611","","00","76 06:07.830","3","0","0","0","36205","0","0","0","","0","0","0","4","68J01","0","","1","01","N","N","0","","1","0","0","3","3","","1752","1","2","0","0","0","0","0","1","0","2","N","","","","","","","","","","","","03","  ","","",""
"1709","1","0","0","0","0","0","0","0","0","4","0","","36","01","2018","2018012326","5","40.0603","-76.2772","1658","08","0","0","0","1","0","1","0","0","1","0","0","0","16","3","0","05","1","40 03:36.635","1","03","76 16:39.130","0","0","0","0","36101","0","0","0","","0","0","0","2","36101","0","","1","01","N","N","0","","0","0","1","3","2","N","1657","0","2","0","0","0","0","0","3","0","2","N","","","","","","","","","","","","03","  ","","",""
"2357","2","0","0","0","0","0","0","0","0","7","0","","36","01","2018","2018012327","2","40.0776","-76.2588","2349","08","0","0","0","0","0","0","0","0","2","0","0","0","23","2","1","00","1","40 04:39.283","4","00","76 15:31.647","4","0","0","0","36215","0","0","0","","0","0","0","4","36215","1","","5","01","N","N","0","","0","0","0","0","0","N","2346","1","2","0","0","0","0","0","1","0","2","N","","","","","","","","","","","","03","  ","","",""
"1541","2","0","0","0","0","0","0","0","0","1","0","","36","01","2018","2018012328","4","40.0395","-76.2065","1534","08","0","0","1","0","0","1","0","0","","0","0","0","15","1","0","00","0","40 02:22.194","","00","76 12:23.371","0","0","0","0","36215","0","0","0","","0","0","0","2","36215","0","","1","01","N","N","0","","0","0","0","0","0","","1532","0","2","0","0","0","0","0","1","0","2","N","","","","","","","","","","","","03","  ","","",""