"ARRIVAL_TM","AUTOMOBILE_COUNT","BELTED_DEATH_COUNT","BELTED_SUSP_SERIOUS_INJ_COUNT","BICYCLE_COUNT","BICYCLE_DEATH_COUNT","BICYCLE_SUSP_SERIOUS_INJ_COUNT","BUS_COUNT","CHLDPAS_DEATH_COUNT","CHLDPAS_SUSP_SERIOUS_INJ_COUNT","COLLISION_TYPE","COMM_VEH_COUNT","CONS_ZONE_SPD_LIM","COUNTY","CRASH_MONTH","CRASH_YEAR","CRN","DAY_OF_WEEK","DEC_LAT","DEC_LONG","DISPATCH_TM","DISTRICT","DRIVER_COUNT_16YR","DRIVER_COUNT_17YR","DRIVER_COUNT_18YR","DRIVER_COUNT_19YR","DRIVER_COUNT_20YR","DRIVER_COUNT_50_64YR","DRIVER_COUNT_65_74YR","DRIVER_COUNT_75PLUS","EST_HRS_CLOSED","FATAL_COUNT","HEAVY_TRUCK_COUNT","HORSE_BUGGY_COUNT","HOUR_OF_DAY","ILLUMINATION","INJURY_COUNT","INTERSECT_TYPE","LANE_CLOSED","LATITUDE","LN_CLOSE_DIR","LOCATION_TYPE","LONGITUDE","MAX_SEVERITY_LEVEL","MCYCLE_DEATH_COUNT","MCYCLE_SUSP_SERIOUS_INJ_COUNT","MOTORCYCLE_COUNT","MUNICIPALITY","NONMOTR_COUNT","NONMOTR_DEATH_COUNT","NONMOTR_SUSP_SERIOUS_INJ_COUNT","NTFY_HIWY_MAINT","PED_COUNT","PED_DEATH_COUNT","PED_SUSP_SERIOUS_INJ_COUNT","PERSON_COUNT","POLICE_AGCY","POSSIBLE_INJ_COUNT","RDWY_SURF_TYPE_CD","RELATION_TO_ROAD","ROAD_CONDITION","SCH_BUS_IND","SCH_ZONE_IND","SMALL_TRUCK_COUNT","SPEC_JURIS_CD","SUSP_MINOR_INJ_COUNT","SUSP_SERIOUS_INJ_COUNT","SUV_COUNT","TCD_FUNC_CD","TCD_TYPE","TFC_DETOUR_IND","TIME_OF_DAY","TOT_INJ_COUNT","TOTAL_UNITS","UNB_DEATH_COUNT","UNB_SUSP_SERIOUS_INJ_COUNT","UNBELTED_OCC_COUNT","UNK_INJ_DEG_COUNT","UNK_INJ_PER_COUNT","URBAN_RURAL","VAN_COUNT","VEHICLE_COUNT","WORK_ZONE_IND","WORK_ZONE_LOC","WORK_ZONE_TYPE","WORKERS_PRES","WZ_CLOSE_DETOUR","WZ_FLAGGER","WZ_LAW_OFFCR_IND","WZ_LN_CLOSURE","WZ_MOVING","WZ_OTHER","WZ_SHLDER_MDN","ROADWAY_CLEARED","WEATHER1","WEATHER2","WZ_WORKERS_INJ_KILLED","SECONDARY_CRASH","INTERSECTION_RELATED"
"1644","1","0","0","0","0","0","0","0","0","4","0","","36","01","2018","2018012329","6","40.214","-76.1259","1625","08","0","1","0","0","0","0","0","0","","0","0","0","16","1","0","00","0","40 12:50.462","","07","76 07:33.128","0","0","0","0","36210","0","0","0","N","0","0","0","2","36210","0","","1","01","N","N","0","","0","0","1","0","0","","1622","0","2","0","0","0","0","0","1","0","2","N","","","","","","","","","","","","03","  ","","",""
"2015","1","0","0","0","0","0","0","0","0","7","0","","36","01","2018","2018012336","6","40.0064","-76.1055","1952","08","0","0","0","0","0","0","0","0","","0","0","0","19","2","0","00","0","40 00:22.900","","00","76 06:19.700","0","0","0","0","36226","0","0","0","N","0","0","0","2","68J01","0","","5","01","N","N","0","","0","0","0","0","0","","1950","0","1","0","0","1","0","0","1","0","1","N","","","","","","","","","","","","03","  ","","",""
"1107","0","0","0","0","0","0","0","0","0","4","0","","36","01","2018","2018012375","6","40.0783","-76.5371","1104","08","0","0","0","0","0","1","0","0","2","0","0","0","11","1","0","02","1","40 04:42.020","3","00","76 32:13.568","0","0","0","0","36211","0","0","0","N","0","0","0","2","36504","0","","1","01","N","N","2","","0","0","0","0","0","Y","1104","0","2","0","0","0","0","0","1","0","2","N","","","","","","","","","","","","03","  ","","",""
"1110","2","0","0","0","0","0","0","0","0","1","0","","36","01","2018","2018012388","7","40.0439","-76.3588","1106","08","0","0","0","0","0","1","0","0","1","0","0","0","11","1","1","00","2","40 02:37.873","1","00","76 21:31.557","3","0","0","0","36214","0","0","0","N","0","0","0","4","36214","0","","1","01","N","N","0","","1","0","0","0","0","N","1104","1","2","0","0","0","0","0","3","0","2","N","","","","","","","","","","","","03","  ","","",""
"1618","1","0","0","0","0","0","0","0","0","1","0","","36","01","2018","2018012393","5","40.0522","-76.4152","1614","08","0","0","0","0","0","1","0","0","2","0","0","0","16","1","2","00","1","40 03:07.856","2","00","76 24:54.632","3","0","0","0","36239","0","0","0","N","0","0","0","2","36239","1","","1","01","N","N","1","","1","0","0","0","0","N","1611","2","2","0","0","0","0","0","3","0","2","N","","","","","","","","","","","","03","  ","","",""
"1209","2","0","0","0","0","0","0","0","0","4","0","","36","01","2018","2018012407","7","40.1896","-76.1619","1205","08","0","0","0","0","0","0","0","0","1","0","0","0","12","1","0","01","1","40 11:22.416","1","00","76 09:42.861","0","0","0","0","36218","0","0","0","N","0","0","0","3","36408","0","","1","01","N","N","0","","0","0","0","3","3","N","1203","0","2","0","0","0","0","0","1","0","2","N","","","","","","","","","","","","03","  ","","",""
"1659","1","0","0","0","0","0","0","0","0","1","0","","36","01","2018","2018012421","6","40.0315","-76.4805","1655","08","0","0","0","0","0","0","0","0","1","0","0","0","16","1","0","00","1","40 01:53.317","4","00","76 28:49.911","0","0","0","0","36239","0","0","0","N","0","0","0","2","36404","0","","1","01","N","N","1","","0","0","0","0","0","N","1650","0","2","0","0","0","0","0","3","0","2","N","","","","","","","","","","","","03","  ","","",""
"2213","1","0","0","0","0","0","0","0","0","4","0","","36","01","2018","2018012429","3","40.0685","-76.3074","2212","08","0","0","1","0","0","0","1","0","2","0","0","0","22","3","0","01","1","40 04:06.527","1","00","76 18:26.750","0","0","0","0","36101","0","0","0","N","0","0","0","3","36101","0","","1","01","N","N","1","","0","0","0","3","2","N","2210","0","2","0","0","0","0","0","3","0","2","N","","","","","","","","","","","","03","  ","","",""
"0523","1","0","0","0","0","0","0","0","0","7","0","","36","01","2018","2018012430","4","40.0954","-76.2921","0515","08","0","0","0","0","0","0","0","0","","0","0","0","05","2","0","00","0","40 05:43.404","","00","76 17:31.502","0","0","0","0","36101","0","0","0","N","0","0","0","1","36101","0","","4","01","N","N","0","","0","0","0","0","0","","0512","0","1","0","0","0","0","0","3","0","1","N","","","","","","","","","","","","03","  ","","",""
"0733","1","0","0","0","0","0","0","0","0","7","0","","36","01","2018","2018012431","6","40.1082","-76.4352","0729","08","0","0","0","0","0","0","0","0","","0","0","0","07","5","0","00","0","40 06:29.428","","00","76 26:06.549","0","0","0","0","36214","0","0","0","N","0","0","0","1","36214","0","","3","01","N","N","0","","0","0","0","0","0","","0726","0","1","0","0","0","0","0","3","0","1","N","","","","","","","","","","","","03","  ","","",""
"2011","1","0","0","0","0","0","0","0","0","7","0","","36","01","2018","2018012491","7","40.2139","-76.0975","2005","08","0","0","0","1","0","0","0","0","","0","0","0","20","2","1","00","0","40 12:50.181","","00","76 05:51.166","8","0","0","0","36210","0","0","0","Y","0","0","0","1","36210","0","","3","01","N","N","0","","0","0","0","0","0","","2003","1","1","0","0","0","1","0","1","0","1","N","","","","","","","","","","","","03","  ","","",""
"1818","2","0","0","0","0","0","0","0","0","4","0","","36","01","2018","2018012516","6","40.0606","-76.2768","1815","08","0","1","0","0","0","0","0","0","2","0","0","0","18","3","0","01","1","40 03:38.397","3","08","76 16:37.303","0","0","0","0","36101","0","0","0","","0","0","0","2","36101","0","","1","01","N","N","0","","0","0","0","3","2","N","1813","0","2","0","0","0","0","0","3","0","2","N","","","","","","","","","","","","03","  ","","",""
"1745","2","0","0","0","0","0","0","0","0","1","0","","36","01","2018","2018012517","6","40.0698","-76.3139","1735","08","0","1","0","0","0","1","0","0","2","0","0","0","17","3","0","00","2","40 04:11.331","3","00","76 18:49.876","0","0","0","0","36101","0","0","0","","0","0","0","2","36101","0","","1","01","N","N","0","","0","0","0","0","0","N","1735","0","2","0","0","0","0","0","3","0","2","N","","","","","","","","","","","","03","  ","","",""
"0214","1","0","0","0","0","0","0","0","0","7","0","","36","01","2018","2018012518","7","40.0385","-76.4018","0209","08","0","0","0","0","0","0","0","0","3","0","0","0","02","2","0","00","2","40 02:18.647","4","00","76 24:06.475","0","0","0","0","36214","0","0","0","N","0","0","0","1","36214","0","","4","01","N","N","0","","0","0","0","0","0","N","0209","0","1","0","0","0","0","0","3","0","1","N","","","","","","","","","","","","03","  ","","",""
"0422","3","0","0","0","0","0","0","0","0","1","0","","36","01","2018","2018012585","6","40.1511","-76.3071","0419","08","0","0","0","0","0","0","0","0","1","0","0","0","04","3","0","00","1","40 09:03.992","2","00","76 18:25.460","0","0","0","0","36409","0","0","0","N","0","0","0","1","36409","0","","6","01","N","N","0","","0","0","0","0","0","N","0415","0","3","0","0","0","0","0","3","0","3","N","","","","","","","","","","","","03","  ","","",""
"0811","1","0","0","0","0","0","0","0","0","7","0","","36","01","2018","2018012603","1","40.0916","-76.0159","0802","08","0","0","0","0","1","0","0","0","","0","0","0","08","1","0","00","0","40 05:29.900","","00","76 00:57.100","0","0","0","0","36213","0","0","0","N","0","0","0","1","36213","0","","5","09","N","N","0","","0","0","0","0","0","","0801","0","1","0","0","0","0","0","1","0","1","N","","","","","","","","","","","","07","  ","","",""
"1605","1","0","0","0","0","0","0","0","0","4","0","","36","01","2018","2018012609","6","40.0229","-76.2647","1559","08","0","0","0","0","0","0","0","0","","0","0","0","15","1","1","01","0","40 01:22.402","","00","76 15:52.862","4","0","0","0","36240","0","0","0","N","0","0","0","5","36240","1","","1","01","N","N","0","","0","0","1","3","2","","1555","1","2","0","0","0","0","0","1","0","2","N","","","","","","","","","","","","03","  ","","",""
"1045","1","0","0","0","0","0","0","0","0","4","1","","36","01","2018","2018012731","6","39.9969","-76.4465","1040","08","0","0","0","0","0","0","1","1","2","0","1","0","10","1","2","01","2","39 59:48.725","6","00","76 26:47.502","4","0","0","0","36223","0","0","0","","0","0","0","3","36223","2","","1","01","N","N","0","","0","0","1","3","3","Y","1040","2","3","0","0","0","0","0","1","0","3","N","","","","","","","","","","","","03","  ","","",""
"0158","1","0","0","0","0","0","0","0","0","7","0","","36","01","2018","2018012752","1","40.2495","-76.1115","0155","08","0","0","0","0","0","0","0","0","2","0","0","0","01","2","0","00","1","40 14:58.210","4","00","76 06:41.238","0","0","0","0","36210","0","0","0","N","0","0","0","1","36210","0","","4","09","N","N","0","","0","0","0","0","0","N","0151","0","1","0","0","0","0","0","1","0","1","N","","","","","","","","","","","","07","  ","","",""
"0431","1","0","0","0","0","0","0","0","0","7","0","","36","01","2018","2018012785","1","40.1642","-76.1543","0431","08","0","0","0","0","0","0","0","0","","0","0","0","04","3","0","02","0","40 09:51.095","","00","76 09:15.344","0","0","0","0","36218","0","0","0","N","0","0","0","1","36408","0","","3","09","N","N","0","","0","0","0","2","2","","0431","0","1","0","0","0","0","0","1","0","1","N","","","","","","","","","","","","07","  ","","",""
"0153","5","0","0","0","0","0","0","0","0","5","0","","36","01","2018","2018012801","7","40.0397","-76.3044","0153","08","0","0","0","0","0","0","0","0","","0","0","0","01","3","0","00","0","40 02:22.911","","00","76 18:16.004","0","0","0","0","36301","0","0","0","N","0","0","0","1","36301","0","","6","01","N","N","0","","0","0","1","0","0","N","0152","0","6","0","0","0","0","0","3","0","6","N","","","","","","","","","","","","03","  ","","",""
"1102","1","0","0","0","0","0","0","0","0","4","0","","36","01","2018","2018012810","7","40.0388","-76.3303","1055","08","0","0","0","0","0","1","0","0","2","0","0","0","10","1","3","02","2","40 02:19.591","7","00","76 19:49.247","3","0","0","0","36220","0","0","0","N","0","0","0","3","36101","2","","1","01","N","N","0","","1","0","1","3","2","Y","1053","3","2","0","0","0","0","0","3","0","2","N","","","","","","","","","","","","03","  ","","",""
"1823","0","0","0","0","0","0","0","0","0","7","0","","36","01","2018","2018012830","6","39.9119","-76.3107","1805","08","0","0","0","0","0","0","0","0","1","0","0","0","18","2","0","03","1","39 54:42.745","2","00","76 18:38.632","0","0","0","0","36224","0","0","0","N","0","0","0","3","68J01","0","","5","01","N","N","0","","0","0","1","0","0","N","1803","0","1","0","0","0","0","0","1","0","1","N","","","","","","","","","","","","03","  ","","",""
"1617","1","0","0","0","0","0","0","0","0","4","1","","36","01","2018","2018012882","4","40.0358","-76.5018","1614","08","0","0","0","1","0","0","0","0","1","0","0","0","16","1","0","02","1","40 02:09.013","1","00","76 30:06.445","0","0","0","0","36404","0","0","0","N","0","0","0","3","36404","0","","1","01","N","N","0","","0","0","0","3","3","N","1614","0","2","0","0","0","0","0","3","1","2","N","","","","","","","","","","","","03","  ","","",""
"0812","0","0","0","0","0","0","0","0","0","7","0","","36","01","2018","2018012913","5","39.9752","-76.2474","0803","08","0","0","0","0","0","0","0","0","","0","0","0","07","1","1","00","0","39 58:30.747","","00","76 14:50.531","3","0","0","0","36240","0","0","0","N","0","0","0","1","36240","0","","4","01","N","N","1","","1","0","0","0","0","","0755","1","1","0","0","1","0","0","1","0","1","N","","","","","","","","","","","","03","  ","","",""
"1005","2","0","0","0","0","0","0","0","0","4","0","","36","01","2018","2018012916","2","40.1447","-76.1156","0959","08","0","0","0","0","0","1","0","1","2","0","0","0","09","1","1","00","2","40 08:40.780","6","07","76 06:56.235","8","0","0","0","36209","0","0","0","N","0","0","0","2","36415","0","","1","01","N","N","0","","0","0","0","0","0","Y","0959","1","2","0","0","0","1","0","1","0","2","N","","","","","","","","","","","","03","  ","","",""
"0848","2","0","0","0","0","0","0","0","0","1","0","","36","01","2018","2018012950","5","40.1622","-76.6376","0843","08","0","0","0","0","0","0","0","0","","0","0","0","08","1","1","02","0","40 09:43.749","","00","76 38:15.261","8","0","0","0","36237","0","0","0","N","0","0","0","2","36505","0","","1","01","N","N","0","","0","0","0","3","2","N","0840","1","2","0","0","0","1","0","1","0","2","N","","","","","","","","","","","","03","  ","","",""
"1422","2","0","0","0","0","0","0","0","0","1","0","","36","01","2018","2018012968","3","40.1391","-76.588","1419","08","0","0","0","0","0","1","1","0","","0","0","0","14","1","0","00","0","40 08:20.849","","00","76 35:16.947","0","0","0","0","36225","0","0","0","N","0","0","0","4","36505","0","","1","09","N","N","0","","0","0","2","0","0","N","1415","0","4","0","0","0","0","0","2","0","4","N","","","","","","","","","","","","07","  ","","",""
"1417","1","0","0","0","0","0","0","0","0","7","0","","36","01","2018","2018013014","6","40.0741","-75.9771","1354","08","0","0","0","0","0","0","0","0","","0","0","0","13","1","0","00","0","40 04:26.640","","00","75 58:37.670","0","0","0","0","36232","0","0","0","N","0","0","0","1","68J01","0","","4","02","N","N","0","","0","0","0","0","0","","1348","0","1","0","0","0","0","0","1","0","1","N","","","","","","","","","","","","99","  ","","",""
"1809","0","0","0","0","0","0","0","0","0","7","0","","36","01","2018","2018013026","3","39.9413","-76.2071","1758","08","0","0","0","0","0","0","0","0","1","0","0","0","17","2","0","00","2","39 56:28.651","2","00","76 12:25.515","0","0","0","0","36233","0","0","0","","0","0","0","1","68J01","0","","4","01","N","N","0","","0","0","1","0","0","N","1755","0","1","0","0","0","0","0","1","0","1","N","","","","","","","","","","","","03","  ","","",""
"0855","0","0","0","0","0","0","0","0","0","4","0","","36","01","2018","2018013050","3","40.1137","-76.2489","0850","08","0","0","0","0","0","0","1","0","1","0","0","0","08","1","2","02","1","40 06:49.394","4","00","76 14:56.107","4","0","0","0","36101","0","0","0","","0","0","0","4","36101","2","","1","09","N","N","0","","0","0","0","3","3","N","0840","2","2","0","0","0","0","0","3","2","2","N","","","","","","","","","","","","07","  ","","",""
"0514","1","0","0","0","0","0","0","0","0","7","0","","36","01","2018","2018013070","1","40.1986","-76.2732","0449","08","0","0","0","0","0","0","0","0","","0","0","0","04","2","0","00","0","40 11:54.791","","00","76 16:23.428","0","0","0","0","36217","0","0","0","","0","0","0","1","68J01","0","","4","01","N","N","0","","0","0","0","0","0","","0448","0","1","0","0","0","0","0","1","0","1","N","","","","","","","","","","","","03","  ","","",""
"1649","0","0","0","0","0","0","0","0","0","0","0","","36","01","2018","2018013092","4","40.0393","-76.134","1635","08","0","0","0","0","0","1","0","0","","0","0","0","16","4","0","02","0","40 02:21.510","","00","76 08:02.410","0","0","0","0","36221","0","0","0","","0","0","0","2","68J01","0","","5","01","N","N","0","","0","0","1","3","3","","1632","0","1","0","0","0","0","0","1","0","1","N","","","","","","","","","","","","03","  ","","",""
"0958","1","0","0","0","0","0","0","0","0","7","0","","36","01","2018","2018013118","2","39.7482","-76.1233","0941","08","0","0","0","0","0","0","0","0","2","0","0","0","09","1","1","00","1","39 44:53.380","4","00","76 07:23.800","3","0","0","0","36222","0","0","0","N","0","0","0","1","68J01","0","","4","01","N","N","0","","1","0","0","0","0","N","0939","1","1","0","0","0","0","0","1","0","1","N","","","","","","","","","","","","03","  ","","",""
"1831","2","0","0","0","0","0","0","0","0","1","0","","36","01","2018","2018013137","2","40.2176","-76.1142","1828","08","0","0","0","0","0","0","0","0","2","0","0","0","18","3","0","01","1","40 13:03.417","2","00","76 06:51.297","0","0","0","0","36210","0","0","0","N","0","0","0","4","36210","0","","1","01","N","N","0","","0","0","1","3","2","N","1826","0","3","0","0","0","0","0","1","0","3","N","","","","","","","","","","","","03","  ","","",""
"0620","1","0","0","0","0","0","0","0","0","7","0","","36","01","2018","2018013309","3","40.0445","-76.3873","0612","08","0","0","0","0","0","1","0","0","1","0","0","0","06","5","1","00","1","40 02:40.200","4","00","76 23:14.200","8","0","0","0","36214","0","0","0","N","0","0","0","1","36214","0","","4","09","N","N","0","","0","0","0","0","0","N","0609","1","1","0","0","0","1","0","3","0","1","N","","","","","","","","","","","","10","  ","","",""
"1721","2","0","0","0","0","0","0","0","0","4","0","","36","01","2018","2018013316","4","40.0296","-76.3231","1709","08","0","0","0","0","0","0","0","0","1","0","0","0","17","3","0","01","1","40 01:46.727","1","00","76 19:23.150","0","0","0","0","36301","0","0","0","N","0","0","0","5","36301","0","","1","01","N","N","0","","0","0","0","3","2","Y","1709","0","3","0","0","1","0","0","3","0","2","N","","","","","","","","","","","","03","  ","","",""
"1733","1","0","0","0","0","0","0","0","0","1","0","","36","01","2018","2018013336","5","40.0455","-76.3051","1732","08","0","0","0","0","0","1","0","0","1","0","0","0","17","3","2","00","1","40 02:43.787","2","00","76 18:18.232","3","0","0","0","36301","0","0","0","N","0","0","0","2","36301","0","","1","01","N","N","0","","2","0","1","0","0","N","1732","2","2","0","0","1","0","0","3","0","2","N","","","","","","","","","","","","03","  ","","",""
"1706","2","0","0","0","0","0","0","0","0","1","0","","36","01","2018","2018013361","6","40.1925","-76.1756","1704","08","0","0","0","0","1","1","0","0","","0","0","0","17","1","0","00","0","40 11:27.477","","07","76 10:40.086","0","0","0","0","36218","0","0","0","Y","0","0","0","6","36408","0","","1","01","N","N","0","","0","0","0","0","0","","1700","0","2","0","0","0","0","0","1","0","2","N","","","","","","","","","","","","03","  ","","",""
"1847","1","0","0","0","0","0","0","0","0","1","0","","36","01","2018","2018013423","1","40.1849","-76.1696","1841","08","0","0","0","0","0","0","0","0","","0","0","0","18","3","0","00","0","40 11:05.600","","00","76 10:10.600","0","0","0","0","36408","0","0","0","N","0","0","0","1","36408","0","","6","01","N","N","0","","0","0","1","0","0","","1840","0","2","0","0","0","0","0","2","0","2","N","","","","","","","","","","","","03","  ","","",""
"1603","0","0","0","0","0","0","0","0","0","4","0","","36","01","2018","2018013483","3","40.1559","-76.3435","1600","08","0","0","0","0","0","1","0","0","1","0","1","0","16","1","1","01","1","40 09:21.372","7","00","76 20:36.769","8","0","0","0","36227","0","0","0","N","0","0","0","2","36506","0","","1","01","N","N","0","","0","0","1","3","3","N","1600","1","2","0","0","0","1","0","1","0","2","N","","","","","","","","","","","","03","  ","","",""
"1618","2","0","0","0","0","0","0","0","0","4","0","","36","01","2018","2018013484","6","40.148","-76.2817","1615","08","0","0","0","0","0","1","0","0","","0","0","0","16","1","0","02","0","40 08:52.873","","00","76 16:54.225","0","0","0","0","36235","0","0","0","N","0","0","0","2","36506","0","","1","01","N","N","0","","0","0","0","0","0","","1615","0","2","0","0","0","0","0","1","0","2","N","","","","","","","","","","","","03","  ","","",""
"1036","1","0","0","0","0","0","0","0","0","1","0","","36","01","2018","2018013542","5","40.068","-76.33","1031","08","0","0","0","0","0","1","0","0","","0","0","0","10","1","0","00","0","40 04:04.912","","02","76 19:48.118","0","0","0","0","36101","0","0","0","","0","0","0","2","36101","0","","1","01","N","N","0","","0","0","1","3","2","","1025","0","2","0","0","0","0","0","3","0","2","N","","","","","","","","","","","","03","  ","","",""
"0735","0","0","0","0","0","0","0","0","0","4","0","","36","01","2018","2018013543","3","40.0105","-76.3751","0646","08","0","0","0","0","0","1","0","0","","0","0","0","06","5","0","02","0","40 00:37.670","","00","76 22:30.306","0","0","0","0","36223","0","0","0","N","0","0","0","2","36223","0","","1","07","N","N","0","","0","0","2","3","3","","0644","0","2","0","0","0","0","0","1","0","2","N","","","","","","","","","","","","10","  ","","",""
"1800","1","0","0","0","0","0","0","0","0","4","0","","36","01","2018","2018013544","4","40.0373","-76.4082","1800","08","0","0","0","0","0","1","0","0","","0","0","0","17","2","0","01","0","40 02:14.323","","00","76 24:29.659","0","0","0","0","36223","0","0","0","N","0","0","0","2","36223","0","","1","01","N","N","0","","0","0","1","3","2","","1755","0","2","0","0","0","0","0","1","0","2","N","","","","","","","","","","","","03","  ","","",""
"1545","1","0","0","0","0","0","0","0","0","7","0","","36","01","2018","2018013562","3","40.0954","-76.5614","1539","08","0","0","0","0","0","0","0","0","","0","0","0","15","1","0","00","0","40 05:43.300","","00","76 33:41.160","0","0","0","0","36211","0","0","0","N","0","0","0","1","36504","0","","4","07","N","N","0","","0","0","0","0","0","","1535","0","1","0","0","0","0","0","1","0","1","N","","","","","","","","","","","","10","  ","","",""
"2302","1","0","0","0","0","0","0","0","0","7","0","","36","01","2018","2018013565","2","39.9673","-76.2761","2252","08","0","0","0","0","0","0","0","0","","0","0","0","22","2","0","00","0","39 58:02.358","","00","76 16:33.991","0","0","0","0","36228","0","0","0","Y","0","0","0","1","36503","0","","2","01","N","N","0","","0","0","0","0","0","","2249","0","1","0","0","0","0","0","1","0","1","N","","","","","","","","","","","","03","  ","","",""
"0313","0","0","0","0","0","0","0","0","0","7","0","","36","01","2018","2018013576","3","39.9643","-76.322","0311","08","0","0","0","0","0","0","0","0","2","0","0","0","03","2","0","00","1","39 57:51.497","1","00","76 19:19.168","0","0","0","0","36228","0","0","0","N","0","0","0","1","36503","0","","4","01","N","N","0","","0","0","1","0","0","N","0308","0","1","0","0","0","0","0","1","0","1","N","","","","","","","","","","","","03","  ","","",""
"0540","0","0","0","0","0","0","0","0","0","9","1","","36","01","2018","2018013728","2","40.1782","-75.9881","0521","08","0","0","0","0","0","1","0","0","","0","1","0","05","2","1","00","0","40 10:40.738","","00","75 59:16.300","8","0","0","0","36202","0","0","0","","0","0","0","2","68T06","0","","1","01","N","N","0","","0","0","1","0","0","","0520","1","2","0","0","0","1","0","1","0","2","N","","","","","","","","","","","","03","  ","","",""
"0543","1","0","0","0","0","0","0","0","0","7","0","","36","01","2018","2018013736","4","40.1807","-76.1759","0540","08","0","0","0","0","0","0","0","0","1","0","0","0","05","3","0","00","1","40 10:50.600","1","00","76 10:33.300","0","0","0","0","36408","0","0","0","N","0","0","0","1","36408","0","","4","01","N","N","0","","0","0","0","0","0","N","0535","0","1","0","0","0","0","0","2","0","1","N","","","","","","","","","","","","03","  ","","",""
"0737","3","0","0","0","0","0","0","0","0","1","0","","36","01","2018","2018013739","3","40.0423","-76.3109","0736","08","0","0","0","0","0","0","0","0","1","0","0","0","07","1","0","00","1","40 02:32.300","4","00","76 18:39.300","0","0","0","0","36301","0","0","0","N","0","0","0","1","36301","0","","6","09","N","N","0","","0","0","0","0","0","N","0733","0","3","0","0","0","0","0","3","0","3","N","","","","","","","","","","","","07","  ","","",""
"0844","1","0","0","0","0","0","0","0","0","7","0","","36","01","2018","2018013740","5","40.136","-76.6152","0840","08","0","0","0","0","0","1","0","0","1","0","0","0","08","1","0","00","1","40 08:09.750","3","00","76 36:54.615","0","0","0","0","36237","0","0","0","Y","0","0","0","1","36505","0","","4","01","N","N","0","","0","0","0","0","0","N","0839","0","1","0","0","0","0","0","1","0","1","N","","","","","","","","","","","","03","  ","","",""
"0640","2","0","0","0","0","0","0","0","0","1","0","","36","01","2018","2018013748","4","40.0294","-76.3193","0634","08","0","0","0","0","0","0","0","0","","0","0","0","06","2","0","00","0","40 01:45.800","","00","76 19:09.300","0","0","0","0","36301","0","0","0","N","0","0","0","1","36301","0","","6","01","N","N","1","","0","0","0","0","0","","0632","0","3","0","0","0","0","0","3","0","3","N","","","","","","","","","","","","03","  ","","",""
"0828","2","0","0","0","0","0","0","0","0","1","0","","36","01","2018","2018013768","1","40.1245","-76.6285","0818","08","0","0","0","0","1","0","0","0","","0","0","0","08","1","2","00","0","40 07:28.185","","07","76 37:42.487","8","0","0","0","36237","0","0","0","N","0","0","0","4","36505","0","","1","09","N","N","0","","0","0","0","0","0","","0818","2","2","0","0","0","2","0","1","0","2","N","","","","","","","","","","","","07","  ","","",""
"1401","2","0","0","1","0","1","0","0","0","4","0","","36","01","2018","2018013780","7","40.1397","-76.5892","1357","08","0","0","0","0","0","0","0","0","2","0","0","0","13","1","1","01","2","40 08:22.840","3","00","76 35:21.156","2","0","0","0","36237","1","0","1","N","0","0","0","4","36505","0","","1","01","N","N","0","","0","1","0","3","2","N","1352","1","3","0","0","0","0","0","1","0","2","N","","","","","","","","","","","","03","  ","","",""
"1914","1","0","0","0","0","0","0","0","0","7","0","","36","01","2018","2018013792","7","40.2218","-76.2221","1906","08","0","0","0","0","0","0","0","0","9","0","0","0","19","2","1","00","2","40 13:18.600","6","00","76 13:19.600","4","0","0","0","36204","0","0","0","N","0","0","0","1","36506","1","","4","01","N","N","0","","0","0","0","0","0","Y","1906","1","1","0","0","0","0","0","1","0","1","N","","","","","","","","","","","","03","  ","","",""
"0627","1","0","0","0","0","0","0","0","0","4","0","","36","01","2018","2018013793","4","40.1628","-76.2762","0620","08","0","0","0","0","0","0","0","0","2","0","0","0","06","6","1","01","1","40 09:46.015","7","00","76 16:34.301","3","0","0","0","36235","0","0","0","N","0","0","0","2","36506","0","","1","01","N","N","0","","1","0","1","3","2","N","0620","1","2","0","0","0","0","0","1","0","2","N","","","","","","","","","","","","03","  ","","",""
"0606","1","0","0","0","0","0","0","0","0","7","0","","36","01","2018","2018013837","3","39.9898","-76.2232","0555","08","0","0","0","0","0","0","0","0","2","0","0","0","05","2","0","00","2","39 59:23.397","6","00","76 13:23.603","0","0","0","0","36240","0","0","0","N","0","0","0","1","36240","0","","4","02","N","N","0","","0","0","0","0","0","Y","0547","0","1","0","0","0","0","0","1","0","1","N","","","","","","","","","","","","10","  ","","",""
"1543","2","0","0","0","0","0","0","0","0","4","0","","36","01","2018","2018013921","3","40.1147","-76.244","1526","08","0","0","0","0","0","1","0","1","","0","0","1","15","1","1","02","0","40 06:52.778","","00","76 14:38.314","3","0","0","0","36101","1","0","0","N","0","0","0","3","36101","0","","1","09","N","N","0","","1","0","0","3","3","","1526","1","3","0","0","0","0","0","3","0","2","N","","","","","","","","","","","","03","  ","","",""