"ARRIVAL_TM","AUTOMOBILE_COUNT","BELTED_DEATH_COUNT","BELTED_SUSP_SERIOUS_INJ_COUNT","BICYCLE_COUNT","BICYCLE_DEATH_COUNT","BICYCLE_SUSP_SERIOUS_INJ_COUNT","BUS_COUNT","CHLDPAS_DEATH_COUNT","CHLDPAS_SUSP_SERIOUS_INJ_COUNT","COLLISION_TYPE","COMM_VEH_COUNT","CONS_ZONE_SPD_LIM","COUNTY","CRASH_MONTH","CRASH_YEAR","CRN","DAY_OF_WEEK","DEC_LAT","DEC_LONG","DISPATCH_TM","DISTRICT","DRIVER_COUNT_16YR","DRIVER_COUNT_17YR","DRIVER_COUNT_18YR","DRIVER_COUNT_19YR","DRIVER_COUNT_20YR","DRIVER_COUNT_50_64YR","DRIVER_COUNT_65_74YR","DRIVER_COUNT_75PLUS","EST_HRS_CLOSED","FATAL_COUNT","HEAVY_TRUCK_COUNT","HORSE_BUGGY_COUNT","HOUR_OF_DAY","ILLUMINATION","INJURY_COUNT","INTERSECT_TYPE","LANE_CLOSED","LATITUDE","LN_CLOSE_DIR","LOCATION_TYPE","LONGITUDE","MAX_SEVERITY_LEVEL","MCYCLE_DEATH_COUNT","MCYCLE_SUSP_SERIOUS_INJ_COUNT","MOTORCYCLE_COUNT","MUNICIPALITY","NONMOTR_COUNT","NONMOTR_DEATH_COUNT","NONMOTR_SUSP_SERIOUS_INJ_COUNT","NTFY_HIWY_MAINT","PED_COUNT","PED_DEATH_COUNT","PED_SUSP_SERIOUS_INJ_COUNT","PERSON_COUNT","POLICE_AGCY","POSSIBLE_INJ_COUNT","RDWY_SURF_TYPE_CD","RELATION_TO_ROAD","ROAD_CONDITION","SCH_BUS_IND","SCH_ZONE_IND","SMALL_TRUCK_COUNT","SPEC_JURIS_CD","SUSP_MINOR_INJ_COUNT","SUSP_SERIOUS_INJ_COUNT","SUV_COUNT","TCD_FUNC_CD","TCD_TYPE","TFC_DETOUR_IND","TIME_OF_DAY","TOT_INJ_COUNT","TOTAL_UNITS","UNB_DEATH_COUNT","UNB_SUSP_SERIOUS_INJ_COUNT","UNBELTED_OCC_COUNT","UNK_INJ_DEG_COUNT","UNK_INJ_PER_COUNT","URBAN_RURAL","VAN_COUNT","VEHICLE_COUNT","WORK_ZONE_IND","WORK_ZONE_LOC","WORK_ZONE_TYPE","WORKERS_PRES","WZ_CLOSE_DETOUR","WZ_FLAGGER","WZ_LAW_OFFCR_IND","WZ_LN_CLOSURE","WZ_MOVING","WZ_OTHER","WZ_SHLDER_MDN","ROADWAY_CLEARED","WEATHER1","WEATHER2","WZ_WORKERS_INJ_KILLED","SECONDARY_CRASH","INTERSECTION_RELATED"
"1016","0","0","0","0","0","0","0","0","0","0","1","","36","01","2018","2018013923","5","40.0307","-76.2395","1015","08","0","0","0","0","0","0","0","0","4","0","1","0","10","1","0","00","2","40 01:50.473","3","00","76 14:22.029","0","0","0","0","36215","0","0","0","Y","0","0","0","1","36215","0","","1","01","N","N","0","","0","0","0","0","0","Y","1014","0","1","0","0","0","0","0","1","0","1","N","","","","","","","","","","","","03","  ","","",""
"1833","0","0","0","0","0","0","0","0","0","1","0","","36","01","2018","2018013924","7","39.9797","-76.1993","1827","08","0","0","0","0","0","0","0","0","","0","0","0","18","3","0","00","0","39 58:46.916","","00","76 11:57.485","0","0","0","0","36417","0","0","0","","0","0","0","1","36417","0","","6","01","N","N","0","","0","0","2","0","0","","1825","0","2","0","0","0","0","0","1","0","2","N","","","","","","","","","","","","03","  ","","",""
"1348","2","0","0","0","0","0","0","0","0","4","0","","36","01","2018","2018014050","5","40.012","-76.2263","1343","08","0","0","0","0","0","0","1","1","","0","0","0","13","1","0","01","0","40 00:43.379","","00","76 13:34.666","0","0","0","0","36240","0","0","0","N","0","0","0","4","36240","0","","1","01","N","N","0","","0","0","0","3","3","","1339","0","2","0","0","0","0","0","1","0","2","N","","","","","","","","","","","","03","  ","","",""
"2350","1","0","0","0","0","0","0","0","0","7","0","","36","01","2018","2018014077","4","40.0212","-76.2787","2340","08","0","0","0","0","0","0","0","0","3","0","0","0","23","2","0","00","2","40 01:16.494","5","00","76 16:43.209","0","0","0","0","36240","0","0","0","N","0","0","0","1","36240","0","","4","01","N","N","0","","0","0","0","0","0","Y","2340","0","1","0","0","0","0","0","1","0","1","N","","","","","","","","","","","","03","  ","","",""
"1924","3","0","0","0","0","0","0","0","0","5","0","","36","01","2018","2018014081","4","40.0408","-76.2936","1918","08","0","0","0","0","0","0","0","0","2","0","0","0","19","3","0","00","2","40 02:26.929","4","00","76 17:36.983","0","0","0","0","36301","0","0","0","N","0","0","0","1","36301","0","","6","01","N","N","0","","0","0","1","0","0","Y","1918","0","4","0","0","0","0","0","3","0","4","N","","","","","","","","","","","","03","  ","","",""
"1118","2","0","0","0","0","0","0","0","0","1","0","","36","01","2018","2018014163","3","40.0537","-76.3066","1115","08","0","0","0","0","0","1","0","0","","0","0","0","11","1","1","01","0","40 03:13.368","","00","76 18:23.602","4","0","0","0","36101","0","0","0","N","0","0","0","2","36101","1","","1","09","N","N","0","","0","0","0","3","2","","1110","1","2","0","0","0","0","0","3","0","2","N","","","","","","","","","","","","03","  ","","",""
"1333","2","0","0","0","0","0","0","0","0","1","0","","36","01","2018","2018014164","3","40.0899","-76.3045","1329","08","0","0","0","0","0","0","0","2","1","0","0","0","13","1","1","02","1","40 05:23.807","4","00","76 18:16.137","4","0","0","0","36101","0","0","0","","0","0","0","3","36101","1","","1","09","N","N","0","","0","0","0","3","3","N","1327","1","2","0","0","0","0","0","3","0","2","N","","","","","","","","","","","","07","  ","","",""
"1818","0","0","0","0","0","0","0","0","0","4","0","","36","01","2018","2018014165","7","40.0332","-76.2461","1807","08","0","0","0","0","0","1","0","0","1","0","0","0","18","2","0","00","1","40 01:59.664","4","00","76 14:46.106","0","0","0","0","36215","0","0","0","","0","0","0","5","36215","0","","1","01","N","N","0","","0","0","2","0","0","N","1805","0","2","0","0","0","0","0","1","0","2","N","","","","","","","","","","","","03","  ","","",""
"1826","1","0","0","0","0","0","0","0","0","1","0","","36","01","2018","2018014233","6","40.0716","-76.3184","1826","08","0","0","0","0","0","0","0","0","","0","0","0","18","3","0","00","0","40 04:17.865","","00","76 19:06.228","0","0","0","0","36101","0","0","0","","0","0","0","3","36101","0","","1","01","N","N","0","","0","0","1","0","0","","1824","0","2","0","0","0","0","0","3","0","2","N","","","","","","","","","","","","03","  ","","",""
"2055","1","0","0","0","0","0","0","0","0","7","0","","36","01","2018","2018014234","6","40.0609","-76.3072","2055","08","0","0","0","0","1","0","0","0","","0","0","0","20","3","1","00","0","40 03:39.200","","00","76 18:25.900","3","0","0","0","36101","0","0","0","N","0","0","0","1","36101","0","","4","01","N","N","0","","1","0","0","0","0","","2055","1","1","0","0","1","0","0","3","0","1","N","","","","","","","","","","","","03","  ","","",""
"2101","1","0","0","0","0","0","0","0","0","7","0","","36","01","2018","2018014235","1","40.0698","-76.3077","2053","08","0","0","0","0","0","0","0","0","3","0","0","0","20","2","1","01","1","40 04:11.767","5","00","76 18:28.394","8","0","0","0","36101","0","0","0","","0","0","0","1","36101","0","","4","01","N","N","0","","0","0","0","0","0","Y","2051","1","1","0","0","0","1","0","3","0","1","N","","","","","","","","","","","","03","  ","","",""
"0652","1","0","0","0","0","0","0","0","0","1","0","","36","01","2018","2018014236","4","40.0622","-76.3429","0641","08","0","0","0","0","0","0","0","0","","0","0","0","06","1","1","00","0","40 03:44.010","","00","76 20:34.538","8","0","0","0","36101","0","0","0","","0","0","0","2","36101","0","","1","01","N","N","0","","0","0","1","0","0","","0636","1","2","0","0","0","1","0","3","0","2","N","","","","","","","","","","","","03","  ","","",""
"1738","2","0","0","0","0","0","0","0","0","4","0","","36","01","2018","2018014237","4","40.0674","-76.3072","1733","08","0","0","0","0","0","0","0","0","1","0","0","0","17","4","0","02","1","40 04:02.790","1","00","76 18:26.089","0","0","0","0","36101","0","0","0","","0","0","0","2","36101","0","","1","01","N","N","0","","0","0","0","3","3","N","1730","0","2","0","0","0","0","0","3","0","2","N","","","","","","","","","","","","03","  ","","",""
"1914","0","0","0","0","0","0","0","0","0","7","0","","36","01","2018","2018014238","4","40.1247","-76.342","1905","08","0","0","0","0","0","1","0","0","2","0","0","0","19","2","0","00","1","40 07:28.998","1","00","76 20:31.152","0","0","0","0","36101","0","0","0","N","0","0","0","1","36101","0","","4","01","N","N","0","","0","0","1","0","0","N","1901","0","1","0","0","0","0","0","3","0","1","N","","","","","","","","","","","","03","  ","","",""
"0931","1","0","0","0","0","0","0","0","0","1","0","","36","01","2018","2018014247","1","40.1312","-76.5638","0919","08","0","0","0","0","0","0","1","0","","0","0","0","09","1","1","01","0","40 07:52.429","","00","76 33:49.559","8","0","0","0","36225","0","0","0","N","0","0","0","4","36505","0","","1","01","N","N","0","","0","0","1","3","2","","0914","1","2","0","0","0","1","0","2","0","2","N","","","","","","","","","","","","03","  ","","",""
"1603","0","0","0","0","0","0","0","0","0","7","0","","36","01","2018","2018014302","3","39.9767","-76.0336","1546","08","0","0","0","1","0","0","0","0","2","0","0","0","15","1","0","00","2","39 58:36.110","6","00","76 02:00.910","0","0","0","0","36231","0","0","0","N","0","0","0","1","68J01","0","","4","07","N","N","0","","0","0","1","0","0","Y","1543","0","1","0","0","0","0","0","1","0","1","N","","","","","","","","","","","","10","  ","","",""
"0232","0","0","0","0","0","0","0","0","0","7","0","","36","01","2018","2018014305","4","40.0091","-76.1253","0226","08","0","0","0","0","0","0","0","0","3","0","0","0","02","2","2","00","2","40 00:32.783","6","00","76 07:31.245","3","0","0","0","36226","0","0","0","","0","0","0","2","68J01","0","","2","01","N","N","1","","2","0","0","0","0","Y","0220","2","1","0","0","0","0","0","1","0","1","N","","","","","","","","","","","","03","  ","","",""
"0051","0","0","0","0","0","0","0","0","0","7","0","","36","01","2018","2018014333","7","40.0001","-76.0745","0046","08","0","0","0","0","0","0","0","0","2","0","0","0","00","2","1","00","2","40 00:00.389","4","00","76 04:28.342","2","0","0","0","36226","0","0","0","","0","0","0","1","68J01","0","","5","01","N","N","1","","0","1","0","0","0","N","0045","1","1","0","1","1","0","0","1","0","1","N","","","","","","","","","","","","03","  ","","",""
"0651","2","0","0","0","0","0","0","0","0","1","1","","36","01","2018","2018014386","4","39.9895","-75.995","0625","08","0","0","0","0","0","2","0","0","3","0","1","0","06","2","1","00","2","39 59:22.111","6","00","75 59:41.846","3","0","0","0","36232","0","0","0","N","0","0","0","3","68J01","0","","1","07","N","N","0","","1","0","0","0","0","Y","0614","1","3","0","0","0","0","0","1","0","3","N","","","","","","","","","","","","10","  ","","",""
"0321","0","0","0","0","0","0","0","0","0","7","0","","36","01","2018","2018014387","5","40.0008","-76.0797","0321","08","0","0","0","0","0","0","0","0","3","0","0","0","03","2","1","03","2","40 00:02.720","6","00","76 04:46.968","3","0","0","0","36226","0","0","0","N","0","0","0","1","68J01","0","","4","01","N","N","0","","1","0","1","0","0","Y","0319","1","1","0","0","1","0","0","1","0","1","N","","","","","","","","","","","","03","  ","","",""
"1749","2","0","0","0","0","0","0","0","0","1","0","","36","02","2018","2018014438","5","40.1958","-76.1706","1746","08","0","0","0","0","0","0","0","0","2","0","0","0","17","3","0","00","1","40 11:45.046","1","00","76 10:14.226","0","0","0","0","36218","0","0","0","N","0","0","0","5","36408","0","","1","01","N","N","1","","0","0","0","0","0","N","1741","0","3","0","0","0","0","0","1","0","3","N","","","","","","","","","","","","03","  ","","",""
"0209","1","0","0","0","0","0","0","0","0","7","0","","36","02","2018","2018014461","6","40.0374","-76.4478","0209","08","0","0","0","0","0","0","0","0","1","0","0","0","02","3","1","00","1","40 02:14.715","4","00","76 26:52.025","3","0","0","0","36239","0","0","0","Y","0","0","0","1","36239","0","","4","09","N","N","0","","1","0","0","0","0","N","0209","1","1","0","0","0","0","0","3","0","1","N","","","","","","","","","","","","07","  ","","",""
"0032","1","0","0","0","0","0","0","0","0","1","0","","36","01","2018","2018014468","1","40.1312","-76.5638","0032","08","0","0","0","0","0","0","0","0","3","0","0","0","00","3","5","01","2","40 07:52.429","7","00","76 33:49.559","2","0","0","0","36225","0","0","0","N","0","0","0","6","36505","4","","1","01","N","N","0","","0","1","1","3","2","Y","0032","5","2","0","0","0","0","0","2","0","2","N","","","","","","","","","","","","03","  ","","",""
"2248","2","0","0","0","0","0","0","0","0","4","0","","36","01","2018","2018014542","6","40.0377","-76.2718","2248","08","0","0","1","0","0","0","0","0","","0","0","0","22","3","0","01","0","40 02:16.006","","00","76 16:18.567","0","0","0","0","36215","0","0","0","N","0","0","0","4","36215","0","","1","01","N","N","0","","0","0","0","3","2","","2230","0","2","0","0","0","0","0","1","0","2","N","","","","","","","","","","","","03","  ","","",""
"0757","1","0","0","0","0","0","0","0","0","7","0","","36","01","2018","2018014543","7","40.0341","-76.2505","0752","08","0","1","0","0","0","0","0","0","2","0","0","0","07","1","1","02","2","40 02:02.929","4","00","76 15:01.795","3","0","0","0","36215","0","0","0","","0","0","0","1","36215","0","","5","01","N","N","0","","1","0","0","3","2","N","0752","1","1","0","0","0","0","0","1","0","1","N","","","","","","","","","","","","03","  ","","",""
"2259","1","0","0","0","0","0","0","0","0","7","0","","36","01","2018","2018014544","1","39.9802","-76.4625","2248","08","0","0","0","0","1","0","0","0","3","0","0","0","22","2","0","00","2","39 58:48.862","5","00","76 27:44.838","9","0","0","0","36223","0","0","0","","0","0","0","1","36223","0","","5","01","N","N","0","","0","0","0","0","0","Y","2245","0","1","0","0","0","0","1","1","0","1","N","","","","","","","","","","","","03","  ","","",""
"0858","0","0","0","0","0","0","0","0","0","7","0","","36","01","2018","2018014545","3","40.1928","-76.4891","0853","08","0","0","0","0","0","0","0","0","4","0","0","0","08","1","0","00","2","40 11:33.914","6","00","76 29:20.594","0","0","0","0","36230","0","0","0","","0","0","0","1","36410","0","","5","06","N","N","1","","0","0","0","0","0","Y","0847","0","1","0","0","0","0","0","1","0","1","N","","","","","","","","","","","","10","  ","","",""
"1355","0","0","0","0","0","0","0","0","0","0","0","","36","01","2018","2018014667","3","40.0391","-76.5068","1340","08","0","0","0","0","0","0","0","0","","0","0","0","13","1","0","07","0","40 02:20.932","","02","76 30:24.346","0","0","0","0","36404","0","0","0","N","0","0","0","1","36404","0","","7","01","N","N","0","","0","0","1","0","0","","1340","0","2","0","0","0","0","0","3","0","1","N","","","","","","","","","","","","03","  ","","",""
"0909","0","0","0","0","0","0","0","0","0","7","0","","36","02","2018","2018014693","6","40.1696","-76.6026","0903","08","0","0","0","0","0","0","0","0","","0","0","0","09","1","0","00","0","40 10:10.506","","00","76 36:09.201","0","0","0","0","36225","0","0","0","N","0","0","0","1","36505","0","","4","01","N","N","0","","0","0","1","0","0","N","0900","0","1","0","0","0","0","0","2","0","1","N","","","","","","","","","","","","03","  ","","",""
"0742","1","0","0","0","0","0","0","0","0","1","0","","36","01","2018","2018014695","3","40.1795","-76.6004","0738","08","0","0","0","1","0","0","0","0","","0","0","0","07","1","0","07","0","40 10:46.324","","02","76 36:01.450","0","0","0","0","36225","0","0","0","N","0","0","0","2","36505","0","","1","06","N","N","0","","0","0","1","3","4","","0735","0","2","0","0","0","0","0","2","0","2","N","","","","","","","","","","","","10","  ","","",""
"1542","1","0","0","0","0","0","0","0","0","4","0","","36","01","2018","2018014752","1","39.7796","-76.1787","1537","08","1","0","0","0","0","1","0","0","","0","0","0","15","1","0","03","0","39 46:46.482","","00","76 10:43.421","0","0","0","0","36219","0","0","0","","0","0","0","3","68J01","0","","1","01","N","N","1","","0","0","0","0","0","","1532","0","2","0","0","0","0","0","1","0","2","N","","","","","","","","","","","","03","  ","","",""
"2202","3","0","0","0","0","0","0","0","0","4","0","","36","01","2018","2018014762","4","40.2196","-76.2585","2139","08","0","0","0","0","0","2","0","0","","0","0","0","21","2","0","00","0","40 13:10.684","","00","76 15:30.777","0","0","0","0","36217","0","0","0","","0","0","0","5","68J01","0","","1","01","N","N","0","","0","0","0","3","2","","2136","0","3","0","0","0","0","0","1","0","3","N","","","","","","","","","","","","03","  ","","",""
"1633","1","0","0","0","0","0","0","0","0","1","0","","36","01","2018","2018014768","2","39.9208","-76.2475","1627","08","0","0","1","0","0","0","0","0","","0","0","0","16","1","0","00","0","39 55:14.810","","00","76 14:51.044","0","0","0","0","36229","0","0","0","","0","0","0","2","68J01","0","","1","01","N","N","0","","0","0","1","0","0","","1621","0","2","0","0","0","0","0","1","0","2","N","","","","","","","","","","","","03","  ","","",""
"0007","1","0","0","0","0","0","0","0","0","1","0","","36","01","2018","2018014845","3","40.1814","-76.1827","0005","08","0","0","1","0","0","0","0","0","3","0","0","0","00","3","0","00","1","40 10:53.170","4","00","76 10:57.728","0","0","0","0","36408","0","0","0","Y","0","0","0","1","36408","0","","6","01","N","N","0","","0","0","2","0","0","N","0003","0","3","0","0","0","0","0","2","0","3","N","","","","","","","","","","","","03","  ","","",""
"0809","1","0","0","0","0","0","0","0","0","7","0","","36","01","2018","2018014936","4","40.1142","-76.5715","0804","08","0","0","0","0","0","0","0","0","1","0","0","0","08","1","0","00","1","40 06:51.000","5","00","76 34:17.500","0","0","0","0","36211","0","0","0","N","0","0","0","1","36504","0","","4","02","N","N","0","","0","0","0","0","0","Y","0803","0","1","0","0","0","0","0","1","0","1","N","","","","","","","","","","","","03","  ","","",""
"1215","1","0","0","0","0","0","0","0","0","0","0","","36","01","2018","2018014939","2","40.1515","-76.606","1215","08","0","0","0","0","0","0","0","0","","0","0","0","12","1","0","01","0","40 09:05.436","","00","76 36:21.498","0","0","0","0","36407","0","0","0","N","0","0","0","1","36407","0","","1","01","N","N","0","","0","0","0","3","2","","1215","0","1","0","0","0","0","0","2","0","1","N","","","","","","","","","","","","03","  ","","",""
"1217","0","0","0","0","0","0","0","0","0","7","0","","36","01","2018","2018014962","3","40.0808","-76.1011","1209","08","0","0","0","0","0","0","0","0","1","0","0","0","12","1","0","00","2","40 04:51.000","5","00","76 06:04.100","0","0","0","0","36209","0","0","0","N","0","0","0","1","36415","0","","4","02","N","N","1","","0","0","0","0","0","Y","1208","0","1","0","0","0","0","0","1","0","1","N","","","","","","","","","","","","10","  ","","",""
"1611","1","0","0","0","0","0","0","0","0","4","0","","36","02","2018","2018014968","6","40.036","-76.5072","1608","08","0","0","0","0","0","0","0","0","1","0","0","0","16","1","1","01","1","40 02:09.560","2","00","76 30:25.938","3","0","0","0","36404","0","0","0","N","0","0","0","4","36404","0","","1","01","N","N","0","","1","0","0","3","3","N","1606","1","2","0","0","0","0","0","3","1","2","N","","","","","","","","","","","","03","  ","","",""
"1500","1","0","0","0","0","0","0","0","0","4","0","","36","01","2018","2018014977","3","40.158","-76.6126","1453","08","0","0","1","0","0","0","0","0","","0","0","0","14","1","0","02","0","40 09:28.948","","00","76 36:45.360","9","0","0","0","36407","0","0","0","N","0","0","0","2","36505","0","","1","02","N","N","1","","0","0","0","3","3","N","1450","0","2","0","0","0","0","1","2","0","2","N","","","","","","","","","","","","03","  ","","",""
"1335","1","0","0","0","0","0","0","0","0","4","0","","36","02","2018","2018015014","7","40.0388","-76.3129","1319","08","0","0","0","0","0","0","0","0","1","0","0","0","13","1","0","01","1","40 02:19.645","2","00","76 18:46.278","0","0","0","0","36301","0","0","0","N","0","0","0","4","36301","0","","1","01","N","N","0","","0","0","0","3","2","N","1317","0","2","0","0","0","0","0","3","1","2","N","","","","","","","","","","","","03","  ","","",""
"1933","2","0","0","0","0","0","0","0","0","4","0","","36","02","2018","2018015023","6","40.1219","-76.4831","1923","08","0","0","1","0","0","0","0","0","2","0","0","0","19","2","0","01","1","40 07:18.757","3","00","76 28:59.211","0","0","0","0","36230","0","0","0","N","0","0","0","2","36410","0","","1","01","N","N","0","","0","0","0","3","2","N","1920","0","2","0","0","0","0","0","1","0","2","N","","","","","","","","","","","","03","  ","","",""
"2232","1","0","0","0","0","0","0","0","0","7","0","","36","02","2018","2018015106","6","40.2489","-76.2132","2227","08","1","0","0","0","0","0","0","0","3","0","0","0","22","2","0","03","1","40 14:55.939","1","00","76 12:47.638","0","0","0","0","36236","0","0","0","N","0","0","0","1","36408","0","","5","01","N","N","0","","0","0","0","0","0","N","2226","0","1","0","0","0","0","0","1","0","1","N","","","","","","","","","","","","03","  ","","",""
"2051","1","0","0","0","0","0","0","0","0","5","0","","36","02","2018","2018015143","7","40.0343","-76.3158","2041","08","0","0","0","0","0","0","0","0","2","0","0","0","20","3","1","00","2","40 02:03.472","6","00","76 18:57.012","8","0","0","0","36301","0","0","0","N","0","0","0","1","36301","0","","6","01","N","N","0","","0","0","1","0","0","Y","2036","1","2","0","0","0","1","0","3","0","2","N","","","","","","","","","","","","03","  ","","",""
"0517","0","0","0","0","0","0","0","0","0","7","0","","36","01","2018","2018015149","4","40.0926","-76.5593","0509","08","0","0","0","0","0","0","0","0","","0","0","0","05","3","0","02","0","40 05:33.196","","00","76 33:33.474","0","0","0","0","36211","0","0","0","N","0","0","0","1","36504","0","","5","02","N","N","0","","0","0","1","0","0","","0500","0","1","0","0","0","0","0","1","0","1","N","","","","","","","","","","","","10","  ","","",""
"1642","1","0","0","0","0","0","0","0","0","1","0","","36","01","2018","2018015151","4","40.0444","-76.3634","1638","08","0","0","0","0","0","0","0","0","","0","0","0","16","1","0","01","0","40 02:39.964","","00","76 21:48.087","0","0","0","0","36214","0","0","0","N","0","0","0","2","36214","0","","1","09","N","N","0","","0","0","1","3","2","","1638","0","2","0","0","0","0","0","3","0","2","N","","","","","","","","","","","","07","  ","","",""
"0835","1","0","0","0","0","0","1","0","0","4","1","","36","01","2018","2018015278","3","40.0794","-76.512","0811","08","0","0","0","0","0","1","0","0","2","0","0","0","07","1","2","02","1","40 04:45.879","2","00","76 30:43.185","3","0","0","0","36211","0","0","0","N","0","0","0","38","36504","0","","1","07","Y","N","0","","2","0","0","0","0","N","0741","2","2","0","0","0","0","0","1","0","2","N","","","","","","","","","","","","10","  ","","",""
"1037","1","0","0","0","0","0","0","0","0","7","0","","36","02","2018","2018015303","1","40.1645","-76.583","1034","08","0","0","0","0","0","0","0","0","","0","0","0","10","1","0","00","0","40 09:52.114","","00","76 34:58.960","0","0","0","0","36225","0","0","0","N","0","0","0","2","36505","0","","3","06","N","N","0","","0","0","0","0","0","","1030","0","1","0","0","0","0","0","2","0","1","N","","","","","","","","","","","","10","  ","","",""
"1229","2","0","0","0","0","0","0","0","0","4","0","","36","02","2018","2018015335","1","40.0617","-76.3837","1216","08","0","1","0","0","0","0","0","0","","0","0","0","12","1","0","02","0","40 03:42.007","","00","76 23:01.267","0","0","0","0","36214","0","0","0","N","0","0","0","2","36214","0","","1","02","N","N","0","","0","0","0","0","0","","1214","0","2","0","0","0","0","0","3","0","2","N","","","","","","","","","","","","10","  ","","",""
"1327","0","0","0","0","0","0","0","0","0","7","0","","36","02","2018","2018015343","1","40.0618","-76.3472","1319","08","0","0","0","0","0","0","0","0","1","0","0","0","13","1","0","00","1","40 03:42.596","4","00","76 20:49.898","0","0","0","0","36214","0","0","0","Y","0","0","0","4","36214","0","","3","06","N","N","1","","0","0","0","0","0","Y","1315","0","1","0","0","0","0","0","3","0","1","N","","","","","","","","","","","","10","  ","","",""
"1157","0","0","0","0","0","0","0","0","0","7","0","","36","02","2018","2018015348","1","40.0792","-76.3849","1153","08","0","0","0","0","0","0","0","0","2","0","0","0","11","1","0","00","1","40 04:45.000","1","00","76 23:05.600","0","0","0","0","36214","0","0","0","N","0","0","0","1","36214","0","","2","07","N","N","0","","0","0","1","0","0","Y","1152","0","1","0","0","0","0","0","3","0","1","N","","","","","","","","","","","","10","  ","","",""
"1228","1","0","0","0","0","0","0","0","0","7","0","","36","02","2018","2018015351","1","40.0853","-76.0449","1220","08","0","0","1","0","0","0","0","0","4","0","0","0","12","1","0","00","2","40 05:07.100","6","00","76 02:41.700","0","0","0","0","36213","0","0","0","N","0","0","0","1","36213","0","","4","06","N","N","0","","0","0","0","0","0","Y","1212","0","1","0","0","0","0","0","1","0","1","N","","","","","","","","","","","","09","  ","","",""
"1158","1","0","0","0","0","0","0","0","0","7","0","","36","02","2018","2018015356","1","40.0569","-76.4324","1153","08","0","0","1","0","0","0","0","0","","0","0","0","11","1","0","00","0","40 03:25.000","","00","76 25:56.600","0","0","0","0","36239","0","0","0","N","0","0","0","1","36239","0","","4","06","N","N","0","","0","0","0","0","0","","1153","0","1","0","0","0","0","0","3","0","1","N","","","","","","","","","","","","10","  ","","",""
"1246","1","0","0","0","0","0","0","0","0","7","0","","36","02","2018","2018015357","1","40.0731","-76.39","1246","08","0","0","0","0","0","0","0","0","1","0","0","0","12","1","0","00","1","40 04:22.985","1","00","76 23:23.847","0","0","0","0","36214","0","0","0","N","0","0","0","1","36214","0","","2","07","N","N","0","","0","0","0","0","0","N","1244","0","1","0","0","0","0","0","3","0","1","N","","","","","","","","","","","","10","  ","","",""
"1322","1","0","0","0","0","0","0","0","0","1","0","","36","02","2018","2018015362","1","40.2472","-76.0849","1322","08","0","0","0","0","0","1","0","0","","0","0","0","12","1","0","00","0","40 14:50.058","","00","76 05:05.795","0","0","0","0","36210","0","0","0","N","0","0","0","2","36210","0","","1","07","N","N","0","","0","0","1","0","0","","1250","0","2","0","0","0","0","0","1","0","2","N","","","","","","","","","","","","10","  ","","",""
"1321","1","0","0","0","0","0","0","0","0","7","0","","36","02","2018","2018015368","1","40.1744","-76.5959","1253","08","0","0","0","0","1","0","0","0","","0","0","0","12","1","0","00","0","40 10:27.692","","00","76 35:45.103","0","0","0","0","36225","0","0","0","Y","0","0","0","1","36505","0","","3","07","N","N","0","","0","0","0","0","0","N","1250","0","1","0","0","0","0","0","2","0","1","N","","","","","","","","","","","","10","  ","","",""
"1135","1","0","0","0","0","0","0","0","0","7","0","","36","02","2018","2018015375","1","40.0495","-76.4788","1126","08","0","0","0","0","0","0","0","0","","0","0","0","11","1","0","00","0","40 02:58.300","","00","76 28:43.500","0","0","0","0","36239","0","0","0","N","0","0","0","1","36239","0","","4","07","N","N","0","","0","0","0","0","0","","1125","0","1","0","0","0","0","0","3","0","1","N","","","","","","","","","","","","10","  ","","",""
"1232","1","0","0","0","0","0","0","0","0","5","0","","36","02","2018","2018015380","1","40.2035","-76.117","1226","08","1","0","0","0","0","1","0","0","","0","1","0","12","1","0","02","0","40 12:12.623","","00","76 07:01.263","0","0","0","0","36210","0","0","0","N","0","0","0","3","36210","0","","1","07","N","N","0","","0","0","0","3","3","","1220","0","3","0","0","0","0","0","1","1","3","N","","","","","","","","","","","","10","  ","","",""
"0820","0","0","0","0","0","0","1","0","0","8","1","","36","01","2018","2018015392","3","40.0421","-76.3134","0817","08","0","0","0","0","0","0","1","0","1","0","0","0","08","1","1","01","2","40 02:31.437","2","00","76 18:48.380","3","0","0","0","36301","1","0","0","N","1","0","0","3","36301","0","","1","09","Y","N","0","","1","0","0","3","2","Y","0815","1","2","0","0","0","0","0","3","0","1","N","","","","","","","","","","","","10","  ","","",""
"1300","1","0","0","0","0","0","0","0","0","7","0","","36","02","2018","2018015412","1","40.0639","-76.4759","1250","08","0","0","0","0","0","0","0","0","1","0","0","0","12","1","0","02","1","40 03:49.862","6","00","76 28:33.275","0","0","0","0","36239","0","0","0","N","0","0","0","1","36239","0","","4","06","N","N","0","","0","0","0","0","0","N","1241","0","1","0","0","0","0","0","3","0","1","N","","","","","","","","","","","","07","  ","","",""
"1628","1","0","0","0","0","0","0","0","0","7","0","","36","02","2018","2018015415","1","40.0558","-76.468","1621","08","0","0","0","0","0","1","0","0","1","0","0","0","16","1","0","00","2","40 03:20.800","3","00","76 28:04.800","0","0","0","0","36239","0","0","0","N","0","0","0","1","36239","0","","4","09","N","N","0","","0","0","0","0","0","Y","1621","0","1","0","0","0","0","0","3","0","1","N","","","","","","","","","","","","07","  ","","",""