"ARRIVAL_TM","AUTOMOBILE_COUNT","BELTED_DEATH_COUNT","BELTED_SUSP_SERIOUS_INJ_COUNT","BICYCLE_COUNT","BICYCLE_DEATH_COUNT","BICYCLE_SUSP_SERIOUS_INJ_COUNT","BUS_COUNT","CHLDPAS_DEATH_COUNT","CHLDPAS_SUSP_SERIOUS_INJ_COUNT","COLLISION_TYPE","COMM_VEH_COUNT","CONS_ZONE_SPD_LIM","COUNTY","CRASH_MONTH","CRASH_YEAR","CRN","DAY_OF_WEEK","DEC_LAT","DEC_LONG","DISPATCH_TM","DISTRICT","DRIVER_COUNT_16YR","DRIVER_COUNT_17YR","DRIVER_COUNT_18YR","DRIVER_COUNT_19YR","DRIVER_COUNT_20YR","DRIVER_COUNT_50_64YR","DRIVER_COUNT_65_74YR","DRIVER_COUNT_75PLUS","EST_HRS_CLOSED","FATAL_COUNT","HEAVY_TRUCK_COUNT","HORSE_BUGGY_COUNT","HOUR_OF_DAY","ILLUMINATION","INJURY_COUNT","INTERSECT_TYPE","LANE_CLOSED","LATITUDE","LN_CLOSE_DIR","LOCATION_TYPE","LONGITUDE","MAX_SEVERITY_LEVEL","MCYCLE_DEATH_COUNT","MCYCLE_SUSP_SERIOUS_INJ_COUNT","MOTORCYCLE_COUNT","MUNICIPALITY","NONMOTR_COUNT","NONMOTR_DEATH_COUNT","NONMOTR_SUSP_SERIOUS_INJ_COUNT","NTFY_HIWY_MAINT","PED_COUNT","PED_DEATH_COUNT","PED_SUSP_SERIOUS_INJ_COUNT","PERSON_COUNT","POLICE_AGCY","POSSIBLE_INJ_COUNT","RDWY_SURF_TYPE_CD","RELATION_TO_ROAD","ROAD_CONDITION","SCH_BUS_IND","SCH_ZONE_IND","SMALL_TRUCK_COUNT","SPEC_JURIS_CD","SUSP_MINOR_INJ_COUNT","SUSP_SERIOUS_INJ_COUNT","SUV_COUNT","TCD_FUNC_CD","TCD_TYPE","TFC_DETOUR_IND","TIME_OF_DAY","TOT_INJ_COUNT","TOTAL_UNITS","UNB_DEATH_COUNT","UNB_SUSP_SERIOUS_INJ_COUNT","UNBELTED_OCC_COUNT","UNK_INJ_DEG_COUNT","UNK_INJ_PER_COUNT","URBAN_RURAL","VAN_COUNT","VEHICLE_COUNT","WORK_ZONE_IND","WORK_ZONE_LOC","WORK_ZONE_TYPE","WORKERS_PRES","WZ_CLOSE_DETOUR","WZ_FLAGGER","WZ_LAW_OFFCR_IND","WZ_LN_CLOSURE","WZ_MOVING","WZ_OTHER","WZ_SHLDER_MDN","ROADWAY_CLEARED","WEATHER1","WEATHER2","WZ_WORKERS_INJ_KILLED","SECONDARY_CRASH","INTERSECTION_RELATED"
"0103","1","0","0","0","0","0","0","0","0","7","0","","36","01","2018","2018015458","4","40.0852","-76.2137","0103","08","0","0","0","0","0","0","0","0","","0","0","0","01","3","0","00","0","40 05:06.696","","00","76 12:49.206","0","0","0","0","36234","0","0","0","Y","0","0","0","1","36215","0","","2","01","N","N","0","","0","0","0","0","0","","0103","0","1","0","0","0","0","0","1","0","1","N","","","","","","","","","","","","03","  ","","",""
"1520","1","0","0","0","0","0","0","0","0","1","0","","36","02","2018","2018015465","5","40.0258","-76.2098","1517","08","0","0","0","0","0","0","0","0","2","0","0","0","15","1","0","00","2","40 01:32.973","3","00","76 12:35.344","0","0","0","0","36215","0","0","0","N","0","0","0","3","36215","0","","1","01","N","N","0","","0","0","1","0","0","N","1516","0","2","0","0","0","0","0","1","0","2","N","","","","","","","","","","","","03","  ","","",""
"2300","2","0","1","0","0","0","0","0","0","6","0","","36","02","2018","2018015479","1","40.1998","-76.1373","2256","08","0","0","0","1","1","0","0","0","2","0","0","0","22","2","3","00","2","40 11:59.411","5","00","76 08:14.242","2","0","0","0","36210","0","0","0","N","0","0","0","5","36210","0","","1","02","N","N","0","","2","1","0","0","0","Y","2255","3","2","0","0","0","0","0","1","0","2","N","","","","","","","","","","","","09","  ","","",""
"2311","0","0","0","0","0","0","0","0","0","7","0","","36","02","2018","2018015506","1","40.1863","-76.1716","2309","08","0","0","0","0","0","0","0","0","","0","0","0","23","3","0","00","0","40 11:10.500","","00","76 10:17.700","0","0","0","0","36408","0","0","0","N","0","0","0","1","36408","0","","4","02","N","N","0","","0","0","0","0","0","N","2304","0","1","0","0","0","0","0","2","1","1","N","","","","","","","","","","","","98","  ","","",""
"1724","1","0","0","0","0","0","0","0","0","7","0","","36","02","2018","2018015541","1","40.2356","-76.2486","1709","08","0","0","0","0","0","0","0","0","4","0","0","0","17","4","0","00","2","40 14:08.193","6","00","76 14:54.805","0","0","0","0","36204","0","0","0","N","0","0","0","2","36506","0","","4","06","N","N","0","","0","0","0","0","0","Y","1701","0","1","0","0","0","0","0","1","0","1","N","","","","","","","","","","","","07","  ","","",""
"2111","1","0","0","0","0","0","0","0","0","7","0","","36","02","2018","2018015542","1","40.1382","-76.2571","2057","08","0","0","0","0","0","0","0","0","2","0","0","0","20","2","0","00","1","40 08:17.400","1","00","76 15:25.700","0","0","0","0","36235","0","0","0","N","0","0","0","1","36506","0","","4","02","N","N","0","","0","0","0","0","0","N","2057","0","1","0","0","0","0","0","1","0","1","N","","","","","","","","","","","","07","  ","","",""
"2146","1","0","0","0","0","0","0","0","0","7","0","","36","02","2018","2018015543","1","40.1342","-76.3283","2141","08","0","0","0","0","0","0","0","0","2","0","0","0","21","3","0","00","1","40 08:03.172","3","00","76 19:42.017","0","0","0","0","36235","0","0","0","N","0","0","0","1","36506","0","","4","02","N","N","0","","0","0","0","0","0","Y","2141","0","1","0","0","0","0","0","1","0","1","N","","","","","","","","","","","","07","  ","","",""
"2259","1","0","0","0","0","0","0","0","0","0","0","","36","02","2018","2018015544","1","40.1841","-76.3323","2250","08","0","1","0","0","0","0","0","0","2","0","0","0","22","2","0","00","1","40 11:02.600","4","00","76 19:56.200","0","0","0","0","36227","0","0","0","N","0","0","0","1","36506","0","","1","02","N","N","0","","0","0","0","0","0","Y","2250","0","1","0","0","0","0","0","1","0","1","N","","","","","","","","","","","","07","  ","","",""
"0907","1","0","0","0","0","0","0","0","0","5","1","","36","02","2018","2018015633","5","40.2649","-76.1161","0905","08","0","0","0","0","0","1","0","0","3","0","1","0","09","1","0","00","2","40 15:53.800","5","00","76 06:58.100","0","0","0","0","36236","0","0","0","N","0","0","0","1","36408","0","","6","01","N","N","0","","0","0","0","0","0","Y","0902","0","2","0","0","0","0","0","1","0","2","N","","","","","","","","","","","","03","  ","","",""
"0913","2","0","0","0","0","0","0","0","0","1","0","","36","02","2018","2018015639","2","40.1039","-76.4242","0859","08","0","0","0","0","0","0","0","0","2","0","0","0","08","1","1","00","1","40 06:13.905","4","00","76 25:27.173","3","0","0","0","36214","0","0","0","N","0","0","0","2","36214","0","","1","01","N","N","0","","1","0","0","0","0","Y","0855","1","2","0","0","0","0","0","3","0","2","N","","","","","","","","","","","","03","  ","","",""
"0715","1","0","0","0","0","0","0","0","0","4","0","","36","02","2018","2018015640","2","40.0392","-76.3533","0709","08","0","0","0","0","0","0","0","0","2","0","0","0","07","1","1","01","1","40 02:20.991","2","00","76 21:12.034","3","0","0","0","36214","0","0","0","N","0","0","0","2","36214","0","","1","02","N","N","1","","1","0","0","3","3","N","0705","1","2","0","0","0","0","0","3","0","2","N","","","","","","","","","","","","03","  ","","",""
"1803","2","0","0","0","0","0","0","0","0","7","0","","36","02","2018","2018015668","1","40.0735","-76.3315","1757","08","0","0","0","0","0","0","0","0","2","0","0","0","17","3","0","00","1","40 04:24.431","3","00","76 19:53.297","0","0","0","0","36101","0","0","0","N","0","0","0","2","36101","0","","3","09","N","N","0","","0","0","0","0","0","N","1755","0","2","0","0","0","0","0","3","0","2","N","","","","","","","","","","","","07","  ","","",""
"0617","2","0","0","0","0","0","0","0","0","1","0","","36","01","2018","2018015669","4","40.1329","-76.3811","0557","08","0","0","0","0","0","1","0","0","2","0","0","0","05","2","0","00","2","40 07:58.593","2","07","76 22:51.799","0","0","0","0","36227","0","0","0","N","0","0","0","4","36506","0","","1","01","N","N","0","","0","0","0","0","0","N","0557","0","2","0","0","0","0","0","1","0","2","N","","","","","","","","","","","","03","  ","","",""
"1550","1","0","0","0","0","0","0","0","0","7","0","","36","02","2018","2018015670","1","40.1531","-76.2577","1544","08","0","0","0","0","0","0","0","0","","0","0","0","15","1","0","00","0","40 09:11.197","","00","76 15:27.728","0","0","0","0","36235","0","0","0","N","0","0","0","1","36506","0","","2","06","N","N","0","","0","0","0","0","0","","1538","0","1","0","0","0","0","0","1","0","1","N","","","","","","","","","","","","10","  ","","",""
"2215","0","0","0","0","0","0","0","0","0","7","0","","36","02","2018","2018015671","1","40.1396","-76.3533","2210","08","0","0","0","0","0","0","0","0","","0","0","0","22","2","0","00","0","40 08:22.593","","00","76 21:11.990","0","0","0","0","36227","0","0","0","N","0","0","0","3","36506","0","","4","02","N","N","0","","0","0","1","0","0","","2205","0","1","0","0","0","0","0","1","0","1","N","","","","","","","","","","","","07","  ","","",""
"0946","2","0","0","0","0","0","0","0","0","1","0","","36","02","2018","2018015743","2","40.0457","-76.2911","0936","08","0","0","1","0","0","0","0","0","","0","0","0","09","1","1","00","0","40 02:44.600","","00","76 17:27.900","8","0","0","0","36301","0","0","0","N","0","0","0","2","36301","0","","1","02","N","N","0","","0","0","0","0","0","","0933","1","2","0","0","0","1","0","3","0","2","N","","","","","","","","","","","","03","  ","","",""
"1231","1","0","0","0","0","0","0","0","0","7","0","","36","02","2018","2018015760","1","40.1819","-76.5286","1231","08","0","0","0","0","1","0","0","0","","0","0","0","12","1","0","00","0","40 10:54.986","","00","76 31:42.870","0","0","0","0","36225","0","0","0","Y","0","0","0","1","36505","0","","4","07","N","N","0","","0","0","0","0","0","N","1220","0","1","0","0","0","0","0","2","0","1","N","","","","","","","","","","","","07","  ","","",""
"1109","1","0","0","0","0","0","0","0","0","7","0","","36","02","2018","2018015845","1","39.9896","-75.9969","1105","08","0","0","0","1","0","0","0","0","","0","0","0","11","1","0","00","0","39 59:22.616","","00","75 59:49.002","0","0","0","0","36232","0","0","0","","0","0","0","1","68J01","0","","4","06","N","N","0","","0","0","0","0","0","","1103","0","1","0","0","0","0","0","1","0","1","N","","","","","","","","","","","","10","  ","","",""
"2052","0","0","0","0","0","0","0","0","0","7","0","","36","02","2018","2018015864","1","39.9281","-76.3791","2037","08","0","0","0","0","0","0","0","0","","0","0","0","20","2","0","00","0","39 55:41.200","","00","76 22:44.850","0","0","0","0","36206","0","0","0","","0","0","0","1","68J01","0","","4","02","N","N","0","","0","0","1","0","0","","2030","0","1","0","0","0","0","0","1","0","1","N","","","","","","","","","","","","07","05","","",""
"1928","1","0","0","1","0","0","0","0","0","4","0","","36","01","2018","2018015919","5","40.0264","-76.3285","1925","08","0","0","0","0","0","0","0","0","","0","0","0","19","3","1","00","0","40 01:34.987","","07","76 19:42.591","3","0","0","0","36220","1","0","0","N","0","0","0","2","36101","0","","2","01","N","N","0","","1","0","0","0","0","","1924","1","2","0","0","0","0","0","3","0","1","N","","","","","","","","","","","","03","  ","","",""
"1756","2","0","0","0","0","0","0","0","0","1","0","","36","01","2018","2018015920","2","40.0671","-76.2717","1751","08","0","0","0","0","0","3","0","0","2","0","0","0","17","3","3","02","2","40 04:01.411","4","00","76 16:18.054","4","0","0","0","36101","0","0","0","N","0","0","0","5","36101","3","","1","01","N","N","1","","0","0","0","0","0","Y","1747","3","3","0","0","0","0","0","3","0","3","N","","","","","","","","","","","","03","  ","","",""
"1422","1","0","0","0","0","0","0","0","0","1","1","","36","01","2018","2018015921","4","40.0537","-76.3078","1422","08","0","0","0","0","1","0","1","0","2","0","1","0","14","1","1","02","1","40 03:13.446","4","00","76 18:28.097","4","0","0","0","36101","0","0","0","N","0","0","0","2","36101","1","","1","01","N","N","0","","0","0","0","0","0","N","1422","1","2","0","0","0","0","0","3","0","2","N","","","","","","","","","","","","03","  ","","",""
"0944","1","0","0","0","0","0","0","0","0","4","0","","36","02","2018","2018015922","5","40.0705","-76.3177","0933","08","0","0","0","0","0","1","0","0","2","0","0","0","09","1","1","00","1","40 04:13.939","4","00","76 19:03.692","4","0","0","0","36101","0","0","0","","0","0","0","5","36101","1","","1","01","N","N","0","","0","0","1","0","0","N","0930","1","3","0","0","0","0","0","3","1","3","N","","","","","","","","","","","","03","  ","","",""
"1635","1","0","0","0","0","0","0","0","0","4","0","","36","02","2018","2018015923","5","40.0792","-76.3465","1612","08","0","0","0","0","0","0","0","0","","0","0","0","16","4","1","02","0","40 04:44.965","","02","76 20:47.372","4","0","0","0","36101","0","0","0","N","0","0","0","2","36101","1","","1","01","N","N","0","","0","0","1","3","3","","1608","1","2","0","0","0","0","0","3","0","2","N","","","","","","","","","","","","03","  ","","",""
"0807","3","0","0","0","0","0","0","0","0","1","0","","36","02","2018","2018015924","6","40.0769","-76.284","0757","08","0","0","0","0","0","1","0","0","1","0","0","0","07","1","1","00","1","40 04:36.961","2","00","76 17:02.285","4","0","0","0","36101","0","0","0","","0","0","0","3","36101","1","","1","01","N","N","0","","0","0","0","0","0","N","0752","1","3","0","0","0","0","0","3","0","3","N","","","","","","","","","","","","03","  ","","",""
"1618","1","0","0","0","0","0","0","0","0","7","0","","36","02","2018","2018015925","5","40.0319","-76.343","1614","08","0","0","0","0","0","0","0","0","1","0","0","0","16","1","0","00","1","40 01:54.900","1","00","76 20:34.800","0","0","0","0","36223","0","0","0","N","0","0","0","2","36223","0","","2","01","N","N","0","","0","0","0","0","0","N","1612","0","1","0","0","0","0","0","1","0","1","N","","","","","","","","","","","","03","  ","","",""
"1226","0","0","0","0","0","0","0","0","0","6","0","","36","02","2018","2018015926","6","40.023","-76.3703","1224","08","0","0","0","0","0","1","0","0","2","0","0","0","12","1","1","00","2","40 01:22.970","6","00","76 22:12.930","8","0","0","0","36223","0","0","0","N","0","0","0","7","36223","0","","1","01","N","N","0","","0","0","3","0","0","Y","1220","1","3","0","0","0","1","0","1","0","3","N","","","","","","","","","","","","03","  ","","",""
"2156","0","0","0","0","0","0","0","0","0","7","0","","36","02","2018","2018016042","1","40.1878","-76.5845","2147","08","0","0","0","0","0","0","0","0","1","0","0","0","21","2","0","00","1","40 11:16.090","2","00","76 35:04.293","0","0","0","0","36225","0","0","0","N","0","0","0","1","36505","0","","4","02","N","N","0","","0","0","0","0","0","N","2146","0","1","0","0","0","0","0","2","1","1","N","","","","","","","","","","","","10","  ","","",""
"0421","1","0","0","0","0","0","0","0","0","2","0","","36","02","2018","2018016066","1","40.0974","-76.1039","0416","08","0","0","0","0","0","0","0","0","2","0","0","0","04","3","1","00","1","40 05:50.740","4","00","76 06:14.037","3","0","0","0","36415","0","0","0","N","0","0","0","1","36415","0","","6","01","N","N","1","","1","0","0","0","0","Y","0416","1","2","0","0","0","0","0","1","0","2","N","","","","","","","","","","","","03","  ","","",""
"0533","2","0","0","0","0","0","0","0","0","7","0","","36","02","2018","2018016091","2","40.2045","-76.1178","0526","08","0","0","0","0","0","1","0","0","2","0","0","0","05","2","0","00","1","40 12:16.296","1","00","76 07:03.999","0","0","0","0","36210","0","0","0","N","0","0","0","3","36210","0","","2","02","N","N","1","","0","0","0","0","0","N","0523","0","3","0","0","0","0","0","1","0","3","N","","","","","","","","","","","","09","  ","","",""
"2033","1","0","0","0","0","0","0","0","0","7","0","","36","02","2018","2018016192","5","40.0658","-76.307","2027","08","0","0","0","0","0","0","0","0","2","0","0","0","20","3","0","00","1","40 03:56.976","2","00","76 18:25.242","0","0","0","0","36101","0","0","0","","0","0","0","1","36101","0","","4","09","N","N","0","","0","0","0","0","0","N","2025","0","1","0","0","0","0","0","3","0","1","N","","","","","","","","","","","","07","  ","","",""
"2237","1","0","0","0","0","0","0","0","0","4","0","","36","02","2018","2018016193","5","40.077","-76.3088","2236","08","0","0","1","1","0","0","0","0","2","0","0","0","22","2","0","01","1","40 04:37.166","2","00","76 18:31.699","0","0","0","0","36101","0","0","0","","0","0","0","2","36101","0","","1","09","N","N","1","","0","0","0","3","2","N","2234","0","2","0","0","0","0","0","3","0","2","N","","","","","","","","","","","","07","  ","","",""
"2246","1","0","0","0","0","0","0","0","0","6","0","","36","02","2018","2018016194","6","40.039","-76.3594","2245","08","0","0","0","0","0","0","1","0","","0","0","0","22","3","1","00","0","40 02:20.244","","00","76 21:33.965","4","0","0","0","36214","0","0","0","N","0","0","0","1","36214","1","","4","01","N","N","0","","0","0","1","0","0","","2240","1","2","0","0","0","0","0","3","0","2","N","","","","","","","","","","","","03","  ","","",""
"2316","2","0","0","0","0","0","0","0","0","4","0","","36","01","2018","2018016195","4","40.0378","-76.2707","2311","08","0","0","0","1","0","0","0","0","1","0","0","0","23","3","0","01","1","40 02:16.225","6","00","76 16:14.692","0","0","0","0","36215","0","0","0","","0","0","0","3","36215","0","","1","01","N","N","0","","0","0","0","3","2","N","2310","0","2","0","0","2","0","0","1","0","2","N","","","","","","","","","","","","03","  ","","",""
"2203","1","0","0","0","0","0","0","0","0","9","0","","36","01","2018","2018016196","5","40.0496","-76.2652","2153","08","0","0","0","0","0","1","0","0","1","0","0","0","21","2","0","00","1","40 02:58.402","2","00","76 15:54.665","0","0","0","0","36215","0","0","0","N","0","0","0","1","36215","0","","1","01","N","N","0","","0","0","0","0","0","N","2151","0","1","0","0","0","0","0","1","0","1","N","","","","","","","","","","","","03","  ","","",""
"1657","1","0","0","0","0","0","0","0","0","7","0","","36","02","2018","2018016197","6","40.0127","-76.1431","1636","08","0","0","0","0","0","0","0","0","2","0","0","0","16","1","2","00","2","40 00:45.690","3","00","76 08:35.268","3","0","0","0","36215","0","0","0","","0","0","0","2","36215","0","","5","01","N","N","0","","1","0","0","0","0","N","1636","2","1","0","0","0","1","0","1","0","1","N","","","","","","","","","","","","03","  ","","",""
"0642","0","0","0","0","0","0","0","0","0","7","0","","36","02","2018","2018016248","3","40.0434","-76.4231","0638","08","0","0","0","0","0","0","0","0","1","0","0","0","06","5","1","00","1","40 02:36.299","1","00","76 25:23.109","8","0","0","0","36239","0","0","0","N","0","0","0","1","36239","0","","4","01","N","N","0","","0","0","1","0","0","N","0638","1","1","0","0","0","1","0","3","0","1","N","","","","","","","","","","","","03","  ","","",""
"0857","1","0","1","0","0","0","0","0","0","4","0","","36","02","2018","2018016287","3","40.2291","-76.069","0852","08","0","0","0","0","0","1","0","0","2","0","0","0","08","1","1","02","1","40 13:44.725","4","00","76 04:08.567","2","0","0","0","36210","0","0","0","N","0","0","0","3","36210","0","","1","01","N","N","1","","0","1","0","0","0","N","0848","1","2","0","0","0","0","0","1","0","2","N","","","","","","","","","","","","03","  ","","",""
"1350","1","0","0","0","0","0","0","0","0","8","0","","36","01","2018","2018016318","4","40.0309","-76.3209","1350","08","0","0","0","0","0","0","0","0","","0","0","0","13","1","1","01","0","40 01:51.342","","00","76 19:15.277","3","0","0","0","36301","1","0","0","N","1","0","0","2","36301","0","","1","01","N","Y","0","","1","0","0","3","2","","1300","1","2","0","0","0","0","1","3","0","1","N","","","","","","","","","","","","03","  ","","",""
"0540","0","0","0","0","0","0","0","0","0","7","0","","36","01","2018","2018016411","3","40.2236","-76.0669","0521","08","0","0","0","0","0","1","0","0","3","0","0","0","05","2","0","00","1","40 13:25.112","5","00","76 04:00.779","0","0","0","0","36202","0","0","0","","0","0","0","1","68J01","0","","4","01","N","N","1","","0","0","0","0","0","N","0515","0","1","0","0","0","0","0","1","0","1","N","","","","","","","","","","","","03","  ","","",""
"1722","1","0","0","0","0","0","0","0","0","1","0","","36","02","2018","2018016453","3","40.142","-76.1998","1702","08","0","0","0","0","0","1","0","0","2","0","0","0","17","1","0","00","1","40 08:31.030","2","00","76 11:59.232","0","0","0","0","36238","0","0","0","N","0","0","0","2","36238","0","","1","01","N","N","0","","0","0","1","0","0","Y","1702","0","2","0","0","0","0","0","3","0","2","N","","","","","","","","","","","","03","  ","","",""
"1718","0","0","0","0","0","0","0","0","0","7","0","","36","01","2018","2018016490","4","39.9276","-76.0703","1700","08","0","0","0","0","0","0","0","0","2","0","0","0","16","4","0","00","2","39 55:39.381","5","00","76 04:13.074","0","0","0","0","36201","0","0","0","","0","0","0","2","68J01","0","","5","01","N","N","0","","0","0","0","0","0","Y","1659","0","1","0","0","0","0","0","1","1","1","N","","","","","","","","","","","","03","  ","","",""
"1655","0","0","0","0","0","0","0","0","0","7","0","","36","02","2018","2018016550","1","39.8844","-76.3123","1628","08","0","0","0","0","0","0","0","0","","0","0","0","15","1","0","00","0","39 53:03.955","","00","76 18:44.227","0","0","0","0","36224","0","0","0","","0","0","0","1","68J01","0","","4","02","N","N","1","","0","0","0","0","0","","1555","0","1","0","0","0","0","0","1","0","1","N","","","","","","","","","","","","07","05","","",""
"2328","0","0","0","0","0","0","0","0","0","7","1","","36","02","2018","2018016570","1","40.1961","-76.3038","2238","08","0","0","0","0","0","0","0","0","3","0","1","0","22","2","0","00","2","40 11:45.985","5","00","76 18:13.838","0","0","0","0","36217","0","0","0","","0","0","0","1","68J01","0","","4","02","N","N","0","","0","0","0","0","0","Y","2200","0","1","0","0","0","0","0","1","0","1","N","","","","","","","","","","","","07","  ","","",""
"2344","1","0","0","0","0","0","0","0","0","7","0","","36","02","2018","2018016572","1","39.8524","-76.3169","2322","08","0","1","0","0","0","0","0","0","","0","0","0","23","3","0","00","0","39 51:08.576","","00","76 19:00.890","0","0","0","0","36224","0","0","0","","0","0","0","1","68J01","0","","4","02","N","N","0","","0","0","0","0","0","","2311","0","1","0","0","0","0","0","1","0","1","N","","","","","","","","","","","","98","  ","","",""
"0342","1","0","0","0","0","0","0","0","0","7","0","","36","02","2018","2018016663","3","40.0632","-76.5201","0338","08","0","0","0","0","0","0","0","0","2","0","0","0","03","2","0","01","1","40 03:47.578","5","00","76 31:12.453","0","0","0","0","36211","0","0","0","N","0","0","0","1","36504","0","","5","01","N","N","0","","0","0","0","3","3","Y","0336","0","1","0","0","0","0","0","1","0","1","N","","","","","","","","","","","","03","  ","","",""
"1212","1","0","0","0","0","0","0","0","0","9","0","","36","01","2018","2018016719","7","40.0613","-76.5072","1212","08","0","0","0","0","0","0","0","0","","0","0","0","23","2","0","00","0","40 03:40.814","","00","76 30:25.883","0","0","0","0","36239","0","0","0","N","0","0","0","3","36239","0","","1","01","N","N","0","","0","0","0","0","0","","2355","0","1","0","0","0","0","0","3","0","1","N","","","","","","","","","","","","03","  ","","",""
"1320","1","0","0","0","0","0","0","0","0","7","0","","36","02","2018","2018016778","1","40.2342","-76.3152","1315","08","0","0","0","0","0","1","0","0","","0","0","0","12","1","0","00","0","40 14:03.485","","00","76 18:53.140","0","0","0","0","36217","0","0","0","","0","0","0","1","68T06","0","","5","07","N","N","0","","0","0","0","0","0","","1229","0","1","0","0","0","0","0","1","0","1","N","","","","","","","","","","","","10","  ","","",""
"1335","0","0","0","0","0","0","0","0","0","7","0","","36","02","2018","2018016780","1","40.2091","-76.0245","1330","08","1","0","0","0","0","0","0","0","","0","0","0","13","1","1","00","0","40 12:33.282","","00","76 01:29.725","8","0","0","0","36202","0","0","0","","0","0","0","2","68T06","0","","2","02","N","N","0","","0","0","1","0","0","","1330","1","1","0","0","0","1","0","1","0","1","N","","","","","","","","","","","","10","  ","","",""
"1355","2","0","0","0","0","0","0","0","0","7","0","","36","02","2018","2018016781","1","40.224","-76.0971","1334","08","0","0","0","0","0","0","0","0","","0","0","0","13","1","0","00","0","40 13:26.838","","00","76 05:51.145","0","0","0","0","36210","0","0","0","","0","0","0","2","68T06","0","","4","06","N","N","0","","0","0","0","0","0","","1334","0","2","0","0","0","0","0","1","0","2","N","","","","","","","","","","","","10","  ","","",""
"1408","1","0","0","0","0","0","0","0","0","7","0","","36","02","2018","2018016782","1","40.2455","-76.18","1353","08","0","0","0","0","0","0","0","0","","0","0","0","13","1","0","00","0","40 14:43.674","","00","76 10:47.594","0","0","0","0","36236","0","0","0","","0","0","0","1","68T06","0","","5","06","N","N","0","","0","0","0","0","0","","1353","0","1","0","0","0","0","0","1","0","1","N","","","","","","","","","","","","10","  ","","",""
"1545","1","0","0","0","0","0","0","0","0","7","0","","36","02","2018","2018016786","1","40.2283","-76.4621","1535","08","0","0","0","0","0","0","0","0","","0","0","0","15","1","0","00","0","40 13:41.661","","00","76 27:46.024","0","0","0","0","36230","0","0","0","","0","0","0","1","68T06","0","","4","06","N","N","0","","0","0","0","0","0","","1535","0","1","0","0","0","0","0","1","0","1","N","","","","","","","","","","","","09","  ","","",""
"1110","1","0","0","0","0","0","0","0","0","1","2","","36","01","2018","2018016807","3","40.1948","-76.0058","1051","08","0","0","0","0","0","1","0","0","1","0","1","0","10","1","0","00","1","40 11:39.707","4","00","76 00:19.582","0","0","0","0","36202","0","0","0","","0","0","0","3","68T06","0","","1","09","N","N","1","","0","0","0","0","0","N","1050","0","4","0","0","0","0","0","1","0","3","N","","","","","","","","","","","","03","  ","","",""
"1050","0","0","0","0","0","0","0","0","0","1","1","","36","02","2018","2018016817","2","40.0142","-76.151","1037","08","0","0","0","0","0","0","0","0","3","0","1","0","10","1","0","00","1","40 00:51.208","4","00","76 09:03.546","0","0","0","0","36215","0","0","0","","0","0","0","4","36215","0","","1","01","N","N","0","","0","0","2","0","0","N","1037","0","3","0","0","0","0","0","1","0","3","N","","","","","","","","","","","","03","  ","","",""
"1234","1","0","0","0","0","0","0","0","0","1","1","","36","02","2018","2018016849","1","40.2442","-76.231","1234","08","0","0","0","0","0","2","0","0","","0","1","0","99","1","0","00","0","40 14:39.078","","00","76 13:51.515","0","0","0","0","36204","0","0","0","N","0","0","0","2","68T06","0","","1","06","N","N","0","","0","0","0","0","0","","9999","0","2","0","0","0","0","0","1","0","2","N","","","","","","","","","","","","10","  ","","",""
"0819","0","0","0","0","0","0","0","0","0","4","1","","36","02","2018","2018016908","4","40.1139","-76.3863","0811","08","0","0","0","0","0","1","0","0","","0","1","0","08","1","0","01","0","40 06:50.151","","00","76 23:10.518","0","0","0","0","36214","0","0","0","N","0","0","0","3","36214","0","","1","06","N","N","0","","0","0","1","3","3","","0810","0","2","0","0","0","0","0","3","0","2","N","","","","","","","","","","","","10","  ","","",""
"0157","0","0","0","0","0","0","0","0","0","7","0","","36","02","2018","2018016909","2","40.1441","-76.5563","0141","08","0","0","0","0","0","0","0","0","","0","0","0","01","3","1","00","0","40 08:38.594","","03","76 33:22.620","3","0","0","0","36225","0","0","0","Y","0","0","0","1","36505","0","","3","02","N","N","0","","1","0","1","0","0","","0141","1","1","0","0","0","0","0","2","0","1","N","","","","","","","","","","","","03","  ","","",""
"0826","1","0","0","0","0","0","0","0","0","7","0","","36","02","2018","2018016921","4","40.2058","-76.1167","0819","08","0","0","0","1","0","0","0","0","","0","0","0","08","1","0","00","0","40 12:20.716","","00","76 07:00.077","0","0","0","0","36210","0","0","0","Y","0","0","0","1","36210","0","","3","07","N","N","0","","0","0","0","0","0","","0815","0","1","0","0","0","0","0","1","0","1","N","","","","","","","","","","","","10","  ","","",""
"1003","0","0","0","0","0","0","0","0","0","7","0","","36","02","2018","2018016956","4","40.151","-76.4115","1003","08","0","0","0","0","0","1","0","0","","0","0","0","10","1","0","00","0","40 09:03.589","","00","76 24:41.426","0","0","0","0","36230","0","0","0","Y","0","0","0","2","36410","0","","2","06","N","N","0","","0","0","0","0","0","","1003","0","1","0","0","0","0","0","1","1","1","N","","","","","","","","","","","","10","  ","","",""
"1757","1","0","0","0","0","0","0","0","0","7","0","","36","02","2018","2018016960","4","40.1469","-76.603","0754","08","0","0","0","0","1","0","0","0","","0","0","0","07","1","1","01","0","40 08:48.953","","00","76 36:10.703","4","0","0","0","36407","0","0","0","N","0","0","0","1","36407","1","","4","07","N","N","0","","0","0","0","3","2","","0752","1","1","0","0","0","0","0","2","0","1","N","","","","","","","","","","","","10","  ","","",""