"ARRIVAL_TM","AUTOMOBILE_COUNT","BELTED_DEATH_COUNT","BELTED_SUSP_SERIOUS_INJ_COUNT","BICYCLE_COUNT","BICYCLE_DEATH_COUNT","BICYCLE_SUSP_SERIOUS_INJ_COUNT","BUS_COUNT","CHLDPAS_DEATH_COUNT","CHLDPAS_SUSP_SERIOUS_INJ_COUNT","COLLISION_TYPE","COMM_VEH_COUNT","CONS_ZONE_SPD_LIM","COUNTY","CRASH_MONTH","CRASH_YEAR","CRN","DAY_OF_WEEK","DEC_LAT","DEC_LONG","DISPATCH_TM","DISTRICT","DRIVER_COUNT_16YR","DRIVER_COUNT_17YR","DRIVER_COUNT_18YR","DRIVER_COUNT_19YR","DRIVER_COUNT_20YR","DRIVER_COUNT_50_64YR","DRIVER_COUNT_65_74YR","DRIVER_COUNT_75PLUS","EST_HRS_CLOSED","FATAL_COUNT","HEAVY_TRUCK_COUNT","HORSE_BUGGY_COUNT","HOUR_OF_DAY","ILLUMINATION","INJURY_COUNT","INTERSECT_TYPE","LANE_CLOSED","LATITUDE","LN_CLOSE_DIR","LOCATION_TYPE","LONGITUDE","MAX_SEVERITY_LEVEL","MCYCLE_DEATH_COUNT","MCYCLE_SUSP_SERIOUS_INJ_COUNT","MOTORCYCLE_COUNT","MUNICIPALITY","NONMOTR_COUNT","NONMOTR_DEATH_COUNT","NONMOTR_SUSP_SERIOUS_INJ_COUNT","NTFY_HIWY_MAINT","PED_COUNT","PED_DEATH_COUNT","PED_SUSP_SERIOUS_INJ_COUNT","PERSON_COUNT","POLICE_AGCY","POSSIBLE_INJ_COUNT","RDWY_SURF_TYPE_CD","RELATION_TO_ROAD","ROAD_CONDITION","SCH_BUS_IND","SCH_ZONE_IND","SMALL_TRUCK_COUNT","SPEC_JURIS_CD","SUSP_MINOR_INJ_COUNT","SUSP_SERIOUS_INJ_COUNT","SUV_COUNT","TCD_FUNC_CD","TCD_TYPE","TFC_DETOUR_IND","TIME_OF_DAY","TOT_INJ_COUNT","TOTAL_UNITS","UNB_DEATH_COUNT","UNB_SUSP_SERIOUS_INJ_COUNT","UNBELTED_OCC_COUNT","UNK_INJ_DEG_COUNT","UNK_INJ_PER_COUNT","URBAN_RURAL","VAN_COUNT","VEHICLE_COUNT","WORK_ZONE_IND","WORK_ZONE_LOC","WORK_ZONE_TYPE","WORKERS_PRES","WZ_CLOSE_DETOUR","WZ_FLAGGER","WZ_LAW_OFFCR_IND","WZ_LN_CLOSURE","WZ_MOVING","WZ_OTHER","WZ_SHLDER_MDN","ROADWAY_CLEARED","WEATHER1","WEATHER2","WZ_WORKERS_INJ_KILLED","SECONDARY_CRASH","INTERSECTION_RELATED"
"1247","0","0","0","0","0","0","0","0","0","8","0","","36","02","2018","2018016969","1","40.2503","-76.0854","1240","08","0","0","0","0","0","0","0","0","3","0","0","0","12","1","2","00","2","40 15:01.097","6","00","76 05:07.600","2","0","0","0","36210","2","0","2","N","2","0","2","10","36210","0","","2","07","N","N","0","","0","2","0","0","0","Y","1234","2","3","0","0","0","0","0","1","1","1","N","","","","","","","","","","","","10","  ","","",""
"0852","1","0","0","0","0","0","0","0","0","7","0","","36","02","2018","2018017014","4","40.2059","-76.116","0832","08","0","0","0","0","0","0","0","0","","0","0","0","08","1","0","00","0","40 12:21.289","","00","76 06:57.514","0","0","0","0","36210","0","0","0","Y","0","0","0","1","36210","0","","3","07","N","N","0","","0","0","0","0","0","","0825","0","1","0","0","0","0","0","1","0","1","N","","","","","","","","","","","","10","  ","","",""
"1611","2","0","0","0","0","0","0","0","0","1","0","","36","02","2018","2018017096","3","40.1312","-76.5638","1610","08","0","0","1","0","0","0","0","0","1","0","0","0","16","1","0","01","1","40 07:52.429","1","00","76 33:49.559","0","0","0","0","36225","0","0","0","N","0","0","0","2","36505","0","","1","01","N","N","0","","0","0","0","3","2","N","1608","0","2","0","0","0","0","0","2","0","2","N","","","","","","","","","","","","03","  ","","",""
"0816","0","0","0","0","0","0","0","0","0","5","0","","36","02","2018","2018017107","4","40.165","-76.5838","0814","08","0","0","0","0","0","0","0","0","","0","0","0","08","1","0","00","0","40 09:54.168","","00","76 35:01.613","0","0","0","0","36225","0","0","0","N","0","0","0","2","36505","0","","1","06","N","N","0","","0","0","1","0","0","","0810","0","2","0","0","0","0","0","2","1","2","N","","","","","","","","","","","","09","  ","","",""
"0738","1","0","0","0","0","0","0","0","0","7","0","","36","02","2018","2018017182","4","40.2123","-76.0544","0737","08","0","0","0","0","0","0","0","0","","0","0","0","07","1","1","00","0","40 12:44.230","","00","76 03:15.067","3","0","0","0","36202","0","0","0","","0","0","0","1","68T06","0","","2","06","N","N","0","","1","0","0","0","0","","0736","1","1","0","0","0","0","0","1","0","1","N","","","","","","","","","","","","10","  ","","",""
"0850","1","0","0","0","0","0","0","0","0","7","0","","36","02","2018","2018017186","4","40.212","-76.0526","0849","08","0","0","0","0","0","1","0","0","","0","0","0","08","1","0","00","0","40 12:43.101","","00","76 03:09.193","0","0","0","0","36202","0","0","0","","0","0","0","1","68T06","0","","3","06","N","N","0","","0","0","0","0","0","","0848","0","1","0","0","0","0","0","1","0","1","N","","","","","","","","","","","","07","  ","","",""
"2300","1","0","0","0","0","0","0","0","0","1","0","","36","02","2018","2018017303","1","40.0431","-76.3087","2255","08","0","0","0","0","0","0","0","0","","0","0","0","22","3","0","00","0","40 02:35.129","","00","76 18:31.406","0","0","0","0","36301","0","0","0","N","0","0","0","1","36301","0","","6","02","N","N","0","","0","0","2","0","0","","2255","0","3","0","0","0","0","0","3","0","3","N","","","","","","","","","","","","07","  ","","",""
"0330","1","0","0","0","0","0","0","0","0","5","0","","36","02","2018","2018017310","2","40.039","-76.2964","0322","08","0","0","0","0","0","0","0","0","","0","0","0","03","3","0","00","0","40 02:20.360","","00","76 17:47.088","0","0","0","0","36301","0","0","0","N","0","0","0","1","36301","0","","6","02","N","N","1","","0","0","1","0","0","","0322","0","3","0","0","0","0","0","3","0","3","N","","","","","","","","","","","","07","  ","","",""
"1149","0","0","0","0","0","0","0","0","0","2","0","","36","02","2018","2018017325","1","39.9663","-76.2972","1149","08","0","0","0","0","0","1","0","0","2","0","0","0","11","1","5","00","2","39 57:58.809","6","00","76 17:50.065","8","0","0","0","36228","0","0","0","N","0","0","0","5","36503","0","","1","02","N","N","0","","0","0","2","0","0","Y","1149","5","2","0","0","0","5","0","1","0","2","N","","","","","","","","","","","","09","  ","","",""
"2205","1","0","0","0","0","0","0","0","0","7","0","","36","02","2018","2018017327","1","40.0591","-76.4629","2200","08","0","1","0","0","0","0","0","0","2","0","0","0","22","2","0","02","2","40 03:32.814","6","00","76 27:46.398","0","0","0","0","36239","0","0","0","N","0","0","0","1","36239","0","","4","06","N","N","0","","0","0","0","0","0","Y","2200","0","1","0","0","0","0","0","3","0","1","N","","","","","","","","","","","","10","  ","","",""
"2116","1","0","0","0","0","0","0","0","0","4","0","","36","02","2018","2018017350","7","40.0303","-76.3172","2113","08","0","0","0","0","0","0","0","0","2","0","0","0","21","3","2","01","2","40 01:49.227","2","00","76 19:01.952","3","0","0","0","36301","0","0","0","N","0","0","0","3","36301","1","","1","01","N","N","0","","1","0","0","3","3","Y","2113","2","2","0","0","0","0","0","3","1","2","N","","","","","","","","","","","","03","  ","","",""
"0748","2","0","0","0","0","0","0","0","0","4","0","","36","01","2018","2018017398","4","40.0499","-76.2435","0743","08","0","0","0","0","0","1","0","0","","0","0","0","07","1","1","01","0","40 02:59.726","","00","76 14:36.434","4","0","0","0","36215","0","0","0","N","0","0","0","2","36215","1","","1","01","N","N","0","","0","0","0","3","3","","0741","1","2","0","0","0","0","0","1","0","2","N","","","","","","","","","","","","03","  ","","",""
"0732","3","0","0","0","0","0","0","0","0","5","0","","36","02","2018","2018017399","1","40.038","-76.3086","0730","08","0","0","0","0","0","0","0","0","3","0","0","0","07","1","0","00","2","40 02:16.720","7","00","76 18:30.800","0","0","0","0","36301","0","0","0","N","0","0","0","1","36301","0","","6","01","N","N","0","","0","0","1","0","0","Y","0730","0","4","0","0","0","0","0","3","0","4","N","","","","","","","","","","","","03","  ","","",""
"1226","1","0","0","0","0","0","0","0","0","4","0","","36","02","2018","2018017525","1","40.0406","-76.2528","1203","08","0","0","0","0","0","1","0","0","2","0","0","0","11","1","0","01","1","40 02:26.267","3","00","76 15:10.183","0","0","0","0","36215","0","0","0","N","0","0","0","3","36215","0","","1","06","N","N","1","","0","0","1","3","2","N","1155","0","3","0","0","0","0","0","1","0","3","N","","","","","","","","","","","","09","  ","","",""
"0634","0","0","0","0","0","0","0","0","0","7","0","","36","02","2018","2018017539","5","40.0532","-76.4448","0631","08","0","0","0","0","0","1","1","0","3","0","0","0","06","1","0","00","2","40 03:11.500","5","00","76 26:41.300","0","0","0","0","36239","0","0","0","N","0","0","0","4","36239","0","","4","02","N","N","1","","0","0","0","0","0","Y","0629","0","2","0","0","0","0","0","3","1","2","N","","","","","","","","","","","","03","  ","","",""
"1044","1","0","0","0","0","0","0","0","0","7","0","","36","02","2018","2018017540","3","39.9927","-76.2862","1040","08","0","0","0","0","0","0","1","0","","0","0","0","10","1","0","00","0","39 59:33.716","","00","76 17:10.449","0","0","0","0","36240","0","0","0","Y","0","0","0","1","36240","0","","3","01","N","N","0","","0","0","0","0","0","","1040","0","1","0","0","0","0","0","1","0","1","N","","","","","","","","","","","","03","  ","","",""
"0635","1","0","0","0","0","0","0","0","0","5","0","","36","02","2018","2018017541","5","39.9944","-76.2875","0629","08","0","0","0","0","0","1","0","0","1","0","0","0","06","5","0","01","1","39 59:39.869","1","00","76 17:14.854","0","0","0","0","36240","0","0","0","N","0","0","0","2","36240","0","","1","01","N","N","1","","0","0","0","0","0","N","0625","0","2","0","0","1","0","0","1","0","2","N","","","","","","","","","","","","03","  ","","",""
"1045","0","0","0","0","0","0","0","0","0","4","0","","36","02","2018","2018017570","3","40.1477","-76.2716","1038","08","0","0","0","0","0","0","0","0","2","0","0","0","10","1","0","02","2","40 08:51.700","5","00","76 16:17.946","0","0","0","0","36235","0","0","0","N","0","0","0","2","36506","0","","1","02","N","N","0","","0","0","2","0","0","Y","1038","0","2","0","0","0","0","0","1","0","2","N","","","","","","","","","","","","03","  ","","",""
"2218","0","0","0","0","0","0","0","0","0","7","0","","36","02","2018","2018017571","4","40.1638","-76.2429","2212","08","0","0","0","0","0","0","0","0","","0","0","0","22","2","0","00","0","40 09:49.600","","00","76 14:34.600","0","0","0","0","36235","0","0","0","N","0","0","0","1","36506","0","","4","02","N","N","0","","0","0","1","0","0","","2212","0","1","0","0","0","0","0","1","0","1","N","","","","","","","","","","","","10","  ","","",""
"1522","1","0","0","0","0","0","0","0","0","7","0","","36","02","2018","2018017577","1","40.2043","-76.3976","1512","08","0","0","0","0","0","0","1","0","1","0","0","0","15","1","1","00","1","40 12:15.621","3","00","76 23:51.324","3","0","0","0","36230","0","0","0","N","0","0","0","3","36410","0","","4","07","N","N","0","","1","0","0","0","0","N","1512","1","1","0","0","0","0","0","1","0","1","N","","","","","","","","","","","","10","  ","","",""
"1602","1","0","0","0","0","0","0","0","0","7","0","","36","02","2018","2018017586","1","40.1722","-76.4296","1557","08","0","0","0","0","0","0","0","0","","0","0","0","15","1","0","00","0","40 10:19.842","","00","76 25:46.428","0","0","0","0","36230","0","0","0","N","0","0","0","1","36410","0","","4","07","N","N","0","","0","0","0","0","0","","1557","0","1","0","0","0","0","0","1","0","1","N","","","","","","","","","","","","10","  ","","",""
"1247","1","0","0","0","0","0","0","0","0","7","0","","36","02","2018","2018017598","1","40.2501","-76.0854","1235","08","0","0","0","0","0","0","0","0","","0","0","0","12","1","0","00","0","40 15:00.397","","00","76 05:07.578","0","0","0","0","36210","0","0","0","N","0","0","0","1","36210","0","","4","07","N","N","0","","0","0","0","0","0","","1230","0","1","0","0","0","0","0","1","0","1","N","","","","","","","","","","","","10","  ","","",""
"1731","1","0","0","0","0","0","0","0","0","7","0","","36","02","2018","2018017601","1","40.1428","-76.4759","1713","08","0","1","0","0","0","0","0","0","1","0","0","0","17","1","0","00","1","40 08:33.900","2","00","76 28:33.300","0","0","0","0","36230","0","0","0","N","0","0","0","1","36410","0","","2","07","N","N","0","","0","0","0","0","0","N","1713","0","1","0","0","0","0","0","1","0","1","N","","","","","","","","","","","","10","  ","","",""
"1504","1","0","0","0","0","0","0","0","0","7","0","","36","02","2018","2018017630","5","40.0619","-76.3465","1459","08","0","0","1","0","0","0","0","0","","0","0","0","14","1","0","00","0","40 03:42.791","","00","76 20:47.515","0","0","0","0","36214","0","0","0","N","0","0","0","1","36214","0","","3","01","N","N","0","","0","0","0","0","0","","1458","0","1","0","0","0","0","0","3","0","1","N","","","","","","","","","","","","03","  ","","",""
"1644","2","0","0","0","0","0","0","0","0","4","0","","36","02","2018","2018017657","5","40.1579","-76.3941","1638","08","0","0","0","1","0","0","0","0","1","0","0","0","16","1","0","02","1","40 09:28.404","3","00","76 23:38.939","0","0","0","0","36410","0","0","0","N","0","0","0","2","36410","0","","1","01","N","N","0","","0","0","0","3","3","N","1638","0","2","0","0","0","0","0","2","0","2","N","","","","","","","","","","","","03","  ","","",""
"1246","0","0","0","0","0","0","0","0","0","1","0","","36","01","2018","2018017758","2","40.0581","-76.2806","1243","08","0","0","0","0","0","1","0","0","","0","0","0","12","1","1","00","0","40 03:29.002","","00","76 16:50.078","4","0","0","0","36101","0","0","0","","0","0","0","2","36101","1","","1","01","N","N","1","","0","0","1","3","2","","1241","1","2","0","0","0","0","0","3","0","2","N","","","","","","","","","","","","03","  ","","",""
"1004","1","0","0","0","0","0","0","0","0","7","0","","36","02","2018","2018017759","4","39.9946","-76.4715","0949","08","0","0","0","0","0","0","0","0","2","0","0","0","09","1","0","00","1","39 59:40.625","2","00","76 28:17.351","0","0","0","0","36223","0","0","0","","0","0","0","1","36223","0","","4","02","N","N","0","","0","0","0","0","0","N","0949","0","1","0","0","0","0","0","1","0","1","N","","","","","","","","","","","","03","05","","",""
"0519","0","0","0","0","0","0","0","0","0","7","0","","36","02","2018","2018017778","2","40.1289","-76.2167","0519","08","0","0","0","0","0","0","0","0","1","0","0","0","05","2","1","00","1","40 07:44.051","2","00","76 13:00.078","4","0","0","0","36238","0","0","0","Y","0","0","0","1","36238","1","","3","02","N","N","0","","0","0","1","0","0","N","0513","1","1","0","0","0","0","0","3","0","1","N","","","","","","","","","","","","98","  ","","",""
"0538","1","0","0","0","0","0","0","0","0","2","0","","36","02","2018","2018017808","2","40.0453","-76.4108","0532","08","0","0","0","1","0","0","0","0","","0","0","0","05","3","0","00","0","40 02:42.900","","00","76 24:38.900","0","0","0","0","36239","0","0","0","N","0","0","0","2","36239","0","","1","02","N","N","1","","0","0","0","0","0","","0532","0","2","0","0","1","0","0","3","0","2","N","","","","","","","","","","","","07","  ","","",""
"1632","1","0","0","0","0","0","0","0","0","1","0","","36","02","2018","2018017809","5","40.1567","-76.2051","1630","08","0","0","0","0","0","0","0","0","2","0","0","0","16","1","2","00","1","40 09:24.142","1","00","76 12:18.298","4","0","0","0","36402","0","0","0","N","0","0","0","5","36238","2","","1","01","N","N","1","","0","0","1","0","0","N","1628","2","3","0","0","0","0","0","2","0","3","N","","","","","","","","","","","","03","  ","","",""
"1652","0","0","0","0","0","0","0","0","0","8","0","","36","01","2018","2018017816","3","40.02","-76.3034","1642","08","0","0","0","0","0","0","0","0","2","0","0","0","16","1","1","00","2","40 01:12.075","2","00","76 18:12.310","4","0","0","0","36240","1","0","0","N","1","0","0","2","36240","1","","1","01","N","N","0","","0","0","1","0","0","Y","1640","1","2","0","0","0","0","0","1","0","1","N","","","","","","","","","","","","03","  ","","",""
"1456","1","0","0","0","0","0","0","0","0","7","0","","36","02","2018","2018017821","2","40.0232","-76.2664","1452","08","0","0","1","0","0","0","0","0","1","0","0","0","14","1","1","00","1","40 01:23.400","5","07","76 15:58.900","3","0","0","0","36240","0","0","0","N","0","0","0","1","36240","0","","2","01","N","N","0","","1","0","0","0","0","N","1448","1","1","0","0","0","0","0","1","0","1","N","","","","","","","","","","","","03","  ","","",""
"1959","0","0","0","0","0","0","0","0","0","7","0","","36","02","2018","2018017851","4","40.0612","-76.3766","1955","08","0","1","0","0","0","0","0","0","2","0","0","0","19","3","0","00","1","40 03:40.400","3","00","76 22:35.700","0","0","0","0","36214","0","0","0","N","0","0","0","1","36214","0","","2","02","N","N","1","","0","0","0","0","0","N","1955","0","1","0","0","0","0","0","3","0","1","N","","","","","","","","","","","","09","  ","","",""
"2206","2","0","0","0","0","0","0","0","0","5","0","","36","02","2018","2018017856","7","40.042","-76.2977","2202","08","0","0","1","0","0","0","0","0","","0","0","0","22","3","1","01","0","40 02:31.214","","00","76 17:51.648","4","0","0","0","36301","0","0","0","N","0","0","0","2","36301","1","","1","01","N","N","0","","0","0","0","3","2","","2201","1","2","0","0","0","0","0","3","0","2","N","","","","","","","","","","","","03","  ","","",""
"2305","0","0","0","0","0","0","0","0","0","7","0","","36","02","2018","2018017859","1","40.1694","-76.1316","2300","08","0","0","0","0","0","0","0","0","4","0","0","0","23","3","1","00","2","40 10:09.813","5","00","76 07:53.616","2","0","0","0","36218","0","0","0","N","0","0","0","2","36408","0","","4","02","N","N","1","","0","1","0","0","0","Y","2300","1","1","0","1","2","0","0","1","0","1","N","","","","","","","","","","","","03","  ","","",""
"0230","0","0","0","0","0","0","0","0","0","8","0","","36","02","2018","2018017863","7","40.1736","-76.1719","0227","08","0","0","0","0","0","0","0","0","2","0","0","0","02","3","1","01","2","40 10:24.868","6","00","76 10:18.706","2","0","0","0","36408","1","0","1","N","1","0","1","2","36408","0","","1","01","N","N","1","","0","1","0","0","0","Y","0225","1","2","0","0","0","0","0","2","0","1","N","","","","","","","","","","","","03","  ","","",""
"1527","1","0","0","0","0","0","0","0","0","1","1","","36","02","2018","2018017875","2","40.0404","-76.2471","1520","08","0","0","0","0","0","1","1","0","","0","1","0","15","1","0","06","0","40 02:25.543","","02","76 14:49.602","0","0","0","0","36215","0","0","0","N","0","0","0","2","36215","0","","1","01","N","N","0","","0","0","0","3","4","","1519","0","2","0","0","0","0","0","1","0","2","N","","","","","","","","","","","","03","  ","","",""
"1758","2","0","0","0","0","0","0","0","0","5","0","","36","02","2018","2018017968","3","40.0245","-76.3032","1754","08","0","0","0","0","0","1","0","0","2","0","0","0","17","3","1","00","2","40 01:28.088","1","00","76 18:11.446","2","0","1","1","36301","0","0","0","N","0","0","0","2","36301","0","","1","01","N","N","0","","0","1","0","0","0","N","1753","1","3","0","0","0","0","0","3","0","3","N","","","","","","","","","","","","03","  ","","",""
"1247","2","0","0","0","0","0","0","0","0","2","0","","36","02","2018","2018017998","1","40.1183","-76.6385","1238","08","0","0","0","0","0","0","0","1","1","0","0","0","12","1","1","00","2","40 07:05.714","6","00","76 38:18.433","8","0","0","0","36237","0","0","0","N","0","0","0","2","36505","0","","1","07","N","N","0","","0","0","0","0","0","Y","1237","1","2","0","0","0","1","0","1","0","2","N","","","","","","","","","","","","10","  ","","",""
"1724","3","0","0","0","0","0","0","0","0","4","0","","36","02","2018","2018018020","3","40.0443","-76.3069","1718","08","0","0","0","0","0","0","0","0","","0","0","0","17","4","1","01","0","40 02:39.403","","00","76 18:24.797","3","0","0","0","36301","0","0","0","N","0","0","0","3","36301","0","","1","01","N","N","0","","1","0","0","3","2","","1714","1","3","0","0","0","0","0","3","0","3","N","","","","","","","","","","","","03","  ","","",""
"1551","2","0","0","0","0","0","0","0","0","1","0","","36","02","2018","2018018060","1","40.1758","-76.5977","1534","08","0","0","0","0","1","0","0","0","2","0","0","0","15","1","1","00","2","40 10:32.716","4","00","76 35:51.660","8","0","0","0","36225","0","0","0","N","0","0","0","2","36505","0","","1","06","N","N","0","","0","0","0","0","0","Y","1532","1","2","0","0","0","1","0","2","0","2","N","","","","","","","","","","","","07","  ","","",""
"0705","1","0","0","0","0","0","0","0","0","2","0","","36","02","2018","2018018082","4","40.1","-76.3556","0703","08","0","0","0","0","0","0","0","0","2","0","0","0","07","3","0","01","2","40 05:59.942","2","00","76 21:20.168","0","0","0","0","36406","0","0","0","","0","0","0","2","36101","0","","1","07","N","N","1","","0","0","0","3","2","Y","0701","0","2","0","0","0","0","0","3","0","2","N","","","","","","","","","","","","10","  ","","",""
"1546","3","0","0","0","0","0","0","0","0","4","0","","36","02","2018","2018018083","7","40.0335","-76.3246","1541","08","0","0","0","0","0","0","0","0","2","0","0","0","15","1","3","01","1","40 02:00.452","2","00","76 19:28.588","8","0","0","0","36220","0","0","0","N","0","0","0","5","36101","0","","1","01","N","N","0","","0","0","0","3","3","Y","1516","3","3","0","0","0","3","0","3","0","3","N","","","","","","","","","","","","03","  ","","",""
"1504","2","0","0","0","0","0","0","0","0","4","0","","36","02","2018","2018018084","1","40.0362","-76.3356","1504","08","0","0","0","0","0","0","0","0","2","0","0","0","15","1","2","01","2","40 02:10.352","7","00","76 20:08.116","4","0","0","0","36220","0","0","0","N","0","0","0","6","36101","2","","1","09","N","N","0","","0","0","0","3","3","Y","1504","2","2","0","0","0","0","0","3","0","2","N","","","","","","","","","","","","07","  ","","",""
"1257","2","0","0","0","0","0","0","0","0","4","0","","36","02","2018","2018018085","1","40.1016","-76.2586","1250","08","0","0","0","1","0","0","0","0","","0","0","0","12","1","1","00","0","40 06:05.732","","00","76 15:30.999","8","0","0","0","36101","0","0","0","","0","0","0","4","36101","0","","1","06","N","N","0","","0","0","0","0","0","","1246","1","2","0","0","0","1","0","3","0","2","N","","","","","","","","","","","","10","  ","","",""
"0905","0","0","0","0","0","0","0","0","0","7","0","","36","02","2018","2018018086","4","40.095","-76.2886","0858","08","0","0","0","0","0","0","0","0","1","0","0","0","08","1","0","00","1","40 05:42.006","4","00","76 17:19.074","0","0","0","0","36101","0","0","0","","0","0","0","1","36101","0","","4","06","N","N","1","","0","0","0","0","0","N","0850","0","1","0","0","0","0","0","3","0","1","N","","","","","","","","","","","","98","  ","","",""
"2057","1","0","0","0","0","0","0","0","0","7","0","","36","01","2018","2018018103","3","40.1716","-75.9896","2017","08","0","0","0","0","0","0","0","0","","0","0","0","20","2","0","00","0","40 10:17.700","","00","75 59:22.590","0","0","0","0","36202","0","0","0","N","0","0","0","1","68J01","0","","4","02","N","N","0","","0","0","0","0","0","","2013","0","1","0","0","0","0","0","1","0","1","N","","","","","","","","","","","","03","  ","","",""
"2106","0","0","0","0","0","0","0","0","0","7","0","","36","02","2018","2018018106","5","39.7493","-76.164","2048","08","0","0","0","0","0","0","0","0","2","0","0","0","20","2","0","00","1","39 44:57.547","1","00","76 09:50.312","0","0","0","0","36219","0","0","0","","0","0","0","1","68J01","0","","2","01","N","N","0","","0","0","1","0","0","N","2046","0","1","0","0","0","0","0","1","0","1","N","","","","","","","","","","","","03","  ","","",""
"1335","1","0","0","0","0","0","0","0","0","7","0","","36","02","2018","2018018111","1","40.2273","-76.0659","1302","08","0","0","0","0","0","0","0","0","","0","0","0","13","1","1","00","0","40 13:38.323","","00","76 03:57.122","3","0","0","0","36202","0","0","0","","0","0","0","1","68J01","0","","4","02","N","N","0","","1","0","0","0","0","","1302","1","1","0","0","0","0","0","1","0","1","N","","","","","","","","","","","","09","  ","","",""
"0804","1","0","0","0","0","0","0","0","0","2","0","","36","02","2018","2018018128","4","40.013","-76.0495","0729","08","0","0","0","0","0","0","0","0","1","0","0","0","07","5","0","00","1","40 00:46.901","1","00","76 02:58.017","0","0","0","0","36232","0","0","0","N","0","0","0","2","68J01","0","","1","06","N","N","1","","0","0","0","0","0","N","0715","0","2","0","0","0","0","0","1","0","2","N","","","","","","","","","","","","10","  ","","",""
"0740","0","0","0","0","0","0","0","0","0","7","0","","36","02","2018","2018018129","4","39.9903","-76.009","0740","08","0","0","0","1","0","0","0","0","2","0","0","0","07","1","0","00","1","39 59:25.072","3","00","76 00:32.366","0","0","0","0","36232","0","0","0","","0","0","0","1","68J01","0","","2","02","N","N","0","","0","0","1","0","0","N","0719","0","1","0","0","0","0","0","1","0","1","N","","","","","","","","","","","","09","  ","","",""
"1245","1","0","0","0","0","0","0","0","0","4","0","","36","02","2018","2018018139","5","39.8923","-76.1791","1227","08","0","0","0","0","0","0","0","0","2","0","0","0","12","1","0","01","1","39 53:32.260","3","00","76 10:44.595","0","0","0","0","36212","0","0","0","","0","0","0","2","68J01","0","","1","01","N","N","1","","0","0","0","3","3","N","1225","0","2","0","0","0","0","0","1","0","2","N","","","","","","","","","","","","03","  ","","",""
"2127","1","0","0","0","0","0","0","0","0","4","0","","36","02","2018","2018018198","6","40.1788","-76.1775","2126","08","0","0","1","0","0","0","0","0","1","0","0","0","21","3","0","01","1","40 10:43.825","3","00","76 10:38.934","0","0","0","0","36408","0","0","0","N","0","0","0","4","36408","0","","1","01","N","N","0","","0","0","1","3","2","N","2123","0","2","0","0","0","0","0","2","0","2","N","","","","","","","","","","","","03","  ","","",""
"1421","1","0","0","0","0","0","0","0","0","4","0","","36","02","2018","2018018199","6","40.012","-76.2263","1416","08","0","0","0","0","0","0","0","1","","0","0","0","14","1","0","01","0","40 00:43.379","","00","76 13:34.666","0","0","0","0","36240","0","0","0","N","0","0","0","3","36240","0","","1","01","N","N","0","","0","0","0","3","3","","1413","0","2","0","0","0","0","0","1","1","2","N","","","","","","","","","","","","03","  ","","",""
"0416","0","0","0","0","0","0","0","0","0","7","0","","36","02","2018","2018018234","2","40.0854","-76.2873","0411","08","0","0","0","0","0","0","0","0","1","0","0","0","04","3","0","00","1","40 05:07.392","1","00","76 17:14.178","0","0","0","0","36101","0","0","0","","0","0","0","1","36101","0","","5","02","N","N","1","","0","0","0","0","0","N","0405","0","1","0","0","0","0","0","3","0","1","N","","","","","","","","","","","","09","  ","","",""
"0521","1","0","0","0","0","0","0","0","0","4","0","","36","02","2018","2018018323","2","40.1069","-76.2498","0514","08","0","0","0","0","0","0","0","0","1","0","0","0","05","2","0","00","1","40 06:24.993","2","00","76 14:59.361","0","0","0","0","36101","0","0","0","","0","0","0","2","36101","0","","1","02","N","N","1","","0","0","0","0","0","N","0512","0","2","0","0","0","0","0","3","0","2","N","","","","","","","","","","","","07","  ","","",""
"0016","0","0","0","0","0","0","0","0","0","2","0","","36","02","2018","2018018324","7","40.0608","-76.3598","0010","08","0","0","0","0","0","0","0","0","1","0","0","0","00","3","0","07","1","40 03:38.806","4","02","76 21:35.222","0","0","0","0","36214","0","0","0","N","0","0","0","3","36214","0","","1","01","N","N","0","","0","0","2","3","2","Y","0008","0","2","0","0","0","0","0","3","0","2","N","","","","","","","","","","","","03","  ","","",""
"0736","1","0","0","0","0","0","0","0","0","4","0","","36","02","2018","2018018325","2","40.0745","-76.4927","0719","08","0","0","0","0","0","1","0","0","2","0","0","0","07","1","0","05","2","40 04:28.272","2","00","76 29:33.812","0","0","0","0","36230","0","0","0","","0","0","0","2","36410","0","","1","02","N","N","0","","0","0","1","3","3","N","0717","0","2","0","0","0","0","0","1","0","2","N","","","","","","","","","","","","03","  ","","",""
"1023","1","0","0","0","0","0","0","0","0","4","1","","36","02","2018","2018018346","3","40.0357","-76.3143","1015","08","0","0","0","0","0","0","0","0","1","0","1","0","09","1","0","02","1","40 02:08.544","7","00","76 18:51.312","0","0","0","0","36301","0","0","0","N","0","0","0","2","36301","0","","1","01","N","N","0","","0","0","0","3","3","Y","0957","0","2","0","0","0","0","0","3","0","2","N","","","","","","","","","","","","03","  ","","",""
"1543","0","0","0","0","0","0","0","0","0","7","0","","36","02","2018","2018018348","1","40.176","-76.5979","1537","08","0","0","1","0","0","0","0","0","2","0","0","0","15","1","0","00","1","40 10:33.429","4","00","76 35:52.575","0","0","0","0","36225","0","0","0","Y","0","0","0","2","36505","0","","3","06","N","N","0","","0","0","1","0","0","Y","1532","0","1","0","0","0","0","0","2","0","1","N","","","","","","","","","","","","07","  ","","",""