"ARRIVAL_TM","AUTOMOBILE_COUNT","BELTED_DEATH_COUNT","BELTED_SUSP_SERIOUS_INJ_COUNT","BICYCLE_COUNT","BICYCLE_DEATH_COUNT","BICYCLE_SUSP_SERIOUS_INJ_COUNT","BUS_COUNT","CHLDPAS_DEATH_COUNT","CHLDPAS_SUSP_SERIOUS_INJ_COUNT","COLLISION_TYPE","COMM_VEH_COUNT","CONS_ZONE_SPD_LIM","COUNTY","CRASH_MONTH","CRASH_YEAR","CRN","DAY_OF_WEEK","DEC_LAT","DEC_LONG","DISPATCH_TM","DISTRICT","DRIVER_COUNT_16YR","DRIVER_COUNT_17YR","DRIVER_COUNT_18YR","DRIVER_COUNT_19YR","DRIVER_COUNT_20YR","DRIVER_COUNT_50_64YR","DRIVER_COUNT_65_74YR","DRIVER_COUNT_75PLUS","EST_HRS_CLOSED","FATAL_COUNT","HEAVY_TRUCK_COUNT","HORSE_BUGGY_COUNT","HOUR_OF_DAY","ILLUMINATION","INJURY_COUNT","INTERSECT_TYPE","LANE_CLOSED","LATITUDE","LN_CLOSE_DIR","LOCATION_TYPE","LONGITUDE","MAX_SEVERITY_LEVEL","MCYCLE_DEATH_COUNT","MCYCLE_SUSP_SERIOUS_INJ_COUNT","MOTORCYCLE_COUNT","MUNICIPALITY","NONMOTR_COUNT","NONMOTR_DEATH_COUNT","NONMOTR_SUSP_SERIOUS_INJ_COUNT","NTFY_HIWY_MAINT","PED_COUNT","PED_DEATH_COUNT","PED_SUSP_SERIOUS_INJ_COUNT","PERSON_COUNT","POLICE_AGCY","POSSIBLE_INJ_COUNT","RDWY_SURF_TYPE_CD","RELATION_TO_ROAD","ROAD_CONDITION","SCH_BUS_IND","SCH_ZONE_IND","SMALL_TRUCK_COUNT","SPEC_JURIS_CD","SUSP_MINOR_INJ_COUNT","SUSP_SERIOUS_INJ_COUNT","SUV_COUNT","TCD_FUNC_CD","TCD_TYPE","TFC_DETOUR_IND","TIME_OF_DAY","TOT_INJ_COUNT","TOTAL_UNITS","UNB_DEATH_COUNT","UNB_SUSP_SERIOUS_INJ_COUNT","UNBELTED_OCC_COUNT","UNK_INJ_DEG_COUNT","UNK_INJ_PER_COUNT","URBAN_RURAL","VAN_COUNT","VEHICLE_COUNT","WORK_ZONE_IND","WORK_ZONE_LOC","WORK_ZONE_TYPE","WORKERS_PRES","WZ_CLOSE_DETOUR","WZ_FLAGGER","WZ_LAW_OFFCR_IND","WZ_LN_CLOSURE","WZ_MOVING","WZ_OTHER","WZ_SHLDER_MDN","ROADWAY_CLEARED","WEATHER1","WEATHER2","WZ_WORKERS_INJ_KILLED","SECONDARY_CRASH","INTERSECTION_RELATED"
"0943","0","0","0","0","0","0","0","0","0","1","0","","36","02","2018","2018018376","7","40.0317","-76.477","0934","08","0","0","0","0","0","2","0","0","1","0","0","0","09","1","1","00","1","40 01:54.248","4","07","76 28:37.273","4","0","0","0","36239","0","0","0","N","0","0","0","2","36239","1","","1","01","N","N","2","","0","0","0","3","2","N","0934","1","2","0","0","0","0","0","3","0","2","N","","","","","","","","","","","","03","  ","","",""
"1515","2","0","0","0","0","0","0","0","0","4","0","","36","02","2018","2018018404","6","40.1031","-76.0876","1510","08","0","0","0","0","0","1","0","0","","0","0","0","15","1","0","00","0","40 06:11.179","","07","76 05:15.196","0","0","0","0","36415","0","0","0","N","0","0","0","3","36415","0","","1","01","N","N","0","","0","0","0","0","0","","1510","0","2","0","0","0","0","0","1","0","2","N","","","","","","","","","","","","03","  ","","",""
"1543","1","0","0","0","0","0","0","0","0","4","0","","36","02","2018","2018018445","1","40.176","-76.598","1537","08","0","0","0","1","0","0","0","0","2","0","0","0","15","1","2","00","1","40 10:33.519","4","00","76 35:52.692","3","0","0","0","36225","3","0","0","N","0","0","0","7","36505","0","","1","06","N","N","0","","2","0","2","0","0","Y","1534","2","3","0","0","1","0","0","2","0","3","N","","","","","","","","","","","","07","  ","","",""
"1852","1","0","0","0","0","0","0","0","0","7","0","","36","02","2018","2018018479","7","40.184","-76.6089","1837","08","0","0","0","0","0","1","0","0","","0","0","0","18","2","0","00","0","40 11:02.503","","00","76 36:32.001","0","0","0","0","36225","0","0","0","N","0","0","0","1","36505","0","","1","01","N","N","0","","0","0","0","0","0","","1830","0","1","0","0","0","0","0","2","0","1","N","","","","","","","","","","","","03","  ","","",""
"2341","1","0","0","0","0","0","0","0","0","4","0","","36","02","2018","2018018491","7","40.0388","-76.4004","2328","08","0","0","0","0","0","0","0","0","2","0","0","0","23","3","0","02","1","40 02:19.851","3","00","76 24:01.327","0","0","0","0","36214","0","0","0","N","0","0","0","1","36214","0","","1","09","N","N","0","","0","0","1","0","0","Y","2311","0","2","0","0","0","0","0","3","0","2","N","","","","","","","","","","","","07","  ","","",""
"1847","0","0","0","0","0","0","0","0","0","1","0","","36","02","2018","2018018495","7","40.0412","-76.3902","1838","08","0","0","0","0","0","0","0","0","2","0","0","0","18","3","0","01","2","40 02:28.220","2","00","76 23:24.681","9","0","0","0","36214","0","0","0","N","0","0","0","4","36214","0","","1","09","N","N","1","","0","0","2","3","2","Y","1833","0","3","0","0","0","0","1","3","0","3","N","","","","","","","","","","","","07","  ","","",""
"1440","2","0","0","0","0","0","0","0","0","1","0","","36","02","2018","2018018510","3","40.0762","-76.2848","1425","08","0","0","0","0","0","1","0","1","","0","0","0","14","1","0","00","0","40 04:34.458","","00","76 17:05.140","0","0","0","0","36101","0","0","0","N","0","0","0","2","36101","0","","1","01","N","N","0","","0","0","0","0","0","","1419","0","2","0","0","0","0","0","3","0","2","N","","","","","","","","","","","","03","  ","","",""
"1620","0","0","0","0","0","0","0","0","0","1","0","","36","02","2018","2018018511","3","40.0686","-76.3051","1610","08","0","0","0","0","0","1","0","0","","0","0","0","14","1","0","00","0","40 04:06.974","","00","76 18:18.371","0","0","0","0","36101","0","0","0","","0","0","0","2","36101","0","","1","01","N","N","0","","0","0","0","0","0","","1459","0","2","0","0","0","0","0","3","2","2","N","","","","","","","","","","","","03","  ","","",""
"0703","0","0","0","0","0","0","0","0","0","1","0","","36","02","2018","2018018512","6","40.1142","-76.3384","0657","08","0","0","0","0","0","1","0","0","","0","0","0","06","5","0","00","0","40 06:50.941","","00","76 20:18.119","0","0","0","0","36101","0","0","0","","0","0","0","2","36101","0","","1","01","N","N","1","","0","0","1","0","0","","0655","0","2","0","0","0","0","0","3","0","2","N","","","","","","","","","","","","03","  ","","",""
"1608","1","0","0","0","0","0","0","0","0","4","0","","36","02","2018","2018018513","6","40.0946","-76.4084","1553","08","0","0","0","0","0","1","0","0","","0","0","0","15","1","0","02","0","40 05:40.581","","00","76 24:30.262","0","0","0","0","36214","0","0","0","N","0","0","0","2","36214","0","","1","01","N","N","0","","0","0","1","3","3","","1552","0","2","0","0","0","0","0","3","0","2","N","","","","","","","","","","","","03","  ","","",""
"1641","2","0","0","0","0","0","0","0","0","1","0","","36","02","2018","2018018661","6","40.1788","-76.1775","1636","08","0","0","0","1","0","0","0","0","","0","0","0","16","1","0","00","0","40 10:43.753","","00","76 10:38.842","0","0","0","0","36408","0","0","0","N","0","0","0","4","36408","0","","1","01","N","N","0","","0","0","0","0","0","","1636","0","2","0","0","0","0","0","2","0","2","N","","","","","","","","","","","","03","  ","","",""
"0958","1","0","0","0","0","0","0","0","0","7","0","","36","02","2018","2018018679","2","40.1534","-76.5894","0941","08","0","0","1","0","0","0","0","0","","0","0","0","09","1","0","03","0","40 09:12.239","","00","76 35:21.663","0","0","0","0","36225","0","0","0","N","0","0","0","1","36407","0","","5","09","N","N","0","","0","0","0","0","0","","0941","0","1","0","0","0","0","0","2","0","1","N","","","","","","","","","","","","03","  ","","",""
"1057","0","0","0","0","0","0","0","0","0","7","0","","36","02","2018","2018018694","1","40.1442","-76.6444","1053","08","0","1","0","0","0","0","0","0","2","0","0","0","10","1","0","00","2","40 08:39.025","6","00","76 38:39.728","0","0","0","0","36237","0","0","0","N","0","0","0","1","36505","0","","5","07","N","N","0","","0","0","1","0","0","Y","1051","0","1","0","0","0","0","0","1","0","1","N","","","","","","","","","","","","10","  ","","",""
"1202","1","0","0","0","0","0","0","0","0","7","0","","36","02","2018","2018018696","1","39.9984","-76.274","1145","08","0","0","1","0","0","0","0","0","3","0","0","0","11","1","1","00","2","39 59:54.300","5","00","76 16:26.400","3","0","0","0","36240","0","0","0","N","0","0","0","1","36240","0","","4","09","N","N","0","","1","0","0","0","0","Y","1143","1","1","0","0","0","0","0","1","0","1","N","","","","","","","","","","","","07","  ","","",""
"1337","1","0","0","0","0","0","0","0","0","5","1","","36","02","2018","2018018714","1","40.1668","-76.5864","1319","08","0","0","0","0","1","1","0","0","2","0","1","0","13","1","0","00","1","40 10:00.328","3","00","76 35:11.165","0","0","0","0","36225","0","0","0","Y","0","0","0","2","36505","0","","1","02","N","N","0","","0","0","0","0","0","N","1317","0","2","0","0","1","0","0","2","0","2","N","","","","","","","","","","","","10","  ","","",""
"1915","1","0","0","0","0","0","0","0","0","7","0","","36","02","2018","2018018818","1","40.0939","-76.3508","1908","08","0","0","0","0","0","1","0","0","1","0","0","0","19","3","0","00","2","40 05:38.085","5","00","76 21:03.026","0","0","0","0","36214","0","0","0","N","0","0","0","1","36214","0","","5","09","N","N","0","","0","0","0","0","0","Y","1905","0","1","0","0","0","0","0","3","0","1","N","","","","","","","","","","","","03","  ","","",""
"1432","2","0","0","0","0","0","0","0","0","1","0","","36","02","2018","2018018845","5","39.9967","-76.3586","1430","08","0","0","0","0","1","0","0","0","1","0","0","0","14","1","1","02","1","39 59:48.267","3","00","76 21:30.952","3","0","0","0","36412","0","0","0","N","0","0","0","2","36412","0","","1","01","N","N","0","","1","0","0","0","0","N","1427","1","2","0","0","0","0","0","3","0","2","N","","","","","","","","","","","","03","  ","","",""
"1006","2","0","0","0","0","0","0","0","0","5","0","","36","01","2018","2018018854","4","40.1623","-76.3924","1001","08","0","0","0","0","0","1","0","0","","0","0","0","09","1","0","00","0","40 09:44.100","","00","76 23:32.600","0","0","0","0","36410","0","0","0","N","0","0","0","1","36410","0","","6","01","N","N","0","","0","0","1","0","0","","0950","0","3","0","0","0","0","0","2","0","3","N","","","","","","","","","","","","03","  ","","",""
"1655","1","0","0","0","0","0","0","0","0","4","0","","36","02","2018","2018018858","3","40.1968","-76.1692","1650","08","0","0","0","0","0","0","0","1","2","0","0","0","16","1","3","01","2","40 11:48.459","5","00","76 10:08.984","8","0","0","0","36218","0","0","0","N","0","0","0","4","36408","0","","1","01","N","N","0","","0","0","2","3","2","Y","1645","3","3","0","0","0","3","0","1","0","3","N","","","","","","","","","","","","03","  ","","",""
"1305","0","0","0","0","0","0","0","0","0","0","0","","36","02","2018","2018018942","7","40.0229","-76.3048","1255","08","0","0","0","0","0","0","1","0","1","0","0","0","12","1","0","05","2","40 01:22.498","3","00","76 18:17.073","0","0","0","0","36220","0","0","0","N","0","0","0","1","36101","0","","1","09","N","N","0","","0","0","1","3","2","N","1254","0","1","0","0","0","0","0","3","0","1","N","","","","","","","","","","","","07","  ","","",""
"1316","0","0","0","0","0","0","0","0","0","4","0","","36","01","2018","2018018978","3","40.0382","-76.3235","1313","08","0","0","1","0","0","1","0","0","1","0","0","0","13","1","1","01","1","40 02:17.653","3","00","76 19:24.603","3","0","0","0","36301","0","0","0","N","0","0","0","2","36301","0","","1","09","N","N","0","","1","0","2","3","2","Y","1312","1","2","0","0","0","0","0","3","0","2","N","","","","","","","","","","","","07","  ","","",""
"0742","1","0","0","0","0","0","0","0","0","7","0","","36","02","2018","2018018986","2","40.2348","-76.1303","0737","08","1","0","0","0","0","0","0","0","","0","0","0","07","1","0","00","0","40 14:05.402","","00","76 07:49.010","0","0","0","0","36405","0","0","0","N","0","0","0","1","36210","0","","4","09","N","N","0","","0","0","0","0","0","","0730","0","1","0","0","0","0","0","1","0","1","N","","","","","","","","","","","","03","  ","","",""
"0034","1","0","0","0","0","0","0","0","0","7","0","","36","02","2018","2018019037","1","40.1536","-76.3756","0018","08","0","0","1","0","0","0","0","0","","0","0","0","23","3","0","00","0","40 09:12.825","","00","76 22:31.988","0","0","0","0","36227","0","0","0","N","0","0","0","1","36506","0","","4","02","N","N","0","","0","0","0","0","0","","2353","0","1","0","0","0","0","0","1","0","1","N","","","","","","","","","","","","07","  ","","",""
"1857","1","0","0","0","0","0","0","0","0","7","0","","36","02","2018","2018019038","5","40.1402","-76.3546","1848","08","0","1","0","0","0","0","0","0","2","0","0","0","18","2","0","00","1","40 08:24.675","4","00","76 21:16.705","0","0","0","0","36227","0","0","0","N","0","0","0","1","36506","0","","5","02","N","N","0","","0","0","0","0","0","Y","1846","0","1","0","0","0","0","0","1","0","1","N","","","","","","","","","","","","03","  ","","",""
"1547","0","0","0","0","0","0","0","0","0","4","1","","36","02","2018","2018019039","6","40.1568","-76.3815","1538","08","0","0","0","0","0","1","0","0","2","0","1","0","15","1","0","01","2","40 09:24.453","5","00","76 22:53.323","0","0","0","0","36227","0","0","0","N","0","0","0","2","36506","0","","1","01","N","N","0","","0","0","1","3","3","Y","1538","0","2","0","0","0","0","0","1","0","2","N","","","","","","","","","","","","03","  ","","",""
"1318","0","0","0","0","0","0","0","0","0","7","0","","36","02","2018","2018019099","1","40.2816","-76.1497","1309","08","0","0","0","1","0","0","0","0","2","0","0","0","13","1","1","00","1","40 16:53.609","4","00","76 08:58.886","4","0","0","0","36236","0","0","0","Y","0","0","0","1","36408","1","","2","06","N","N","0","","0","0","1","0","0","Y","1309","1","1","0","0","0","0","0","1","0","1","N","","","","","","","","","","","","10","  ","","",""
"1101","3","0","0","0","0","0","0","0","0","1","0","","36","02","2018","2018019321","5","40.1594","-76.14","1054","08","0","0","0","0","0","0","1","0","","0","0","0","10","1","0","00","0","40 09:33.990","","00","76 08:24.019","0","0","0","0","36218","0","0","0","N","0","0","0","9","36408","0","","1","01","N","N","0","","0","0","0","0","0","","1052","0","3","0","0","0","0","0","1","0","3","N","","","","","","","","","","","","03","  ","","",""
"1321","2","0","1","0","0","0","0","0","0","4","0","","36","02","2018","2018019374","1","40.1318","-75.9748","1243","08","0","0","0","0","0","0","1","0","3","0","0","0","12","1","3","00","1","40 07:54.368","4","00","75 58:29.329","2","0","0","0","36203","0","0","0","","0","0","0","3","68J01","0","","1","02","N","N","0","","2","1","0","0","0","Y","1242","3","2","0","0","0","0","0","1","0","2","N","","","","","","","","","","","","07","  ","","",""
"1500","2","0","0","0","0","0","0","0","0","4","0","","36","02","2018","2018019377","3","39.9479","-76.2301","1453","08","0","0","0","0","0","0","1","0","2","0","0","0","14","1","2","01","2","39 56:52.314","5","00","76 13:48.470","3","0","0","0","36233","0","0","0","","0","0","0","2","68J01","0","","1","01","N","N","0","","2","0","0","3","3","Y","1443","2","2","0","0","0","0","0","1","0","2","N","","","","","","","","","","","","03","  ","","",""
"2341","1","0","0","0","0","0","0","0","0","0","0","","36","02","2018","2018019395","7","39.8048","-76.0679","2256","08","0","0","0","0","0","1","0","0","","0","0","0","22","2","0","00","0","39 48:17.280","","00","76 04:04.270","0","0","0","0","36222","0","0","0","N","0","0","0","1","68J01","0","","4","09","N","N","0","","0","0","0","0","0","","2248","0","1","0","0","0","0","0","1","0","1","N","","","","","","","","","","","","99","  ","","",""
"1713","2","0","0","0","0","0","0","0","0","1","0","","36","02","2018","2018019420","5","40.1017","-76.3453","1702","08","0","0","0","0","0","0","0","0","3","0","0","0","17","1","1","02","1","40 06:06.147","3","00","76 20:43.129","4","0","0","0","36406","0","0","0","","0","0","0","2","36101","1","","3","01","N","N","0","","0","0","0","0","0","N","1702","1","2","0","0","0","0","0","3","0","2","N","","","","","","","","","","","","03","  ","","",""
"1533","2","0","0","0","0","0","0","0","0","1","0","","36","02","2018","2018019422","6","40.0665","-76.2864","1526","08","0","0","0","0","0","1","0","0","","0","0","0","15","1","1","00","0","40 03:59.513","","00","76 17:10.906","4","0","0","0","36101","0","0","0","","0","0","0","2","36101","1","","1","01","N","N","0","","0","0","0","0","0","","1521","1","2","0","0","0","0","0","3","0","2","N","","","","","","","","","","","","03","  ","","",""
"0652","2","0","0","0","0","0","0","0","0","1","0","","36","01","2018","2018019423","4","40.0849","-76.2168","0649","08","0","0","0","0","0","2","1","0","","0","0","0","06","5","0","01","0","40 05:05.778","","00","76 13:00.434","0","0","0","0","36234","0","0","0","","0","0","0","4","36215","0","","1","01","N","N","0","","0","0","0","3","2","","0645","0","3","0","0","0","0","0","1","1","3","N","","","","","","","","","","","","03","  ","","",""
"0720","0","0","0","0","0","0","0","0","0","7","0","","36","02","2018","2018019424","7","40.0394","-76.2022","0715","08","0","0","0","0","0","0","0","0","","0","0","0","07","1","0","00","0","40 02:21.830","","00","76 12:07.879","0","0","0","0","36215","0","0","0","","0","0","0","1","36215","0","","5","09","N","N","0","","0","0","0","0","0","","0715","0","2","0","0","0","0","0","1","2","2","N","","","","","","","","","","","","03","  ","","",""
"0937","1","0","0","0","0","0","0","0","0","4","0","","36","02","2018","2018019425","7","40.0319","-76.2398","0928","08","0","0","0","0","0","1","0","0","2","0","0","0","09","1","2","02","1","40 01:54.765","4","02","76 14:23.331","3","0","0","0","36215","0","0","0","N","0","0","0","2","36215","0","","1","01","N","N","0","","2","0","1","3","2","Y","0927","2","2","0","0","0","0","0","1","0","2","N","","","","","","","","","","","","03","  ","","",""
"1139","1","0","0","0","0","0","0","0","0","4","0","","36","02","2018","2018019426","2","40.0373","-76.4082","1131","08","0","0","0","0","0","0","0","1","1","0","0","0","11","1","1","01","1","40 02:14.323","2","00","76 24:29.659","4","0","0","0","36223","0","0","0","N","0","0","0","2","36223","1","","1","09","N","N","0","","0","0","0","3","2","N","1119","1","2","0","0","0","0","0","1","1","2","N","","","","","","","","","","","","03","  ","","",""
"1715","1","0","0","0","0","0","0","0","0","4","0","","36","02","2018","2018019453","6","40.0105","-76.1325","1709","08","0","0","0","0","0","0","0","0","1","0","0","0","17","4","1","00","1","40 00:37.968","6","00","76 07:56.999","3","0","0","0","36226","0","0","0","","0","0","0","4","68J01","0","","1","01","N","N","0","","1","0","1","3","3","N","1708","1","2","0","0","0","0","0","1","0","2","N","","","","","","","","","","","","03","  ","","",""
"2203","1","0","0","0","0","0","0","0","0","7","0","","36","02","2018","2018019457","1","40.2309","-76.2916","2140","08","0","0","0","0","0","1","0","0","","0","0","0","21","2","0","00","0","40 13:51.157","","00","76 17:29.911","0","0","0","0","36217","0","0","0","N","0","0","0","1","68J01","0","","4","09","N","N","0","","0","0","0","0","0","","2129","0","1","0","0","0","0","0","1","0","1","N","","","","","","","","","","","","05","  ","","",""
"2230","1","0","0","0","0","0","0","0","0","7","0","","36","01","2018","2018019462","7","40.0614","-76.1526","2220","08","0","0","0","0","0","0","0","0","","0","0","0","21","2","5","00","0","40 03:40.942","","00","76 09:09.262","3","0","0","0","36221","0","0","0","N","0","0","0","5","68J01","0","","4","01","N","N","0","","5","0","0","0","0","","2156","5","1","0","0","1","0","0","1","0","1","N","","","","","","","","","","","","03","  ","","",""
"2238","1","0","0","0","0","0","0","0","0","7","0","","36","02","2018","2018019487","1","40.0657","-76.4541","2231","08","0","0","0","0","0","0","0","0","","0","0","0","22","2","1","00","0","40 03:56.662","","00","76 27:14.853","3","0","0","0","36239","0","0","0","N","0","0","0","1","36239","0","","4","02","N","N","0","","1","0","0","0","0","","2231","1","1","0","0","1","0","0","3","0","1","N","","","","","","","","","","","","98","  ","","",""
"1306","3","0","0","0","0","0","0","0","0","6","0","","36","02","2018","2018019542","1","40.2089","-76.2257","1254","08","0","0","1","0","0","0","0","0","2","0","0","0","12","1","0","00","1","40 12:32.183","4","00","76 13:32.614","0","0","0","0","36204","0","0","0","N","0","0","0","3","36506","0","","1","07","N","N","0","","0","0","0","0","0","Y","1254","0","3","0","0","0","0","0","1","0","3","N","","","","","","","","","","","","10","  ","","",""
"1134","0","0","0","0","0","0","0","0","0","1","1","","36","02","2018","2018019571","3","40.2142","-76.0963","1126","08","0","0","0","0","0","0","0","0","3","0","1","0","11","1","1","00","1","40 12:51.079","1","00","76 05:46.633","3","0","0","0","36210","0","0","0","N","0","0","0","2","36210","0","","1","01","N","N","1","","1","0","0","0","0","N","1120","1","2","0","0","0","0","0","1","0","2","N","","","","","","","","","","","","03","  ","","",""
"1229","1","0","0","0","0","0","0","0","0","4","0","","36","02","2018","2018019575","2","40.0632","-76.3575","1227","08","0","0","0","0","0","1","0","1","1","0","0","0","12","1","1","00","1","40 03:47.678","3","07","76 21:26.881","3","0","0","0","36214","0","0","0","N","0","0","0","2","36214","0","","1","01","N","N","0","","1","0","0","3","3","N","1225","1","2","0","0","0","0","0","3","1","2","N","","","","","","","","","","","","03","  ","","",""
"1110","0","0","0","0","0","0","0","0","0","7","0","","36","02","2018","2018019680","2","39.9916","-76.3831","1103","08","0","0","0","0","0","0","0","1","","0","0","0","11","1","0","10","0","39 59:29.662","","00","76 22:59.132","0","0","0","0","36223","0","0","0","","0","0","0","1","36223","0","","4","09","N","N","0","","0","0","1","0","0","","1100","0","1","0","0","0","0","0","1","0","1","N","","","","","","","","","","","","03","  ","","",""
"1836","2","0","0","0","0","0","0","0","0","4","0","","36","02","2018","2018019742","3","40.1233","-76.3753","1827","08","0","0","0","0","0","0","0","0","","0","0","0","18","4","1","01","0","40 07:23.702","","00","76 22:31.147","8","0","0","0","36214","0","0","0","N","0","0","0","2","36214","0","","1","01","N","N","0","","0","0","0","3","3","","1826","1","2","0","0","1","1","0","3","0","2","N","","","","","","","","","","","","03","  ","","",""
"0615","1","0","0","0","0","0","0","0","0","4","0","","36","01","2018","2018019754","2","40.1791","-76.6006","0610","08","0","0","0","0","0","0","0","0","","0","0","0","06","5","0","01","0","40 10:44.805","","02","76 36:01.990","0","0","0","0","36225","0","0","0","N","0","0","0","2","36505","0","","1","01","N","N","1","","0","0","0","3","2","","0610","0","2","0","0","0","0","0","2","0","2","N","","","","","","","","","","","","03","  ","","",""
"1225","1","0","0","0","0","0","0","0","0","7","0","","36","02","2018","2018019755","1","40.1908","-76.1948","1223","08","1","0","0","0","0","0","0","0","","0","0","0","12","1","0","00","0","40 11:26.823","","00","76 11:41.273","0","0","0","0","36408","0","0","0","N","0","0","0","1","36408","0","","2","07","N","N","0","","0","0","0","0","0","","1221","0","1","0","0","1","0","0","2","0","1","N","","","","","","","","","","","","10","  ","","",""
"1320","1","0","0","0","0","0","0","0","0","7","0","","36","02","2018","2018019766","1","40.2211","-76.1493","1314","08","0","0","1","0","0","0","0","0","","0","0","0","13","1","1","00","0","40 13:15.888","","00","76 08:57.379","3","0","0","0","36236","0","0","0","N","0","0","0","2","36408","0","","4","07","N","N","0","","1","0","0","0","0","","1312","1","1","0","0","0","0","0","1","0","1","N","","","","","","","","","","","","10","  ","","",""
"0714","1","0","0","0","0","0","0","0","0","1","0","","36","02","2018","2018019769","4","40.1648","-76.2153","0711","08","0","0","0","0","0","0","0","0","","0","0","0","07","1","0","01","0","40 09:53.158","","00","76 12:54.966","0","0","0","0","36218","0","0","0","N","0","0","0","2","36408","0","","1","07","N","N","1","","0","0","0","3","2","","0709","0","2","0","0","0","0","0","1","0","2","N","","","","","","","","","","","","10","  ","","",""
"1837","1","0","0","0","0","0","0","0","0","7","0","","36","02","2018","2018019774","1","40.2769","-76.0947","1832","08","0","0","0","0","0","0","0","0","","0","0","0","18","2","0","00","0","40 16:36.779","","00","76 05:41.085","0","0","0","0","36210","0","0","0","N","0","0","0","1","36210","0","","4","02","N","N","0","","0","0","0","0","0","","1829","0","1","0","0","0","0","0","1","0","1","N","","","","","","","","","","","","07","  ","","",""
"0728","1","0","0","0","0","0","0","0","0","7","0","","36","02","2018","2018019864","4","40.1128","-76.2433","0721","08","0","0","0","0","0","0","0","0","","0","0","0","07","1","1","00","0","40 06:46.239","","00","76 14:35.917","4","0","0","0","36101","0","0","0","","0","0","0","1","36101","1","","3","06","N","N","0","","0","0","0","0","0","","0718","1","1","0","0","0","0","0","3","0","1","N","","","","","","","","","","","","09","  ","","",""
"0828","1","0","0","0","0","0","0","0","0","4","0","","36","02","2018","2018019865","5","40.0643","-76.297","0825","08","0","0","1","0","0","0","0","0","","0","0","0","08","1","0","02","0","40 03:51.418","","00","76 17:49.362","0","0","0","0","36101","0","0","0","N","0","0","0","2","36101","0","","1","01","N","N","0","","0","0","1","3","3","","0823","0","2","0","0","0","0","0","3","0","2","N","","","","","","","","","","","","03","  ","","",""
"1012","1","0","0","0","0","0","0","0","0","2","0","","36","02","2018","2018019866","2","40.0387","-76.3578","1012","08","0","0","0","0","0","1","0","0","","0","0","0","09","1","1","02","0","40 02:19.417","","00","76 21:28.062","4","0","0","0","36223","0","0","0","","0","0","0","2","36223","1","","1","01","N","N","1","","0","0","0","0","0","","0956","1","2","0","0","0","0","0","1","0","2","N","","","","","","","","","","","","03","  ","","",""
"0848","1","0","0","0","0","0","0","0","0","6","0","","36","02","2018","2018019881","3","40.2899","-76.209","0836","08","1","0","0","0","0","0","0","0","2","0","0","0","08","1","1","00","1","40 17:23.666","6","00","76 12:32.307","4","0","0","0","36236","0","0","0","N","0","0","0","2","36408","1","","1","01","N","N","1","","0","0","0","0","0","N","0834","1","2","0","0","0","0","0","1","0","2","N","","","","","","","","","","","","03","  ","","",""
"0752","1","0","0","0","0","0","0","0","0","4","0","","36","02","2018","2018019889","5","39.8986","-76.1594","0747","08","0","0","0","0","0","0","0","0","1","0","0","0","07","1","0","02","1","39 53:54.818","3","00","76 09:33.785","0","0","0","0","36416","0","0","0","N","0","0","0","2","36416","0","","1","01","N","N","0","","0","0","1","3","3","N","0745","0","2","0","0","0","0","0","1","0","2","N","","","","","","","","","","","","03","  ","","",""
"0600","0","0","0","0","0","0","0","0","0","0","0","","36","02","2018","2018019917","2","40.1626","-76.1514","0555","08","0","0","0","0","0","0","0","0","","0","0","0","05","2","0","00","0","40 09:45.461","","00","76 09:05.154","0","0","0","0","36238","0","0","0","N","0","0","0","1","36238","0","","4","02","N","N","0","","0","0","1","0","0","","0555","0","1","0","0","0","0","0","3","0","1","N","","","","","","","","","","","","98","  ","","",""
"0629","0","0","0","0","0","0","0","0","0","1","0","","36","02","2018","2018019944","4","40.0247","-76.3041","0621","08","0","0","0","0","0","0","0","0","2","0","0","0","05","3","0","00","1","40 01:28.889","1","00","76 18:14.692","0","0","0","0","36301","0","0","0","N","0","0","0","1","36301","0","","6","01","N","N","0","","0","0","2","0","0","N","0532","0","2","0","0","0","0","0","3","0","2","N","","","","","","","","","","","","03","  ","","",""
"1648","2","0","0","0","0","0","0","0","0","1","0","","36","02","2018","2018019957","3","40.2076","-76.2216","1647","08","0","0","0","0","0","0","0","0","","0","0","0","16","1","0","00","0","40 12:27.288","","00","76 13:17.909","9","0","0","0","36204","0","0","0","N","0","0","0","3","36506","0","","1","01","N","N","0","","0","0","1","0","0","","1642","0","3","0","0","0","0","1","1","0","3","N","","","","","","","","","","","","03","  ","","",""
"0934","3","0","0","0","0","0","0","0","0","5","0","","36","02","2018","2018019994","4","40.0393","-76.2944","0930","08","0","0","1","0","0","0","0","0","","0","0","0","09","1","0","00","0","40 02:21.315","","00","76 17:40.013","0","0","0","0","36301","0","0","0","N","0","0","0","1","36301","0","","6","01","N","N","0","","0","0","0","0","0","","0930","0","3","0","0","0","0","0","3","0","3","N","","","","","","","","","","","","03","  ","","",""
"1511","0","0","0","0","0","0","0","0","0","4","0","","36","02","2018","2018019999","4","40.0575","-76.3983","1501","08","0","0","0","0","0","0","0","1","1","0","0","0","14","1","0","01","1","40 03:26.963","3","00","76 23:53.840","0","0","0","0","36214","0","0","0","N","0","0","0","2","36214","0","","1","01","N","N","1","","0","0","0","3","2","N","1459","0","2","0","0","0","0","0","3","1","2","N","","","","","","","","","","","","03","  ","","",""