"ARRIVAL_TM","AUTOMOBILE_COUNT","BELTED_DEATH_COUNT","BELTED_SUSP_SERIOUS_INJ_COUNT","BICYCLE_COUNT","BICYCLE_DEATH_COUNT","BICYCLE_SUSP_SERIOUS_INJ_COUNT","BUS_COUNT","CHLDPAS_DEATH_COUNT","CHLDPAS_SUSP_SERIOUS_INJ_COUNT","COLLISION_TYPE","COMM_VEH_COUNT","CONS_ZONE_SPD_LIM","COUNTY","CRASH_MONTH","CRASH_YEAR","CRN","DAY_OF_WEEK","DEC_LAT","DEC_LONG","DISPATCH_TM","DISTRICT","DRIVER_COUNT_16YR","DRIVER_COUNT_17YR","DRIVER_COUNT_18YR","DRIVER_COUNT_19YR","DRIVER_COUNT_20YR","DRIVER_COUNT_50_64YR","DRIVER_COUNT_65_74YR","DRIVER_COUNT_75PLUS","EST_HRS_CLOSED","FATAL_COUNT","HEAVY_TRUCK_COUNT","HORSE_BUGGY_COUNT","HOUR_OF_DAY","ILLUMINATION","INJURY_COUNT","INTERSECT_TYPE","LANE_CLOSED","LATITUDE","LN_CLOSE_DIR","LOCATION_TYPE","LONGITUDE","MAX_SEVERITY_LEVEL","MCYCLE_DEATH_COUNT","MCYCLE_SUSP_SERIOUS_INJ_COUNT","MOTORCYCLE_COUNT","MUNICIPALITY","NONMOTR_COUNT","NONMOTR_DEATH_COUNT","NONMOTR_SUSP_SERIOUS_INJ_COUNT","NTFY_HIWY_MAINT","PED_COUNT","PED_DEATH_COUNT","PED_SUSP_SERIOUS_INJ_COUNT","PERSON_COUNT","POLICE_AGCY","POSSIBLE_INJ_COUNT","RDWY_SURF_TYPE_CD","RELATION_TO_ROAD","ROAD_CONDITION","SCH_BUS_IND","SCH_ZONE_IND","SMALL_TRUCK_COUNT","SPEC_JURIS_CD","SUSP_MINOR_INJ_COUNT","SUSP_SERIOUS_INJ_COUNT","SUV_COUNT","TCD_FUNC_CD","TCD_TYPE","TFC_DETOUR_IND","TIME_OF_DAY","TOT_INJ_COUNT","TOTAL_UNITS","UNB_DEATH_COUNT","UNB_SUSP_SERIOUS_INJ_COUNT","UNBELTED_OCC_COUNT","UNK_INJ_DEG_COUNT","UNK_INJ_PER_COUNT","URBAN_RURAL","VAN_COUNT","VEHICLE_COUNT","WORK_ZONE_IND","WORK_ZONE_LOC","WORK_ZONE_TYPE","WORKERS_PRES","WZ_CLOSE_DETOUR","WZ_FLAGGER","WZ_LAW_OFFCR_IND","WZ_LN_CLOSURE","WZ_MOVING","WZ_OTHER","WZ_SHLDER_MDN","ROADWAY_CLEARED","WEATHER1","WEATHER2","WZ_WORKERS_INJ_KILLED","SECONDARY_CRASH","INTERSECTION_RELATED"
"1915","0","0","0","0","0","0","0","0","0","7","0","","36","02","2018","2018020070","7","40.0302","-76.4277","1911","08","0","1","0","0","0","0","0","0","2","0","0","0","19","2","0","00","1","40 01:48.830","3","00","76 25:39.690","0","0","0","0","36223","0","0","0","N","0","0","0","1","36223","0","","4","09","N","N","0","","0","0","1","0","0","N","1900","0","1","0","0","0","0","0","1","0","1","N","","","","","","","","","","","","07","05","","",""
"0023","1","0","0","0","0","0","0","0","0","1","1","","36","02","2018","2018020119","3","40.1538","-76.1591","0016","08","0","0","0","0","0","1","0","0","3","0","1","0","00","2","0","00","1","40 09:13.509","1","00","76 09:32.872","0","0","0","0","36238","0","0","0","N","0","0","0","1","36238","0","","2","01","N","N","0","","0","0","0","0","0","N","0012","0","2","0","0","0","0","0","3","0","2","N","","","","","","","","","","","","03","  ","","",""
"2028","0","0","0","0","0","0","0","0","0","7","0","","36","01","2018","2018020128","1","40.0357","-76.482","2023","08","0","0","0","0","0","0","0","0","","0","0","0","20","1","1","00","0","40 02:08.359","","00","76 28:55.254","8","0","0","0","36404","0","0","0","N","0","0","0","1","36404","0","","4","09","N","N","0","","0","0","1","0","0","","2023","1","1","0","0","0","1","0","3","0","1","N","","","","","","","","","","","","03","  ","","",""
"1424","1","0","0","0","0","0","0","0","0","1","0","","36","02","2018","2018020133","7","40.0395","-76.5049","1414","08","0","0","0","0","0","0","0","0","","0","0","0","14","1","1","00","0","40 02:22.335","","00","76 30:17.524","8","0","0","0","36404","0","0","0","N","0","0","0","3","36404","0","","1","09","N","N","0","","0","0","1","0","0","","1414","1","2","0","0","0","1","1","3","0","2","N","","","","","","","","","","","","07","  ","","",""
"2022","1","0","0","0","0","0","0","0","0","4","0","","36","02","2018","2018020156","4","40.0615","-76.5586","2017","08","0","0","0","0","0","0","1","0","2","0","0","0","20","2","3","01","2","40 03:41.533","7","00","76 33:30.806","2","0","0","0","36211","0","0","0","N","0","0","0","3","36504","0","","1","09","N","N","0","","2","1","0","3","3","Y","2014","3","2","0","0","1","0","0","1","1","2","N","","","","","","","","","","","","07","  ","","",""
"0225","0","0","0","0","0","0","0","0","0","7","1","","36","02","2018","2018020161","2","40.1439","-76.5565","0202","08","0","0","0","0","0","1","0","0","","0","1","0","02","2","0","00","0","40 08:38.105","","00","76 33:23.499","0","0","0","0","36225","0","0","0","N","0","0","0","2","36505","0","","1","02","N","N","0","","0","0","0","0","0","","0200","0","1","0","0","1","0","0","2","0","1","N","","","","","","","","","","","","03","  ","","",""
"1531","0","0","0","0","0","0","0","0","0","4","0","","36","02","2018","2018020256","3","40.0602","-76.2775","1531","08","0","0","0","1","0","0","0","0","1","0","0","0","15","1","0","01","1","40 03:36.103","3","00","76 16:38.923","0","0","0","0","36101","0","0","0","","0","0","0","2","36101","0","","1","01","N","N","1","","0","0","1","3","2","N","1531","0","2","0","0","0","0","0","3","0","2","N","","","","","","","","","","","","03","  ","","",""
"0903","2","0","0","0","0","0","0","0","0","4","0","","36","02","2018","2018020289","4","40.0383","-76.3244","0901","08","0","0","0","0","0","1","0","0","1","0","0","0","08","1","1","00","1","40 02:17.950","3","07","76 19:27.921","8","0","0","0","36301","0","0","0","N","0","0","0","3","36301","0","","1","01","N","N","0","","0","0","0","0","0","N","0855","1","2","0","0","2","1","0","3","0","2","N","","","","","","","","","","","","03","  ","","",""
"0849","1","0","0","0","0","0","0","0","0","1","1","","36","02","2018","2018020308","4","40.143","-76.5566","0839","08","0","0","0","0","0","0","0","0","","0","1","0","08","1","0","06","0","40 08:34.209","","02","76 33:24.479","9","0","0","0","36225","0","0","0","N","0","0","0","2","36505","0","","1","01","N","N","0","","0","0","0","3","3","N","0830","0","2","0","0","0","0","1","2","0","2","N","","","","","","","","","","","","03","  ","","",""
"1154","1","0","0","0","0","0","0","0","0","1","0","","36","02","2018","2018020363","5","39.9751","-76.2473","1149","08","0","0","0","0","0","0","0","0","","0","0","0","11","1","1","01","0","39 58:30.378","","00","76 14:50.447","4","0","0","0","36240","0","0","0","N","0","0","0","3","36240","1","","1","01","N","N","1","","0","0","0","3","2","","1130","1","3","0","0","1","0","1","1","0","3","N","","","","","","","","","","","","03","  ","","",""
"2103","0","0","0","0","0","0","0","0","0","7","0","","36","02","2018","2018020441","1","40.0697","-76.3167","2102","08","0","0","0","0","0","0","0","0","2","0","0","0","21","3","0","00","1","40 04:11.074","1","00","76 19:00.285","0","0","0","0","36101","0","0","0","","0","0","0","1","36101","0","","5","09","N","N","0","","0","0","1","3","2","N","2100","0","1","0","0","0","0","0","3","0","1","N","","","","","","","","","","","","05","  ","","",""
"1755","2","0","0","0","0","0","0","0","0","4","0","","36","02","2018","2018020442","3","39.9951","-76.4103","1749","08","0","0","0","0","1","1","0","0","2","0","0","0","17","4","1","03","1","39 59:42.268","5","00","76 24:37.080","4","0","0","0","36223","0","0","0","","0","0","0","2","36223","1","","1","01","N","N","0","","0","0","0","3","3","Y","1745","1","2","0","0","0","0","0","1","0","2","N","","","","","","","","","","","","03","  ","","",""
"2047","1","0","0","0","0","0","0","0","0","7","0","","36","02","2018","2018020470","1","40.2787","-76.1382","2047","08","0","0","0","1","0","0","0","0","","0","0","0","20","3","0","00","0","40 16:43.176","","00","76 08:17.431","0","0","0","0","36236","0","0","0","N","0","0","0","1","36408","0","","4","09","N","N","0","","0","0","0","0","0","","2045","0","1","0","0","0","0","0","1","0","1","N","","","","","","","","","","","","07","05","","",""
"1930","3","0","0","0","0","0","0","0","0","4","0","","36","02","2018","2018020492","5","40.0512","-76.3062","1925","08","0","0","0","0","0","2","0","0","","0","0","0","19","3","1","01","0","40 03:04.433","","00","76 18:22.148","8","0","0","0","36301","0","0","0","N","0","0","0","4","36301","0","","1","09","N","N","0","","0","0","0","3","3","","1925","1","3","0","0","0","1","0","3","0","3","N","","","","","","","","","","","","07","  ","","",""
"2155","2","0","0","0","0","0","0","0","0","4","0","","36","02","2018","2018020499","5","40.2225","-76.0968","2153","08","0","0","0","1","1","0","0","0","1","0","0","0","21","3","0","01","1","40 13:20.882","6","00","76 05:48.548","0","0","0","0","36210","0","0","0","N","0","0","0","2","36210","0","","1","09","N","N","0","","0","0","0","3","2","N","2151","0","2","0","0","0","0","0","1","0","2","N","","","","","","","","","","","","07","  ","","",""
"0141","0","0","0","0","0","0","0","0","0","7","0","","36","01","2018","2018020523","5","39.8779","-76.2127","0138","08","0","0","1","0","0","0","0","0","","0","0","0","01","3","0","02","0","39 52:40.403","","00","76 12:45.741","0","0","0","0","36212","0","0","0","N","0","0","0","2","68J01","0","","4","02","N","N","0","","0","0","1","0","0","","0137","0","1","0","0","0","0","0","1","0","1","N","","","","","","","","","","","","10","  ","","",""
"0532","0","0","0","0","0","0","0","0","0","6","0","","36","01","2018","2018020525","5","39.9945","-76.2037","0520","08","0","0","0","0","0","0","0","0","","0","0","0","05","3","0","00","0","39 59:40.063","","00","76 12:13.474","0","0","0","0","36233","0","0","0","N","0","0","0","2","68J01","0","","1","02","N","N","1","","0","0","1","0","0","","0518","0","2","0","0","0","0","0","1","0","2","N","","","","","","","","","","","","10","  ","","",""
"1212","2","0","0","0","0","0","0","0","0","2","0","","36","02","2018","2018020526","1","39.9174","-76.2675","1203","08","0","0","0","0","0","0","0","0","3","0","0","0","12","1","1","00","2","39 55:02.666","5","00","76 16:03.090","2","0","0","0","36229","0","0","0","","0","0","0","5","68J01","0","","1","02","N","N","0","","0","1","0","0","0","Y","1202","1","2","0","1","1","0","0","1","0","2","N","","","","","","","","","","","","07","  ","","",""
"0952","0","0","0","0","0","0","0","0","0","4","1","","36","02","2018","2018020537","3","39.8414","-76.0613","0940","08","0","0","0","0","0","0","0","0","","0","0","1","09","1","2","01","0","39 50:29.050","","00","76 03:40.665","3","0","0","0","36205","3","0","0","","0","0","0","4","68J01","0","","1","01","N","N","1","","2","0","0","3","3","","0938","2","2","0","0","0","0","0","1","0","1","N","","","","","","","","","","","","03","  ","","",""
"0807","1","0","0","0","0","0","0","0","0","7","0","","36","02","2018","2018020542","4","40.0552","-75.9828","0755","08","0","0","0","0","0","0","0","0","","0","0","0","07","1","0","00","0","40 03:18.800","","00","75 58:58.080","0","0","0","0","36232","0","0","0","N","0","0","0","1","68J01","0","","4","02","N","N","0","","0","0","0","0","0","","0749","0","1","0","0","0","0","0","1","0","1","N","","","","","","","","","","","","09","  ","","",""
"1156","0","0","0","0","0","0","0","0","0","7","0","","36","02","2018","2018020556","2","40.1519","-75.9014","1138","08","0","0","0","0","0","1","0","0","","0","0","0","11","1","0","00","0","40 09:06.984","","00","75 54:04.898","0","0","0","0","36203","0","0","0","","0","0","0","1","68J01","0","","4","01","N","N","0","","0","0","0","0","0","","1132","0","1","0","0","0","0","0","1","1","1","N","","","","","","","","","","","","03","  ","","",""
"1828","1","0","0","0","0","0","0","0","0","1","0","","36","02","2018","2018020558","2","40.2109","-76.0568","1824","08","0","0","0","0","0","0","0","1","","0","0","0","18","2","1","00","0","40 12:39.082","","00","76 03:24.308","4","0","0","0","36202","0","0","0","","0","0","0","2","68J01","1","","1","01","N","N","0","","0","0","1","0","0","","1821","1","2","0","0","0","0","0","1","0","2","N","","","","","","","","","","","","03","  ","","",""
"0139","1","0","0","0","0","0","0","0","0","4","1","","36","01","2018","2018020570","1","39.9624","-75.9908","0120","08","0","0","0","1","0","0","0","0","1","0","1","0","01","3","1","01","2","39 57:44.736","5","00","75 59:27.039","3","0","0","0","36231","0","0","0","N","0","0","0","3","68J01","0","","1","01","N","N","0","","1","0","0","3","3","Y","0118","1","2","0","0","0","0","0","1","0","2","N","","","","","","","","","","","","03","  ","","",""
"1543","1","0","0","0","0","0","0","0","0","4","0","","36","01","2018","2018020571","4","39.9849","-76.051","1531","08","0","0","0","0","0","2","0","0","2","0","0","0","15","1","0","02","1","39 59:05.791","1","00","76 03:03.502","0","0","0","0","36232","0","0","0","","0","0","0","2","68J01","0","","1","06","N","N","1","","0","0","0","0","0","N","1514","0","2","0","0","0","0","0","1","0","2","N","","","","","","","","","","","","10","  ","","",""
"1716","3","0","0","0","0","0","0","0","0","1","0","","36","01","2018","2018020572","4","39.9479","-76.2301","1701","08","1","0","0","0","0","0","0","0","2","0","0","0","16","2","2","01","1","39 56:52.314","1","00","76 13:48.470","3","0","0","0","36233","0","0","0","","0","0","0","7","68J01","0","","1","01","N","N","0","","1","0","0","0","0","N","1659","2","3","0","0","0","1","0","1","0","3","N","","","","","","","","","","","","03","  ","","",""
"1340","1","0","0","0","0","0","0","0","0","1","0","","36","01","2018","2018020580","2","40.0596","-76.2782","1340","08","0","0","0","0","0","0","0","0","","0","0","0","09","1","1","06","0","40 03:34.709","","02","76 16:41.505","4","0","0","0","36101","0","0","0","N","0","0","0","4","36101","1","","1","09","N","N","0","","0","0","1","3","4","","0920","1","2","0","0","0","0","0","3","0","2","N","","","","","","","","","","","","03","  ","","",""
"1339","0","0","0","0","0","0","0","0","0","0","1","","36","02","2018","2018020581","3","40.0682","-76.2905","1335","08","0","0","0","0","0","0","0","0","4","0","1","0","13","1","1","00","2","40 04:05.501","2","02","76 17:25.885","4","0","0","0","36101","0","0","0","N","0","0","0","1","36101","1","","1","01","N","N","0","","0","0","0","0","0","Y","1332","1","1","0","0","0","0","0","3","0","1","N","","","","","","","","","","","","03","  ","","",""
"1037","0","0","0","0","0","0","0","0","0","0","1","","36","02","2018","2018020582","4","40.0786","-76.3857","1033","08","0","0","0","0","0","0","0","0","3","0","1","0","10","1","0","00","2","40 04:43.070","5","00","76 23:08.640","0","0","0","0","36214","0","0","0","N","0","0","0","1","36214","0","","1","02","N","N","0","","0","0","0","0","0","Y","1032","0","1","0","0","0","0","0","3","0","1","N","","","","","","","","","","","","09","  ","","",""
"1857","1","0","0","0","0","0","0","0","0","6","0","","36","01","2018","2018020589","5","39.8779","-76.2125","1840","08","0","0","0","0","0","0","0","0","1","0","0","0","18","2","6","03","2","39 52:40.531","6","00","76 12:45.072","2","0","0","0","36212","0","0","0","N","0","0","0","6","68J01","0","","1","01","N","N","0","","3","1","1","0","0","Y","1837","6","2","0","1","5","2","0","1","0","2","N","","","","","","","","","","","","03","  ","","",""
"1520","2","0","0","0","0","0","0","0","0","1","0","","36","02","2018","2018020616","3","40.1723","-76.1711","1515","08","0","0","0","0","0","0","0","0","2","0","0","0","15","1","1","00","2","40 10:20.185","6","00","76 10:15.964","3","0","0","0","36408","0","0","0","N","0","0","0","3","36408","0","","6","01","N","N","0","","1","0","0","0","0","Y","1515","1","2","0","0","1","0","0","2","0","2","N","","","","","","","","","","","","03","  ","","",""
"1134","2","0","0","0","0","0","0","0","0","1","0","","36","02","2018","2018020627","5","40.145","-76.6082","1130","08","0","0","1","0","0","0","1","0","1","0","0","0","11","1","1","00","1","40 08:41.900","3","00","76 36:29.500","3","0","0","0","36407","0","0","0","N","0","0","0","2","36407","0","","1","01","N","N","0","","1","0","0","0","0","N","1123","1","2","0","0","0","0","0","2","0","2","N","","","","","","","","","","","","03","  ","","",""
"0056","1","0","0","0","0","0","0","0","0","7","0","","36","02","2018","2018020629","6","39.9607","-76.2674","0056","08","0","0","0","0","0","0","0","0","","0","0","0","00","2","0","03","0","39 57:38.601","","00","76 16:02.652","9","0","0","0","36228","0","0","0","Y","0","0","0","1","36503","0","","3","01","N","N","0","","0","0","0","0","0","","0056","0","1","0","0","0","0","1","1","0","1","N","","","","","","","","","","","","03","  ","","",""
"1143","1","0","0","0","0","0","0","0","0","6","0","","36","02","2018","2018020668","6","40.2023","-76.4959","1135","08","0","0","0","0","0","0","0","1","1","0","0","0","11","1","1","00","2","40 12:08.100","5","00","76 29:45.300","4","0","0","0","36230","0","0","0","N","0","0","0","2","36410","1","","1","09","N","N","0","","0","0","1","0","0","Y","1130","1","2","0","0","0","0","0","1","0","2","N","","","","","","","","","","","","07","  ","","",""
"0138","0","0","0","0","0","0","0","0","0","9","0","","36","02","2018","2018020830","2","40.07","-76.3169","0138","08","0","0","0","0","0","1","0","0","2","0","0","0","01","3","0","00","1","40 04:11.877","1","00","76 19:00.836","0","0","0","0","36101","0","0","0","","0","0","0","1","36101","0","","1","01","N","N","1","","0","0","0","3","2","N","0135","0","1","0","0","0","0","0","3","0","1","N","","","","","","","","","","","","03","  ","","",""
"0912","0","0","0","0","0","0","0","0","0","7","0","","36","02","2018","2018020832","6","40.1726","-76.452","0841","08","0","0","0","0","0","0","0","0","","0","0","0","07","1","2","00","0","40 10:21.479","","00","76 27:07.043","8","0","0","0","36230","0","0","0","N","0","0","0","2","36410","0","","4","02","N","N","0","","0","0","1","0","0","","0730","2","1","0","0","0","2","0","1","0","1","N","","","","","","","","","","","","03","  ","","",""
"1146","1","0","0","0","0","0","0","0","0","4","1","","36","02","2018","2018020833","6","40.1117","-76.4517","1138","08","0","0","0","0","0","2","1","0","2","0","1","0","11","1","0","01","1","40 06:41.993","7","00","76 27:06.028","0","0","0","0","36230","0","0","0","N","0","0","0","3","36410","0","","1","01","N","N","0","","0","0","1","3","2","N","1136","0","3","0","0","1","0","0","1","0","3","N","","","","","","","","","","","","03","  ","","",""
"1846","1","0","0","0","0","0","0","0","0","1","0","","36","02","2018","2018020922","6","40.0262","-76.3035","1842","08","0","0","0","0","0","0","0","0","","0","0","0","18","3","1","03","0","40 01:34.250","","00","76 18:12.579","8","0","0","0","36301","0","0","0","N","0","0","0","2","36301","0","","1","01","N","N","0","","0","0","0","3","3","","1842","1","2","0","0","0","1","0","3","1","2","N","","","","","","","","","","","","03","  ","","",""
"2150","1","0","0","0","0","0","0","0","0","4","0","","36","02","2018","2018020935","6","40.0412","-76.3902","2146","08","0","1","0","0","0","0","0","0","","0","0","0","21","3","1","01","0","40 02:28.220","","00","76 23:24.681","3","0","0","0","36214","0","0","0","N","0","0","0","2","36214","0","","1","01","N","N","0","","1","0","1","3","2","","2145","1","2","0","0","0","0","0","3","0","2","N","","","","","","","","","","","","03","  ","","",""
"1941","0","0","0","0","0","0","0","0","0","4","0","","36","02","2018","2018020941","6","40.0364","-76.4552","1941","08","0","0","0","0","0","0","0","0","1","0","0","0","19","3","0","01","2","40 02:10.903","4","00","76 27:18.690","0","0","0","0","36239","0","0","0","N","0","0","0","2","36239","0","","1","01","N","N","0","","0","0","1","3","2","N","1941","0","2","0","0","0","0","0","3","1","2","N","","","","","","","","","","","","03","  ","","",""
"1025","0","0","0","0","0","0","0","0","0","7","0","","36","02","2018","2018020951","4","40.158","-76.1536","1022","08","0","0","0","0","0","0","0","0","","0","0","0","10","1","0","00","0","40 09:28.946","","00","76 09:13.080","0","0","0","0","36238","0","0","0","Y","0","0","0","1","36238","0","","3","06","N","N","0","","0","0","0","0","0","","1022","0","1","0","0","0","0","0","3","1","1","N","","","","","","","","","","","","07","  ","","",""
"0024","2","0","0","0","0","0","0","0","0","1","0","","36","02","2018","2018020952","7","40.0634","-76.3634","0020","08","0","0","0","0","0","0","0","0","2","0","0","0","00","3","2","00","1","40 03:48.100","6","00","76 21:48.400","3","0","0","0","36214","0","0","0","N","0","0","0","2","36214","0","","6","01","N","N","0","","1","0","0","0","0","N","0017","2","2","0","0","0","1","0","3","0","2","N","","","","","","","","","","","","03","  ","","",""
"1851","1","0","0","0","0","0","0","0","0","4","0","","36","01","2018","2018020981","1","40.0082","-76.3446","1847","08","0","1","0","0","0","1","0","0","2","0","0","0","18","3","0","02","1","40 00:29.490","4","00","76 20:40.584","0","0","0","0","36220","0","0","0","N","0","0","0","2","36101","0","","1","01","N","N","0","","0","0","1","3","3","N","1843","0","2","0","0","0","0","0","3","0","2","N","","","","","","","","","","","","03","  ","","",""
"0827","1","0","0","0","0","0","0","0","0","1","0","","36","02","2018","2018021031","2","40.1422","-76.5972","0826","08","0","0","0","0","0","0","1","0","2","0","0","0","08","1","0","00","1","40 08:31.894","1","00","76 35:49.910","0","0","0","0","36407","0","0","0","N","0","0","0","2","36407","0","","1","02","N","N","1","","0","0","0","0","0","N","0825","0","2","0","0","0","0","0","2","0","2","N","","","","","","","","","","","","98","  ","","",""
"1715","1","0","0","0","0","0","0","0","0","4","0","","36","02","2018","2018021035","6","40.1628","-76.1499","0712","08","0","0","0","0","0","1","0","0","","0","0","0","07","1","1","01","0","40 09:46.140","","02","76 08:59.472","4","0","0","0","36218","0","0","0","N","0","0","0","3","36408","1","","1","01","N","N","1","","0","0","1","3","2","","0710","1","3","0","0","0","0","0","1","0","3","N","","","","","","","","","","","","03","  ","","",""
"1923","1","0","0","0","0","0","0","0","0","7","0","","36","02","2018","2018021036","1","40.0249","-76.4727","1918","08","0","0","0","0","0","0","0","0","","0","0","0","19","2","0","00","0","40 01:29.656","","00","76 28:21.580","0","0","0","0","36239","0","0","0","N","0","0","0","1","36239","0","","2","02","N","N","0","","0","0","0","0","0","","1918","0","1","0","0","0","0","0","3","0","1","N","","","","","","","","","","","","98","  ","","",""
"0838","2","0","0","0","0","0","0","0","0","1","0","","36","02","2018","2018021044","7","40.0416","-76.359","0830","08","0","0","0","1","0","0","1","0","","0","0","0","08","1","0","00","0","40 02:29.800","","07","76 21:32.300","0","0","0","0","36214","0","0","0","N","0","0","0","3","36214","0","","1","01","N","N","0","","0","0","0","0","0","","0825","0","2","0","0","0","0","0","3","0","2","N","","","","","","","","","","","","03","  ","","",""
"1259","1","0","0","0","0","0","0","0","0","4","0","","36","02","2018","2018021104","6","40.1032","-76.523","1256","08","0","0","1","0","0","0","0","1","1","0","0","0","12","1","1","00","2","40 06:11.681","2","07","76 31:22.830","3","0","0","0","36413","0","0","0","N","0","0","0","2","36413","0","","1","09","N","N","0","","1","0","1","0","0","N","1256","1","2","0","0","0","0","0","2","0","2","N","","","","","","","","","","","","07","  ","","",""
"0815","2","0","0","0","0","0","0","0","0","4","0","","36","02","2018","2018021116","3","40.1478","-76.0462","0810","08","0","0","0","1","0","0","0","0","2","0","0","0","08","1","3","01","2","40 08:52.042","2","00","76 02:46.180","3","0","0","0","36213","0","0","0","N","0","0","0","3","36213","0","","1","01","N","N","0","","3","0","0","3","3","Y","0805","3","2","0","0","0","0","0","1","0","2","N","","","","","","","","","","","","03","  ","","",""
"1540","1","0","0","0","0","0","0","0","0","7","0","","36","02","2018","2018021145","1","40.2442","-76.1611","1531","08","0","0","0","0","0","0","0","0","","0","0","0","15","1","2","00","0","40 14:39.035","","01","76 09:38.570","3","0","0","0","36236","0","0","0","N","0","0","0","3","68T06","0","","2","09","N","N","0","","2","0","0","0","0","","1530","2","1","0","0","0","0","0","1","0","1","N","","","","","","","","","","","","07","  ","","",""
"1001","0","0","0","0","0","0","0","0","0","1","1","","36","02","2018","2018021157","3","40.2345","-76.3133","0954","08","0","0","0","0","0","0","1","0","2","0","2","0","09","1","1","00","1","40 14:04.493","4","00","76 18:46.486","3","0","0","0","36217","0","0","0","","0","0","0","3","68T06","0","","1","01","N","N","0","","1","0","1","0","0","N","0954","1","3","0","0","0","0","0","1","0","3","N","","","","","","","","","","","","03","  ","","",""
"0843","2","0","0","0","0","0","0","0","0","1","0","","36","02","2018","2018021206","6","40.1334","-76.2134","0839","08","0","0","0","0","0","1","0","0","","0","0","0","08","1","0","02","0","40 08:00.253","","00","76 12:48.229","0","0","0","0","36238","0","0","0","N","0","0","0","2","36238","0","","1","01","N","N","0","","0","0","0","3","3","","0837","0","2","0","0","0","0","0","3","0","2","N","","","","","","","","","","","","03","  ","","",""
"1841","1","0","0","0","0","0","0","0","0","5","0","","36","02","2018","2018021209","7","40.1471","-76.6299","1830","08","0","0","0","0","0","1","0","0","3","0","0","0","18","2","1","00","1","40 08:49.615","3","00","76 37:47.613","8","0","0","0","36237","0","0","0","N","0","0","0","5","36505","0","","1","07","N","N","0","","0","0","0","0","0","N","1817","1","2","0","0","0","1","0","1","1","2","N","","","","","","","","","","","","10","  ","","",""
"1926","1","0","0","0","0","0","0","0","0","7","0","","36","02","2018","2018021228","7","40.1109","-76.1102","1856","08","0","0","0","0","0","1","0","0","2","0","0","0","18","3","0","02","1","40 06:39.092","6","00","76 06:36.899","0","0","0","0","36209","0","0","0","N","0","0","0","1","36415","0","","5","07","N","N","0","","0","0","0","0","0","Y","1856","0","1","0","0","0","0","0","1","0","1","N","","","","","","","","","","","","10","  ","","",""
"2132","1","0","0","0","0","0","0","0","0","7","0","","36","02","2018","2018021254","7","40.193","-76.1266","2123","08","0","0","0","1","0","0","0","0","","0","0","0","21","2","0","00","0","40 11:34.700","","00","76 07:35.600","0","0","0","0","36210","0","0","0","N","0","0","0","2","36210","0","","4","07","N","N","0","","0","0","0","0","0","","2121","0","1","0","0","0","0","0","1","0","1","N","","","","","","","","","","","","10","  ","","",""
"1827","1","0","0","0","0","0","0","0","0","2","0","","36","02","2018","2018021257","7","40.1725","-76.1209","1814","08","0","0","0","0","0","0","0","0","2","0","0","0","18","3","0","00","1","40 10:20.873","5","00","76 07:15.082","0","0","0","0","36218","0","0","0","N","0","0","0","2","36408","0","","1","07","N","N","1","","0","0","0","0","0","N","1813","0","2","0","0","0","0","0","1","0","2","N","","","","","","","","","","","","10","  ","","",""
"1213","1","0","0","0","0","0","0","0","0","4","0","","36","02","2018","2018021287","6","40.0386","-76.1734","1157","08","0","0","0","0","1","0","0","0","1","0","0","0","11","1","1","01","1","40 02:18.835","7","00","76 10:24.175","3","0","0","0","36221","0","0","0","","0","0","0","2","68J01","0","","1","01","N","N","0","","1","0","1","3","2","N","1155","1","2","0","0","0","0","0","1","0","2","N","","","","","","","","","","","","03","  ","","",""
"2106","0","0","0","0","0","0","0","0","0","7","0","","36","02","2018","2018021298","7","39.9194","-76.1902","2051","08","0","0","1","0","0","0","0","0","2","0","0","0","20","2","0","00","2","39 55:09.733","5","00","76 11:24.544","0","0","0","0","36229","0","0","0","N","0","0","0","1","68J01","0","","4","09","N","N","0","","0","0","1","0","0","Y","2048","0","1","0","0","1","0","0","1","0","1","N","","","","","","","","","","","","05","  ","","",""
"1825","1","0","0","0","0","0","0","0","0","9","0","","36","02","2018","2018021303","3","39.8639","-76.2008","1815","08","0","0","0","0","0","0","0","0","1","0","0","0","18","2","0","00","1","39 51:50.092","2","00","76 12:02.856","0","0","0","0","36212","0","0","0","","0","0","0","1","68J01","0","","1","01","N","N","0","","0","0","0","0","0","N","1811","0","1","0","0","0","0","0","1","0","1","N","","","","","","","","","","","","03","  ","","",""
"1518","2","0","0","0","0","0","0","0","0","4","0","","36","02","2018","2018021372","3","40.1805","-76.2111","1514","08","0","0","0","0","0","2","0","0","","0","0","0","15","1","0","01","0","40 10:49.758","","00","76 12:39.923","0","0","0","0","36218","0","0","0","N","0","0","0","2","36408","0","","1","01","N","N","0","","0","0","0","3","3","","1510","0","2","0","0","0","0","0","1","0","2","N","","","","","","","","","","","","03","  ","","",""