"ARRIVAL_TM","AUTOMOBILE_COUNT","BELTED_DEATH_COUNT","BELTED_SUSP_SERIOUS_INJ_COUNT","BICYCLE_COUNT","BICYCLE_DEATH_COUNT","BICYCLE_SUSP_SERIOUS_INJ_COUNT","BUS_COUNT","CHLDPAS_DEATH_COUNT","CHLDPAS_SUSP_SERIOUS_INJ_COUNT","COLLISION_TYPE","COMM_VEH_COUNT","CONS_ZONE_SPD_LIM","COUNTY","CRASH_MONTH","CRASH_YEAR","CRN","DAY_OF_WEEK","DEC_LAT","DEC_LONG","DISPATCH_TM","DISTRICT","DRIVER_COUNT_16YR","DRIVER_COUNT_17YR","DRIVER_COUNT_18YR","DRIVER_COUNT_19YR","DRIVER_COUNT_20YR","DRIVER_COUNT_50_64YR","DRIVER_COUNT_65_74YR","DRIVER_COUNT_75PLUS","EST_HRS_CLOSED","FATAL_COUNT","HEAVY_TRUCK_COUNT","HORSE_BUGGY_COUNT","HOUR_OF_DAY","ILLUMINATION","INJURY_COUNT","INTERSECT_TYPE","LANE_CLOSED","LATITUDE","LN_CLOSE_DIR","LOCATION_TYPE","LONGITUDE","MAX_SEVERITY_LEVEL","MCYCLE_DEATH_COUNT","MCYCLE_SUSP_SERIOUS_INJ_COUNT","MOTORCYCLE_COUNT","MUNICIPALITY","NONMOTR_COUNT","NONMOTR_DEATH_COUNT","NONMOTR_SUSP_SERIOUS_INJ_COUNT","NTFY_HIWY_MAINT","PED_COUNT","PED_DEATH_COUNT","PED_SUSP_SERIOUS_INJ_COUNT","PERSON_COUNT","POLICE_AGCY","POSSIBLE_INJ_COUNT","RDWY_SURF_TYPE_CD","RELATION_TO_ROAD","ROAD_CONDITION","SCH_BUS_IND","SCH_ZONE_IND","SMALL_TRUCK_COUNT","SPEC_JURIS_CD","SUSP_MINOR_INJ_COUNT","SUSP_SERIOUS_INJ_COUNT","SUV_COUNT","TCD_FUNC_CD","TCD_TYPE","TFC_DETOUR_IND","TIME_OF_DAY","TOT_INJ_COUNT","TOTAL_UNITS","UNB_DEATH_COUNT","UNB_SUSP_SERIOUS_INJ_COUNT","UNBELTED_OCC_COUNT","UNK_INJ_DEG_COUNT","UNK_INJ_PER_COUNT","URBAN_RURAL","VAN_COUNT","VEHICLE_COUNT","WORK_ZONE_IND","WORK_ZONE_LOC","WORK_ZONE_TYPE","WORKERS_PRES","WZ_CLOSE_DETOUR","WZ_FLAGGER","WZ_LAW_OFFCR_IND","WZ_LN_CLOSURE","WZ_MOVING","WZ_OTHER","WZ_SHLDER_MDN","ROADWAY_CLEARED","WEATHER1","WEATHER2","WZ_WORKERS_INJ_KILLED","SECONDARY_CRASH","INTERSECTION_RELATED"
"0755","0","0","0","0","0","0","0","0","0","7","0","","36","02","2018","2018021392","1","40.054","-76.3656","0746","08","0","0","0","0","0","0","0","0","2","0","0","0","07","1","1","00","1","40 03:14.364","3","03","76 21:56.122","3","0","0","0","36214","0","0","0","N","0","0","0","1","36214","0","","2","02","N","N","0","","1","0","1","0","0","N","0745","1","1","0","0","0","0","0","3","0","1","N","","","","","","","","","","","","03","  ","","",""
"1957","2","0","0","0","0","0","0","0","0","6","0","","36","02","2018","2018021535","7","40.2063","-76.3955","1923","08","0","1","0","0","0","1","0","0","","0","0","0","19","2","0","00","0","40 12:22.767","","00","76 23:43.886","0","0","0","0","36230","0","0","0","N","0","0","0","4","36410","0","","1","07","N","N","0","","0","0","0","0","0","","1923","0","2","0","0","0","0","0","1","0","2","N","","","","","","","","","","","","10","  ","","",""
"1656","0","0","0","0","0","0","0","0","0","7","0","","36","02","2018","2018021550","1","39.9436","-76.2593","1644","08","0","0","0","0","0","0","1","0","","0","0","0","16","1","0","00","0","39 56:36.958","","00","76 15:33.380","0","0","0","0","36228","0","0","0","N","0","0","0","1","36503","0","","4","09","N","Y","1","","0","0","0","0","0","","1640","0","1","0","0","0","0","0","1","0","1","N","","","","","","","","","","","","07","  ","","",""
"1829","2","0","0","0","0","0","0","0","0","4","0","","36","02","2018","2018021570","7","40.1776","-76.1805","1829","08","0","0","0","0","0","1","0","0","1","0","0","0","18","3","0","01","1","40 10:39.273","2","00","76 10:49.908","0","0","0","0","36408","0","0","0","N","0","0","0","2","36408","0","","1","07","N","N","0","","0","0","0","3","2","N","1825","0","2","0","0","0","0","0","2","0","2","N","","","","","","","","","","","","10","  ","","",""
"2011","2","0","0","0","0","0","0","0","0","4","0","","36","02","2018","2018021603","1","40.0379","-76.5042","2009","08","0","0","0","0","0","1","0","0","1","0","0","0","20","2","0","01","1","40 02:16.558","2","00","76 30:14.950","0","0","0","0","36404","0","0","0","N","0","0","0","3","36404","0","","1","01","N","N","0","","0","0","0","3","3","N","2008","0","2","0","0","0","0","0","3","0","2","N","","","","","","","","","","","","03","  ","","",""
"1820","1","0","0","0","0","0","0","0","0","1","0","","36","02","2018","2018021612","7","40.146","-76.2783","1809","08","0","0","0","1","0","1","0","0","2","0","0","0","18","2","0","00","2","40 08:45.482","6","00","76 16:41.902","0","0","0","0","36235","0","0","0","N","0","0","0","2","36506","0","","1","07","N","N","1","","0","0","0","0","0","Y","1809","0","2","0","0","0","0","0","1","0","2","N","","","","","","","","","","","","10","  ","","",""
"1806","2","0","0","0","0","0","0","0","0","4","0","","36","02","2018","2018021652","7","40.1779","-76.0075","1759","08","0","0","2","0","0","0","0","0","","0","0","0","17","2","0","00","0","40 10:40.452","","00","76 00:27.084","0","0","0","0","36202","0","0","0","","0","0","0","2","68J01","0","","1","07","N","N","0","","0","0","0","0","0","","1753","0","2","0","0","0","0","0","1","0","2","N","","","","","","","","","","","","10","  ","","",""
"2040","1","0","0","0","0","0","0","0","0","6","0","","36","02","2018","2018021658","7","40.1319","-75.9015","2040","08","0","0","0","0","0","0","0","0","","0","0","0","19","3","0","00","0","40 07:54.762","","00","75 54:05.305","0","0","0","0","36203","0","0","0","N","0","0","0","2","68J01","0","","1","07","N","N","1","","0","0","0","0","0","","1945","0","2","0","0","0","0","0","1","0","2","N","","","","","","","","","","","","10","  ","","",""
"1845","2","0","0","0","0","0","0","0","0","4","0","","36","01","2018","2018021670","4","39.8414","-76.0613","1829","08","0","0","0","0","0","0","1","0","2","0","0","0","18","2","1","01","2","39 50:29.050","7","00","76 03:40.665","4","0","0","0","36205","0","0","0","N","0","0","0","5","68J01","1","","1","01","N","N","0","","0","0","0","3","3","Y","1828","1","3","0","0","0","0","0","1","1","3","N","","","","","","","","","","","","03","  ","","",""
"0802","0","0","0","0","0","0","0","0","0","7","0","","36","02","2018","2018021680","1","40.058","-76.2732","0738","08","0","0","0","1","0","0","0","0","2","0","0","0","07","1","0","00","1","40 03:28.627","4","00","76 16:23.547","0","0","0","0","36101","0","0","0","","0","0","0","1","36101","0","","3","02","N","N","1","","0","0","0","0","0","N","0730","0","1","0","0","0","0","0","3","0","1","N","","","","","","","","","","","","98","  ","","",""
"0959","1","0","0","0","0","0","0","0","0","5","0","","36","02","2018","2018021689","4","40.165","-76.5838","0951","08","0","0","0","0","0","0","0","0","","0","0","0","09","1","0","00","0","40 09:54.168","","00","76 35:01.613","0","0","0","0","36225","1","0","0","N","0","0","0","2","36505","0","","2","06","N","N","1","","0","0","0","0","0","","0950","0","2","0","0","0","0","0","2","0","2","N","","","","","","","","","","","","10","  ","","",""
"1837","2","0","0","0","0","0","0","0","0","1","0","","36","02","2018","2018021692","7","40.1742","-76.1922","1833","08","0","0","0","0","0","0","0","0","","0","0","0","18","3","1","00","0","40 10:27.299","","00","76 11:31.923","4","0","0","0","36408","0","0","0","N","0","0","0","4","36408","1","","1","07","N","N","0","","0","0","0","0","0","","1830","1","2","0","0","0","0","0","2","0","2","N","","","","","","","","","","","","10","  ","","",""
"2105","2","0","0","0","0","0","0","0","0","2","0","","36","02","2018","2018021701","1","40.0591","-76.4629","2058","08","0","0","0","1","0","1","0","0","2","0","0","0","20","2","1","03","2","40 03:32.814","5","00","76 27:46.398","3","0","0","0","36239","0","0","0","Y","0","0","0","3","36239","0","","1","09","N","N","0","","1","0","0","2","3","N","2058","1","2","0","0","0","0","1","3","0","2","N","","","","","","","","","","","","05","  ","","",""
"0447","1","0","0","0","0","0","0","0","0","7","0","","36","01","2018","2018021704","2","40.1322","-76.2132","0441","08","0","0","0","0","0","1","0","0","","0","0","0","04","2","0","00","0","40 07:56.026","","00","76 12:47.354","0","0","0","0","36238","0","0","0","N","0","0","0","1","36238","0","","1","01","N","N","0","","0","0","0","0","0","N","0441","0","1","0","0","0","0","0","3","0","1","N","","","","","","","","","","","","03","  ","","",""
"1129","0","0","0","0","0","0","0","0","0","7","0","","36","02","2018","2018021720","1","40.0752","-76.5247","1123","08","0","0","0","0","0","0","0","0","","0","0","0","11","1","0","02","0","40 04:30.590","","00","76 31:28.988","0","0","0","0","36211","0","0","0","N","0","0","0","4","36504","0","","5","02","N","N","1","","0","0","0","0","0","","1120","0","1","0","0","0","0","0","1","0","1","N","","","","","","","","","","","","10","  ","","",""
"1025","0","0","0","0","0","0","0","0","0","4","1","","36","02","2018","2018021734","2","39.9665","-76.2745","1023","08","0","0","0","0","0","0","1","0","2","0","1","0","10","1","1","10","2","39 57:59.351","2","00","76 16:28.354","3","0","0","0","36228","0","0","0","N","0","0","0","2","36503","0","","1","09","N","N","1","","1","0","0","0","0","Y","1019","1","2","0","0","0","0","0","1","0","2","N","","","","","","","","","","","","98","  ","","",""
"1547","0","0","0","0","0","0","0","0","0","7","0","","36","02","2018","2018021743","1","40.0669","-76.6007","1540","08","0","0","0","0","0","0","0","0","","0","0","0","15","1","0","00","0","40 04:00.664","","00","76 36:02.695","0","0","0","0","36211","0","0","0","N","0","0","0","1","36504","0","","5","02","N","N","1","","0","0","0","0","0","","1540","0","1","0","0","0","0","0","1","0","1","N","","","","","","","","","","","","10","  ","","",""
"0751","1","0","0","0","0","0","0","0","0","1","0","","36","02","2018","2018021746","2","40.0609","-76.5368","0748","08","0","0","0","0","0","1","0","0","2","0","0","0","07","1","1","00","1","40 03:39.255","5","00","76 32:12.631","3","0","0","0","36211","0","0","0","N","0","0","0","5","36504","0","","1","02","N","N","1","","1","0","1","0","0","Y","0747","1","3","0","0","0","0","0","1","0","3","N","","","","","","","","","","","","03","  ","","",""
"0106","1","0","0","0","0","0","0","0","0","7","0","","36","02","2018","2018021795","5","40.1778","-76.3831","0106","08","0","0","0","0","0","0","0","0","","0","0","0","01","2","0","02","0","40 10:40.159","","00","76 22:59.041","9","0","0","0","36227","0","0","0","N","0","0","0","1","36506","0","","4","09","N","N","0","","0","0","0","3","3","","0106","0","1","0","0","1","0","1","1","0","1","N","","","","","","","","","","","","07","  ","","",""
"1419","2","0","0","0","0","0","0","0","0","4","0","","36","02","2018","2018021796","7","40.1895","-76.31","1417","08","0","0","0","0","0","1","0","0","1","0","0","0","14","1","0","01","1","40 11:22.225","3","00","76 18:36.138","0","0","0","0","36217","0","0","0","N","0","0","0","2","36506","0","","1","01","N","N","0","","0","0","0","3","3","Y","1417","0","2","0","0","0","0","0","1","0","2","N","","","","","","","","","","","","03","  ","","",""
"1831","1","0","0","0","0","0","0","0","0","4","0","","36","02","2018","2018021797","7","40.1477","-76.2716","1821","08","0","0","0","0","0","1","0","0","3","0","0","0","18","2","1","02","2","40 08:51.700","5","00","76 16:17.946","4","0","0","0","36235","0","0","0","N","0","0","0","3","36506","1","","1","07","N","N","1","","0","0","0","0","0","Y","1821","1","3","0","0","0","0","0","1","1","3","N","","","","","","","","","","","","10","  ","","",""
"1837","1","0","0","0","0","0","0","0","0","5","0","","36","02","2018","2018021861","6","40.069","-76.3079","1831","08","0","0","0","0","0","0","0","0","","0","0","0","18","3","0","00","0","40 04:08.335","","00","76 18:28.319","9","0","0","0","36101","0","0","0","","0","0","0","4","36101","0","","1","01","N","N","1","","0","0","0","0","0","","1825","0","3","0","0","0","0","1","3","0","3","N","","","","","","","","","","","","03","  ","","",""
"1402","0","0","0","0","0","0","0","0","0","7","0","","36","02","2018","2018021862","1","40.0007","-76.4241","1350","08","0","0","0","0","0","0","0","0","4","0","0","0","13","1","2","00","2","40 00:02.345","6","00","76 25:26.642","8","0","0","0","36223","0","0","0","","0","0","0","4","36223","0","","2","09","N","N","0","","0","0","1","0","0","Y","1347","2","1","0","0","0","2","0","1","0","1","N","","","","","","","","","","","","07","  ","","",""
"0815","1","0","0","0","0","0","0","0","0","7","0","","36","01","2018","2018021863","5","39.9617","-76.3938","0751","08","0","0","0","0","0","0","0","0","","0","0","0","06","5","0","00","0","39 57:41.990","","00","76 23:37.600","0","0","0","0","36223","0","0","0","N","0","0","0","1","36223","0","","4","01","N","N","0","","0","0","0","0","0","","0600","0","1","0","0","0","0","0","1","0","1","N","","","","","","","","","","","","03","  ","","",""
"1903","1","0","0","0","0","0","0","0","0","4","0","","36","02","2018","2018022018","5","40.0357","-76.3143","1900","08","0","0","0","0","0","0","0","0","","0","0","0","18","3","1","01","0","40 02:08.544","","00","76 18:51.312","8","0","0","0","36301","0","0","0","N","0","0","0","3","36301","0","","1","09","N","N","0","","0","0","1","3","3","","1857","1","2","0","0","0","1","0","3","0","2","N","","","","","","","","","","","","07","  ","","",""
"1232","1","0","0","0","0","0","0","0","0","1","0","","36","02","2018","2018022089","2","40.0852","-76.2136","1232","08","0","0","0","0","0","0","0","1","","0","0","0","12","1","1","00","0","40 05:06.728","","00","76 12:48.822","4","0","0","0","36234","0","0","0","N","0","0","0","2","36215","1","","1","01","N","N","0","","0","0","1","0","0","","1232","1","2","0","0","0","0","0","1","0","2","N","","","","","","","","","","","","03","  ","","",""
"1542","1","0","0","0","0","0","0","0","0","1","0","","36","02","2018","2018022090","2","40.057","-76.2146","1542","08","0","0","0","0","0","0","0","0","","0","0","0","15","1","2","00","0","40 03:25.112","","00","76 12:52.439","4","0","0","0","36215","0","0","0","","0","0","0","3","36215","2","","1","01","N","N","0","","0","0","1","0","0","","1542","2","2","0","0","0","0","0","1","0","2","N","","","","","","","","","","","","03","  ","","",""
"1618","2","0","0","0","0","0","0","0","0","1","0","","36","02","2018","2018022091","2","40.0393","-76.1963","1613","08","0","0","0","0","0","0","1","0","1","0","0","0","16","1","0","00","1","40 02:21.489","3","00","76 11:46.615","0","0","0","0","36215","0","0","0","","0","0","0","2","36215","0","","1","01","N","N","0","","0","0","0","0","0","N","1612","0","2","0","0","0","0","0","1","0","2","N","","","","","","","","","","","","03","  ","","",""
"2224","1","0","0","0","0","0","0","0","0","7","0","","36","02","2018","2018022092","6","40.0653","-76.0759","2220","08","0","0","0","0","0","0","0","0","2","0","0","0","22","2","0","00","2","40 03:55.110","5","00","76 04:33.160","0","0","0","0","36209","0","0","0","N","0","0","0","1","36415","0","","5","01","N","N","0","","0","0","0","0","0","N","2216","0","1","0","0","0","0","0","1","0","1","N","","","","","","","","","","","","03","  ","","",""
"1912","0","0","0","0","0","0","0","0","0","4","0","","36","02","2018","2018022173","7","40.1773","-76.1724","1905","08","0","0","0","0","0","0","0","0","2","0","0","0","19","3","0","02","2","40 10:38.154","2","00","76 10:20.521","0","0","0","0","36408","0","0","0","N","0","0","0","3","36408","0","","1","07","N","N","0","","0","0","0","3","3","N","1900","0","2","0","0","0","0","0","2","2","2","N","","","","","","","","","","","","10","  ","","",""
"1348","1","0","0","0","0","0","0","0","0","4","1","","36","02","2018","2018022196","2","40.1571","-76.3073","1347","08","0","0","0","0","0","0","0","0","","0","1","0","13","1","0","01","0","40 09:25.725","","00","76 18:26.279","0","0","0","0","36409","0","0","0","N","0","0","0","2","36409","0","","1","09","N","N","0","","0","0","0","3","2","","1347","0","2","0","0","0","0","0","3","0","2","N","","","","","","","","","","","","07","  ","","",""
"1501","0","0","0","0","0","0","0","0","0","7","0","","36","02","2018","2018022210","6","40.1441","-76.3815","1455","08","0","1","0","0","0","0","0","0","2","0","0","0","14","1","0","00","1","40 08:38.672","5","00","76 22:53.232","0","0","0","0","36227","0","0","0","N","0","0","0","3","36506","0","","4","01","N","N","1","","0","0","0","0","0","Y","1453","0","1","0","0","0","0","0","1","0","1","N","","","","","","","","","","","","03","  ","","",""
"1549","0","0","0","0","0","0","0","0","0","4","0","","36","02","2018","2018022254","3","40.0507","-76.3938","1540","08","0","0","0","0","0","0","0","0","","0","0","0","15","1","0","00","0","40 03:02.600","","07","76 23:37.800","0","0","0","0","36214","0","0","0","N","0","0","0","2","36214","0","","1","01","N","N","1","","0","0","1","0","0","N","1535","0","2","0","0","0","0","0","3","0","2","N","","","","","","","","","","","","03","  ","","",""
"2033","0","0","0","0","0","0","0","0","0","7","0","","36","02","2018","2018022272","7","40.1296","-76.3162","2022","08","0","0","0","0","0","0","0","0","1","0","0","0","20","3","0","00","1","40 07:46.600","6","00","76 18:58.400","0","0","0","0","36235","0","0","0","N","0","0","0","2","36506","0","","4","06","N","N","1","","0","0","0","0","0","N","2022","0","1","0","0","0","0","0","1","0","1","N","","","","","","","","","","","","10","  ","","",""
"0859","1","0","0","0","0","0","0","0","0","5","1","","36","02","2018","2018022273","2","40.1293","-76.3049","0857","08","0","0","0","0","0","1","0","0","","0","1","0","08","1","0","00","0","40 07:45.427","","00","76 18:17.464","9","0","0","0","36235","0","0","0","N","0","0","0","2","36506","0","","1","01","N","N","0","","0","0","0","0","0","","0857","0","2","0","0","0","0","2","1","0","2","N","","","","","","","","","","","","03","  ","","",""
"0940","1","0","0","0","0","0","0","0","0","4","0","","36","02","2018","2018022330","5","40.1","-76.3556","0934","08","0","0","0","0","0","1","0","0","2","0","0","0","09","1","1","01","2","40 05:59.942","3","00","76 21:20.168","4","0","0","0","36406","0","0","0","","0","0","0","3","36101","1","","1","01","N","N","0","","0","0","1","3","2","N","0930","1","2","0","0","0","0","0","3","0","2","N","","","","","","","","","","","","03","  ","","",""
"1602","1","0","0","0","0","0","0","0","0","1","0","","36","02","2018","2018022438","5","40.062","-76.394","1556","08","0","0","0","0","0","1","0","1","1","0","0","0","15","1","1","00","1","40 03:43.200","3","07","76 23:38.500","3","0","0","0","36214","0","0","0","N","0","0","0","2","36214","0","","1","01","N","N","0","","1","0","1","0","0","N","1550","1","2","0","0","0","0","0","3","0","2","N","","","","","","","","","","","","03","  ","","",""
"1948","1","0","0","0","0","0","0","0","0","2","0","","36","02","2018","2018022441","2","40.0744","-76.4212","1947","08","0","0","1","0","0","0","1","0","2","0","0","0","19","2","3","00","2","40 04:27.719","5","00","76 25:16.340","3","0","0","0","36239","0","0","0","N","0","0","0","3","36239","0","","1","09","N","N","0","","3","0","0","0","0","Y","1947","3","2","0","0","1","0","0","3","1","2","N","","","","","","","","","","","","05","  ","","",""
"1347","1","0","0","0","0","0","0","0","0","4","0","","36","02","2018","2018022467","5","39.8986","-76.1593","1345","08","0","0","1","0","0","0","0","0","","0","0","0","13","1","0","02","0","39 53:54.870","","00","76 09:33.620","0","0","0","0","36416","0","0","0","N","0","0","0","3","36416","0","","1","01","N","N","1","","0","0","0","3","3","","1343","0","2","0","0","0","0","0","1","0","2","N","","","","","","","","","","","","03","  ","","",""
"1415","1","0","0","0","0","0","0","0","0","8","0","","36","02","2018","2018022607","1","40.0626","-76.542","1410","08","0","0","0","0","0","1","0","0","1","0","0","0","14","1","1","01","1","40 03:45.412","6","00","76 32:31.057","8","0","0","0","36211","1","0","0","N","1","0","0","2","36504","0","","1","01","N","N","0","","0","0","0","3","2","N","1410","1","2","0","0","0","1","0","1","0","1","N","","","","","","","","","","","","03","  ","","",""
"1901","2","0","0","0","0","0","0","0","0","4","0","","36","02","2018","2018022612","6","40.0329","-76.5037","1857","08","0","1","0","0","0","0","0","0","1","0","0","0","18","3","0","01","1","40 01:58.364","1","00","76 30:13.291","0","0","0","0","36404","0","0","0","N","0","0","0","3","36404","0","","1","01","N","N","0","","0","0","0","3","3","N","1857","0","2","0","0","0","0","0","3","0","2","N","","","","","","","","","","","","03","  ","","",""
"1535","0","0","0","0","0","0","0","0","0","2","0","","36","02","2018","2018022627","1","40.0588","-76.5456","1530","08","0","0","0","0","0","0","0","0","2","0","0","0","15","1","1","00","2","40 03:31.700","6","00","76 32:44.300","8","0","0","0","36411","0","0","0","N","0","0","0","2","36504","0","","1","01","N","N","0","","0","0","2","0","0","Y","1525","1","2","0","0","1","1","0","1","0","2","N","","","","","","","","","","","","03","  ","","",""
"0824","1","0","0","0","0","0","0","0","0","1","0","","36","02","2018","2018022659","4","40.0904","-76.3803","0818","08","0","0","0","0","0","2","0","0","2","0","0","0","08","1","1","00","2","40 05:25.587","5","00","76 22:49.023","3","0","0","0","36214","0","0","0","N","0","0","0","4","36214","0","","1","09","N","N","1","","1","0","2","0","0","Y","0815","1","4","0","0","0","0","0","3","0","4","N","","","","","","","","","","","","03","  ","","",""
"1414","2","0","0","0","0","0","0","0","0","1","0","","36","02","2018","2018022698","4","40.0867","-76.3761","1406","08","0","0","0","0","0","0","0","0","","0","0","0","14","1","0","00","0","40 05:12.181","","00","76 22:33.932","0","0","0","0","36214","0","0","0","N","0","0","0","2","36214","0","","1","01","N","N","0","","0","0","0","0","0","","1401","0","2","0","0","0","0","0","3","0","2","N","","","","","","","","","","","","03","  ","","",""
"0633","1","0","0","0","0","0","0","0","0","7","0","","36","02","2018","2018022703","4","40.16","-76.3557","0605","08","0","0","0","0","0","0","0","0","1","0","0","0","06","5","0","00","1","40 09:36.159","3","00","76 21:20.672","0","0","0","0","36227","0","0","0","N","0","0","0","1","36506","0","","4","09","N","N","0","","0","0","0","0","0","N","0603","0","1","0","0","0","0","0","1","0","1","N","","","","","","","","","","","","05","  ","","",""
"0631","0","0","0","0","0","0","0","0","0","1","0","","36","02","2018","2018022754","2","40.009","-76.3859","0627","08","0","0","0","1","0","0","0","0","","0","0","0","06","2","0","00","0","40 00:32.488","","07","76 23:09.210","0","0","0","0","36223","0","0","0","N","0","0","0","2","36223","0","","1","01","N","N","1","","0","0","0","0","0","","0618","0","2","0","0","1","0","0","1","1","2","N","","","","","","","","","","","","03","  ","","",""
"2232","1","0","0","0","0","0","0","0","0","4","0","","36","02","2018","2018022857","6","40.008","-76.3585","2230","08","0","0","0","0","0","0","0","0","3","0","0","0","22","3","0","01","2","40 00:28.902","6","00","76 21:30.702","0","0","0","0","36412","0","0","0","N","0","0","0","2","36412","0","","1","01","N","N","0","","0","0","1","3","2","Y","2225","0","2","0","0","0","0","0","3","0","2","N","","","","","","","","","","","","03","  ","","",""
"0655","2","0","0","0","0","0","0","0","0","1","0","","36","02","2018","2018022922","2","40.1466","-76.1189","0648","08","0","0","0","0","0","0","0","0","1","0","0","0","06","5","0","00","1","40 08:47.605","3","00","76 07:07.998","0","0","0","0","36209","0","0","0","N","0","0","0","2","36415","0","","1","01","N","N","0","","0","0","0","0","0","N","0645","0","2","0","0","0","0","0","1","0","2","N","","","","","","","","","","","","03","  ","","",""
"0753","1","0","0","0","0","0","0","0","0","5","1","","36","02","2018","2018022937","4","40.0525","-76.3229","0745","08","0","0","0","1","0","0","0","0","","0","1","0","07","1","0","00","0","40 03:09.020","","00","76 19:22.585","0","0","0","0","36101","0","0","0","","0","0","0","2","36101","0","","1","01","N","N","0","","0","0","0","0","0","","0743","0","2","0","0","0","0","0","3","0","2","N","","","","","","","","","","","","03","  ","","",""
"1253","1","0","0","0","0","0","0","0","0","1","0","","36","02","2018","2018022938","5","40.0916","-76.2815","1253","08","1","1","1","0","0","0","0","0","","0","0","0","12","1","0","00","0","40 05:29.934","","00","76 16:53.449","0","0","0","0","36101","0","0","0","N","0","0","0","3","36101","0","","1","01","N","N","0","","0","0","2","0","0","","1253","0","3","0","0","0","0","0","3","0","3","N","","","","","","","","","","","","03","  ","","",""
"1543","1","0","0","0","0","0","0","0","0","4","0","","36","02","2018","2018022939","5","40.0792","-76.3465","1532","08","0","0","0","0","0","1","1","0","","0","0","0","15","1","0","02","0","40 04:44.965","","02","76 20:47.372","0","0","0","0","36101","0","0","0","N","0","0","0","2","36101","0","","1","01","N","N","1","","0","0","0","3","3","","1527","0","2","0","0","0","0","0","3","0","2","N","","","","","","","","","","","","03","  ","","",""
"1653","1","0","0","0","0","0","0","0","0","1","0","","36","02","2018","2018022940","5","40.0595","-76.3346","1650","08","0","0","1","0","0","2","0","0","","0","0","0","16","1","3","01","0","40 03:34.367","","00","76 20:04.638","4","0","0","0","36101","0","0","0","","0","0","0","9","36101","3","","1","01","N","N","1","","0","0","1","3","2","","1617","3","3","0","0","0","0","0","3","0","3","N","","","","","","","","","","","","03","  ","","",""
"0739","0","0","0","0","0","0","0","0","0","7","0","","36","02","2018","2018022941","1","40.0807","-76.3484","0736","08","0","0","0","0","0","0","0","0","2","0","0","0","07","1","0","00","1","40 04:50.595","4","00","76 20:54.374","0","0","0","0","36101","0","0","0","Y","0","0","0","1","36101","0","","3","02","N","N","0","","0","0","1","0","0","N","0729","0","1","0","0","0","0","0","3","0","1","N","","","","","","","","","","","","03","  ","","",""
"1711","1","0","0","0","0","0","0","0","0","1","0","","36","02","2018","2018022942","3","40.0626","-76.3137","1711","08","0","0","0","0","0","1","0","0","1","0","0","0","17","1","0","02","1","40 03:45.306","1","00","76 18:49.472","9","0","0","0","36101","0","0","0","","0","0","0","5","36101","0","","1","01","N","N","0","","0","0","2","3","2","N","1711","0","3","0","0","0","0","1","3","0","3","N","","","","","","","","","","","","03","  ","","",""
"1055","2","0","0","0","0","0","0","0","0","1","0","","36","02","2018","2018022943","7","40.0326","-76.2427","1054","08","0","0","0","0","0","0","0","0","1","0","0","0","10","1","1","00","1","40 01:57.392","3","07","76 14:33.821","3","0","0","0","36215","0","0","0","N","0","0","0","3","36215","0","","1","01","N","N","0","","1","0","0","3","4","N","1049","1","2","0","0","0","0","0","1","0","2","N","","","","","","","","","","","","03","  ","","",""
"1444","0","0","0","0","0","0","0","0","0","4","0","","36","02","2018","2018022979","1","40.0374","-76.3105","1434","08","0","0","0","0","0","1","0","0","","0","0","0","14","1","0","01","0","40 02:14.783","","00","76 18:37.926","0","0","0","0","36301","0","0","0","N","0","0","0","2","36301","0","","1","01","N","N","1","","0","0","1","3","2","","1429","0","2","0","0","0","0","0","3","0","2","N","","","","","","","","","","","","03","  ","","",""
"0604","1","0","0","0","0","0","0","0","0","7","0","","36","02","2018","2018022986","1","40.1171","-76.0986","0557","08","0","0","0","0","0","0","0","0","1","0","0","0","05","2","0","00","2","40 07:01.475","5","00","76 05:55.014","0","0","0","0","36209","0","0","0","N","0","0","0","1","36415","0","","4","02","N","N","0","","0","0","0","0","0","Y","0554","0","1","0","0","0","0","0","1","0","1","N","","","","","","","","","","","","10","  ","","",""
"1826","2","0","0","0","0","0","0","0","0","6","0","","36","02","2018","2018022990","2","40.033","-76.506","1826","08","0","0","0","0","1","0","0","0","1","0","0","0","18","1","0","01","1","40 01:58.979","4","00","76 30:21.554","9","0","0","0","36404","0","0","0","N","0","0","0","3","36404","0","","1","01","N","N","0","","0","0","0","3","3","Y","1826","0","2","0","0","0","0","1","3","0","2","N","","","","","","","","","","","","03","  ","","",""
"2305","1","0","0","0","0","0","0","0","0","4","0","","36","02","2018","2018023024","6","40.0379","-76.5042","2305","08","0","0","0","0","0","0","0","0","1","0","0","0","23","2","0","01","1","40 02:16.558","2","00","76 30:14.950","0","0","0","0","36404","0","0","0","N","0","0","0","2","36404","0","","1","01","N","N","0","","0","0","1","3","3","Y","2305","0","2","0","0","0","0","0","3","0","2","N","","","","","","","","","","","","03","  ","","",""
"1133","0","0","0","1","0","0","0","0","0","2","0","","36","02","2018","2018023040","4","40.1522","-76.3836","1126","08","0","0","0","0","0","1","1","0","","0","0","0","11","1","1","02","0","40 09:07.976","","00","76 23:00.905","3","0","0","0","36227","1","0","0","N","0","0","0","3","36506","0","","2","01","N","N","2","","1","0","0","0","0","","1124","1","3","0","0","0","0","0","1","0","2","N","","","","","","","","","","","","03","  ","","",""