"ARRIVAL_TM","AUTOMOBILE_COUNT","BELTED_DEATH_COUNT","BELTED_SUSP_SERIOUS_INJ_COUNT","BICYCLE_COUNT","BICYCLE_DEATH_COUNT","BICYCLE_SUSP_SERIOUS_INJ_COUNT","BUS_COUNT","CHLDPAS_DEATH_COUNT","CHLDPAS_SUSP_SERIOUS_INJ_COUNT","COLLISION_TYPE","COMM_VEH_COUNT","CONS_ZONE_SPD_LIM","COUNTY","CRASH_MONTH","CRASH_YEAR","CRN","DAY_OF_WEEK","DEC_LAT","DEC_LONG","DISPATCH_TM","DISTRICT","DRIVER_COUNT_16YR","DRIVER_COUNT_17YR","DRIVER_COUNT_18YR","DRIVER_COUNT_19YR","DRIVER_COUNT_20YR","DRIVER_COUNT_50_64YR","DRIVER_COUNT_65_74YR","DRIVER_COUNT_75PLUS","EST_HRS_CLOSED","FATAL_COUNT","HEAVY_TRUCK_COUNT","HORSE_BUGGY_COUNT","HOUR_OF_DAY","ILLUMINATION","INJURY_COUNT","INTERSECT_TYPE","LANE_CLOSED","LATITUDE","LN_CLOSE_DIR","LOCATION_TYPE","LONGITUDE","MAX_SEVERITY_LEVEL","MCYCLE_DEATH_COUNT","MCYCLE_SUSP_SERIOUS_INJ_COUNT","MOTORCYCLE_COUNT","MUNICIPALITY","NONMOTR_COUNT","NONMOTR_DEATH_COUNT","NONMOTR_SUSP_SERIOUS_INJ_COUNT","NTFY_HIWY_MAINT","PED_COUNT","PED_DEATH_COUNT","PED_SUSP_SERIOUS_INJ_COUNT","PERSON_COUNT","POLICE_AGCY","POSSIBLE_INJ_COUNT","RDWY_SURF_TYPE_CD","RELATION_TO_ROAD","ROAD_CONDITION","SCH_BUS_IND","SCH_ZONE_IND","SMALL_TRUCK_COUNT","SPEC_JURIS_CD","SUSP_MINOR_INJ_COUNT","SUSP_SERIOUS_INJ_COUNT","SUV_COUNT","TCD_FUNC_CD","TCD_TYPE","TFC_DETOUR_IND","TIME_OF_DAY","TOT_INJ_COUNT","TOTAL_UNITS","UNB_DEATH_COUNT","UNB_SUSP_SERIOUS_INJ_COUNT","UNBELTED_OCC_COUNT","UNK_INJ_DEG_COUNT","UNK_INJ_PER_COUNT","URBAN_RURAL","VAN_COUNT","VEHICLE_COUNT","WORK_ZONE_IND","WORK_ZONE_LOC","WORK_ZONE_TYPE","WORKERS_PRES","WZ_CLOSE_DETOUR","WZ_FLAGGER","WZ_LAW_OFFCR_IND","WZ_LN_CLOSURE","WZ_MOVING","WZ_OTHER","WZ_SHLDER_MDN","ROADWAY_CLEARED","WEATHER1","WEATHER2","WZ_WORKERS_INJ_KILLED","SECONDARY_CRASH","INTERSECTION_RELATED"
"1617","0","0","0","0","0","0","0","0","0","1","0","","36","02","2018","2018023053","4","40.1354","-76.027","1610","08","0","0","0","0","0","2","0","0","","0","0","0","16","1","0","00","0","40 08:07.590","","07","76 01:37.113","0","0","0","1","36213","0","0","0","N","0","0","0","2","36213","0","","1","01","N","N","0","","0","0","1","0","0","","1606","0","2","0","0","0","0","0","1","0","2","N","","","","","","","","","","","","03","  ","","",""
"0630","1","0","0","0","0","0","0","0","0","7","0","","36","01","2018","2018023080","3","40.0841","-76.5905","0624","08","0","0","0","0","0","0","0","0","3","0","0","0","06","2","1","00","2","40 05:02.911","5","00","76 35:25.961","3","0","0","0","36211","0","0","0","N","0","0","0","1","36504","0","","4","07","N","N","0","","1","0","0","0","0","Y","0621","1","1","0","0","0","0","0","1","0","1","N","","","","","","","","","","","","10","  ","","",""
"1630","4","0","0","0","0","0","0","0","0","4","0","","36","02","2018","2018023112","3","40.2179","-76.2536","1628","08","0","0","0","0","0","2","0","0","3","0","0","0","16","1","0","00","1","40 13:04.602","4","07","76 15:12.894","0","0","0","0","36204","0","0","0","N","0","0","0","4","36506","0","","1","01","N","N","0","","0","0","0","0","0","Y","1628","0","4","0","0","0","0","0","1","0","4","N","","","","","","","","","","","","03","  ","","",""
"1540","2","0","0","0","0","0","0","0","0","1","0","","36","02","2018","2018023156","5","40.0573","-76.2799","1523","08","0","0","0","0","0","1","0","0","1","0","0","0","15","1","1","01","1","40 03:26.215","2","00","76 16:47.517","4","0","0","0","36101","0","0","0","N","0","0","0","2","36301","1","","1","09","N","N","0","","0","0","0","0","0","Y","1522","1","2","0","0","0","0","0","3","0","2","N","","","","","","","","","","","","07","  ","","",""
"0656","1","0","0","0","0","0","0","0","0","7","0","","36","02","2018","2018023243","1","40.0428","-76.4844","","08","0","0","0","0","0","0","0","0","1","0","0","0","06","5","0","00","1","40 02:34.090","4","99","76 29:03.938","0","0","0","0","36404","0","0","0","N","0","0","0","4","36404","0","","2","02","N","N","0","","0","0","0","0","0","N","0656","0","1","0","0","0","0","0","3","0","1","N","","","","","","","","","","","","03","05","","",""
"1454","0","0","1","0","0","0","0","0","0","5","3","99","36","02","2018","2018023300","4","40.2058","-76.1161","1447","08","0","0","0","0","0","0","0","0","2","0","3","0","14","1","1","00","1","40 12:20.926","1","00","76 06:58.079","2","0","0","0","36210","0","0","0","N","0","0","0","2","36210","0","","2","01","N","N","0","","0","1","0","0","0","N","1444","1","3","0","0","0","0","0","1","0","3","Y","4","2","Y","","","N","","","","Y","","03","  ","","",""
"1335","2","0","0","0","0","0","0","0","0","4","0","","36","02","2018","2018023301","3","40.0563","-76.4626","1328","08","0","0","0","0","0","0","0","0","1","0","0","0","13","1","2","01","1","40 03:22.745","1","00","76 27:45.285","8","0","0","0","36239","0","0","0","N","0","0","0","2","36239","0","","1","01","N","N","0","","0","0","0","3","3","Y","1328","2","2","0","0","0","2","0","3","0","2","N","","","","","","","","","","","","03","  ","","",""
"1640","1","0","0","0","0","0","0","0","0","4","0","","36","02","2018","2018023373","6","40.1136","-76.2496","1628","08","0","0","0","0","0","1","0","0","1","0","0","0","16","1","0","03","2","40 06:48.809","7","00","76 14:58.642","0","0","0","0","36101","0","0","0","N","0","0","0","2","36101","0","","1","01","N","N","0","","0","0","1","3","3","N","1622","0","2","0","0","0","0","0","3","0","2","N","","","","","","","","","","","","03","  ","","",""
"1542","1","0","0","0","0","0","0","0","0","1","0","","36","02","2018","2018023374","5","40.1977","-76.4203","1537","08","0","0","0","0","0","1","0","0","1","0","0","0","15","1","1","00","1","40 11:51.859","5","00","76 25:13.200","3","0","0","0","36230","0","0","0","","0","0","0","2","36410","0","","1","01","N","N","1","","1","0","0","0","0","N","1530","1","2","0","0","0","0","0","1","0","2","N","","","","","","","","","","","","03","  ","","",""
"1217","0","0","0","0","0","0","0","0","0","7","0","","36","01","2018","2018023446","2","","","1207","08","0","0","0","0","0","0","0","0","","0","0","0","12","1","0","00","0","","","00","","0","0","0","0","36211","0","0","0","N","0","0","0","1","36504","0","","4","02","N","N","0","","0","0","1","0","0","","1206","0","1","0","0","0","0","0","1","0","1","N","","","","","","","","","","","","09","  ","","",""
"1310","1","0","0","0","0","0","0","0","0","8","0","","36","02","2018","2018023469","6","40.0398","-76.3032","1307","08","0","0","0","0","0","0","0","0","","0","0","0","13","1","1","00","0","40 02:23.405","","00","76 18:11.433","3","0","0","0","36301","1","0","0","N","1","0","0","2","36301","0","","6","01","N","N","0","","1","0","0","0","0","N","1305","1","2","0","0","0","0","0","3","0","1","N","","","","","","","","","","","","03","  ","","",""
"1420","2","0","0","0","0","0","0","0","0","1","1","","36","02","2018","2018023482","5","40.1535","-76.3695","1415","08","0","0","0","0","0","1","0","0","1","0","0","0","14","1","1","02","1","40 09:12.525","1","00","76 22:10.135","8","0","0","0","36227","0","0","0","N","0","0","0","2","36506","0","","1","09","N","N","0","","0","0","0","0","0","Y","1415","1","2","0","0","1","1","0","1","0","2","N","","","","","","","","","","","","07","  ","","",""
"1552","3","0","0","0","0","0","0","0","0","1","0","","36","02","2018","2018023483","5","40.217","-76.2505","1546","08","0","0","0","0","0","0","0","0","","0","0","0","15","1","0","02","0","40 13:01.073","","00","76 15:01.638","9","0","0","0","36204","0","0","0","N","0","0","0","5","36506","0","","1","09","N","N","0","","0","0","0","3","2","","1546","0","3","0","0","0","0","1","1","0","3","N","","","","","","","","","","","","03","  ","","",""
"0828","1","0","0","0","0","0","0","0","0","7","0","","36","02","2018","2018023499","3","40.0553","-76.2788","0824","08","0","0","0","0","0","0","0","0","2","0","0","0","08","1","1","00","1","40 03:18.900","1","00","76 16:43.700","8","0","0","0","36301","0","0","0","N","0","0","0","1","36301","0","","4","09","N","N","0","","0","0","0","0","0","N","0819","1","1","0","0","0","1","0","3","0","1","N","","","","","","","","","","","","03","  ","","",""
"1505","2","0","0","0","0","0","0","0","0","4","0","","36","02","2018","2018023537","6","40.0013","-76.2342","1500","08","0","1","0","0","0","0","0","0","1","0","0","0","14","1","0","02","1","40 00:04.856","3","00","76 14:03.227","0","0","0","0","36240","0","0","0","N","0","0","0","4","36240","0","","1","09","N","N","0","","0","0","0","3","3","N","1457","0","2","0","0","0","0","0","1","0","2","N","","","","","","","","","","","","07","  ","","",""
"1449","2","0","0","0","0","0","0","0","0","4","0","","36","02","2018","2018023758","6","40.1033","-76.0871","1445","08","1","0","0","0","0","1","0","0","","0","0","0","14","1","0","01","0","40 06:11.878","","00","76 05:13.467","0","0","0","0","36415","0","0","0","N","0","0","0","3","36415","0","","1","01","N","N","0","","0","0","0","3","2","","1445","0","2","0","0","0","0","0","1","0","2","N","","","","","","","","","","","","03","  ","","",""
"0552","1","0","0","0","0","0","0","0","0","7","0","","36","02","2018","2018023763","7","40.2789","-76.1383","0548","08","0","0","0","0","0","0","0","0","1","0","0","0","05","2","1","00","1","40 16:44.017","1","00","76 08:17.983","8","0","0","0","36236","0","0","0","Y","0","0","0","1","36408","0","","4","09","N","N","0","","0","0","0","0","0","Y","0546","1","1","0","0","0","1","0","1","0","1","N","","","","","","","","","","","","05","  ","","",""
"1754","1","0","0","0","0","0","0","0","0","7","0","","36","02","2018","2018023776","6","40.1572","-76.1544","1745","08","0","0","0","0","0","1","0","0","","0","0","0","17","4","0","00","0","40 09:25.843","","00","76 09:15.715","0","0","0","0","36238","0","0","0","N","0","0","0","1","36238","0","","4","09","N","N","0","","0","0","0","0","0","","1744","0","1","0","0","0","0","0","3","0","1","N","","","","","","","","","","","","07","  ","","",""
"1745","1","0","0","0","0","0","0","0","0","4","0","","36","02","2018","2018023781","3","40.0404","-76.2974","1745","08","0","0","0","0","0","0","0","0","","0","0","0","17","4","0","01","0","40 02:25.541","","00","76 17:50.674","0","0","0","0","36301","0","0","0","N","0","0","0","2","36301","0","","1","01","N","N","0","","0","0","1","3","2","","1740","0","2","0","0","0","0","0","3","0","2","N","","","","","","","","","","","","03","  ","","",""
"0903","1","0","0","0","0","0","0","0","0","7","0","","36","02","2018","2018023785","6","40.041","-76.5053","0900","08","0","0","0","0","0","0","0","0","2","0","0","0","08","1","1","00","2","40 02:27.700","5","00","76 30:19.200","8","0","0","0","36239","0","0","0","N","0","0","0","1","36404","0","","5","09","N","N","0","","0","0","0","0","0","Y","0857","1","1","0","0","0","1","0","3","0","1","N","","","","","","","","","","","","03","  ","","",""
"0945","1","0","0","0","0","0","0","0","0","1","0","","36","02","2018","2018023795","6","40.0467","-76.2965","0942","08","0","0","0","0","0","1","0","0","","0","0","0","09","1","1","00","0","40 02:47.968","","07","76 17:47.271","8","0","0","0","36301","0","0","0","N","0","0","0","2","36301","0","","1","09","N","N","0","","0","0","1","0","0","","0939","1","2","0","0","0","1","0","3","0","2","N","","","","","","","","","","","","07","  ","","",""
"1409","1","0","0","0","0","0","0","0","0","4","1","","36","02","2018","2018023833","7","40.0384","-76.3013","1401","08","0","0","0","0","0","1","1","0","2","0","1","0","14","1","0","01","1","40 02:18.358","1","00","76 18:04.767","0","0","0","0","36301","0","0","0","N","0","0","0","3","36301","0","","1","09","N","N","0","","0","0","0","3","2","N","1400","0","2","0","0","0","0","0","3","0","2","N","","","","","","","","","","","","07","  ","","",""
"1416","0","0","0","0","0","0","0","0","0","7","0","","36","02","2018","2018023836","7","40.2043","-76.1185","1413","08","0","1","0","0","0","0","0","0","1","0","0","0","14","1","1","00","1","40 12:15.384","2","00","76 07:06.463","3","0","0","0","36210","0","0","0","N","0","0","0","1","36210","0","","3","09","N","N","0","","1","0","1","0","0","N","1412","1","1","0","0","0","0","0","1","0","1","N","","","","","","","","","","","","07","  ","","",""
"2014","1","0","0","0","0","0","0","0","0","1","0","","36","02","2018","2018023839","6","40.1153","-76.0561","2010","08","0","0","0","0","0","0","0","0","","0","0","0","20","3","0","00","0","40 06:54.974","","07","76 03:21.785","0","0","0","0","36213","0","0","0","N","0","0","0","8","36213","0","","1","09","N","N","0","","0","0","1","0","0","","2008","0","2","0","0","0","0","0","1","0","2","N","","","","","","","","","","","","03","  ","","",""
"1729","1","0","0","0","0","0","0","0","0","0","0","","36","02","2018","2018023848","6","39.9901","-76.2399","1727","08","0","0","0","0","0","0","0","1","2","0","0","0","17","1","0","01","1","39 59:24.433","6","00","76 14:23.626","0","0","0","0","36240","0","0","0","N","0","0","0","1","36240","0","","1","01","N","N","0","","0","0","0","3","2","Y","1725","0","1","0","0","0","0","0","1","0","1","N","","","","","","","","","","","","03","  ","","",""
"1330","2","0","0","0","0","0","0","0","0","4","0","","36","02","2018","2018023855","7","40.0366","-76.4542","1328","08","0","0","0","0","0","1","0","1","","0","0","0","13","1","0","00","0","40 02:11.729","","00","76 27:14.985","0","0","0","0","36239","0","0","0","N","0","0","0","3","36239","0","","1","09","N","N","0","","0","0","0","0","0","","1328","0","2","0","0","0","0","0","3","0","2","N","","","","","","","","","","","","07","  ","","",""
"2355","1","0","0","0","0","0","0","0","0","7","0","","36","02","2018","2018023856","6","40.0506","-76.3014","2351","08","0","0","0","0","0","0","0","0","","0","0","0","23","3","0","01","0","40 03:02.073","","00","76 18:05.147","0","0","0","0","36301","0","0","0","N","0","0","0","2","36301","0","","4","09","N","N","0","","0","0","0","3","3","","2349","0","1","0","0","0","0","0","3","0","1","N","","","","","","","","","","","","05","  ","","",""
"2220","1","0","0","0","0","0","0","0","0","7","0","","36","02","2018","2018023862","6","40.2142","-76.2212","2210","08","0","0","1","0","0","0","0","0","2","0","0","0","22","2","1","00","1","40 12:51.200","1","00","76 13:16.200","8","0","0","0","36204","0","0","0","N","0","0","0","1","36506","0","","4","09","N","N","0","","0","0","0","0","0","N","2210","1","1","0","0","0","1","0","1","0","1","N","","","","","","","","","","","","05","  ","","",""
"1900","1","0","0","0","0","0","0","0","0","7","0","","36","02","2018","2018023867","1","39.7378","-76.157","1818","08","0","0","0","0","0","0","0","0","3","0","0","0","18","2","0","00","2","39 44:16.222","5","00","76 09:25.058","0","0","0","0","36219","0","0","0","","0","0","0","1","68J01","0","","4","06","N","N","0","","0","0","0","0","0","Y","1813","0","1","0","0","0","0","0","1","0","1","N","","","","","","","","","","","","07","  ","","",""
"2235","1","0","0","0","0","0","0","0","0","7","0","","36","02","2018","2018023886","4","40.2221","-76.2865","2217","08","0","0","1","0","0","0","0","0","2","0","0","0","22","2","0","00","1","40 13:19.707","3","00","76 17:11.467","0","0","0","0","36217","0","0","0","","0","0","0","1","68J01","0","","4","01","N","N","0","","0","0","0","0","0","N","2214","0","1","0","0","0","0","0","1","0","1","N","","","","","","","","","","","","03","  ","","",""
"1717","2","0","0","0","0","0","0","0","0","4","0","","36","02","2018","2018023890","5","39.8389","-76.3072","1704","08","0","0","0","0","0","0","1","0","2","0","0","0","16","1","1","01","2","39 50:19.997","6","00","76 18:25.872","3","0","0","0","36224","0","0","0","N","0","0","0","2","68J01","0","","1","09","N","N","0","","1","0","0","3","3","N","1657","1","2","0","0","0","0","0","1","0","2","N","","","","","","","","","","","","03","  ","","",""
"1908","1","0","0","0","0","0","0","0","0","4","0","","36","02","2018","2018023911","7","40.0332","-76.3208","1905","08","0","0","0","0","0","2","0","0","","0","0","0","18","3","0","01","0","40 01:59.379","","00","76 19:14.750","0","0","0","0","36301","0","0","0","N","0","0","0","3","36301","0","","1","09","N","N","0","","0","0","1","3","3","","1836","0","2","0","0","0","0","0","3","0","2","N","","","","","","","","","","","","03","  ","","",""
"1359","0","0","0","0","0","0","0","0","0","7","0","","36","02","2018","2018023963","6","40.2184","-76.2549","1355","08","0","0","0","0","0","1","0","0","","0","0","0","13","1","0","00","0","40 13:06.077","","00","76 15:17.579","9","0","0","0","36204","0","0","0","N","0","0","0","1","36506","0","","5","09","N","N","1","","0","0","0","0","0","","1355","0","1","0","0","0","0","1","1","0","1","N","","","","","","","","","","","","07","  ","","",""
"1837","1","0","0","0","0","0","0","0","0","7","0","","36","02","2018","2018023964","7","40.1781","-76.278","1836","08","0","0","0","0","0","0","0","0","1","0","0","0","18","2","0","00","2","40 10:41.100","6","00","76 16:40.700","0","0","0","0","36235","0","0","0","N","0","0","0","1","36506","0","","4","09","N","N","0","","0","0","0","0","0","Y","1836","0","1","0","0","0","0","0","1","0","1","N","","","","","","","","","","","","03","  ","","",""
"1332","2","0","0","0","0","0","0","0","0","6","0","","36","02","2018","2018024035","3","40.0067","-76.3397","1332","08","0","0","0","0","0","1","0","0","3","0","0","0","13","1","3","00","2","40 00:24.031","5","00","76 20:22.774","3","0","0","0","36220","0","0","0","N","0","0","0","7","36412","1","","1","01","N","N","0","","2","0","2","0","0","Y","1332","3","4","0","0","0","0","0","3","0","4","N","","","","","","","","","","","","03","  ","","",""
"0935","1","0","0","0","0","0","0","0","0","0","0","","36","02","2018","2018024037","7","40.1225","-76.5209","0916","08","0","0","0","0","0","0","0","0","","0","0","0","09","1","0","00","0","40 07:20.823","","00","76 31:15.401","0","0","0","0","36225","0","0","0","N","0","0","0","1","36505","0","","4","09","N","N","0","","0","0","0","0","0","","0900","0","1","0","0","0","0","0","2","0","1","N","","","","","","","","","","","","07","  ","","",""
"1803","1","0","0","0","0","0","0","0","0","7","0","","36","02","2018","2018024083","1","40.1212","-76.5449","1755","08","0","0","1","0","0","0","0","0","3","0","0","0","17","4","1","03","2","40 07:16.415","5","00","76 32:41.764","8","0","0","0","36237","0","0","0","N","0","0","0","1","36505","0","","4","01","N","N","0","","0","0","0","0","0","Y","1753","1","1","0","0","0","1","0","1","0","1","N","","","","","","","","","","","","03","  ","","",""
"1802","0","0","0","0","0","0","0","0","0","7","0","","36","02","2018","2018024131","7","40.2492","-76.0854","1802","08","0","0","0","0","0","1","0","0","","0","0","0","17","3","0","00","0","40 14:57.043","","00","76 05:07.348","0","0","0","0","36210","0","0","0","N","0","0","0","3","36210","0","","4","07","N","N","0","","0","0","1","0","0","","1758","0","2","0","0","0","0","0","1","1","2","N","","","","","","","","","","","","10","  ","","",""
"0226","1","0","0","0","0","0","0","0","0","5","0","","36","02","2018","2018024140","1","40.0384","-76.3058","0223","08","0","0","0","0","0","0","0","0","","0","0","0","02","3","1","00","0","40 02:18.401","","00","76 18:20.772","3","0","0","0","36301","2","0","0","N","0","0","0","4","36301","0","","6","09","N","N","0","","1","0","1","0","0","","0200","1","2","0","0","0","0","0","3","0","2","N","","","","","","","","","","","","07","  ","","",""
"1612","1","0","0","0","0","0","0","0","0","4","0","","36","02","2018","2018024148","7","40.1436","-76.3048","1609","08","0","0","0","0","0","0","0","0","1","0","0","0","16","1","1","01","1","40 08:36.937","1","00","76 18:17.233","8","0","0","0","36409","0","0","0","N","0","0","0","2","36409","0","","1","09","N","N","0","","0","0","1","3","2","N","1607","1","2","0","0","0","1","0","3","0","2","N","","","","","","","","","","","","07","  ","","",""
"0206","1","0","0","0","0","0","0","0","0","6","0","","36","02","2018","2018024154","1","40.173","-76.1715","0205","08","0","0","0","1","0","0","0","0","1","0","0","0","02","3","0","00","1","40 10:22.700","3","07","76 10:17.398","0","0","0","0","36408","0","0","0","N","0","0","0","2","36408","0","","6","09","N","N","0","","0","0","0","0","0","N","0202","0","2","0","0","0","0","0","2","1","2","N","","","","","","","","","","","","07","  ","","",""
"2016","1","0","0","0","0","0","0","0","0","7","0","","36","02","2018","2018024161","1","40.0216","-76.2703","2008","08","0","0","0","0","0","1","0","0","","0","0","0","20","2","0","00","0","40 01:17.849","","00","76 16:12.996","0","0","0","0","36240","0","0","0","N","0","0","0","1","36240","0","","4","01","N","N","0","","0","0","0","0","0","","2005","0","1","0","0","1","0","0","1","0","1","N","","","","","","","","","","","","03","  ","","",""
"0230","1","0","0","0","0","0","0","0","0","1","0","","36","02","2018","2018024183","1","40.1019","-76.0965","0228","08","0","0","0","0","0","1","0","0","2","0","0","0","02","3","0","00","2","40 06:06.800","5","00","76 05:47.400","0","0","0","0","36415","0","0","0","Y","0","0","0","3","36415","0","","1","09","N","N","0","","0","0","2","0","0","Y","0225","0","3","0","0","0","0","0","1","0","3","N","","","","","","","","","","","","07","  ","","",""
"1444","1","0","0","0","0","0","0","0","0","7","0","","36","02","2018","2018024222","2","40.2415","-76.2477","1432","08","0","0","0","0","0","0","0","0","2","0","0","0","14","1","2","00","1","40 14:29.587","4","00","76 14:50.608","3","0","0","0","36204","0","0","0","","0","0","0","2","68T06","0","","3","08","N","N","0","","2","0","1","0","0","N","1432","2","2","0","0","0","0","0","1","0","2","N","","","","","","","","","","","","07","  ","","",""
"1114","1","0","0","0","0","0","0","0","0","4","0","","36","02","2018","2018024311","2","40.049","-76.3735","1111","08","0","0","0","0","0","0","1","1","","0","0","0","11","1","2","02","0","40 02:56.511","","07","76 22:24.628","4","0","0","0","36214","0","0","0","N","0","0","0","2","36214","2","","1","01","N","N","0","","0","0","1","3","3","","1109","2","2","0","0","0","0","0","3","0","2","N","","","","","","","","","","","","03","  ","","",""
"0651","2","0","0","0","0","0","0","0","0","1","0","","36","02","2018","2018024340","2","40.2327","-76.1367","0645","08","0","0","0","0","0","0","0","0","","0","0","0","06","1","0","00","0","40 13:57.786","","00","76 08:12.212","0","0","0","0","36405","0","0","0","N","0","0","0","1","36210","0","","4","01","N","N","0","","0","0","0","0","0","","0644","0","2","0","0","0","0","0","1","0","2","N","","","","","","","","","","","","03","  ","","",""
"1915","2","0","0","0","0","0","0","0","0","2","0","","36","02","2018","2018024359","7","40.157","-76.2645","1908","08","0","0","0","0","0","0","1","0","","0","0","0","19","2","0","00","0","40 09:25.200","","00","76 15:52.200","0","0","0","0","36235","0","0","0","N","0","0","0","2","36506","0","","1","07","N","N","0","","0","0","0","0","0","","1908","0","2","0","0","0","0","0","1","0","2","N","","","","","","","","","","","","10","  ","","",""
"1602","0","0","0","0","0","0","0","0","0","4","0","","36","02","2018","2018024456","3","40.1001","-76.3524","1555","08","0","0","0","0","0","0","0","0","2","0","0","0","15","1","0","01","1","40 06:00.506","1","00","76 21:08.531","0","0","0","0","36406","0","0","0","","0","0","0","2","36101","0","","1","01","N","N","0","","0","0","2","3","3","N","1550","0","2","0","0","0","0","0","3","0","2","N","","","","","","","","","","","","03","  ","","",""
"2210","2","0","0","0","0","0","0","0","0","5","0","","36","02","2018","2018024457","2","40.0302","-76.3237","2202","08","0","0","0","0","0","0","0","0","2","0","0","0","21","2","0","00","1","40 01:48.550","2","00","76 19:25.170","0","0","0","0","36220","0","0","0","N","0","0","0","1","36101","0","","6","09","N","N","0","","0","0","0","0","0","N","2153","0","2","0","0","0","0","0","3","0","2","N","","","","","","","","","","","","07","  ","","",""
"0827","1","1","0","0","0","0","0","0","0","7","0","","36","01","2018","2018024458","6","40.0633","-76.2746","0822","08","0","0","0","1","0","0","0","0","4","1","0","0","08","1","0","00","2","40 03:47.712","6","00","76 16:28.504","1","0","0","0","36101","0","0","0","N","0","0","0","1","36101","0","2","4","01","N","N","0","0","0","0","0","0","0","Y","0819","0","1","0","0","0","0","0","3","0","1","N","","","","","","","","","","","","03","  ","","",""
"1841","0","0","0","0","0","0","0","0","0","4","0","","36","02","2018","2018024459","7","40.0627","-76.3416","1833","08","1","0","0","0","0","1","0","0","","0","0","0","18","3","0","07","0","40 03:45.801","","00","76 20:29.905","0","0","0","0","36101","0","0","0","","0","0","0","6","36101","0","","1","09","N","N","1","","0","0","1","0","0","","1832","0","2","0","0","0","0","0","3","0","2","N","","","","","","","","","","","","07","  ","","",""
"1532","0","0","0","0","0","0","0","0","0","1","0","","36","02","2018","2018024460","3","40.058","-76.2733","1527","08","0","0","0","0","0","0","0","0","","0","0","0","15","1","1","00","0","40 03:28.722","","00","76 16:23.723","4","0","0","0","36101","0","0","0","","0","0","0","2","36101","1","","1","01","N","N","0","","0","0","2","0","0","","1520","1","2","0","0","0","0","0","3","0","2","N","","","","","","","","","","","","03","  ","","",""
"1345","2","0","0","0","0","0","0","0","0","1","0","","36","02","2018","2018024461","5","40.0687","-76.3088","1345","08","0","0","0","0","0","2","0","1","2","0","0","0","13","1","0","00","1","40 04:07.162","3","00","76 18:31.676","0","0","0","0","36101","0","0","0","","0","0","0","5","36101","0","","1","09","N","N","0","","0","0","1","0","0","N","1345","0","3","0","0","0","0","0","3","0","3","N","","","","","","","","","","","","07","  ","","",""
"1046","2","0","0","0","0","0","0","0","0","4","0","","36","02","2018","2018024462","7","40.1175","-76.3163","1038","08","0","0","0","0","0","0","0","0","","0","0","0","10","1","0","02","0","40 07:02.881","","00","76 18:58.553","9","0","0","0","36101","0","0","0","N","0","0","0","4","36101","0","","1","09","N","N","0","","0","0","0","0","0","","1036","0","2","0","0","0","0","1","3","0","2","N","","","","","","","","","","","","07","  ","","",""
"1302","1","0","0","0","0","0","0","0","0","7","0","","36","02","2018","2018024463","6","40.016","-76.1599","1252","08","0","0","0","0","0","0","0","0","","0","0","0","12","1","3","00","0","40 00:57.436","","00","76 09:35.770","3","0","0","0","36215","0","0","0","","0","0","0","3","36215","0","","4","01","N","Y","0","","1","0","0","0","0","","1249","3","1","0","0","0","2","0","1","0","1","N","","","","","","","","","","","","03","  ","","",""
"1046","0","0","0","0","0","0","0","0","0","4","0","","36","02","2018","2018024464","7","40.0341","-76.2505","1044","08","0","0","0","0","0","0","1","0","2","0","0","0","10","1","1","02","2","40 02:02.929","4","00","76 15:01.795","4","0","0","0","36215","0","0","0","","0","0","0","2","36215","1","","1","01","N","N","2","","0","0","0","3","2","Y","1042","1","2","0","0","0","0","0","1","0","2","N","","","","","","","","","","","","03","  ","","",""
"1425","1","0","0","0","0","0","0","0","0","4","0","","36","02","2018","2018024465","4","40.1517","-76.2982","1425","08","0","0","0","0","0","2","0","0","","0","0","0","14","1","0","03","0","40 09:06.290","","00","76 17:53.655","0","0","0","0","36409","0","0","0","N","0","0","0","2","36409","0","","1","01","N","N","0","","0","0","0","3","3","","1425","0","2","0","0","0","0","0","3","1","2","N","","","","","","","","","","","","03","  ","","",""
"0845","1","0","0","0","0","0","0","0","0","4","0","","36","02","2018","2018024466","5","40.1567","-76.3043","0845","08","0","0","1","0","0","0","1","0","","0","0","0","08","1","0","01","0","40 09:24.205","","00","76 18:15.497","0","0","0","0","36409","0","0","0","N","0","0","0","2","36409","0","","1","01","N","N","0","","0","0","1","3","2","","0845","0","2","0","0","0","0","0","3","0","2","N","","","","","","","","","","","","03","  ","","",""
"2022","3","0","0","0","0","0","0","0","0","5","0","","36","02","2018","2018024564","1","40.0459","-76.2974","2018","08","0","0","0","0","0","0","0","0","","0","0","0","20","2","0","00","0","40 02:45.381","","00","76 17:50.689","0","0","0","0","36301","0","0","0","N","0","0","0","1","36301","0","","6","01","N","N","0","","0","0","0","0","0","","2017","0","3","0","0","0","0","0","3","0","3","N","","","","","","","","","","","","03","  ","","",""
"0459","1","0","0","0","0","0","0","0","0","7","0","","36","02","2018","2018024632","7","40.1131","-76.2427","0450","08","0","0","0","0","0","0","0","0","","0","0","0","04","2","1","00","0","40 06:47.011","","00","76 14:33.782","4","0","0","0","36101","0","0","0","","0","0","0","1","36101","1","","4","09","N","N","0","","0","0","0","0","0","","0448","1","1","0","0","0","0","0","3","0","1","N","","","","","","","","","","","","05","  ","","",""