"ARRIVAL_TM","AUTOMOBILE_COUNT","BELTED_DEATH_COUNT","BELTED_SUSP_SERIOUS_INJ_COUNT","BICYCLE_COUNT","BICYCLE_DEATH_COUNT","BICYCLE_SUSP_SERIOUS_INJ_COUNT","BUS_COUNT","CHLDPAS_DEATH_COUNT","CHLDPAS_SUSP_SERIOUS_INJ_COUNT","COLLISION_TYPE","COMM_VEH_COUNT","CONS_ZONE_SPD_LIM","COUNTY","CRASH_MONTH","CRASH_YEAR","CRN","DAY_OF_WEEK","DEC_LAT","DEC_LONG","DISPATCH_TM","DISTRICT","DRIVER_COUNT_16YR","DRIVER_COUNT_17YR","DRIVER_COUNT_18YR","DRIVER_COUNT_19YR","DRIVER_COUNT_20YR","DRIVER_COUNT_50_64YR","DRIVER_COUNT_65_74YR","DRIVER_COUNT_75PLUS","EST_HRS_CLOSED","FATAL_COUNT","HEAVY_TRUCK_COUNT","HORSE_BUGGY_COUNT","HOUR_OF_DAY","ILLUMINATION","INJURY_COUNT","INTERSECT_TYPE","LANE_CLOSED","LATITUDE","LN_CLOSE_DIR","LOCATION_TYPE","LONGITUDE","MAX_SEVERITY_LEVEL","MCYCLE_DEATH_COUNT","MCYCLE_SUSP_SERIOUS_INJ_COUNT","MOTORCYCLE_COUNT","MUNICIPALITY","NONMOTR_COUNT","NONMOTR_DEATH_COUNT","NONMOTR_SUSP_SERIOUS_INJ_COUNT","NTFY_HIWY_MAINT","PED_COUNT","PED_DEATH_COUNT","PED_SUSP_SERIOUS_INJ_COUNT","PERSON_COUNT","POLICE_AGCY","POSSIBLE_INJ_COUNT","RDWY_SURF_TYPE_CD","RELATION_TO_ROAD","ROAD_CONDITION","SCH_BUS_IND","SCH_ZONE_IND","SMALL_TRUCK_COUNT","SPEC_JURIS_CD","SUSP_MINOR_INJ_COUNT","SUSP_SERIOUS_INJ_COUNT","SUV_COUNT","TCD_FUNC_CD","TCD_TYPE","TFC_DETOUR_IND","TIME_OF_DAY","TOT_INJ_COUNT","TOTAL_UNITS","UNB_DEATH_COUNT","UNB_SUSP_SERIOUS_INJ_COUNT","UNBELTED_OCC_COUNT","UNK_INJ_DEG_COUNT","UNK_INJ_PER_COUNT","URBAN_RURAL","VAN_COUNT","VEHICLE_COUNT","WORK_ZONE_IND","WORK_ZONE_LOC","WORK_ZONE_TYPE","WORKERS_PRES","WZ_CLOSE_DETOUR","WZ_FLAGGER","WZ_LAW_OFFCR_IND","WZ_LN_CLOSURE","WZ_MOVING","WZ_OTHER","WZ_SHLDER_MDN","ROADWAY_CLEARED","WEATHER1","WEATHER2","WZ_WORKERS_INJ_KILLED","SECONDARY_CRASH","INTERSECTION_RELATED"
"1812","2","0","0","0","0","0","1","0","0","4","1","","36","02","2018","2018024633","3","40.0378","-76.2707","1806","08","0","0","0","1","0","1","0","0","1","0","0","0","18","3","0","01","1","40 02:16.225","4","00","76 16:14.692","0","0","0","0","36215","0","0","0","N","0","0","0","12","36215","0","","1","01","N","N","0","","0","0","0","3","2","N","1803","0","3","0","0","0","0","0","1","0","3","N","","","","","","","","","","","","03","  ","","",""
"2112","0","0","0","0","0","0","0","0","0","7","0","","36","02","2018","2018024634","6","40.022","-76.1906","2105","08","0","0","0","0","0","0","0","0","","0","0","0","21","2","0","00","0","40 01:19.187","","00","76 11:26.129","0","0","0","0","36215","0","0","0","","0","0","0","1","36215","0","","4","01","N","N","0","","0","0","1","0","0","","2100","0","1","0","0","0","0","0","1","0","1","N","","","","","","","","","","","","03","  ","","",""
"0645","1","0","0","0","0","0","0","0","0","7","0","","36","02","2018","2018024635","1","40.0793","-76.2018","0637","08","0","0","0","0","0","0","0","0","5","0","0","0","06","5","0","00","2","40 04:45.460","5","00","76 12:06.428","0","0","0","0","36234","0","0","0","","0","0","0","1","36215","0","","5","02","N","N","0","","0","0","0","0","0","Y","0636","0","1","0","0","0","0","0","1","0","1","N","","","","","","","","","","","","03","  ","","",""
"2221","0","0","0","0","0","0","0","0","0","1","0","","36","02","2018","2018024636","5","40.0853","-76.2124","2220","08","0","0","0","0","0","0","0","0","3","0","0","0","22","3","1","02","2","40 05:07.094","7","00","76 12:44.587","4","0","0","0","36234","0","0","0","","0","0","0","2","36215","1","","1","09","N","N","1","","0","0","1","3","3","Y","2219","1","2","0","0","0","0","0","1","0","2","N","","","","","","","","","","","","07","  ","","",""
"1303","1","0","0","0","0","0","0","0","0","1","0","","36","02","2018","2018024637","7","40.0171","-76.1656","1256","08","0","0","0","0","0","0","0","0","","0","0","0","12","1","0","00","0","40 01:01.474","","00","76 09:56.242","0","0","0","0","36215","0","0","0","N","0","0","0","2","36215","0","","1","09","N","N","0","","0","0","1","0","0","","1250","0","2","0","0","0","0","0","1","0","2","N","","","","","","","","","","","","07","  ","","",""
"1319","1","0","0","0","0","0","0","0","0","4","0","","36","02","2018","2018024638","7","40.0728","-76.1055","1302","08","0","0","0","1","0","0","0","0","1","0","0","0","13","1","0","01","1","40 04:22.067","7","00","76 06:19.912","0","0","0","0","36209","0","0","0","","0","0","0","4","36215","0","","1","09","N","N","1","","0","0","0","3","3","N","1302","0","2","0","0","0","0","0","1","0","2","N","","","","","","","","","","","","07","  ","","",""
"0753","2","0","0","0","0","0","0","0","0","1","0","","36","02","2018","2018024639","3","40.0367","-76.3132","0751","08","0","0","1","0","0","1","0","0","2","0","0","0","07","3","0","00","2","40 02:12.186","3","00","76 18:47.421","0","0","0","0","36301","0","0","0","N","0","0","0","4","36301","0","","1","01","N","N","1","","0","0","1","0","0","Y","0746","0","4","0","0","0","0","0","3","0","4","N","","","","","","","","","","","","03","  ","","",""
"1529","3","0","0","0","0","0","1","0","0","1","1","","36","02","2018","2018024655","2","40.0385","-76.3107","1523","08","0","0","0","0","0","0","2","0","2","0","0","0","14","1","0","00","2","40 02:18.500","1","00","76 18:38.600","0","0","0","0","36301","0","0","0","N","0","0","0","4","36301","0","","1","01","N","N","0","","0","0","0","0","0","N","1439","0","4","0","0","0","0","0","3","0","4","N","","","","","","","","","","","","03","  ","","",""
"0800","0","0","0","0","0","0","0","0","0","7","0","","36","02","2018","2018024721","1","40.0538","-76.2712","0745","08","0","0","0","0","0","1","0","0","1","0","0","0","07","1","1","00","1","40 03:13.686","4","00","76 16:16.466","4","0","0","0","36301","0","0","0","N","0","0","0","1","36301","1","","2","02","N","N","0","","0","0","1","0","0","N","0745","1","1","0","0","0","0","0","3","0","1","N","","","","","","","","","","","","98","  ","","",""
"1553","1","0","0","0","0","0","0","0","0","4","0","","36","02","2018","2018024730","2","40.2137","-76.086","1547","08","0","0","0","0","0","0","0","0","2","0","0","0","15","1","0","02","1","40 12:49.240","7","00","76 05:09.453","0","0","0","0","36210","0","0","0","N","0","0","0","3","36210","0","","1","01","N","N","0","","0","0","1","3","3","N","1540","0","2","0","0","0","0","0","1","0","2","N","","","","","","","","","","","","03","  ","","",""
"2136","2","0","0","0","0","0","0","0","0","1","0","","36","02","2018","2018024742","6","40.1659","-76.6069","2130","08","0","0","1","0","0","1","0","0","","0","0","0","21","2","0","00","0","40 09:57.221","","07","76 36:24.924","0","0","0","0","36225","0","0","0","N","0","0","0","2","36505","0","","1","09","N","N","0","","0","0","0","0","0","N","2125","0","2","0","0","0","0","0","2","0","2","N","","","","","","","","","","","","05","  ","","",""
"0809","3","0","0","0","0","0","0","0","0","1","0","","36","02","2018","2018024748","3","40.0391","-76.4313","0809","08","0","0","0","0","0","0","1","0","","0","0","0","08","1","0","00","0","40 02:20.938","","00","76 25:52.632","0","0","0","0","36414","0","0","0","N","0","0","0","3","36239","0","","1","01","N","N","0","","0","0","0","0","0","","0809","0","3","0","0","0","0","0","3","0","3","N","","","","","","","","","","","","03","  ","","",""
"1722","2","0","0","0","0","0","0","0","0","4","0","","36","02","2018","2018024841","3","40.004","-76.2225","1715","08","0","0","0","0","0","1","0","0","","0","0","0","17","1","0","02","0","40 00:14.547","","00","76 13:21.017","0","0","0","0","36240","0","0","0","N","0","0","0","3","36240","0","","1","01","N","N","0","","0","0","0","3","3","","1714","0","2","0","0","0","0","0","1","0","2","N","","","","","","","","","","","","03","  ","","",""
"1547","1","0","0","0","0","0","1","0","0","4","1","","36","02","2018","2018024864","2","40.0392","-76.0644","1536","08","0","1","0","0","0","0","1","0","2","0","0","0","15","1","0","01","2","40 02:21.008","6","00","76 03:51.801","0","0","0","0","36221","0","0","0","N","0","0","0","5","68J01","0","","1","01","Y","N","0","","0","0","0","0","0","Y","1521","0","2","0","0","1","0","0","1","0","2","N","","","","","","","","","","","","03","  ","","",""
"1148","1","0","0","0","0","0","0","0","0","7","0","","36","02","2018","2018024897","7","40.13","-75.9034","1138","08","0","0","0","0","0","0","0","0","","0","0","0","11","1","0","00","0","40 07:47.904","","00","75 54:12.175","0","0","0","0","36203","0","0","0","","0","0","0","1","68J01","0","","4","09","N","N","0","","0","0","0","0","0","","1137","0","2","0","0","1","0","0","1","0","1","N","","","","","","","","","","","","07","  ","","",""
"1858","2","0","0","0","0","0","0","0","0","5","0","","36","02","2018","2018024898","7","40.0385","-76.1096","1857","08","0","0","0","0","0","0","1","0","","0","0","0","18","3","0","00","0","40 02:18.735","","00","76 06:34.467","0","0","0","0","36221","0","0","0","","0","0","0","4","68J01","0","","1","09","N","N","0","","0","0","0","0","0","","1854","0","2","0","0","0","0","0","1","0","2","N","","","","","","","","","","","","03","  ","","",""
"2203","1","0","0","0","0","0","0","0","0","0","0","","36","02","2018","2018024899","7","39.9201","-76.2494","2158","08","0","1","0","0","0","0","0","0","","0","0","0","21","2","0","00","0","39 55:12.182","","00","76 14:57.805","0","0","0","0","36229","0","0","0","","0","0","0","1","68J01","0","","5","09","N","N","0","","0","0","0","0","0","","2156","0","1","0","0","0","0","0","1","0","1","N","","","","","","","","","","","","03","  ","","",""
"0215","1","0","0","0","0","0","0","0","0","7","0","","36","02","2018","2018024901","1","39.9893","-76.1948","0212","08","0","0","0","0","0","0","0","0","","0","0","0","02","2","0","00","0","39 59:21.528","","00","76 11:41.249","0","0","0","0","36233","0","0","0","N","0","0","0","1","68J01","0","","4","09","N","N","0","","0","0","0","0","0","","0211","0","1","0","0","0","0","0","1","0","1","N","","","","","","","","","","","","07","  ","","",""
"1228","1","0","0","0","0","0","0","0","0","1","0","","36","02","2018","2018024909","2","39.9176","-76.1882","1203","08","0","0","0","0","0","1","0","0","","0","0","0","11","1","2","00","0","39 55:03.446","","00","76 11:17.571","8","0","0","0","36229","0","0","0","N","0","0","0","4","68J01","0","","1","01","N","N","0","","0","0","0","0","0","","1159","2","2","0","0","1","2","0","1","1","2","N","","","","","","","","","","","","03","  ","","",""
"1255","1","0","0","0","0","0","0","0","0","7","0","","36","02","2018","2018024910","2","40.2329","-76.0487","1244","08","0","0","0","0","0","0","0","0","","0","0","0","12","1","0","00","0","40 13:58.454","","00","76 02:55.182","0","0","0","0","36202","0","0","0","","0","0","0","1","68J01","0","","1","01","N","N","0","","0","0","0","0","0","","1239","0","1","0","0","0","0","0","1","0","1","N","","","","","","","","","","","","03","  ","","",""
"0031","0","0","0","0","0","0","0","0","0","7","0","","36","01","2018","2018024919","7","40.0391","-76.0577","0020","08","0","0","0","0","0","1","0","0","3","0","1","0","00","2","1","00","2","40 02:20.638","6","00","76 03:27.598","8","0","0","0","36221","0","0","0","","0","0","0","1","68J01","0","","4","09","N","N","0","","0","0","0","0","0","N","0019","1","1","0","0","0","1","0","1","0","1","N","","","","","","","","","","","","07","  ","","",""
"1156","0","0","0","0","0","0","0","0","0","1","0","","36","01","2018","2018024925","6","39.9929","-76.0263","1123","08","0","0","0","0","0","0","1","0","","0","0","0","11","1","2","00","0","39 59:34.503","","00","76 01:34.603","3","0","0","0","36232","0","0","0","N","0","0","0","3","68J01","0","","1","01","N","N","0","","2","0","2","0","0","","1116","2","2","0","0","0","0","0","1","0","2","N","","","","","","","","","","","","03","  ","","",""
"1802","1","0","0","0","0","0","0","0","0","4","0","","36","02","2018","2018024938","3","40.001","-76.4215","1758","08","0","0","0","0","1","0","0","0","1","0","0","0","17","4","0","01","1","40 00:03.498","6","00","76 25:17.439","0","0","0","0","36223","0","0","0","","0","0","0","2","36223","0","","1","01","N","N","1","","0","0","0","3","3","N","1752","0","2","0","0","0","0","0","1","0","2","N","","","","","","","","","","","","03","  ","","",""
"2307","1","0","0","0","0","0","0","0","0","9","0","","36","02","2018","2018024950","5","39.8181","-76.1344","2246","08","0","0","0","1","0","0","0","0","2","0","0","0","22","2","1","00","2","39 49:05.139","5","00","76 08:03.901","3","0","0","0","36222","0","0","0","","0","0","0","1","68J01","0","","1","01","N","N","0","","1","0","0","0","0","Y","2243","1","1","0","0","0","0","0","1","0","1","N","","","","","","","","","","","","03","  ","","",""
"1014","2","0","0","0","0","0","0","0","0","4","0","","36","02","2018","2018024991","6","40.1298","-76.2166","1006","08","0","0","0","0","0","0","2","0","","0","0","0","10","1","0","01","0","40 07:47.738","","02","76 12:59.285","0","0","0","0","36238","0","0","0","N","0","0","0","2","36238","0","","1","01","N","N","0","","0","0","0","3","2","","1005","0","2","0","0","0","0","0","3","0","2","N","","","","","","","","","","","","03","  ","","",""
"1619","0","0","0","0","0","0","0","0","0","4","0","","36","02","2018","2018024993","1","40.0087","-76.343","1615","08","0","0","0","0","0","2","0","0","2","0","0","0","16","1","1","01","1","40 00:31.485","3","00","76 20:34.745","3","0","0","0","36412","0","0","0","N","0","0","0","3","36412","0","","1","01","N","N","2","","1","0","0","3","2","Y","1615","1","2","0","0","0","0","0","3","0","2","N","","","","","","","","","","","","03","  ","","",""
"0839","1","0","1","0","0","0","0","0","0","4","1","","36","02","2018","2018024998","3","40.1315","-76.1479","0830","08","0","0","0","0","0","1","0","0","2","0","1","0","08","1","5","01","2","40 07:53.254","6","00","76 08:52.441","2","0","0","0","36238","0","0","0","N","0","0","0","7","36238","0","","1","01","N","N","1","","4","1","0","3","3","Y","0828","5","3","0","0","0","0","0","3","0","3","N","","","","","","","","","","","","03","  ","","",""
"1835","1","0","0","0","0","0","0","0","0","0","0","","36","02","2018","2018025007","2","40.211","-76.1047","1834","08","0","0","0","0","0","0","0","0","2","0","0","0","18","2","0","00","1","40 12:39.576","2","00","76 06:17.042","0","0","0","0","36210","0","0","0","N","0","0","0","2","36210","0","","1","01","N","N","0","","0","0","0","0","0","N","1833","0","1","0","0","0","0","0","1","0","1","N","","","","","","","","","","","","03","  ","","",""
"0906","1","0","0","0","0","0","0","0","0","7","0","","36","02","2018","2018025035","4","40.0945","-76.3046","0901","08","0","0","0","0","1","0","0","0","2","0","0","0","08","1","0","02","1","40 05:40.207","1","00","76 18:16.557","0","0","0","0","36101","0","0","0","","0","0","0","1","36101","0","","5","06","N","N","0","","0","0","0","3","2","N","0859","0","1","0","0","0","0","0","3","0","1","N","","","","","","","","","","","","09","  ","","",""
"1837","0","0","0","0","0","0","0","0","0","7","0","","36","02","2018","2018025036","1","40.0416","-76.2463","1827","08","0","0","0","0","1","0","0","0","","0","0","0","18","3","1","06","0","40 02:29.717","","02","76 14:46.565","3","0","0","0","36215","0","0","0","","0","0","0","2","36215","0","","4","02","N","N","1","","1","0","0","0","0","","1827","1","1","0","0","0","0","0","1","0","1","N","","","","","","","","","","","","07","  ","","",""
"1511","2","0","0","0","0","0","0","0","0","1","0","","36","02","2018","2018025037","4","40.0389","-76.2668","1458","08","0","0","0","0","0","0","1","0","","0","0","0","14","1","0","00","0","40 02:19.992","","00","76 16:00.309","0","0","0","0","36215","0","0","0","","0","0","0","4","36215","0","","1","01","N","N","0","","0","0","0","0","0","","1458","0","2","0","0","0","0","0","1","0","2","N","","","","","","","","","","","","03","  ","","",""
"0202","1","0","0","0","0","0","0","0","0","7","0","","36","02","2018","2018025038","6","40.0555","-76.2662","0158","08","0","0","1","0","0","0","0","0","2","0","0","0","01","2","1","06","1","40 03:19.649","4","00","76 15:58.458","4","0","0","0","36215","0","0","0","","0","0","0","1","36215","1","","3","09","N","N","0","","0","0","0","0","0","N","0155","1","1","0","0","1","0","0","1","0","1","N","","","","","","","","","","","","03","  ","","",""
"1206","1","0","0","0","0","0","0","0","0","8","0","","36","02","2018","2018025134","7","40.0425","-76.3093","1202","08","0","0","0","0","0","0","0","0","","0","0","0","12","1","1","01","0","40 02:32.823","","00","76 18:33.609","8","0","0","0","36301","1","0","0","N","1","0","0","3","36301","0","","1","09","N","N","0","","0","0","0","3","3","","1201","1","2","0","0","0","1","0","3","0","1","N","","","","","","","","","","","","07","  ","","",""
"0134","1","0","0","0","0","0","0","0","0","7","0","","36","01","2018","2018025357","2","40.2161","-76.059","0114","08","0","0","0","0","0","0","0","0","","0","0","0","01","2","0","00","0","40 12:58.057","","00","76 03:32.458","0","0","0","0","36202","0","0","0","","0","0","0","1","68J01","0","","2","09","N","N","0","","0","0","0","0","0","","0102","0","1","0","0","0","0","0","1","0","1","N","","","","","","","","","","","","03","  ","","",""
"1536","0","0","0","0","0","0","0","0","0","4","1","","36","02","2018","2018025366","4","40.1092","-76.0431","1534","08","0","0","0","0","0","0","0","1","3","0","1","0","15","1","0","02","2","40 06:33.098","6","00","76 02:35.307","0","0","0","0","36213","0","0","0","N","0","0","0","2","36213","0","","1","01","N","N","0","","0","0","1","0","0","Y","1532","0","2","0","0","0","0","0","1","0","2","N","","","","","","","","","","","","03","  ","","",""
"0110","1","0","0","0","0","0","0","0","0","7","0","","36","02","2018","2018025369","7","40.0276","-76.302","0106","08","0","0","0","0","0","0","0","0","3","0","0","0","00","2","2","00","1","40 01:39.300","3","00","76 18:07.200","3","0","0","0","36301","0","0","0","N","0","0","0","2","36301","0","","4","09","N","N","0","","2","0","0","0","0","N","0053","2","1","0","0","2","0","0","3","0","1","N","","","","","","","","","","","","03","  ","","",""
"0233","2","0","0","0","0","0","0","0","0","1","0","","36","02","2018","2018025391","6","40.156","-76.6089","0231","08","0","0","0","0","0","0","0","0","1","0","0","0","02","3","0","00","1","40 09:21.708","2","00","76 36:32.181","0","0","0","0","36407","0","0","0","N","0","0","0","1","36407","0","","6","09","N","N","0","","0","0","1","0","0","N","0228","0","3","0","0","0","0","0","2","0","3","N","","","","","","","","","","","","07","  ","","",""
"0219","2","0","0","0","0","0","0","0","0","5","0","","36","02","2018","2018025398","2","40.0394","-76.3077","0215","08","0","0","0","0","0","0","0","0","","0","0","0","02","3","0","00","0","40 02:21.671","","00","76 18:27.786","0","0","0","0","36301","0","0","0","N","0","0","0","1","36301","0","","6","01","N","N","0","","0","0","0","0","0","","0215","0","2","0","0","0","0","0","3","0","2","N","","","","","","","","","","","","03","  ","","",""
"0800","1","0","0","0","0","0","0","0","0","1","0","","36","02","2018","2018025408","3","40.058","-76.2733","0750","08","0","0","0","0","0","1","0","0","","0","0","0","07","1","0","00","0","40 03:28.856","","00","76 16:23.973","0","0","0","0","36101","0","0","0","","0","0","0","2","36101","0","","1","01","N","N","0","","0","0","1","0","0","","0747","0","2","0","0","0","0","0","3","0","2","N","","","","","","","","","","","","03","  ","","",""
"1558","1","0","0","0","0","0","0","0","0","4","0","","36","02","2018","2018025409","4","40.0891","-76.1953","1553","08","0","0","0","0","0","0","0","0","2","0","0","0","15","1","0","02","1","40 05:20.716","3","00","76 11:43.035","0","0","0","0","36234","0","0","0","","0","0","0","5","36215","0","","1","01","N","N","0","","0","0","1","0","0","N","1552","0","2","0","0","0","0","0","1","0","2","N","","","","","","","","","","","","03","  ","","",""
"1532","0","0","0","0","0","0","0","0","0","7","0","","36","02","2018","2018025410","5","40.105","-76.2364","1529","08","0","0","0","0","0","0","0","0","3","0","0","0","15","1","0","00","1","40 06:17.868","3","00","76 14:11.012","0","0","0","0","36101","0","0","0","N","0","0","0","1","36215","0","","2","09","N","N","0","","0","0","1","0","0","Y","1524","0","1","0","0","0","0","0","3","0","1","N","","","","","","","","","","","","07","  ","","",""
"0326","1","0","0","0","0","0","0","0","0","7","0","","36","02","2018","2018025411","1","40.0983","-76.1973","0310","08","0","0","0","0","0","0","0","0","","0","0","0","03","2","0","00","0","40 05:53.955","","00","76 11:50.407","0","0","0","0","36234","0","0","0","","0","0","0","1","36215","0","","5","09","N","N","0","","0","0","0","0","0","","0307","0","1","0","0","1","0","0","1","0","1","N","","","","","","","","","","","","07","  ","","",""
"1113","2","0","0","0","0","0","0","0","0","4","0","","36","02","2018","2018025474","7","40.0392","-76.3203","1105","08","0","0","0","0","0","1","0","0","2","0","0","0","11","1","2","00","2","40 02:21.200","4","07","76 19:13.100","4","0","0","0","36301","0","0","0","N","0","0","0","3","36301","1","","1","09","N","N","0","","0","0","0","0","0","Y","1100","2","3","0","0","0","1","0","3","1","3","N","","","","","","","","","","","","07","  ","","",""
"0634","2","0","0","0","0","0","0","0","0","1","0","","36","03","2018","2018025475","5","39.9706","-76.2732","0628","08","0","0","0","0","0","1","0","1","","0","0","0","06","5","1","01","0","39 58:14.115","","00","76 16:23.451","4","0","0","0","36240","0","0","0","N","0","0","0","2","36240","1","","1","01","N","N","0","","0","0","0","3","2","","0625","1","2","0","0","0","0","0","1","0","2","N","","","","","","","","","","","","03","  ","","",""
"1728","2","0","0","0","0","0","0","0","0","1","0","","36","02","2018","2018025478","4","40.0389","-76.4553","1725","08","0","0","0","0","0","1","0","0","1","0","0","0","17","1","0","00","1","40 02:20.105","2","03","76 27:19.012","0","0","0","0","36239","0","0","0","N","0","0","0","2","36239","0","","1","01","Y","N","0","","0","0","0","0","0","N","1724","0","2","0","0","0","0","0","3","0","2","N","","","","","","","","","","","","03","  ","","",""
"1531","1","0","0","0","0","0","0","0","0","4","0","","36","02","2018","2018025498","4","40.046","-76.2884","1514","08","0","1","0","0","0","0","1","0","","0","0","0","15","1","0","02","0","40 02:45.654","","00","76 17:18.214","0","0","0","0","36301","0","0","0","N","0","0","0","4","36301","0","","1","01","N","N","0","","0","0","0","0","0","N","1510","0","2","0","0","0","0","0","3","1","2","N","","","","","","","","","","","","03","  ","","",""
"0730","2","0","0","0","0","0","0","0","0","4","0","","36","03","2018","2018025501","5","40.1535","-76.6027","0729","08","0","1","0","0","0","0","0","0","2","0","0","0","07","1","0","01","2","40 09:12.614","7","00","76 36:09.806","0","0","0","0","36407","0","0","0","N","0","0","0","2","36407","0","","1","01","N","N","0","","0","0","0","3","3","Y","0729","0","2","0","0","0","0","0","2","0","2","N","","","","","","","","","","","","03","  ","","",""
"1525","0","0","0","0","0","0","0","0","0","7","0","","36","02","2018","2018025515","4","40.1278","-76.305","1520","08","0","0","0","0","0","1","0","0","2","0","0","0","15","1","0","00","1","40 07:39.972","2","07","76 18:17.887","0","0","0","0","36235","0","0","0","N","0","0","0","1","36506","0","","2","01","N","N","1","","0","0","0","0","0","N","1520","0","2","0","0","0","0","0","1","0","1","N","","","","","","","","","","","","03","  ","","",""
"0833","2","0","0","0","0","0","0","0","0","4","0","","36","03","2018","2018025560","5","39.9697","-76.2776","0833","08","0","0","0","0","0","1","0","0","1","0","0","0","08","1","1","01","1","39 58:10.971","2","00","76 16:39.392","3","0","0","0","36228","0","0","0","N","0","0","0","2","36503","0","","1","01","N","N","0","","1","0","0","3","2","N","0833","1","2","0","0","0","0","0","1","0","2","N","","","","","","","","","","","","03","  ","","",""
"2238","1","0","0","0","0","0","0","0","0","8","0","","36","03","2018","2018025656","5","40.0566","-76.3219","2228","08","0","0","0","0","0","0","0","0","","0","0","0","22","3","1","00","0","40 03:23.765","","07","76 19:18.902","3","0","0","0","36301","1","0","0","N","1","0","0","2","36301","0","","2","09","N","N","0","","1","0","0","0","0","","2228","1","2","0","0","0","0","0","3","0","1","N","","","","","","","","","","","","07","  ","","",""
"2359","1","0","0","0","0","0","0","0","0","7","0","","36","03","2018","2018025664","5","39.9488","-76.2801","2358","08","0","0","0","1","0","0","0","0","3","0","0","0","23","2","0","00","1","39 56:55.700","3","00","76 16:48.500","0","0","0","0","36228","0","0","0","N","0","0","0","1","36503","0","","1","09","N","N","0","","0","0","0","0","0","N","2358","0","1","0","0","0","0","0","1","0","1","N","","","","","","","","","","","","07","  ","","",""
"0114","2","0","0","0","0","0","0","0","0","4","0","","36","03","2018","2018025685","6","40.0402","-76.2996","0112","08","0","0","0","0","0","0","0","0","","0","0","0","01","3","0","01","0","40 02:24.765","","00","76 17:58.504","0","0","0","0","36301","0","0","0","N","0","0","0","3","36301","0","","1","09","N","N","0","","0","0","0","3","3","","0112","0","2","0","0","0","0","0","3","0","2","N","","","","","","","","","","","","07","  ","","",""
"0748","0","0","0","0","0","0","0","0","0","1","0","","36","02","2018","2018025687","3","40.1059","-76.4294","0741","08","0","0","0","0","0","1","0","0","","0","0","0","07","1","0","00","0","40 06:21.159","","00","76 25:45.965","0","0","0","0","36214","0","0","0","N","0","0","0","3","36214","0","","1","01","N","N","1","","0","0","2","0","0","","0736","0","3","0","0","0","0","0","3","0","3","N","","","","","","","","","","","","03","  ","","",""
"0834","1","0","0","0","0","0","0","0","0","1","0","","36","02","2018","2018025708","4","40.103","-76.4222","0823","08","0","0","0","0","0","0","0","0","2","0","0","0","08","1","0","00","1","40 06:10.691","3","00","76 25:19.978","9","0","0","0","36214","0","0","0","N","0","0","0","3","36214","0","","1","01","N","N","0","","0","0","1","0","0","N","0823","0","3","0","0","0","0","1","3","0","3","N","","","","","","","","","","","","03","  ","","",""
"0726","2","0","0","0","0","0","0","0","0","1","0","","36","02","2018","2018025709","6","40.0393","-76.1959","0723","08","0","0","0","0","0","0","0","0","","0","0","0","07","5","0","02","0","40 02:21.476","","00","76 11:45.320","0","0","0","0","36215","0","0","0","","0","0","0","2","36215","0","","1","09","N","N","0","","0","0","0","0","0","","0721","0","2","0","0","0","0","0","1","0","2","N","","","","","","","","","","","","07","  ","","",""
"0841","1","0","0","0","0","0","0","0","0","4","0","","36","03","2018","2018025817","6","40.1421","-76.5665","0838","08","0","0","0","0","0","0","0","0","1","0","0","0","08","1","0","01","1","40 08:31.700","3","00","76 33:59.551","0","0","0","0","36225","0","0","0","N","0","0","0","2","36505","0","","1","09","N","N","0","","0","0","1","3","3","N","0835","0","2","0","0","0","0","0","2","0","2","N","","","","","","","","","","","","10","  ","","",""
"1042","1","0","0","0","0","0","0","0","0","4","0","","36","02","2018","2018025898","1","40.0638","-76.3405","1037","08","0","0","0","0","0","0","1","0","2","0","0","0","10","1","0","01","2","40 03:49.646","2","00","76 20:25.814","0","0","0","0","36101","0","0","0","","0","0","0","3","36101","0","","1","09","N","N","0","","0","0","1","3","2","Y","1034","0","2","0","0","0","0","0","3","0","2","N","","","","","","","","","","","","07","  ","","",""
"2304","1","0","0","0","0","0","0","0","0","7","0","","36","03","2018","2018025899","5","40.08","-76.3456","2259","08","0","0","0","1","0","0","0","0","","0","0","0","22","3","0","00","0","40 04:47.859","","00","76 20:44.292","0","0","0","0","36101","0","0","0","","0","0","0","1","36101","0","","2","08","N","N","0","","0","0","0","0","0","","2258","0","1","0","0","0","0","0","3","0","1","N","","","","","","","","","","","","07","  ","","",""
"0929","1","0","0","0","0","0","0","0","0","7","0","","36","01","2018","2018025911","3","39.869","-76.0843","0924","08","0","0","0","0","0","0","0","0","","0","0","0","09","1","0","00","0","39 52:08.417","","00","76 05:03.349","0","0","0","0","36205","0","0","0","","0","0","0","1","68J01","0","","4","07","N","N","0","","0","0","0","0","0","","0919","0","1","0","0","1","0","0","1","0","1","N","","","","","","","","","","","","10","  ","","",""
"1646","1","0","0","0","0","0","0","0","0","7","0","","36","02","2018","2018025940","2","39.9685","-76.1767","1636","08","0","0","1","0","0","0","0","0","2","0","0","0","16","1","0","00","2","39 58:06.640","5","00","76 10:36.060","0","0","0","0","36233","0","0","0","","0","0","0","1","68J01","0","","4","09","N","N","0","","0","0","0","0","0","Y","1634","0","1","0","0","0","0","0","1","0","1","N","","","","","","","","","","","","07","  ","","",""