"ARRIVAL_TM","AUTOMOBILE_COUNT","BELTED_DEATH_COUNT","BELTED_SUSP_SERIOUS_INJ_COUNT","BICYCLE_COUNT","BICYCLE_DEATH_COUNT","BICYCLE_SUSP_SERIOUS_INJ_COUNT","BUS_COUNT","CHLDPAS_DEATH_COUNT","CHLDPAS_SUSP_SERIOUS_INJ_COUNT","COLLISION_TYPE","COMM_VEH_COUNT","CONS_ZONE_SPD_LIM","COUNTY","CRASH_MONTH","CRASH_YEAR","CRN","DAY_OF_WEEK","DEC_LAT","DEC_LONG","DISPATCH_TM","DISTRICT","DRIVER_COUNT_16YR","DRIVER_COUNT_17YR","DRIVER_COUNT_18YR","DRIVER_COUNT_19YR","DRIVER_COUNT_20YR","DRIVER_COUNT_50_64YR","DRIVER_COUNT_65_74YR","DRIVER_COUNT_75PLUS","EST_HRS_CLOSED","FATAL_COUNT","HEAVY_TRUCK_COUNT","HORSE_BUGGY_COUNT","HOUR_OF_DAY","ILLUMINATION","INJURY_COUNT","INTERSECT_TYPE","LANE_CLOSED","LATITUDE","LN_CLOSE_DIR","LOCATION_TYPE","LONGITUDE","MAX_SEVERITY_LEVEL","MCYCLE_DEATH_COUNT","MCYCLE_SUSP_SERIOUS_INJ_COUNT","MOTORCYCLE_COUNT","MUNICIPALITY","NONMOTR_COUNT","NONMOTR_DEATH_COUNT","NONMOTR_SUSP_SERIOUS_INJ_COUNT","NTFY_HIWY_MAINT","PED_COUNT","PED_DEATH_COUNT","PED_SUSP_SERIOUS_INJ_COUNT","PERSON_COUNT","POLICE_AGCY","POSSIBLE_INJ_COUNT","RDWY_SURF_TYPE_CD","RELATION_TO_ROAD","ROAD_CONDITION","SCH_BUS_IND","SCH_ZONE_IND","SMALL_TRUCK_COUNT","SPEC_JURIS_CD","SUSP_MINOR_INJ_COUNT","SUSP_SERIOUS_INJ_COUNT","SUV_COUNT","TCD_FUNC_CD","TCD_TYPE","TFC_DETOUR_IND","TIME_OF_DAY","TOT_INJ_COUNT","TOTAL_UNITS","UNB_DEATH_COUNT","UNB_SUSP_SERIOUS_INJ_COUNT","UNBELTED_OCC_COUNT","UNK_INJ_DEG_COUNT","UNK_INJ_PER_COUNT","URBAN_RURAL","VAN_COUNT","VEHICLE_COUNT","WORK_ZONE_IND","WORK_ZONE_LOC","WORK_ZONE_TYPE","WORKERS_PRES","WZ_CLOSE_DETOUR","WZ_FLAGGER","WZ_LAW_OFFCR_IND","WZ_LN_CLOSURE","WZ_MOVING","WZ_OTHER","WZ_SHLDER_MDN","ROADWAY_CLEARED","WEATHER1","WEATHER2","WZ_WORKERS_INJ_KILLED","SECONDARY_CRASH","INTERSECTION_RELATED"
"0913","0","0","0","0","0","0","0","0","0","1","0","","36","02","2018","2018025942","4","39.7613","-76.1764","0838","08","0","0","0","0","0","0","0","0","","0","0","0","08","1","4","01","0","39 45:40.525","","00","76 10:34.952","3","0","0","0","36219","0","0","0","","0","0","0","4","68J01","1","","1","01","N","N","1","","3","0","0","0","0","","0835","4","2","0","0","0","0","0","1","1","2","N","","","","","","","","","","","","05","  ","","",""
"0737","0","0","0","0","0","0","0","0","0","7","0","","36","02","2018","2018025949","3","40.1875","-76.0493","0716","08","0","0","0","0","0","0","0","0","","0","0","0","07","1","0","00","0","40 11:14.998","","00","76 02:57.611","0","0","0","0","36202","0","0","0","","0","0","0","1","68J01","0","","4","02","N","N","1","","0","0","0","0","0","","0702","0","1","0","0","0","0","0","1","0","1","N","","","","","","","","","","","","03","  ","","",""
"0802","0","0","0","0","0","0","0","0","0","7","1","","36","03","2018","2018025962","6","40.2235","-76.2915","0757","08","0","0","0","0","0","0","0","0","","0","1","0","07","1","0","00","0","40 13:24.568","","00","76 17:29.406","0","0","0","0","36217","0","0","0","","0","0","0","1","68J01","0","","2","09","N","N","0","","0","0","0","0","0","","0727","0","1","0","0","0","0","0","1","0","1","N","","","","","","","","","","","","07","  ","","",""
"0809","0","0","0","0","0","0","0","0","0","1","0","","36","01","2018","2018025965","7","39.968","-76.1212","0804","08","0","0","0","0","0","0","0","0","2","0","0","1","08","1","1","00","1","39 58:04.703","2","00","76 07:16.497","8","0","0","0","36226","2","0","0","","0","0","0","4","68J01","0","","1","01","N","N","0","","0","0","0","0","0","N","0802","1","2","0","0","0","1","0","1","1","1","N","","","","","","","","","","","","03","  ","","",""
"2342","0","0","0","0","0","0","0","0","0","7","0","","36","01","2018","2018025966","7","40.2261","-76.3024","2326","08","0","0","0","1","0","0","0","0","2","0","0","0","23","3","1","01","1","40 13:34.012","1","00","76 18:08.758","3","0","0","0","36217","0","0","0","","0","0","0","1","68J01","0","","4","01","N","N","0","","1","0","1","3","2","N","2323","1","1","0","0","1","0","0","1","0","1","N","","","","","","","","","","","","03","  ","","",""
"0236","2","0","0","0","0","0","0","0","0","4","0","","36","01","2018","2018025967","1","40.0087","-76.343","0220","08","0","0","0","0","0","1","0","0","2","0","0","0","02","3","1","01","1","40 00:31.485","7","00","76 20:34.745","3","0","0","0","36412","0","0","0","N","0","0","0","2","68J01","0","","1","09","N","N","0","","1","0","0","3","2","N","0212","1","2","0","0","0","0","0","3","0","2","N","","","","","","","","","","","","07","  ","","",""
"1734","0","0","0","0","0","0","0","0","0","1","0","","36","03","2018","2018025996","6","","","1711","08","0","0","0","0","0","0","0","0","2","0","0","0","17","1","0","00","1","","3","00","","0","0","0","0","36230","0","0","0","N","0","0","0","2","36410","0","","1","01","N","N","0","","0","0","2","0","0","N","1711","0","2","0","0","0","0","0","1","0","2","N","","","","","","","","","","","","03","  ","","",""
"1725","0","0","0","0","0","0","0","0","0","4","0","","36","03","2018","2018026019","6","40.1233","-76.3753","1722","08","0","0","0","0","0","0","0","0","1","0","0","0","17","1","0","01","1","40 07:23.702","2","00","76 22:31.147","0","0","0","0","36214","0","0","0","N","0","0","0","3","36214","0","","1","01","N","N","1","","0","0","1","3","3","N","1720","0","2","0","0","0","0","0","3","0","2","N","","","","","","","","","","","","03","  ","","",""
"1611","1","0","0","0","0","0","0","0","0","7","0","","36","03","2018","2018026033","6","40.0959","-76.396","1602","08","0","0","0","0","0","0","0","0","1","0","0","0","15","1","1","00","1","40 05:45.072","3","00","76 23:45.522","4","0","0","0","36214","0","0","0","N","0","0","0","1","36214","1","","3","01","N","N","0","","0","0","0","0","0","Y","1559","1","1","0","0","0","0","0","3","0","1","N","","","","","","","","","","","","03","  ","","",""
"0738","1","0","0","0","0","0","0","0","0","0","0","","36","02","2018","2018026044","3","40.1125","-76.2436","0732","08","0","0","0","1","0","0","0","0","","0","0","0","07","1","0","00","0","40 06:45.044","","00","76 14:36.915","0","0","0","0","36101","0","0","0","","0","0","0","1","36101","0","","3","01","N","N","0","","0","0","0","0","0","","0730","0","1","0","0","0","0","0","3","0","1","N","","","","","","","","","","","","03","  ","","",""
"0744","1","0","0","0","0","0","0","0","0","1","0","","36","02","2018","2018026045","3","40.0756","-76.3361","0738","08","0","0","1","0","0","0","1","0","2","0","0","0","07","1","1","00","1","40 04:32.096","3","00","76 20:10.051","4","0","0","0","36101","0","0","0","","0","0","0","2","36101","1","","1","01","N","N","1","","0","0","0","0","0","N","0734","1","2","0","0","0","0","0","3","0","2","N","","","","","","","","","","","","03","  ","","",""
"1905","0","0","0","0","0","0","0","0","0","2","1","","36","03","2018","2018026046","5","40.0532","-76.3241","1857","08","0","0","0","0","0","1","0","0","1","0","1","0","18","3","0","00","1","40 03:11.499","1","00","76 19:26.861","0","0","0","0","36101","0","0","0","","0","0","0","3","36101","0","","1","09","N","N","0","","0","0","1","0","0","Y","1847","0","2","0","0","0","0","0","3","0","2","N","","","","","","","","","","","","07","  ","","",""
"1544","1","0","0","0","0","0","0","0","0","4","0","","36","02","2018","2018026047","3","40.0341","-76.2505","1544","08","0","0","0","0","0","0","0","0","","0","0","0","15","1","0","01","0","40 02:02.929","","00","76 15:01.795","0","0","0","0","36215","0","0","0","","0","0","0","2","36215","0","","1","01","N","N","0","","0","0","1","3","2","","1540","0","2","0","0","0","0","0","1","0","2","N","","","","","","","","","","","","03","  ","","",""
"1850","1","0","0","0","0","0","0","0","0","4","0","","36","03","2018","2018026048","5","40.0303","-76.2442","1834","08","0","0","0","0","0","0","0","0","","0","0","0","18","2","0","00","0","40 01:49.189","","00","76 14:39.131","0","0","0","0","36215","0","0","0","","0","0","0","4","36215","0","","1","09","N","N","0","","0","0","1","0","0","","1834","0","2","0","0","0","0","0","1","0","2","N","","","","","","","","","","","","07","  ","","",""
"0835","0","0","0","0","0","0","0","0","0","7","0","","36","02","2018","2018026107","3","40.0232","-75.995","0824","08","0","0","0","0","0","0","0","0","3","0","0","0","08","1","1","00","2","40 01:23.386","5","00","75 59:42.080","0","0","0","0","36232","0","0","0","","0","0","0","1","68J01","0","","4","01","N","N","1","","0","0","0","0","0","Y","0816","0","1","0","0","1","0","0","1","0","1","N","","","","","","","","","","","","03","  ","","",""
"1447","2","0","0","0","0","0","0","0","0","4","0","","36","02","2018","2018026217","4","40.158","-76.6126","1438","08","0","0","1","0","0","0","1","0","","0","0","0","14","1","1","02","0","40 09:28.948","","00","76 36:45.360","8","0","0","0","36407","0","0","0","N","0","0","0","3","36505","0","","1","01","N","N","0","","0","0","0","0","0","N","1430","1","2","0","0","0","1","0","2","0","2","N","","","","","","","","","","","","03","  ","","",""
"1927","1","0","0","0","0","0","0","0","0","4","0","","36","03","2018","2018026221","6","40.1529","-76.6024","1923","08","0","0","1","1","0","0","0","0","1","0","0","0","19","3","0","01","1","40 09:10.440","4","00","76 36:08.626","0","0","0","0","36407","0","0","0","N","0","0","0","2","36407","0","","1","01","N","N","0","","0","0","1","3","2","N","1923","0","2","0","0","0","0","0","2","0","2","N","","","","","","","","","","","","03","  ","","",""
"1644","3","0","1","0","0","0","0","0","0","1","0","","36","03","2018","2018026230","6","40.1108","-76.5079","1644","08","0","0","0","0","0","0","1","0","1","0","0","0","16","1","1","00","1","40 06:38.780","3","00","76 30:28.364","2","0","0","0","36413","0","0","0","N","0","0","0","3","36413","0","","1","01","N","N","0","","0","1","0","0","0","Y","1644","1","3","0","0","0","0","0","2","0","3","N","","","","","","","","","","","","03","  ","","",""
"0714","1","0","0","0","0","0","0","0","0","1","0","","36","02","2018","2018026246","4","40.0177","-76.3829","0714","08","0","0","0","0","0","2","0","0","1","0","0","0","07","1","0","00","1","40 01:03.581","5","07","76 22:58.583","0","0","0","0","36223","0","0","0","N","0","0","0","3","36223","0","","1","01","N","N","0","","0","0","1","0","0","N","0713","0","3","0","0","0","0","0","1","1","3","N","","","","","","","","","","","","03","  ","","",""
"0210","1","0","0","0","0","0","0","0","0","7","0","","36","03","2018","2018026296","7","40.2049","-76.5128","0204","08","0","0","0","0","0","0","0","0","1","0","0","0","02","2","1","00","1","40 12:17.482","1","00","76 30:45.981","8","0","0","0","36225","0","0","0","N","0","0","0","1","36505","0","","4","01","N","N","0","","0","0","0","0","0","N","0203","1","1","0","0","1","1","0","2","0","1","N","","","","","","","","","","","","03","  ","","",""
"2057","1","0","0","1","0","0","0","0","0","4","0","","36","02","2018","2018026305","5","40.1779","-76.1741","2054","08","0","0","0","0","0","0","0","0","2","0","0","0","20","3","1","01","2","40 10:40.429","6","00","76 10:26.921","3","0","0","0","36408","1","0","0","N","0","0","0","2","36408","0","","1","01","N","N","0","","1","0","0","0","0","Y","2050","1","2","0","0","0","0","1","2","0","1","N","","","","","","","","","","","","03","  ","","",""
"1755","2","0","0","0","0","0","0","0","0","1","0","","36","03","2018","2018026311","7","40.1648","-76.2006","1750","08","0","0","0","1","0","2","0","0","1","0","0","0","17","4","0","00","1","40 09:53.344","1","00","76 12:02.167","0","0","0","0","36408","0","0","0","N","0","0","0","3","36408","0","","1","01","N","N","1","","0","0","0","0","0","Y","1748","0","3","0","0","0","0","0","2","0","3","N","","","","","","","","","","","","03","  ","","",""
"2306","1","0","0","0","0","0","0","0","0","7","0","","36","03","2018","2018026323","7","40.0018","-76.2645","2259","08","0","0","0","0","0","0","1","0","2","0","0","0","22","2","0","00","2","40 00:06.482","5","00","76 15:52.224","0","0","0","0","36240","0","0","0","N","0","0","0","1","36240","0","","4","01","N","N","0","","0","0","0","0","0","Y","2254","0","1","0","0","0","0","0","1","0","1","N","","","","","","","","","","","","03","  ","","",""
"1505","2","0","0","0","0","0","0","0","0","4","0","","36","02","2018","2018026443","2","40.044","-76.2941","1504","08","0","0","1","0","0","0","0","0","1","0","0","0","15","1","0","01","1","40 02:38.400","4","00","76 17:38.583","0","0","0","0","36301","0","0","0","N","0","0","0","2","36301","0","","1","01","N","N","0","","0","0","0","3","3","N","1504","0","2","0","0","0","0","0","3","0","2","N","","","","","","","","","","","","03","  ","","",""
"0621","1","0","0","0","0","0","0","0","0","9","0","","36","02","2018","2018026468","6","40.1373","-76.6898","0603","08","0","0","0","0","0","1","0","0","2","0","0","0","06","2","0","00","1","40 08:14.438","6","00","76 41:23.427","0","0","0","0","36207","0","0","0","N","0","0","0","1","36504","0","","1","09","N","N","0","","0","0","0","0","0","N","0601","0","1","0","0","0","0","0","1","0","1","N","","","","","","","","","","","","03","  ","","",""
"1453","1","0","0","0","0","0","0","0","0","7","0","","36","02","2018","2018026473","4","40.1509","-76.5831","1445","08","0","0","0","0","0","0","0","0","2","0","0","0","14","1","0","00","2","40 09:03.300","6","00","76 34:59.300","0","0","0","0","36225","0","0","0","N","0","0","0","1","36505","0","","4","01","N","N","0","","0","0","0","0","0","Y","1440","0","1","0","0","1","0","0","2","0","1","N","","","","","","","","","","","","03","  ","","",""
"0401","1","0","0","0","0","0","0","0","0","7","0","","36","01","2018","2018026544","1","40.0316","-76.3167","0355","08","0","0","0","0","0","0","0","0","2","0","0","0","03","3","0","00","2","40 01:53.890","4","00","76 19:00.160","9","0","0","0","36301","0","0","0","N","0","0","0","1","36301","0","","4","01","N","N","0","","0","0","0","0","0","N","0346","0","1","0","0","0","0","1","3","0","1","N","","","","","","","","","","","","03","  ","","",""
"0254","1","0","0","0","0","0","0","0","0","7","0","","36","03","2018","2018026627","6","40.0087","-76.2983","0245","08","0","0","1","0","0","0","0","0","2","0","0","0","02","3","0","00","2","40 00:31.432","5","00","76 17:53.916","0","0","0","0","36240","0","0","0","N","0","0","0","1","36240","0","","5","01","N","N","0","","0","0","0","0","0","Y","0243","0","1","0","0","0","0","0","1","0","1","N","","","","","","","","","","","","03","  ","","",""
"1930","2","0","0","0","0","0","0","0","0","7","0","","36","03","2018","2018026632","6","40.0396","-76.2923","1924","08","0","0","0","0","1","0","0","0","2","0","0","0","19","3","0","00","1","40 02:22.451","3","00","76 17:32.315","9","0","0","0","36301","1","0","0","N","0","0","0","3","36301","0","","2","01","N","N","0","","0","0","0","0","0","Y","1924","0","3","0","0","0","0","1","3","0","2","N","","","","","","","","","","","","03","  ","","",""
"1747","1","0","0","0","0","0","0","0","0","7","0","","36","02","2018","2018026634","5","40.1196","-76.491","1745","08","0","0","0","0","0","0","0","0","3","0","0","0","17","4","0","02","2","40 07:10.482","6","00","76 29:27.623","0","0","0","0","36230","0","0","0","N","0","0","0","1","36410","0","","4","09","N","N","0","","0","0","0","0","0","Y","1740","0","1","0","0","0","0","0","1","0","1","N","","","","","","","","","","","","03","  ","","",""
"0500","1","0","0","0","0","0","0","0","0","7","0","","36","03","2018","2018026637","1","40.2138","-76.4303","0455","08","0","0","0","0","0","0","0","0","2","0","0","0","04","2","1","00","2","40 12:49.809","5","00","76 25:48.984","3","0","0","0","36230","0","0","0","N","0","0","0","1","36410","0","","4","01","N","N","0","","1","0","0","0","0","N","0450","1","1","0","0","1","0","0","1","0","1","N","","","","","","","","","","","","03","  ","","",""
"1713","2","0","0","0","0","0","0","0","0","5","0","","36","02","2018","2018026661","4","40.0598","-76.2859","1709","08","0","0","0","1","0","0","0","0","3","0","0","0","17","1","0","00","2","40 03:35.230","6","00","76 17:09.330","9","0","0","0","36101","0","0","0","N","0","0","0","1","36101","0","","6","01","N","N","0","","0","0","0","0","0","Y","1708","0","2","0","0","0","0","1","3","0","2","N","","","","","","","","","","","","03","  ","","",""
"1007","3","0","0","0","0","0","0","0","0","4","0","","36","03","2018","2018026763","2","40.0427","-76.2978","1005","08","0","0","0","0","0","0","1","0","","0","0","0","10","1","3","01","0","40 02:33.673","","00","76 17:52.144","3","0","0","0","36301","0","0","0","N","0","0","0","4","36301","2","","1","01","N","N","0","","1","0","1","3","3","","1003","3","4","0","0","2","0","0","3","0","4","N","","","","","","","","","","","","03","  ","","",""
"1148","1","0","0","0","0","0","0","0","0","7","0","","36","03","2018","2018026831","2","40.1852","-76.1076","1145","08","0","0","0","0","0","0","0","0","1","0","0","0","11","1","1","00","1","40 11:06.830","3","00","76 06:27.368","2","0","0","0","36210","0","0","0","N","0","0","0","1","36210","0","","4","01","N","N","0","","0","1","0","0","0","N","1143","1","1","0","1","1","0","0","1","0","1","N","","","","","","","","","","","","03","  ","","",""
"1149","2","0","0","0","0","0","0","0","0","1","0","","36","02","2018","2018026931","7","40.0053","-76.1861","1201","08","0","0","0","0","0","1","0","0","2","0","0","0","11","1","2","00","1","40 00:18.997","1","00","76 11:09.830","4","0","0","0","36233","0","0","0","N","0","0","0","8","68J01","2","","1","01","N","N","0","","0","0","0","0","0","N","1129","2","2","0","0","0","0","0","1","0","2","N","","","","","","","","","","","","03","  ","","",""
"2100","1","0","0","0","0","0","0","0","0","7","0","","36","02","2018","2018026936","4","39.9849","-76.0541","2057","08","1","0","0","0","0","0","0","0","3","0","0","0","20","2","1","00","2","39 59:05.599","6","00","76 03:14.910","3","0","0","0","36232","0","0","0","","0","0","0","1","68J01","0","","4","09","N","N","0","","1","0","0","0","0","N","2054","1","1","0","0","0","0","0","1","0","1","N","","","","","","","","","","","","03","  ","","",""
"2105","1","0","0","0","0","0","0","0","0","2","0","","36","02","2018","2018026941","7","39.8689","-76.2275","2103","08","0","1","0","0","0","0","0","0","1","0","0","0","21","3","1","01","2","39 52:09.173","5","00","76 13:39.324","3","0","0","0","36208","0","0","0","","0","0","0","3","68J01","0","","1","09","N","N","0","","1","0","1","3","2","Y","2101","1","2","0","0","0","0","0","1","0","2","N","","","","","","","","","","","","03","  ","","",""
"1115","1","0","0","0","0","0","0","0","0","3","0","","36","03","2018","2018026983","2","39.9918","-76.019","1112","08","0","0","1","1","0","0","0","0","","0","0","0","11","1","0","00","0","39 59:30.452","","00","76 01:08.389","0","0","0","0","36232","0","0","0","","0","0","0","3","68J01","0","","1","01","N","N","1","","0","0","0","0","0","","1110","0","2","0","0","0","0","0","1","0","2","N","","","","","","","","","","","","03","  ","","",""
"0751","0","0","0","0","0","0","0","0","0","1","0","","36","02","2018","2018027003","3","40.1088","-76.3345","0746","08","0","0","0","0","0","0","0","0","2","0","0","0","07","1","0","00","1","40 06:31.598","1","00","76 20:04.142","0","0","0","0","36101","0","0","0","N","0","0","0","5","36101","0","","1","01","N","N","0","","0","0","1","0","0","N","0729","0","2","0","0","0","0","0","3","1","2","N","","","","","","","","","","","","03","  ","","",""
"1717","1","0","0","0","0","0","0","0","0","1","0","","36","03","2018","2018027004","5","40.063","-76.3414","1707","08","0","0","0","0","0","1","0","0","2","0","0","0","17","3","0","00","1","40 03:46.624","4","00","76 20:29.108","0","0","0","0","36101","0","0","0","","0","0","0","3","36101","0","","1","09","N","N","1","","0","0","1","0","0","N","1707","0","3","0","0","0","0","0","3","0","3","N","","","","","","","","","","","","07","  ","","",""
"0735","0","0","0","0","0","0","0","0","0","1","0","","36","03","2018","2018027005","6","40.0761","-76.3087","0730","08","0","0","0","0","0","1","0","0","","0","0","0","07","1","0","02","0","40 04:33.882","","00","76 18:31.358","0","0","0","0","36101","0","0","0","","0","0","0","2","36101","0","","1","09","N","N","2","","0","0","0","0","0","","0727","0","2","0","0","0","0","0","3","0","2","N","","","","","","","","","","","","07","  ","","",""
"0742","2","0","0","0","0","0","0","0","0","1","0","","36","03","2018","2018027006","6","40.0676","-76.3315","0733","08","0","0","0","0","0","0","0","0","","0","0","0","07","1","0","06","0","40 04:01.862","","02","76 19:55.533","0","0","0","0","36101","0","0","0","N","0","0","0","2","36101","0","","1","09","N","N","0","","0","0","0","0","0","","0729","0","2","0","0","0","0","0","3","0","2","N","","","","","","","","","","","","07","  ","","",""
"2328","0","0","0","0","0","0","0","0","0","7","0","","36","02","2018","2018027023","1","39.8161","-76.0363","2217","08","0","0","0","0","0","1","0","0","3","0","0","0","22","2","1","00","1","39 48:57.966","3","00","76 02:10.797","8","0","0","0","36205","0","0","0","","0","0","0","1","68J01","0","","2","02","N","N","0","","0","0","1","0","0","Y","2217","1","1","0","0","0","1","0","1","0","1","N","","","","","","","","","","","","07","05","","",""
"0743","0","0","0","0","0","0","0","0","0","1","0","","36","02","2018","2018027031","7","39.9788","-76.0151","0734","08","0","0","0","0","0","0","0","0","","0","0","0","07","5","1","00","0","39 58:43.590","","07","76 00:54.279","4","0","0","0","36231","1","0","0","N","0","0","0","3","68J01","1","","1","09","N","N","0","","0","0","3","0","0","","0733","1","3","0","0","0","0","0","1","0","3","N","","","","","","","","","","","","03","  ","","",""
"1835","0","0","0","0","0","0","0","0","0","0","0","","36","03","2018","2018027042","6","39.908","-76.1211","1831","08","0","0","0","0","0","0","0","1","1","0","0","0","18","2","1","00","2","39 54:28.789","6","00","76 07:15.807","3","0","0","0","36216","0","0","0","","0","0","0","1","68J01","0","","1","01","N","N","0","","1","0","1","0","0","N","1829","1","1","0","0","0","0","0","1","0","1","N","","","","","","","","","","","","10","  ","","",""
"2145","1","0","0","0","0","0","0","0","0","4","0","","36","03","2018","2018027083","2","40.0691","-76.3569","2140","08","0","0","0","1","0","1","0","0","1","0","0","0","21","3","1","01","2","40 04:08.816","4","00","76 21:24.786","3","0","0","0","36214","0","0","0","N","0","0","0","3","36214","0","","1","01","N","N","0","","1","0","1","3","2","Y","2135","1","2","0","0","0","0","0","3","0","2","N","","","","","","","","","","","","03","  ","","",""
"1845","2","0","0","0","0","0","0","0","0","5","0","","36","03","2018","2018027116","5","40.028","-76.3312","1839","08","0","0","0","0","0","0","0","0","2","0","0","0","18","3","1","00","1","40 01:40.700","1","00","76 19:52.300","4","0","0","0","36220","0","0","0","N","0","0","0","1","36101","1","","6","09","N","N","0","","0","0","0","0","0","Y","1835","1","2","0","0","0","0","0","3","0","2","N","","","","","","","","","","","","07","  ","","",""
"1946","1","0","0","0","0","0","0","0","0","7","0","","36","02","2018","2018027117","1","40.097","-76.2599","1924","08","0","0","0","0","0","0","0","0","","0","0","0","19","2","0","00","0","40 05:49.065","","00","76 15:35.486","0","0","0","0","36101","0","0","0","N","0","0","0","2","36101","0","","4","02","N","N","0","","0","0","0","0","0","","1922","0","1","0","0","0","0","0","3","0","1","N","","","","","","","","","","","","07","  ","","",""
"0955","2","0","0","0","0","0","0","0","0","4","0","","36","03","2018","2018027118","7","40.0341","-76.2505","0947","08","0","0","0","0","0","1","0","0","","0","0","0","09","1","0","01","0","40 02:02.929","","00","76 15:01.795","0","0","0","0","36215","0","0","0","","0","0","0","2","36215","0","","1","01","N","N","0","","0","0","0","3","2","","0944","0","2","0","0","0","0","0","1","0","2","N","","","","","","","","","","","","03","  ","","",""
"1325","1","0","0","0","0","0","0","0","0","4","0","","36","01","2018","2018027119","6","40.173","-76.4974","1316","08","0","0","0","0","0","1","0","0","2","0","0","0","13","1","0","01","1","40 10:22.674","5","00","76 29:50.540","0","0","0","0","36230","0","0","0","N","0","0","0","2","36410","0","","1","01","N","N","1","","0","0","0","3","3","N","1316","0","2","0","0","0","0","0","1","0","2","N","","","","","","","","","","","","03","  ","","",""
"1924","1","0","0","0","0","0","0","0","0","4","0","","36","02","2018","2018027120","3","40.1115","-76.4535","1916","08","0","0","2","0","0","0","0","0","2","0","0","0","19","2","1","00","2","40 06:41.423","3","00","76 27:12.575","8","0","0","1","36230","0","0","0","","0","0","0","2","36410","0","","1","01","N","N","0","","0","0","0","0","0","Y","1916","1","2","0","0","0","1","0","1","0","2","N","","","","","","","","","","","","03","  ","","",""
"1106","0","0","0","0","0","0","0","0","0","4","0","","36","02","2018","2018027121","6","40.1113","-76.4554","1101","08","0","0","0","0","0","0","0","0","2","0","0","0","11","1","0","05","1","40 06:40.786","2","00","76 27:19.572","0","0","0","0","36230","0","0","0","","0","0","0","2","36410","0","","1","09","N","N","1","","0","0","1","0","0","N","1100","0","2","0","0","0","0","0","1","0","2","N","","","","","","","","","","","","07","  ","","",""
"1442","1","0","0","0","0","0","0","0","0","7","0","","36","02","2018","2018027122","1","40.1723","-76.4432","1438","08","0","0","0","1","0","0","0","0","1","0","0","0","14","1","1","00","1","40 10:20.153","3","00","76 26:35.578","8","0","0","0","36230","0","0","0","","0","0","0","3","36410","0","","4","09","N","N","0","","0","0","0","0","0","N","1435","1","1","0","0","0","1","0","1","0","1","N","","","","","","","","","","","","03","  ","","",""
"0939","0","0","0","0","0","0","0","0","0","5","2","","36","02","2018","2018027123","4","40.1128","-76.446","0931","08","0","0","0","0","0","1","0","0","4","0","2","0","09","1","1","00","2","40 06:46.202","3","00","76 26:45.701","8","0","0","0","36230","0","0","0","Y","0","0","0","3","36410","0","","1","01","N","N","0","","0","0","0","0","0","Y","0929","1","2","0","0","0","1","0","1","0","2","N","","","","","","","","","","","","03","  ","","",""
"1100","1","0","0","0","0","0","0","0","0","4","0","","36","03","2018","2018027231","2","40.0346","-76.3023","1100","08","0","0","0","0","0","0","0","0","2","0","0","0","11","1","2","01","1","40 02:04.434","2","06","76 18:08.381","3","0","0","0","36301","0","0","0","N","0","0","0","4","36301","0","","1","01","N","N","0","","2","0","1","3","3","Y","1100","2","2","0","0","0","0","0","3","0","2","N","","","","","","","","","","","","03","  ","","",""
"1747","1","0","0","0","0","0","0","0","0","5","0","","36","03","2018","2018027253","2","40.1094","-76.5119","1745","08","0","0","0","0","0","0","0","0","1","0","0","0","17","1","0","00","1","40 06:33.740","4","00","76 30:42.695","0","0","0","0","36413","0","0","0","N","0","0","0","1","36413","0","","6","01","N","N","0","","0","0","1","0","0","Y","1743","0","2","0","0","0","0","0","2","0","2","N","","","","","","","","","","","","03","  ","","",""
"0704","1","0","0","0","0","0","0","0","0","1","1","","36","03","2018","2018027285","2","40.1663","-76.2883","0704","08","0","0","0","0","0","0","0","0","1","0","1","0","07","1","0","02","1","40 09:58.597","4","00","76 17:17.977","0","0","0","0","36235","0","0","0","N","0","0","0","2","36506","0","","1","01","N","N","0","","0","0","0","3","2","N","0704","0","2","0","0","0","0","0","1","0","2","N","","","","","","","","","","","","03","  ","","",""
"1630","0","0","0","0","0","0","0","0","0","1","0","","36","02","2018","2018027564","4","40.0513","-76.3082","1628","08","0","0","0","0","0","1","0","0","","0","0","0","16","1","1","00","0","40 03:04.547","","00","76 18:29.508","3","0","0","0","36301","0","0","0","N","0","0","0","2","36301","0","","1","01","N","N","2","","1","0","0","0","0","","1622","1","2","0","0","0","0","0","3","0","2","N","","","","","","","","","","","","03","  ","","",""
"1852","2","0","0","0","0","0","0","0","0","4","0","","36","03","2018","2018027781","5","40.1","-76.3556","1845","08","0","0","0","0","0","1","0","0","1","0","0","0","18","3","1","01","2","40 05:59.942","3","00","76 21:20.168","8","0","0","0","36406","0","0","0","","0","0","0","4","36101","0","","1","09","N","N","0","","0","0","0","3","2","N","1843","1","2","0","0","0","1","0","3","0","2","N","","","","","","","","","","","","07","  ","","",""
"0740","1","0","0","0","0","0","0","0","0","1","0","","36","03","2018","2018027782","5","40.0397","-76.3647","0737","08","0","0","0","0","0","1","0","0","","0","0","0","07","1","0","00","0","40 02:22.943","","00","76 21:52.785","0","0","0","0","36223","0","0","0","","0","0","0","3","36223","0","","1","01","N","N","0","","0","0","1","0","0","","0734","0","2","0","0","0","0","0","1","0","2","N","","","","","","","","","","","","03","  ","","",""