"ARRIVAL_TM","AUTOMOBILE_COUNT","BELTED_DEATH_COUNT","BELTED_SUSP_SERIOUS_INJ_COUNT","BICYCLE_COUNT","BICYCLE_DEATH_COUNT","BICYCLE_SUSP_SERIOUS_INJ_COUNT","BUS_COUNT","CHLDPAS_DEATH_COUNT","CHLDPAS_SUSP_SERIOUS_INJ_COUNT","COLLISION_TYPE","COMM_VEH_COUNT","CONS_ZONE_SPD_LIM","COUNTY","CRASH_MONTH","CRASH_YEAR","CRN","DAY_OF_WEEK","DEC_LAT","DEC_LONG","DISPATCH_TM","DISTRICT","DRIVER_COUNT_16YR","DRIVER_COUNT_17YR","DRIVER_COUNT_18YR","DRIVER_COUNT_19YR","DRIVER_COUNT_20YR","DRIVER_COUNT_50_64YR","DRIVER_COUNT_65_74YR","DRIVER_COUNT_75PLUS","EST_HRS_CLOSED","FATAL_COUNT","HEAVY_TRUCK_COUNT","HORSE_BUGGY_COUNT","HOUR_OF_DAY","ILLUMINATION","INJURY_COUNT","INTERSECT_TYPE","LANE_CLOSED","LATITUDE","LN_CLOSE_DIR","LOCATION_TYPE","LONGITUDE","MAX_SEVERITY_LEVEL","MCYCLE_DEATH_COUNT","MCYCLE_SUSP_SERIOUS_INJ_COUNT","MOTORCYCLE_COUNT","MUNICIPALITY","NONMOTR_COUNT","NONMOTR_DEATH_COUNT","NONMOTR_SUSP_SERIOUS_INJ_COUNT","NTFY_HIWY_MAINT","PED_COUNT","PED_DEATH_COUNT","PED_SUSP_SERIOUS_INJ_COUNT","PERSON_COUNT","POLICE_AGCY","POSSIBLE_INJ_COUNT","RDWY_SURF_TYPE_CD","RELATION_TO_ROAD","ROAD_CONDITION","SCH_BUS_IND","SCH_ZONE_IND","SMALL_TRUCK_COUNT","SPEC_JURIS_CD","SUSP_MINOR_INJ_COUNT","SUSP_SERIOUS_INJ_COUNT","SUV_COUNT","TCD_FUNC_CD","TCD_TYPE","TFC_DETOUR_IND","TIME_OF_DAY","TOT_INJ_COUNT","TOTAL_UNITS","UNB_DEATH_COUNT","UNB_SUSP_SERIOUS_INJ_COUNT","UNBELTED_OCC_COUNT","UNK_INJ_DEG_COUNT","UNK_INJ_PER_COUNT","URBAN_RURAL","VAN_COUNT","VEHICLE_COUNT","WORK_ZONE_IND","WORK_ZONE_LOC","WORK_ZONE_TYPE","WORKERS_PRES","WZ_CLOSE_DETOUR","WZ_FLAGGER","WZ_LAW_OFFCR_IND","WZ_LN_CLOSURE","WZ_MOVING","WZ_OTHER","WZ_SHLDER_MDN","ROADWAY_CLEARED","WEATHER1","WEATHER2","WZ_WORKERS_INJ_KILLED","SECONDARY_CRASH","INTERSECTION_RELATED"
"1130","1","0","0","0","0","0","0","0","0","5","1","","36","02","2018","2018027878","2","40.0722","-76.2871","1130","08","0","0","0","0","0","1","0","0","","0","1","0","20","2","0","00","0","40 04:20.025","","00","76 17:13.634","9","0","0","0","36101","0","0","0","","0","0","0","1","36101","0","","2","01","N","N","0","","0","0","0","0","0","","2030","0","2","0","0","0","0","1","3","0","2","N","","","","","","","","","","","","99","  ","","",""
"0757","1","0","0","0","0","0","0","0","0","4","0","","36","02","2018","2018027879","7","40.0602","-76.2775","0755","08","0","0","0","0","0","1","0","0","2","0","0","0","07","1","2","01","1","40 03:36.103","3","08","76 16:38.923","3","0","0","0","36101","0","0","0","","0","0","0","3","36101","1","","1","01","N","N","0","","1","0","1","3","2","N","0752","2","2","0","0","0","0","0","3","0","2","N","","","","","","","","","","","","05","  ","","",""
"1419","2","0","0","0","0","0","0","0","0","4","0","","36","02","2018","2018027880","3","40.0698","-76.3168","1418","08","0","0","0","0","0","0","1","0","2","0","0","0","14","1","1","01","1","40 04:11.400","2","00","76 19:01.409","4","0","0","0","36101","0","0","0","","0","0","0","3","36101","1","","1","01","N","N","0","","0","0","0","3","2","N","1417","1","2","0","0","0","0","0","3","0","2","N","","","","","","","","","","","","03","  ","","",""
"1456","2","0","0","0","0","0","0","0","0","1","0","","36","02","2018","2018027881","3","40.0859","-76.3285","1453","08","0","0","0","0","0","0","0","0","","0","0","0","14","1","0","00","0","40 05:09.330","","00","76 19:42.471","0","0","0","0","36101","0","0","0","","0","0","0","4","36101","0","","1","01","N","N","0","","0","0","0","0","0","","1445","0","2","0","0","0","0","0","3","0","2","N","","","","","","","","","","","","03","  ","","",""
"2250","2","0","0","0","0","0","0","0","0","4","0","","36","03","2018","2018027882","5","40.0513","-76.3955","2244","08","0","0","0","0","0","1","0","0","1","0","0","0","22","3","0","02","2","40 03:04.787","1","02","76 23:44.114","0","0","0","0","36214","0","0","0","N","0","0","0","2","36214","0","","1","09","N","N","0","","0","0","0","3","2","N","2240","0","2","0","0","0","0","0","3","0","2","N","","","","","","","","","","","","07","  ","","",""
"0712","0","0","0","0","0","0","0","0","0","4","0","","36","03","2018","2018027883","2","40.1021","-76.3867","0709","08","1","0","0","0","0","1","0","0","1","0","0","0","07","1","0","00","2","40 06:07.600","5","00","76 23:12.000","0","0","0","0","36214","0","0","0","N","0","0","0","2","36214","0","","1","01","N","N","0","","0","0","1","9","3","Y","0709","0","2","0","0","0","0","0","3","1","2","N","","","","","","","","","","","","03","  ","","",""
"1139","1","0","0","0","0","0","0","0","0","4","1","","36","02","2018","2018027884","6","40.0232","-76.197","1137","08","0","0","0","0","0","0","0","1","1","0","1","0","11","1","0","02","1","40 01:23.698","4","00","76 11:49.071","0","0","0","0","36215","0","0","0","N","0","0","0","2","36215","0","","1","01","N","N","0","","0","0","0","3","2","N","1131","0","2","0","0","0","0","0","1","0","2","N","","","","","","","","","","","","03","  ","","",""
"1527","2","0","0","0","0","0","0","0","0","4","0","","36","02","2018","2018027885","4","40.0257","-76.2092","1521","08","0","0","0","0","0","1","0","0","","0","0","0","15","1","0","10","0","40 01:32.489","","07","76 12:32.956","0","0","0","0","36215","0","0","0","","0","0","0","4","36215","0","","1","01","N","N","0","","0","0","0","0","0","","1519","0","2","0","0","0","0","0","1","0","2","N","","","","","","","","","","","","03","  ","","",""
"0645","1","0","0","0","0","0","0","0","0","4","0","","36","03","2018","2018027886","5","40.0378","-76.2707","0638","08","0","0","0","0","0","1","0","0","2","0","0","0","06","1","0","03","1","40 02:16.225","6","00","76 16:14.692","0","0","0","0","36215","0","0","0","","0","0","0","2","36215","0","","1","01","N","N","1","","0","0","0","3","2","N","0637","0","2","0","0","0","0","0","1","0","2","N","","","","","","","","","","","","03","  ","","",""
"0404","0","0","0","0","0","0","0","0","0","1","1","","36","03","2018","2018027887","6","40.0395","-76.2083","0401","08","0","0","0","0","0","2","0","0","2","0","1","0","03","3","1","02","1","40 02:22.332","4","00","76 12:29.802","2","0","0","0","36215","0","0","0","","0","0","0","2","36215","0","","1","09","N","N","1","","0","1","0","3","2","Y","0357","1","2","0","1","1","0","0","1","0","2","N","","","","","","","","","","","","03","  ","","",""
"1916","1","0","0","0","0","0","0","0","0","4","0","","36","03","2018","2018027888","6","40.0302","-76.2325","1913","08","0","0","0","0","0","0","0","0","3","0","0","0","19","3","1","00","1","40 01:48.880","3","00","76 13:57.152","4","0","0","0","36215","0","0","0","","0","0","0","3","36215","1","","1","01","N","N","0","","0","0","1","0","0","N","1910","1","2","0","0","0","0","0","1","0","2","N","","","","","","","","","","","","03","  ","","",""
"0720","0","0","0","0","0","0","0","0","0","4","0","","36","03","2018","2018027955","4","40.0499","-76.3079","0715","08","0","0","0","0","0","1","0","0","1","0","0","0","07","1","0","01","1","40 02:59.610","4","00","76 18:28.586","0","0","0","0","36301","0","0","0","N","0","0","0","2","36301","0","","1","09","N","N","0","","0","0","2","3","2","N","0715","0","2","0","0","0","0","0","3","0","2","N","","","","","","","","","","","","07","  ","","",""
"1104","0","0","0","0","0","0","0","0","0","7","0","","36","03","2018","2018027997","4","40.2038","-76.1312","1057","08","0","0","0","0","0","0","0","0","1","0","0","0","10","1","0","00","1","40 12:13.539","2","00","76 07:52.338","0","0","0","0","36210","0","0","0","Y","0","0","0","1","36210","0","","4","09","N","N","0","","0","0","1","0","0","N","1056","0","1","0","0","0","0","0","1","0","1","N","","","","","","","","","","","","10","  ","","",""
"1227","2","0","0","0","0","0","0","0","0","1","0","","36","03","2018","2018028030","4","40.0879","-76.3807","1223","08","0","1","0","0","0","0","0","0","","0","0","0","12","1","1","00","0","40 05:16.446","","00","76 22:50.519","4","0","0","0","36214","0","0","0","N","0","0","0","4","36214","1","","1","09","N","N","0","","0","0","0","0","0","","1220","1","2","0","0","0","0","0","3","0","2","N","","","","","","","","","","","","10","  ","","",""
"1244","1","0","0","0","0","0","0","0","0","7","0","","36","03","2018","2018028039","4","40.1713","-76.4139","1239","08","0","0","0","0","0","1","0","0","2","0","0","0","12","1","0","00","1","40 10:16.764","2","00","76 24:49.945","0","0","0","0","36230","0","0","0","Y","0","0","0","1","36410","0","","2","09","N","N","0","","0","0","0","0","0","N","1239","0","1","0","0","0","0","0","1","0","1","N","","","","","","","","","","","","07","  ","","",""
"1540","2","0","0","0","0","0","0","0","0","1","0","","36","03","2018","2018028046","1","40.0567","-76.5274","1532","08","0","0","1","0","0","0","0","0","2","0","0","0","15","1","1","03","2","40 03:24.072","5","00","76 31:38.567","8","0","0","0","36211","0","0","0","N","0","0","0","5","36504","0","","1","01","N","N","0","","0","0","0","0","0","Y","1530","1","2","0","0","0","1","0","1","0","2","N","","","","","","","","","","","","03","  ","","",""
"1017","0","0","0","0","0","0","0","0","0","7","0","","36","03","2018","2018028054","4","40.1281","-76.0434","1005","08","0","0","0","0","0","1","0","0","2","0","0","0","10","1","1","00","2","40 07:41.222","5","00","76 02:36.414","8","0","0","0","36213","0","0","0","N","0","0","0","1","36213","0","","4","07","N","N","1","","0","0","0","0","0","Y","1004","1","1","0","0","0","1","0","1","0","1","N","","","","","","","","","","","","10","  ","","",""
"1725","2","0","0","0","0","0","0","0","0","4","0","","36","03","2018","2018028056","1","40.0915","-76.5197","1720","08","0","0","0","0","0","2","0","0","2","0","0","0","17","1","0","01","1","40 05:29.310","5","00","76 31:11.085","0","0","0","0","36211","0","0","0","N","0","0","0","3","36504","0","","1","01","N","N","0","","0","0","0","3","2","N","1715","0","2","0","0","0","0","0","1","0","2","N","","","","","","","","","","","","03","  ","","",""
"1455","1","0","0","0","0","0","0","0","0","1","0","","36","02","2018","2018028154","5","40.07","-76.3017","1455","08","0","0","0","0","0","0","0","0","","0","0","0","14","1","0","00","0","40 04:11.959","","00","76 18:05.985","0","0","0","0","36101","0","0","0","","0","0","0","3","36101","0","","1","01","N","N","0","","0","0","1","0","0","","1448","0","2","0","0","0","0","0","3","0","2","N","","","","","","","","","","","","03","  ","","",""
"1432","2","0","0","0","0","0","0","0","0","1","0","","36","03","2018","2018028155","2","40.0769","-76.3092","1411","08","0","0","0","0","0","0","1","0","","0","0","0","13","1","1","00","0","40 04:37.010","","00","76 18:32.980","4","0","0","0","36101","0","0","0","N","0","0","0","2","36101","1","","1","01","N","N","0","","0","0","0","0","0","","1345","1","2","0","0","0","0","0","3","0","2","N","","","","","","","","","","","","03","  ","","",""
"1345","1","0","0","0","0","0","0","0","0","4","0","","36","03","2018","2018028156","3","40.0792","-76.3465","1337","08","0","0","0","0","0","1","0","0","1","0","0","0","13","1","1","02","1","40 04:44.994","3","00","76 20:47.344","4","0","0","0","36101","0","0","0","","0","0","0","3","36101","1","","1","01","N","N","0","","0","0","1","3","3","N","1325","1","2","0","0","0","0","0","3","0","2","N","","","","","","","","","","","","03","  ","","",""
"2127","1","0","0","0","0","0","0","0","0","7","0","","36","02","2018","2018028157","3","40.0002","-76.4743","2127","08","0","0","0","0","0","0","0","0","","0","0","0","21","3","0","02","0","40 00:00.719","","00","76 28:27.503","0","0","0","0","36223","0","0","0","","0","0","0","1","36223","0","","1","01","N","N","0","","0","0","0","0","0","","2127","0","1","0","0","0","0","0","1","0","1","N","","","","","","","","","","","","03","  ","","",""
"1318","2","0","0","0","0","0","0","0","0","4","0","","36","03","2018","2018028158","5","40.0378","-76.3637","1314","08","0","0","0","0","0","0","0","0","","0","0","0","13","1","0","01","0","40 02:16.155","","00","76 21:49.258","0","0","0","0","36223","0","0","0","","0","0","0","3","36223","0","","1","01","N","N","0","","0","0","0","3","3","","1311","0","2","0","0","0","0","0","1","0","2","N","","","","","","","","","","","","03","  ","","",""
"1600","1","0","0","0","0","0","0","0","0","1","1","","36","03","2018","2018028176","4","40.1183","-76.0479","1557","08","0","0","0","0","0","1","0","0","1","0","1","0","15","1","1","01","1","40 07:05.968","3","00","76 02:52.589","3","0","0","0","36213","0","0","0","N","0","0","0","4","36213","0","","1","09","N","N","1","","1","0","1","0","0","N","1555","1","4","0","0","0","0","0","1","0","4","N","","","","","","","","","","","","10","  ","","",""
"1647","3","0","0","0","0","0","0","0","0","1","0","","36","03","2018","2018028212","1","","","1647","08","0","0","0","0","0","0","1","0","2","0","0","0","16","1","1","00","1","","4","00","","4","0","0","0","36404","0","0","0","N","0","0","0","4","36404","1","","1","01","N","N","0","","0","0","0","0","0","Y","1647","1","3","0","0","0","0","0","3","0","3","N","","","","","","","","","","","","03","  ","","",""
"1206","1","0","0","0","0","0","0","0","0","7","0","","36","03","2018","2018028181","1","39.9881","-76.314","1206","08","0","0","0","0","1","0","0","0","","0","0","0","12","1","0","00","0","39 59:17.329","","00","76 18:50.574","0","0","0","0","36228","0","0","0","N","0","0","0","1","36503","0","","5","01","N","N","0","","0","0","0","0","0","","1206","0","1","0","0","0","0","0","1","0","1","N","","","","","","","","","","","","03","  ","","",""
"2121","5","0","0","0","0","0","0","0","0","4","0","","36","03","2018","2018028184","6","40.0422","-76.2957","2119","08","0","1","0","0","0","1","0","0","3","0","0","0","21","3","5","01","2","40 02:32.089","3","00","76 17:44.343","3","0","0","0","36301","0","0","0","Y","0","0","0","5","36301","0","","1","01","N","N","0","","5","0","1","3","3","Y","2118","5","6","0","0","0","0","0","3","0","6","N","","","","","","","","","","","","03","  ","","",""
"0906","0","0","0","0","0","0","0","0","0","1","0","","36","02","2018","2018028240","3","40.068","-76.3308","0845","08","0","0","0","0","0","1","1","0","","0","0","0","08","1","0","00","0","40 04:04.886","","00","76 19:51.036","0","0","0","0","36101","0","0","0","","0","0","0","2","36101","0","","1","01","N","N","0","","0","0","1","0","0","","0834","0","2","0","0","0","0","0","3","1","2","N","","","","","","","","","","","","03","  ","","",""
"1149","2","0","0","0","0","0","0","0","0","4","0","","36","03","2018","2018028241","6","40.0685","-76.3074","1149","08","0","0","0","0","0","0","0","1","2","0","0","0","11","1","1","01","1","40 04:06.527","1","00","76 18:26.750","4","0","0","0","36101","0","0","0","N","0","0","0","2","36101","1","","1","01","N","N","0","","0","0","0","3","2","N","1149","1","2","0","0","0","0","0","3","0","2","N","","","","","","","","","","","","03","  ","","",""
"1550","2","0","0","0","0","0","0","0","0","4","0","","36","03","2018","2018028243","7","40.1138","-76.2451","1542","08","0","0","0","0","1","0","0","1","2","0","0","0","15","1","0","02","1","40 06:49.628","1","00","76 14:42.364","0","0","0","0","36101","0","0","0","","0","0","0","2","36101","0","","1","01","N","N","0","","0","0","0","0","0","N","1538","0","2","0","0","0","0","0","3","0","2","N","","","","","","","","","","","","03","  ","","",""
"0533","1","0","0","0","0","0","0","0","0","7","0","","36","03","2018","2018028244","1","40.0946","-76.3291","0527","08","0","0","0","0","0","0","0","0","","0","0","0","05","3","0","00","0","40 05:40.389","","00","76 19:44.623","0","0","0","0","36101","0","0","0","","0","0","0","1","36101","0","","4","01","N","N","0","","0","0","0","0","0","","0521","0","1","0","0","0","0","0","3","0","1","N","","","","","","","","","","","","03","  ","","",""
"1224","0","0","0","0","0","0","0","0","0","1","0","","36","03","2018","2018028245","7","40.0268","-76.2182","1219","08","0","0","0","0","0","0","1","0","2","0","0","0","12","1","2","00","2","40 01:36.595","4","00","76 13:05.389","4","0","0","0","36215","0","0","0","","0","0","0","4","36215","1","","1","01","N","N","1","","0","0","1","0","0","N","1218","2","2","0","0","0","1","0","1","0","2","N","","","","","","","","","","","","03","  ","","",""
"0919","2","0","0","0","0","0","0","0","0","1","0","","36","03","2018","2018028246","6","40.0458","-76.3092","0917","08","0","0","0","0","0","0","1","0","1","0","0","0","09","1","1","00","1","40 02:45.050","2","00","76 18:33.110","4","0","0","0","36301","0","0","0","","0","0","0","2","36301","1","","1","09","N","N","0","","0","0","0","3","2","N","0915","1","2","0","0","0","0","0","3","0","2","N","","","","","","","","","","","","03","  ","","",""
"0919","2","0","0","0","0","0","0","0","0","4","0","","36","03","2018","2018028395","5","40.1233","-76.3753","0913","08","0","0","0","0","0","0","1","0","","0","0","0","09","1","4","01","0","40 07:23.702","","00","76 22:31.147","3","0","0","0","36214","0","0","0","N","0","0","0","4","36214","0","","1","01","N","N","0","","4","0","0","3","3","","0909","4","2","0","0","0","0","0","3","0","2","N","","","","","","","","","","","","03","  ","","",""
"0718","1","0","0","0","0","0","0","0","0","4","0","","36","03","2018","2018028414","5","39.9706","-76.2732","0715","08","0","0","0","1","0","1","0","0","2","0","0","0","07","1","0","01","1","39 58:14.115","2","00","76 16:23.451","0","0","0","0","36240","0","0","0","N","0","0","0","2","36503","0","","1","01","N","N","1","","0","0","0","3","2","N","0714","0","2","0","0","1","0","0","1","0","2","N","","","","","","","","","","","","03","  ","","",""
"1306","1","0","0","0","0","0","0","0","0","7","0","","36","03","2018","2018028418","5","39.9588","-76.3","1302","08","0","0","1","0","0","0","0","0","1","0","0","0","12","1","0","00","1","39 57:31.695","1","00","76 17:59.900","9","0","0","0","36228","0","0","0","Y","0","0","0","2","36503","0","","4","01","N","N","0","","0","0","0","0","0","N","1259","0","1","0","0","0","0","1","1","0","1","N","","","","","","","","","","","","03","  ","","",""
"1819","1","0","0","0","0","0","0","0","0","8","0","","36","02","2018","2018028525","3","40.0395","-76.306","1819","08","0","0","0","0","0","0","0","0","1","0","0","0","18","3","1","01","2","40 02:22.325","4","00","76 18:21.503","3","0","0","0","36301","1","0","0","N","1","0","0","2","36301","0","","1","01","","","0","","1","0","0","3","2","Y","1819","1","2","0","0","0","0","0","3","0","1","N","","","","","","","","","","","","03","  ","","",""
"2334","0","0","0","0","0","0","0","0","0","7","0","","36","03","2018","2018028533","4","40.072","-76.071","2327","08","0","0","0","0","0","0","0","0","","0","0","0","21","2","1","00","0","40 04:19.201","","00","76 04:15.461","3","0","0","0","36209","0","0","0","N","0","0","0","1","36415","0","","4","01","N","N","0","","1","0","1","0","0","","2145","1","1","0","0","0","0","0","1","0","1","N","","","","","","","","","","","","03","  ","","",""
"1650","2","0","0","0","0","0","0","0","0","1","0","","36","03","2018","2018028539","1","40.0386","-76.5088","1650","08","0","0","0","1","0","0","0","0","2","0","0","0","16","1","1","00","1","40 02:19.023","4","00","76 30:31.515","4","0","0","0","36404","0","0","0","N","0","0","0","5","36404","1","","1","01","N","N","0","","0","0","1","0","0","Y","1650","1","3","0","0","0","0","0","3","0","3","N","","","","","","","","","","","","03","  ","","",""
"1651","1","0","0","0","0","0","0","0","0","5","0","","36","03","2018","2018028544","1","40.0306","-76.4908","1646","08","0","0","0","0","0","0","0","0","1","0","0","0","16","1","0","00","1","40 01:50.000","3","00","76 29:26.800","0","0","0","0","36404","0","0","0","N","0","0","0","1","36404","0","","6","01","N","N","0","","0","0","1","0","0","N","1630","0","2","0","0","0","0","0","3","0","2","N","","","","","","","","","","","","03","  ","","",""
"1846","3","0","0","0","0","0","0","0","0","2","0","","36","03","2018","2018028554","4","40.0453","-76.2982","1842","08","0","0","0","0","0","0","0","0","2","0","0","0","18","3","2","03","2","40 02:43.011","3","00","76 17:53.626","3","0","0","0","36301","0","0","0","N","0","0","0","2","36301","0","","1","01","N","N","0","","2","0","1","0","0","N","1842","2","4","0","0","0","0","0","3","0","4","N","","","","","","","","","","","","03","  ","","",""
"1809","1","0","0","0","0","0","0","0","0","1","0","","36","03","2018","2018028569","6","40.0585","-76.4037","1755","08","0","1","0","0","0","0","0","0","","0","0","0","17","4","0","01","0","40 03:30.579","","00","76 24:13.346","0","0","0","0","36214","0","0","0","N","0","0","0","3","36214","0","","1","01","N","N","1","","0","0","0","3","2","","1753","0","2","0","0","0","0","0","3","0","2","N","","","","","","","","","","","","03","  ","","",""
"1959","2","0","0","0","0","0","0","0","0","4","0","","36","03","2018","2018028576","4","40.0398","-76.3651","1956","08","0","0","0","0","0","0","0","0","","0","0","0","19","3","0","01","0","40 02:23.179","","00","76 21:54.426","0","0","0","0","36214","0","0","0","N","0","0","0","6","36214","0","","1","01","N","N","0","","0","0","0","3","2","","1953","0","2","0","0","0","0","0","3","0","2","N","","","","","","","","","","","","03","  ","","",""
"2332","1","0","0","0","0","0","0","0","0","7","0","","36","02","2018","2018028595","7","40.1973","-76.4197","2329","08","0","0","0","0","0","0","0","0","","0","0","0","23","2","0","02","0","40 11:50.267","","00","76 25:10.932","0","0","0","0","36230","0","0","0","N","0","0","0","1","36410","0","","5","09","N","N","0","","0","0","0","0","0","","2325","0","1","0","0","0","0","0","1","0","1","N","","","","","","","","","","","","10","  ","","",""
"1520","0","0","0","0","0","0","0","0","0","7","0","","36","03","2018","2018028611","4","40.0138","-76.3249","1520","08","0","1","0","0","0","0","0","0","","0","0","0","15","1","0","00","0","40 00:49.660","","00","76 19:29.550","0","0","0","0","36220","0","0","0","N","0","0","0","1","36101","0","","4","09","N","N","0","","0","0","1","0","0","","1520","0","1","0","0","0","0","0","3","0","1","N","","","","","","","","","","","","03","  ","","",""
"0947","0","0","0","0","0","0","0","0","0","7","0","","36","02","2018","2018028612","3","40.097","-76.3172","0937","08","0","0","0","0","0","0","1","0","","0","0","0","09","1","0","00","0","40 05:49.350","","00","76 19:01.960","0","0","0","0","36101","0","0","0","N","0","0","0","1","36101","0","","4","01","N","N","0","","0","0","1","0","0","","0926","0","1","0","0","0","0","0","3","0","1","N","","","","","","","","","","","","03","  ","","",""
"1552","1","0","0","0","0","0","0","0","0","0","0","","36","02","2018","2018028913","3","40.1283","-76.5199","1552","08","0","0","0","0","0","0","0","0","","0","0","0","15","1","0","00","0","40 07:42.048","","00","76 31:11.590","0","0","0","0","36225","0","0","0","N","0","0","0","1","36505","0","","1","01","N","N","0","","0","0","0","0","0","","1545","0","1","0","0","0","0","0","2","0","1","N","","","","","","","","","","","","03","  ","","",""
"1617","1","0","0","0","0","0","0","0","0","4","0","","36","03","2018","2018028986","4","40.0379","-76.2745","1605","08","0","0","0","0","0","0","0","0","1","0","0","0","15","1","0","02","1","40 02:16.860","4","00","76 16:28.467","0","0","0","0","36220","0","0","0","","0","0","0","7","36101","0","","1","01","N","N","0","","0","0","1","3","2","N","1546","0","2","0","0","4","0","0","3","0","2","N","","","","","","","","","","","","03","  ","","",""
"1905","1","0","0","0","0","0","0","0","0","1","0","","36","03","2018","2018028987","5","40.0695","-76.3076","1855","08","0","0","0","0","0","0","0","0","2","0","0","0","18","3","0","01","1","40 04:10.226","4","00","76 18:28.241","0","0","0","0","36101","0","0","0","N","0","0","0","5","36101","0","","1","09","N","N","0","","0","0","2","3","2","N","1855","0","3","0","0","0","0","0","3","0","3","N","","","","","","","","","","","","07","  ","","",""
"1448","1","0","0","0","0","0","0","0","0","1","0","","36","03","2018","2018028988","3","40.0809","-76.2937","1445","08","0","0","0","0","0","1","0","0","2","0","0","0","14","1","1","00","2","40 04:51.086","1","00","76 17:37.199","4","0","0","0","36101","0","0","0","N","0","0","0","3","36101","1","","1","01","N","N","0","","0","0","2","0","0","N","1444","1","3","0","0","0","0","0","3","0","3","N","","","","","","","","","","","","03","  ","","",""
"1800","2","0","0","0","0","0","0","0","0","5","0","","36","02","2018","2018029004","7","40.2324","-76.1273","1743","08","0","1","0","0","0","0","0","0","2","0","0","0","17","2","3","00","1","40 13:57.460","4","00","76 07:39.164","8","0","0","0","36405","0","0","0","","0","0","0","3","68T06","0","","4","07","N","N","0","","0","0","0","0","0","N","1740","3","2","0","0","0","3","0","1","0","2","N","","","","","","","","","","","","10","  ","","",""
"1800","1","0","0","0","0","0","0","0","0","7","0","","36","02","2018","2018029005","7","40.2324","-76.1273","1743","08","0","0","0","0","0","0","0","0","2","0","0","0","17","2","2","00","1","40 13:57.184","4","00","76 07:38.847","8","0","0","0","36405","0","0","0","","0","0","0","2","68T06","0","","2","07","N","N","0","","0","0","0","0","0","N","1740","2","1","0","0","0","2","0","1","0","1","N","","","","","","","","","","","","10","  ","","",""
"1852","1","0","0","0","0","0","0","0","0","7","0","","36","02","2018","2018029006","7","40.2309","-76.124","1851","08","0","0","0","0","0","0","0","0","","0","0","0","17","2","0","00","0","40 13:52.296","","00","76 07:29.450","0","0","0","0","36210","0","0","0","","0","0","0","1","68T06","0","","4","07","N","N","0","","0","0","0","0","0","","1745","0","1","0","0","0","0","0","1","0","1","N","","","","","","","","","","","","10","  ","","",""
"2039","1","0","0","0","0","0","0","0","0","7","0","","36","02","2018","2018029011","7","40.2459","-76.2141","1914","08","0","0","0","0","0","0","0","0","","0","0","0","19","2","1","00","0","40 14:45.377","","00","76 12:53.000","3","0","0","0","36204","0","0","0","","0","0","0","1","68T06","0","","3","09","N","N","0","","1","0","0","0","0","","1939","1","1","0","0","0","0","0","1","0","1","N","","","","","","","","","","","","03","  ","","",""
"0625","0","0","0","0","0","0","0","0","0","5","1","","36","02","2018","2018029014","3","40.2352","-76.2982","0612","08","0","0","0","1","0","0","0","0","2","0","1","0","06","2","1","00","1","40 14:06.584","3","00","76 17:54.771","8","0","0","0","36217","0","0","0","N","0","0","0","2","68T06","0","","1","01","N","N","0","","0","0","0","0","0","Y","0612","1","2","0","0","0","1","0","1","1","2","N","","","","","","","","","","","","03","  ","","",""
"1640","1","0","0","0","0","0","0","0","0","1","0","","36","03","2018","2018029018","5","40.245","-76.1705","1636","08","0","0","0","1","0","0","0","0","","0","0","0","16","1","0","00","0","40 14:41.834","","00","76 10:12.499","0","0","0","0","36236","0","0","0","","0","0","0","2","68T06","0","","1","09","N","N","0","","0","0","1","0","0","","1635","0","2","0","0","0","0","0","1","0","2","N","","","","","","","","","","","","07","  ","","",""
"2039","2","0","0","0","0","0","0","0","0","4","0","","36","03","2018","2018029077","6","40.131","-76.2171","2037","08","0","0","0","0","0","0","0","1","","0","0","0","20","2","0","01","0","40 07:51.556","","00","76 13:01.609","0","0","0","0","36238","0","0","0","N","0","0","0","4","36238","0","","1","01","N","N","0","","0","0","1","3","2","","2037","0","3","0","0","0","0","0","3","0","3","N","","","","","","","","","","","","03","  ","","",""
"1627","0","0","0","0","0","0","0","0","0","4","0","","36","03","2018","2018029105","6","40.2448","-76.1041","1627","08","0","0","0","0","0","1","1","0","","0","0","0","16","1","0","02","0","40 14:41.207","","00","76 06:14.899","0","0","0","0","36210","0","0","0","N","0","0","0","3","36210","0","","1","01","N","N","0","","0","0","1","3","3","","1626","0","2","0","0","0","0","0","1","1","2","N","","","","","","","","","","","","03","  ","","",""
"1648","0","0","0","0","0","0","0","0","0","7","0","","36","03","2018","2018029109","5","40.0385","-76.2774","1645","08","0","0","0","0","0","0","0","0","2","0","0","0","16","1","0","00","1","40 02:18.640","4","00","76 16:38.494","0","0","0","0","36220","0","0","0","","0","0","0","1","36101","0","","4","01","N","N","0","","0","0","1","0","0","Y","1642","0","1","0","0","0","0","0","3","0","1","N","","","","","","","","","","","","03","  ","","",""
"1836","3","0","0","0","0","0","0","0","0","1","0","","36","03","2018","2018029110","6","40.0689","-76.3071","1826","08","0","0","0","0","0","0","0","0","","0","0","0","17","3","0","00","0","40 04:07.949","","00","76 18:25.438","0","0","0","0","36101","0","0","0","","0","0","0","3","36101","0","","1","01","N","N","0","","0","0","0","0","0","","1757","0","3","0","0","0","0","0","3","0","3","N","","","","","","","","","","","","98","  ","","",""