"ARRIVAL_TM","AUTOMOBILE_COUNT","BELTED_DEATH_COUNT","BELTED_SUSP_SERIOUS_INJ_COUNT","BICYCLE_COUNT","BICYCLE_DEATH_COUNT","BICYCLE_SUSP_SERIOUS_INJ_COUNT","BUS_COUNT","CHLDPAS_DEATH_COUNT","CHLDPAS_SUSP_SERIOUS_INJ_COUNT","COLLISION_TYPE","COMM_VEH_COUNT","CONS_ZONE_SPD_LIM","COUNTY","CRASH_MONTH","CRASH_YEAR","CRN","DAY_OF_WEEK","DEC_LAT","DEC_LONG","DISPATCH_TM","DISTRICT","DRIVER_COUNT_16YR","DRIVER_COUNT_17YR","DRIVER_COUNT_18YR","DRIVER_COUNT_19YR","DRIVER_COUNT_20YR","DRIVER_COUNT_50_64YR","DRIVER_COUNT_65_74YR","DRIVER_COUNT_75PLUS","EST_HRS_CLOSED","FATAL_COUNT","HEAVY_TRUCK_COUNT","HORSE_BUGGY_COUNT","HOUR_OF_DAY","ILLUMINATION","INJURY_COUNT","INTERSECT_TYPE","LANE_CLOSED","LATITUDE","LN_CLOSE_DIR","LOCATION_TYPE","LONGITUDE","MAX_SEVERITY_LEVEL","MCYCLE_DEATH_COUNT","MCYCLE_SUSP_SERIOUS_INJ_COUNT","MOTORCYCLE_COUNT","MUNICIPALITY","NONMOTR_COUNT","NONMOTR_DEATH_COUNT","NONMOTR_SUSP_SERIOUS_INJ_COUNT","NTFY_HIWY_MAINT","PED_COUNT","PED_DEATH_COUNT","PED_SUSP_SERIOUS_INJ_COUNT","PERSON_COUNT","POLICE_AGCY","POSSIBLE_INJ_COUNT","RDWY_SURF_TYPE_CD","RELATION_TO_ROAD","ROAD_CONDITION","SCH_BUS_IND","SCH_ZONE_IND","SMALL_TRUCK_COUNT","SPEC_JURIS_CD","SUSP_MINOR_INJ_COUNT","SUSP_SERIOUS_INJ_COUNT","SUV_COUNT","TCD_FUNC_CD","TCD_TYPE","TFC_DETOUR_IND","TIME_OF_DAY","TOT_INJ_COUNT","TOTAL_UNITS","UNB_DEATH_COUNT","UNB_SUSP_SERIOUS_INJ_COUNT","UNBELTED_OCC_COUNT","UNK_INJ_DEG_COUNT","UNK_INJ_PER_COUNT","URBAN_RURAL","VAN_COUNT","VEHICLE_COUNT","WORK_ZONE_IND","WORK_ZONE_LOC","WORK_ZONE_TYPE","WORKERS_PRES","WZ_CLOSE_DETOUR","WZ_FLAGGER","WZ_LAW_OFFCR_IND","WZ_LN_CLOSURE","WZ_MOVING","WZ_OTHER","WZ_SHLDER_MDN","ROADWAY_CLEARED","WEATHER1","WEATHER2","WZ_WORKERS_INJ_KILLED","SECONDARY_CRASH","INTERSECTION_RELATED"
"1933","2","0","0","0","0","0","0","0","0","1","0","","36","03","2018","2018029111","7","40.092","-76.3037","1930","08","0","0","0","0","0","0","0","0","","0","0","0","19","2","0","00","0","40 05:31.057","","00","76 18:13.313","0","0","0","0","36101","0","0","0","","0","0","0","2","36101","0","","1","01","N","N","0","","0","0","0","0","0","","1927","0","2","0","0","0","0","0","3","0","2","N","","","","","","","","","","","","03","  ","","",""
"0613","1","0","0","0","0","0","0","0","0","8","0","","36","03","2018","2018029112","3","40.0519","-76.3217","0609","08","0","0","0","0","0","0","1","0","2","0","0","0","06","5","1","00","1","40 03:06.726","3","00","76 19:18.014","4","0","0","0","36101","1","0","0","","1","0","0","2","36101","1","","1","01","N","N","0","","0","0","0","3","2","N","0608","1","2","0","0","0","0","0","3","0","1","N","","","","","","","","","","","","03","  ","","",""
"1530","2","0","0","0","0","0","0","0","0","4","0","","36","03","2018","2018029113","5","40.0593","-76.3124","1524","08","0","0","0","0","0","0","0","1","1","0","0","0","15","1","0","02","1","40 03:33.242","5","00","76 18:44.723","0","0","0","0","36101","0","0","0","","0","0","0","5","36101","0","","1","01","N","N","0","","0","0","0","0","0","N","1522","0","2","0","0","0","0","0","3","0","2","N","","","","","","","","","","","","03","  ","","",""
"1540","1","0","0","0","0","0","0","0","0","4","0","","36","03","2018","2018029115","1","40.0378","-76.2707","1537","08","0","0","0","0","0","1","0","0","2","0","0","0","15","1","1","03","2","40 02:16.225","3","00","76 16:14.692","4","0","0","0","36215","0","0","0","","0","0","0","4","36215","1","","1","01","N","N","0","","0","0","1","3","2","Y","1537","1","2","0","0","0","0","0","1","0","2","N","","","","","","","","","","","","03","  ","","",""
"0659","1","0","0","0","0","0","0","0","0","4","0","","36","03","2018","2018029169","6","40.0337","-76.4964","0654","08","0","0","0","0","0","1","0","0","","0","0","0","06","1","0","01","0","40 02:01.262","","00","76 29:47.198","0","0","0","0","36404","0","0","0","N","0","0","0","3","36404","0","","1","01","N","N","0","","0","0","0","3","3","","0654","0","2","0","0","0","0","0","3","1","2","N","","","","","","","","","","","","03","  ","","",""
"0752","0","0","1","0","0","0","0","0","0","7","0","","36","03","2018","2018029194","7","40.2367","-76.0806","0748","08","0","0","0","0","0","0","0","1","2","0","0","0","07","1","1","00","2","40 14:12.022","6","00","76 04:49.983","2","0","0","0","36210","0","0","0","N","0","0","0","1","36210","0","","4","01","N","N","0","","0","1","1","0","0","Y","0748","1","1","0","0","0","0","0","1","0","1","N","","","","","","","","","","","","03","  ","","",""
"0901","0","0","0","0","0","0","0","0","0","6","0","","36","03","2018","2018029204","7","40.2457","-76.172","0845","08","0","0","0","0","0","0","0","0","2","0","0","0","08","1","0","00","2","40 14:44.500","5","00","76 10:19.300","0","0","0","0","36236","0","0","0","N","0","0","0","5","36408","0","","1","01","N","N","0","","0","0","2","0","0","Y","0842","0","2","0","0","0","0","0","1","0","2","N","","","","","","","","","","","","03","  ","","",""
"1428","0","0","0","0","0","0","0","0","0","6","0","","36","03","2018","2018029208","5","40.2779","-76.202","1423","08","0","0","0","0","0","1","0","0","3","0","0","0","14","1","1","00","2","40 16:40.295","5","00","76 12:07.297","3","0","0","0","36236","0","0","0","N","0","0","0","4","36408","0","","1","01","N","N","1","","1","0","1","0","0","Y","1419","1","2","0","0","1","0","0","1","0","2","N","","","","","","","","","","","","03","  ","","",""
"0613","1","0","1","0","0","0","0","0","0","4","1","","36","03","2018","2018029350","5","40.0781","-76.3463","0610","08","0","0","0","0","0","1","0","0","3","0","1","0","06","2","1","00","2","40 04:41.341","7","00","76 20:46.743","2","0","0","0","36101","0","0","0","","0","0","0","2","36101","0","","1","01","N","N","0","","0","1","0","0","0","Y","0608","1","2","0","0","1","0","0","3","0","2","N","","","","","","","","","","","","03","  ","","",""
"0807","3","0","0","0","0","0","0","0","0","1","0","","36","03","2018","2018029351","6","40.0524","-76.3227","0759","08","0","0","0","0","0","0","0","0","","0","0","0","07","1","1","00","0","40 03:08.631","","00","76 19:21.806","4","0","0","0","36101","0","0","0","","0","0","0","4","36101","1","","1","01","N","N","0","","0","0","0","0","0","","0757","1","3","0","0","0","0","0","3","0","3","N","","","","","","","","","","","","03","  ","","",""
"1838","0","0","0","0","0","0","0","0","0","1","0","","36","03","2018","2018029352","7","40.0816","-76.3277","1836","08","0","0","0","0","0","0","1","0","2","0","0","0","18","4","2","02","1","40 04:53.657","1","00","76 19:39.595","8","0","0","0","36101","0","0","0","","0","0","0","5","36101","0","","1","01","N","N","0","","0","0","2","0","0","N","1834","2","2","0","0","0","2","0","3","0","2","N","","","","","","","","","","","","03","  ","","",""
"1745","1","0","0","0","0","0","0","0","0","1","0","","36","03","2018","2018029449","6","40.0357","-76.2892","1744","08","0","0","0","0","1","0","0","0","2","0","0","0","17","1","2","00","2","40 02:08.400","6","00","76 17:21.000","3","0","0","0","36301","0","0","0","N","0","0","0","4","36301","0","","1","01","N","N","0","","2","0","1","0","0","Y","1741","2","3","0","0","0","0","0","3","1","3","N","","","","","","","","","","","","03","  ","","",""
"1523","0","0","0","0","0","0","0","0","0","4","0","","36","03","2018","2018029454","7","40.2167","-76.1147","1519","08","0","0","0","0","0","0","0","1","2","0","0","0","15","1","1","02","1","40 13:00.224","1","00","76 06:52.786","2","0","0","0","36210","0","0","0","N","0","0","0","3","36210","0","","1","01","N","N","1","","0","1","1","0","0","N","1518","1","2","0","1","1","0","0","1","0","2","N","","","","","","","","","","","","03","  ","","",""
"1728","3","0","0","0","0","0","0","0","0","7","0","","36","03","2018","2018029489","7","40.0435","-76.2983","1718","08","0","0","0","0","0","1","0","0","","0","0","0","17","1","0","00","0","40 02:36.500","","00","76 17:54.000","0","0","0","0","36301","0","0","0","N","0","0","0","2","36301","0","","2","01","N","N","1","","0","0","0","0","0","","1718","0","4","0","0","0","0","0","3","0","4","N","","","","","","","","","","","","03","  ","","",""
"1540","2","0","0","0","0","0","0","0","0","4","0","","36","03","2018","2018029510","1","40.1008","-76.096","1540","08","0","0","0","0","0","1","0","1","2","0","0","0","15","1","1","01","2","40 06:03.031","2","00","76 05:45.673","3","0","0","0","36415","0","0","0","N","0","0","0","5","36415","0","","1","01","N","N","0","","1","0","0","3","2","Y","1540","1","2","0","0","1","0","0","1","0","2","N","","","","","","","","","","","","03","  ","","",""
"0502","2","0","0","0","0","0","0","0","0","5","0","","36","03","2018","2018029584","7","40.028","-76.2916","0459","08","0","0","0","0","0","0","0","0","1","0","0","0","04","3","0","00","1","40 01:40.659","1","00","76 17:29.844","9","0","0","0","36301","0","0","0","N","0","0","0","1","36301","0","","6","01","N","N","0","","0","0","0","0","0","Y","0459","0","2","0","0","0","0","1","3","0","2","N","","","","","","","","","","","","03","  ","","",""
"1918","1","0","0","0","0","0","0","0","0","1","0","","36","03","2018","2018029601","3","40.0028","-76.3553","1915","08","0","0","0","2","0","0","0","0","1","0","0","0","19","3","0","00","2","40 00:10.100","5","00","76 21:19.200","0","0","0","0","36412","0","0","0","N","0","0","0","2","36412","0","","1","09","N","N","0","","0","0","1","0","0","Y","1913","0","2","0","0","0","0","0","3","0","2","N","","","","","","","","","","","","07","  ","","",""
"1804","1","0","0","0","0","0","0","0","0","7","0","","36","03","2018","2018029635","7","40.1012","-76.094","1801","08","0","0","0","0","0","0","0","0","2","0","0","0","18","4","0","00","2","40 06:04.159","6","07","76 05:38.523","0","0","0","0","36415","0","0","0","N","0","0","0","1","36415","0","","5","01","N","N","0","","0","0","0","0","0","Y","1800","0","1","0","0","0","0","0","1","0","1","N","","","","","","","","","","","","03","  ","","",""
"2119","1","0","0","0","0","0","0","0","0","4","0","","36","03","2018","2018029641","3","40.1642","-76.1543","2115","08","0","0","0","0","0","0","0","0","1","0","0","0","21","3","0","02","1","40 09:51.095","2","07","76 09:15.344","0","0","0","0","36218","0","0","0","N","0","0","0","5","36408","0","","1","09","N","N","1","","0","0","0","3","2","N","2110","0","2","0","0","0","0","0","1","0","2","N","","","","","","","","","","","","07","  ","","",""
"0107","0","0","0","0","0","0","0","0","0","7","0","","36","03","2018","2018029644","7","40.0311","-76.2885","0102","08","0","0","0","0","0","0","0","0","9","0","0","0","01","3","0","00","2","40 01:51.800","7","00","76 17:18.600","0","0","0","0","36301","0","0","0","N","0","0","0","1","36301","0","","4","01","N","N","0","","0","0","1","0","0","Y","0102","0","1","0","0","0","0","0","3","0","1","N","","","","","","","","","","","","03","  ","","",""
"1443","0","0","0","0","0","0","0","0","0","7","0","","36","03","2018","2018029661","3","40.0693","-76.3067","1443","08","0","0","0","0","0","0","0","0","3","0","0","0","14","1","0","00","1","40 04:09.477","4","00","76 18:24.030","0","0","0","0","36101","0","0","0","","0","0","0","1","36101","0","","4","01","N","N","0","","0","0","1","0","0","N","1443","0","1","0","0","0","0","0","3","0","1","N","","","","","","","","","","","","03","  ","","",""
"0312","1","0","0","0","0","0","0","0","0","7","0","","36","03","2018","2018029662","1","40.1539","-76.3385","0306","08","0","0","0","0","0","0","0","0","","0","0","0","03","2","1","00","0","40 09:14.001","","00","76 20:18.511","8","0","0","0","36227","0","0","0","N","0","0","0","1","36506","0","","4","01","N","N","0","","0","0","0","0","0","","0303","1","1","0","0","0","1","0","1","0","1","N","","","","","","","","","","","","03","  ","","",""
"2216","0","0","0","0","0","0","0","0","0","1","0","","36","03","2018","2018030259","1","40.1732","-76.3086","2209","08","0","0","0","0","0","1","0","0","2","0","0","0","22","3","0","00","1","40 10:23.398","2","07","76 18:30.957","0","0","0","0","36235","0","0","0","N","0","0","0","4","36506","0","","1","01","N","N","0","","0","0","2","0","0","N","2209","0","2","0","0","0","0","0","1","0","2","N","","","","","","","","","","","","03","  ","","",""
"0651","0","0","0","0","0","0","0","0","0","9","0","","36","03","2018","2018030260","2","40.1479","-76.2341","0633","08","0","0","0","0","0","0","0","0","2","0","0","0","06","2","0","00","1","40 08:52.573","3","00","76 14:02.630","0","0","0","0","36235","0","0","0","N","0","0","0","1","36506","0","","1","01","N","N","0","","0","0","1","0","0","N","0633","0","1","0","0","0","0","0","1","0","1","N","","","","","","","","","","","","03","  ","","",""
"1545","1","0","0","0","0","0","0","0","0","4","0","","36","03","2018","2018030519","1","40.1742","-76.1754","1543","08","0","0","1","0","0","0","0","0","2","0","0","0","15","1","0","02","1","40 10:27.159","1","00","76 10:31.324","0","0","0","0","36408","0","0","0","N","0","0","0","1","36408","0","","1","01","N","N","1","","0","0","0","9","3","Y","1543","0","2","0","0","1","0","0","2","0","2","N","","","","","","","","","","","","03","  ","","",""
"0919","2","0","0","0","0","0","0","0","0","4","0","","36","02","2018","2018030584","6","40.0402","-76.2391","0916","08","0","0","0","0","0","0","0","0","","0","0","0","09","1","2","01","0","40 02:24.730","","00","76 14:20.844","4","0","0","0","36215","0","0","0","N","0","0","0","3","36215","2","","1","09","N","N","0","","0","0","0","3","2","","0914","2","2","0","0","0","0","0","1","0","2","N","","","","","","","","","","","","07","  ","","",""
"0200","1","0","0","0","0","0","0","0","0","7","0","","36","03","2018","2018030585","2","40.0908","-76.1695","0153","08","0","0","0","0","0","0","0","0","2","0","0","0","01","3","0","02","1","40 05:27.025","3","00","76 10:10.335","0","0","0","0","36234","0","0","0","","0","0","0","1","36215","0","","4","01","N","N","0","","0","0","0","0","0","N","0144","0","1","0","0","0","0","0","1","0","1","N","","","","","","","","","","","","03","  ","","",""
"0044","2","0","0","0","0","0","0","0","0","5","0","","36","03","2018","2018030586","7","40.0364","-76.2404","0035","08","0","0","0","0","0","0","0","0","1","0","0","0","00","3","0","00","1","40 02:11.140","2","00","76 14:25.420","0","0","0","0","36215","0","0","0","N","0","0","0","1","36215","0","","6","01","N","N","0","","0","0","1","0","0","N","0030","0","3","0","0","0","0","0","1","0","3","N","","","","","","","","","","","","03","  ","","",""
"1004","1","0","0","0","0","0","0","0","0","1","0","","36","03","2018","2018030587","7","40.0807","-76.2444","0959","08","0","0","0","0","0","0","1","0","2","0","0","0","09","1","0","02","1","40 04:50.696","6","00","76 14:38.898","0","0","0","0","36215","0","0","0","","0","0","0","3","36215","0","","1","01","N","N","0","","0","0","1","0","0","N","0957","0","2","0","0","0","0","0","1","0","2","N","","","","","","","","","","","","03","  ","","",""
"1155","1","0","0","0","0","0","0","0","0","4","0","","36","03","2018","2018030615","2","40.0317","-76.2944","1151","08","0","0","0","0","0","1","0","0","1","0","0","0","11","1","0","01","1","40 01:54.166","7","00","76 17:39.728","9","0","0","0","36301","0","0","0","N","0","0","0","2","36301","0","","1","01","N","N","0","","0","0","0","3","3","Y","1147","0","2","0","0","0","0","1","3","1","2","N","","","","","","","","","","","","03","  ","","",""
"0619","0","0","0","0","0","0","0","0","0","0","0","","36","03","2018","2018030622","3","40.1292","-76.2164","0614","08","0","0","0","0","0","1","0","0","","0","0","0","06","2","1","00","0","40 07:45.018","","00","76 12:59.167","4","0","0","0","36238","0","0","0","N","0","0","0","1","36238","1","","3","02","N","N","1","","0","0","0","0","0","","0613","1","1","0","0","0","0","0","3","0","1","N","","","","","","","","","","","","03","  ","","",""
"0703","0","0","0","0","0","0","0","0","0","7","0","","36","03","2018","2018030680","3","40.0545","-76.3708","0656","08","0","0","0","0","0","0","0","0","2","0","0","0","06","5","1","00","1","40 03:16.277","6","03","76 22:14.952","3","0","0","0","36214","0","0","0","Y","0","0","0","1","36214","0","","2","02","N","N","0","","1","0","0","0","0","N","0628","1","1","0","0","0","0","0","3","1","1","N","","","","","","","","","","","","10","  ","","",""
"0625","2","0","0","0","0","0","0","0","0","1","0","","36","03","2018","2018030809","3","40.0543","-76.3064","0622","08","0","0","0","0","0","3","0","0","3","0","0","0","06","3","1","00","2","40 03:15.484","5","03","76 18:23.075","3","0","0","0","36301","0","0","0","N","0","0","0","6","36301","0","","1","02","N","N","0","","1","0","3","0","0","Y","0619","1","6","0","0","0","0","0","3","1","6","N","","","","","","","","","","","","03","  ","","",""
"0623","2","0","0","0","0","0","0","0","0","7","0","","36","03","2018","2018030817","3","40.0543","-76.3063","0618","08","0","0","0","0","1","1","0","0","3","0","0","0","06","3","2","00","2","40 03:15.627","5","03","76 18:22.514","3","0","0","0","36301","0","0","0","N","0","0","0","5","36301","0","","2","02","N","N","0","","2","0","1","0","0","Y","0618","2","5","0","0","0","0","0","3","2","5","N","","","","","","","","","","","","10","  ","","",""
"0621","0","0","0","0","0","0","0","0","0","7","0","","36","03","2018","2018031064","3","40.2048","-76.1175","0611","08","0","0","0","0","0","0","0","0","","0","0","0","06","2","0","00","0","40 12:17.320","","00","76 07:02.835","0","0","0","0","36210","0","0","0","Y","0","0","0","1","36210","0","","2","02","N","N","0","","0","0","1","0","0","","0605","0","1","0","0","0","0","0","1","0","1","N","","","","","","","","","","","","03","  ","","",""
"1236","1","0","0","0","0","0","0","0","0","4","0","","36","03","2018","2018031066","3","40.1128","-76.3965","1230","08","0","0","0","0","0","0","0","1","1","0","0","0","12","1","0","02","1","40 06:45.982","1","00","76 23:47.576","0","0","0","0","36214","0","0","0","N","0","0","0","2","36214","0","","1","01","N","N","0","","0","0","1","0","0","N","1226","0","2","0","0","0","0","0","3","0","2","N","","","","","","","","","","","","03","  ","","",""
"0630","1","0","0","0","0","0","0","0","0","4","0","","36","03","2018","2018031067","3","40.2048","-76.1175","0630","08","0","0","0","0","0","0","0","0","2","0","0","0","06","3","1","00","1","40 12:17.320","1","00","76 07:02.835","3","0","0","0","36210","0","0","0","N","0","0","0","2","36210","0","","2","02","N","N","0","","1","0","1","0","0","N","0630","1","2","0","0","0","0","0","1","0","2","N","","","","","","","","","","","","03","  ","","",""
"0633","0","0","0","0","0","0","0","0","0","7","0","","36","03","2018","2018031068","3","39.9599","-76.2451","0629","08","0","0","0","0","0","0","0","0","2","0","0","0","06","2","0","02","1","39 57:35.731","4","00","76 14:42.440","0","0","0","0","36240","0","0","0","N","0","0","0","1","36240","0","","4","02","N","N","1","","0","0","0","0","0","N","0621","0","1","0","0","0","0","0","1","0","1","N","","","","","","","","","","","","10","  ","","",""
"0630","1","0","0","0","0","0","0","0","0","7","0","","36","03","2018","2018031081","3","40.2049","-76.1174","0630","08","0","0","0","0","0","1","0","0","","0","0","0","06","2","0","00","0","40 12:17.619","","03","76 07:02.495","0","0","0","0","36210","0","0","0","Y","0","0","0","1","36210","0","","3","02","N","N","0","","0","0","0","0","0","","0630","0","1","0","0","0","0","0","1","0","1","N","","","","","","","","","","","","03","  ","","",""
"0630","1","0","0","0","0","0","0","0","0","7","0","","36","03","2018","2018031085","3","40.205","-76.1172","0630","08","0","0","0","0","0","0","0","0","","0","0","0","06","3","0","00","0","40 12:17.993","","03","76 07:02.070","0","0","0","0","36210","0","0","0","Y","0","0","0","1","36210","0","","3","02","N","N","0","","0","0","0","0","0","","0630","0","1","0","0","0","0","0","1","0","1","N","","","","","","","","","","","","03","  ","","",""
"0839","0","0","0","0","0","0","0","0","0","7","0","","36","03","2018","2018031092","3","40.2189","-76.0833","0635","08","0","0","0","0","0","1","0","0","3","0","0","0","06","3","0","00","1","40 13:08.131","2","03","76 04:59.884","0","0","0","0","36210","0","0","0","Y","0","0","0","2","36210","0","","2","02","N","N","0","","0","0","1","0","0","N","0635","0","2","0","0","0","0","0","1","1","2","N","","","","","","","","","","","","03","  ","","",""
"0711","0","0","0","0","0","0","0","0","0","2","1","","36","03","2018","2018031098","3","40.226","-76.1131","0703","08","0","0","0","0","0","1","1","0","1","0","1","0","06","1","2","00","2","40 13:33.700","6","00","76 06:47.200","2","0","0","0","36210","0","0","0","N","0","0","0","3","36210","0","","1","02","N","N","0","","1","1","0","0","0","Y","0652","2","2","0","0","1","0","0","1","1","2","N","","","","","","","","","","","","10","  ","","",""
"0950","0","0","0","0","0","0","0","0","0","7","0","","36","03","2018","2018031099","3","40.2159","-76.0927","0950","08","0","0","0","0","0","0","0","0","","0","0","0","07","3","0","00","0","40 12:57.288","","03","76 05:33.712","0","0","0","0","36210","0","0","0","N","0","0","0","1","36210","0","","4","02","N","N","0","","0","0","1","0","0","","0700","0","1","0","0","0","0","0","1","0","1","N","","","","","","","","","","","","03","  ","","",""
"1631","1","0","0","0","0","0","0","0","0","8","0","","36","02","2018","2018031106","3","40.0377","-76.3085","1631","08","0","0","0","0","0","0","0","0","1","0","0","0","16","1","1","01","2","40 02:15.572","1","00","76 18:30.512","2","0","0","0","36301","1","0","1","N","1","0","1","2","36301","0","","1","01","N","N","0","","0","1","0","3","2","Y","1631","1","2","0","0","0","0","0","3","0","1","N","","","","","","","","","","","","03","  ","","",""
"1353","1","0","0","0","0","0","0","0","0","1","0","","36","03","2018","2018031113","2","40.1643","-76.2008","1343","08","0","0","0","0","0","1","1","0","","0","0","0","13","1","0","00","0","40 09:51.494","","00","76 12:02.877","0","0","0","0","36218","0","0","0","N","0","0","0","3","36408","0","","1","01","N","N","1","","0","0","1","0","0","","1343","0","3","0","0","0","0","0","1","0","3","N","","","","","","","","","","","","03","  ","","",""
"0713","1","0","0","0","0","0","0","0","0","7","0","","36","03","2018","2018031126","3","40.1708","-76.0508","0703","08","0","0","0","0","0","0","0","0","2","0","0","0","06","1","0","00","1","40 10:14.700","1","00","76 03:02.800","0","0","0","0","36213","0","0","0","N","0","0","0","1","36213","0","","4","02","N","N","0","","0","0","0","0","0","N","0655","0","1","0","0","0","0","0","1","0","1","N","","","","","","","","","","","","03","  ","","",""
"0641","0","0","0","0","0","0","0","0","0","0","1","","36","03","2018","2018031132","3","40.132","-76.2134","0622","08","0","0","0","0","0","0","0","0","","0","1","0","06","2","1","06","0","40 07:56.025","","02","76 12:47.355","3","0","0","0","36238","0","0","0","N","0","0","0","1","36238","0","","2","02","N","N","0","","1","0","0","0","0","","0621","1","1","0","0","0","0","0","3","0","1","N","","","","","","","","","","","","03","  ","","",""
"0730","0","0","0","0","0","0","0","0","0","0","0","","36","03","2018","2018031137","3","40.1995","-76.3398","0726","08","0","0","1","0","0","0","0","0","3","0","0","0","07","1","1","00","2","40 11:58.185","6","00","76 20:23.303","3","0","0","0","36227","0","0","0","N","0","0","0","1","36506","0","","1","02","N","N","0","","1","0","1","0","0","Y","0726","1","1","0","0","0","0","0","1","0","1","N","","","","","","","","","","","","10","  ","","",""
"1556","1","0","0","0","0","0","0","0","0","1","0","","36","03","2018","2018031180","1","40.0761","-76.3087","1551","08","0","0","0","0","0","1","0","0","","0","0","0","15","1","1","02","0","40 04:33.882","","00","76 18:31.358","3","0","0","0","36101","0","0","0","","0","0","0","2","36101","0","","1","01","N","N","1","","1","0","0","0","0","","1547","1","2","0","0","0","0","0","3","0","2","N","","","","","","","","","","","","03","  ","","",""
"0915","1","0","0","0","0","0","0","0","0","7","0","","36","03","2018","2018031181","4","40.0774","-76.4072","0910","08","0","0","0","0","0","0","0","0","1","0","0","0","09","1","0","00","1","40 04:38.520","5","00","76 24:25.950","0","0","0","0","36214","0","0","0","N","0","0","0","1","36214","0","","5","09","N","N","0","","0","0","0","0","0","N","0906","0","1","0","0","0","0","0","3","0","1","N","","","","","","","","","","","","10","  ","","",""
"0921","0","0","0","0","0","0","0","0","0","1","0","","36","03","2018","2018031182","5","40.0813","-76.3522","0919","08","0","0","0","1","0","0","0","0","","0","0","0","09","1","0","00","0","40 04:52.531","","00","76 21:07.804","0","0","0","0","36214","0","0","0","N","0","0","0","2","36214","0","","1","01","N","N","1","","0","0","1","0","0","","0912","0","2","0","0","0","0","0","3","0","2","N","","","","","","","","","","","","03","  ","","",""
"0534","0","0","0","0","0","0","0","0","0","4","0","","36","01","2018","2018031207","2","39.8986","-76.1593","0527","08","0","0","0","0","0","1","0","0","2","0","0","0","05","3","0","01","1","39 53:54.779","3","00","76 09:33.544","0","0","0","0","36416","0","0","0","","0","0","0","3","68J01","0","","1","01","N","N","1","","0","0","1","3","3","N","0522","0","2","0","0","0","0","0","1","0","2","N","","","","","","","","","","","","03","  ","","",""
"1656","1","0","0","0","0","0","0","0","0","4","0","","36","01","2018","2018031227","3","40.1532","-76.3072","1656","08","0","0","0","0","0","2","0","0","1","0","0","0","16","1","2","01","2","40 09:11.492","7","00","76 18:25.863","3","0","0","0","36409","0","0","0","N","0","0","0","2","36409","1","","1","01","N","N","0","","1","0","1","3","3","Y","1656","2","2","0","0","0","0","0","3","0","2","N","","","","","","","","","","","","03","  ","","",""
"2014","2","0","0","0","0","0","0","0","0","4","0","","36","03","2018","2018031272","3","40.041","-76.2916","2010","08","0","0","0","0","0","0","0","0","2","0","0","0","20","3","0","01","1","40 02:27.689","4","00","76 17:29.630","0","0","0","0","36301","0","0","0","N","0","0","0","3","36301","0","","1","01","N","N","0","","0","0","0","3","2","N","2008","0","2","0","0","0","0","0","3","0","2","N","","","","","","","","","","","","03","  ","","",""
"0323","1","0","0","0","0","0","0","0","0","6","0","","36","03","2018","2018031276","4","40.1064","-76.0814","0323","08","0","0","0","0","0","0","0","0","","0","0","0","02","3","0","00","0","40 06:23.000","","00","76 04:53.100","0","0","0","0","36415","0","0","0","N","0","0","0","1","36415","0","","6","01","N","N","1","","0","0","0","0","0","","0200","0","2","0","0","1","0","0","1","0","2","N","","","","","","","","","","","","03","  ","","",""
"1750","1","0","0","0","0","0","0","0","0","1","0","","36","03","2018","2018031342","4","40.0398","-76.2173","1745","08","0","0","0","1","0","1","0","0","","0","0","0","17","4","0","02","0","40 02:23.134","","00","76 13:02.266","0","0","0","0","36215","0","0","0","N","0","0","0","2","36215","0","","1","01","N","N","1","","0","0","0","0","0","","1740","0","2","0","0","0","0","0","1","0","2","N","","","","","","","","","","","","03","  ","","",""
"1557","1","0","0","0","0","0","0","0","0","1","0","","36","03","2018","2018031343","2","40.0296","-76.361","1548","08","0","0","0","1","0","1","0","0","1","0","0","0","15","1","1","02","1","40 01:46.414","1","00","76 21:39.558","4","0","0","0","36223","0","0","0","","0","0","0","3","36223","1","","1","01","N","N","0","","0","0","2","0","0","N","1546","1","3","0","0","0","0","0","1","0","3","N","","","","","","","","","","","","03","  ","","",""
"1605","1","0","0","0","0","0","0","0","0","4","0","","36","03","2018","2018031363","6","40.0488","-76.3077","1558","08","0","0","1","0","0","0","0","0","","0","0","0","15","1","0","01","0","40 02:55.795","","00","76 18:27.890","0","0","0","0","36301","0","0","0","N","0","0","0","2","36301","0","","1","01","Y","N","0","","0","0","1","3","3","","1555","0","2","0","0","0","0","0","3","0","2","N","","","","","","","","","","","","03","  ","","",""
"0813","1","0","0","0","0","0","0","0","0","1","0","","36","03","2018","2018031392","3","40.1019","-76.5609","0807","08","0","0","0","0","0","1","1","0","1","0","0","0","08","1","2","02","1","40 06:06.974","1","00","76 33:39.260","8","0","0","0","36211","0","0","0","N","0","0","0","3","36504","0","","1","09","N","N","0","","0","0","1","0","0","N","0804","2","2","0","0","0","2","0","1","0","2","N","","","","","","","","","","","","03","  ","","",""