"ARRIVAL_TM","AUTOMOBILE_COUNT","BELTED_DEATH_COUNT","BELTED_SUSP_SERIOUS_INJ_COUNT","BICYCLE_COUNT","BICYCLE_DEATH_COUNT","BICYCLE_SUSP_SERIOUS_INJ_COUNT","BUS_COUNT","CHLDPAS_DEATH_COUNT","CHLDPAS_SUSP_SERIOUS_INJ_COUNT","COLLISION_TYPE","COMM_VEH_COUNT","CONS_ZONE_SPD_LIM","COUNTY","CRASH_MONTH","CRASH_YEAR","CRN","DAY_OF_WEEK","DEC_LAT","DEC_LONG","DISPATCH_TM","DISTRICT","DRIVER_COUNT_16YR","DRIVER_COUNT_17YR","DRIVER_COUNT_18YR","DRIVER_COUNT_19YR","DRIVER_COUNT_20YR","DRIVER_COUNT_50_64YR","DRIVER_COUNT_65_74YR","DRIVER_COUNT_75PLUS","EST_HRS_CLOSED","FATAL_COUNT","HEAVY_TRUCK_COUNT","HORSE_BUGGY_COUNT","HOUR_OF_DAY","ILLUMINATION","INJURY_COUNT","INTERSECT_TYPE","LANE_CLOSED","LATITUDE","LN_CLOSE_DIR","LOCATION_TYPE","LONGITUDE","MAX_SEVERITY_LEVEL","MCYCLE_DEATH_COUNT","MCYCLE_SUSP_SERIOUS_INJ_COUNT","MOTORCYCLE_COUNT","MUNICIPALITY","NONMOTR_COUNT","NONMOTR_DEATH_COUNT","NONMOTR_SUSP_SERIOUS_INJ_COUNT","NTFY_HIWY_MAINT","PED_COUNT","PED_DEATH_COUNT","PED_SUSP_SERIOUS_INJ_COUNT","PERSON_COUNT","POLICE_AGCY","POSSIBLE_INJ_COUNT","RDWY_SURF_TYPE_CD","RELATION_TO_ROAD","ROAD_CONDITION","SCH_BUS_IND","SCH_ZONE_IND","SMALL_TRUCK_COUNT","SPEC_JURIS_CD","SUSP_MINOR_INJ_COUNT","SUSP_SERIOUS_INJ_COUNT","SUV_COUNT","TCD_FUNC_CD","TCD_TYPE","TFC_DETOUR_IND","TIME_OF_DAY","TOT_INJ_COUNT","TOTAL_UNITS","UNB_DEATH_COUNT","UNB_SUSP_SERIOUS_INJ_COUNT","UNBELTED_OCC_COUNT","UNK_INJ_DEG_COUNT","UNK_INJ_PER_COUNT","URBAN_RURAL","VAN_COUNT","VEHICLE_COUNT","WORK_ZONE_IND","WORK_ZONE_LOC","WORK_ZONE_TYPE","WORKERS_PRES","WZ_CLOSE_DETOUR","WZ_FLAGGER","WZ_LAW_OFFCR_IND","WZ_LN_CLOSURE","WZ_MOVING","WZ_OTHER","WZ_SHLDER_MDN","ROADWAY_CLEARED","WEATHER1","WEATHER2","WZ_WORKERS_INJ_KILLED","SECONDARY_CRASH","INTERSECTION_RELATED"
"0548","1","0","0","0","0","0","0","0","0","7","0","","36","03","2018","2018031399","3","40.2244","-76.2573","0546","08","0","0","0","0","0","0","0","0","2","0","0","0","05","2","1","00","1","40 13:27.700","2","00","76 15:26.200","8","0","0","0","36204","0","0","0","N","0","0","0","1","36506","0","","5","02","N","N","0","","0","0","0","0","0","Y","0546","1","1","0","0","0","1","0","1","0","1","N","","","","","","","","","","","","10","  ","","",""
"0755","0","0","0","0","0","0","0","0","0","4","0","","36","03","2018","2018031400","3","40.1647","-76.2364","0745","08","0","0","0","0","0","1","0","0","1","0","0","0","07","1","0","02","2","40 09:52.772","5","00","76 14:11.073","0","0","0","0","36235","0","0","0","N","0","0","0","2","36506","0","","1","02","N","N","1","","0","0","0","0","0","Y","0745","0","2","0","0","0","0","0","1","1","2","N","","","","","","","","","","","","10","  ","","",""
"0720","2","0","0","0","0","0","0","0","0","6","0","","36","03","2018","2018031401","3","40.2019","-76.3443","0659","08","0","0","0","0","0","0","2","0","2","0","0","0","06","1","1","00","2","40 12:06.970","6","00","76 20:39.315","4","0","0","0","36227","0","0","0","N","0","0","0","4","36506","1","","1","02","N","N","1","","0","0","1","0","0","Y","0659","1","4","0","0","0","0","0","1","0","4","N","","","","","","","","","","","","10","  ","","",""
"0709","0","0","0","0","0","0","0","0","0","1","1","","36","03","2018","2018031411","6","40.0087","-76.343","0705","08","0","0","0","0","0","0","0","0","2","0","1","0","07","1","0","01","1","40 00:31.485","2","00","76 20:34.745","0","0","0","0","36412","0","0","0","N","0","0","0","2","36412","0","","1","01","N","N","0","","0","0","1","3","2","N","0705","0","2","0","0","0","0","0","3","0","2","N","","","","","","","","","","","","03","  ","","",""
"0759","0","0","0","0","0","0","0","0","0","7","0","","36","03","2018","2018031421","3","40.2165","-76.0904","0759","08","0","0","0","0","0","0","0","0","","0","0","0","06","2","0","00","0","40 12:59.451","","03","76 05:25.411","0","0","0","0","36210","0","0","0","Y","0","0","0","1","36210","0","","2","02","N","N","1","","0","0","0","0","0","","0609","0","1","0","0","0","0","0","1","0","1","N","","","","","","","","","","","","03","  ","","",""
"0731","1","0","0","0","0","0","0","0","0","1","0","","36","03","2018","2018031424","3","40.1293","-76.2164","0706","08","0","0","0","0","0","0","0","0","2","0","0","0","07","5","0","00","1","40 07:45.332","2","03","76 12:58.870","0","0","0","0","36238","0","0","0","N","0","0","0","3","36238","0","","1","02","N","N","0","","0","0","2","0","0","N","0705","0","3","0","0","0","0","0","3","0","3","N","","","","","","","","","","","","03","  ","","",""
"1316","1","0","0","0","0","0","0","0","0","4","0","","36","03","2018","2018031454","4","40.1157","-76.5938","1313","08","0","0","0","0","0","1","0","0","2","0","0","0","13","1","1","01","1","40 06:56.595","2","00","76 35:37.705","4","0","0","0","36237","0","0","0","N","0","0","0","2","36505","1","","1","01","N","N","0","","0","0","1","3","3","N","1310","1","2","0","0","0","0","0","1","0","2","N","","","","","","","","","","","","03","  ","","",""
"0754","1","0","0","0","0","0","0","0","0","1","0","","36","03","2018","2018031535","2","40.0705","-76.3188","0749","08","0","0","0","1","0","0","0","0","","0","0","0","07","1","0","03","0","40 04:13.890","","00","76 19:07.800","0","0","0","0","36101","0","0","0","N","0","0","0","2","36101","0","","1","01","N","N","1","","0","0","0","0","0","","0743","0","2","0","0","0","0","0","3","0","2","N","","","","","","","","","","","","03","  ","","",""
"0945","3","0","0","0","0","0","0","0","0","1","0","","36","03","2018","2018031536","2","40.0374","-76.3604","0940","08","0","0","0","0","0","0","0","0","2","0","0","0","09","1","0","00","1","40 02:14.500","3","00","76 21:37.400","0","0","0","0","36223","0","0","0","N","0","0","0","1","36223","0","","2","01","N","N","0","","0","0","0","0","0","N","0920","0","3","0","0","0","0","0","1","0","3","N","","","","","","","","","","","","03","  ","","",""
"1510","1","0","0","0","0","0","0","0","0","2","0","","36","03","2018","2018031537","2","40.019","-76.3536","1501","08","0","0","0","0","0","1","0","0","","0","0","0","14","1","1","10","0","40 01:08.300","","00","76 21:12.899","4","0","0","0","36223","0","0","0","","0","0","0","3","36223","1","","1","01","N","N","0","","0","0","1","0","0","","1455","1","2","0","0","0","0","0","1","0","2","N","","","","","","","","","","","","03","  ","","",""
"0715","1","0","0","0","0","0","0","0","0","0","0","","36","03","2018","2018031538","3","40.0197","-76.4325","0710","08","0","0","1","0","0","0","0","0","2","0","0","0","07","5","0","00","2","40 01:10.793","5","00","76 25:57.150","0","0","0","0","36223","0","0","0","N","0","0","0","1","36223","0","","4","02","N","N","0","","0","0","0","0","0","N","0705","0","1","0","0","0","0","0","1","0","1","N","","","","","","","","","","","","03","  ","","",""
"0710","0","0","0","0","0","0","0","0","0","0","0","","36","03","2018","2018031539","3","40.0234","-76.4326","0710","08","0","0","0","0","0","0","0","0","2","0","0","0","07","5","0","10","2","40 01:24.226","5","00","76 25:57.429","0","0","0","0","36223","0","0","0","","0","0","0","2","36223","0","","1","02","N","N","1","","0","0","0","0","0","N","0710","0","1","0","0","0","0","0","1","0","1","N","","","","","","","","","","","","03","  ","","",""
"0727","0","0","0","0","0","0","0","0","0","7","0","","36","03","2018","2018031540","3","40.0177","-76.4549","0715","08","0","0","1","0","0","0","0","0","3","0","0","0","07","5","1","00","2","40 01:03.800","5","00","76 27:17.500","8","0","0","0","36223","0","0","0","N","0","0","0","1","36223","0","","4","02","N","N","0","","0","0","1","0","0","Y","0715","1","1","0","0","0","1","0","1","0","1","N","","","","","","","","","","","","10","  ","","",""
"1816","1","0","0","0","0","0","0","0","0","1","0","","36","03","2018","2018031602","4","40.1097","-76.4807","1814","08","0","0","0","0","0","1","0","0","","0","0","0","18","1","0","02","0","40 06:35.270","","00","76 28:47.275","0","0","0","0","36230","0","0","0","N","0","0","0","2","36413","0","","1","01","N","N","0","","0","0","1","3","2","","1809","0","2","0","0","1","0","0","1","0","2","N","","","","","","","","","","","","03","  ","","",""
"2258","1","0","0","0","0","0","0","0","0","1","0","","36","03","2018","2018031604","4","40.0881","-76.3807","2251","08","0","0","0","0","0","1","0","0","2","0","0","0","22","3","0","00","2","40 05:17.178","5","03","76 22:50.397","0","0","0","0","36239","0","0","0","N","0","0","0","2","36214","0","","1","01","N","N","1","","0","0","0","0","0","Y","2249","0","2","0","0","0","0","0","3","0","2","N","","","","","","","","","","","","03","  ","","",""
"0542","0","0","0","0","0","0","0","0","0","7","0","","36","03","2018","2018031685","3","40.0699","-76.3279","0538","08","0","0","0","0","0","0","0","0","2","0","0","0","05","5","0","05","1","40 04:11.421","4","06","76 19:41.557","0","0","0","0","36101","0","0","0","","0","0","0","1","36101","0","","4","02","N","N","1","","0","0","0","0","0","N","0538","0","1","0","0","0","0","0","3","0","1","N","","","","","","","","","","","","98","  ","","",""
"0539","1","0","0","0","0","0","0","0","0","7","0","","36","03","2018","2018031686","3","40.0708","-76.3219","0533","08","0","0","0","0","0","1","0","0","3","0","0","0","05","3","1","00","2","40 04:14.819","3","00","76 19:18.733","3","0","0","0","36101","0","0","0","","0","0","0","2","36101","0","","2","02","N","N","1","","1","0","0","0","0","N","0530","1","2","0","0","0","0","0","3","0","2","N","","","","","","","","","","","","10","  ","","",""
"0539","1","0","0","0","0","0","0","0","0","7","0","","36","03","2018","2018031687","3","40.0708","-76.3219","0533","08","0","0","0","0","0","0","0","0","","0","0","0","05","3","0","00","0","40 04:14.820","","00","76 19:18.743","0","0","0","0","36101","0","0","0","","0","0","0","1","36101","0","","2","02","N","N","0","","0","0","0","0","0","","0530","0","1","0","0","0","0","0","3","0","1","N","","","","","","","","","","","","10","  ","","",""
"0441","1","0","0","0","0","0","0","0","0","2","0","","36","03","2018","2018031688","6","40.0267","-76.2173","0438","08","0","0","0","0","0","0","0","0","","0","0","0","04","3","1","10","0","40 01:36.272","","07","76 13:02.253","4","0","0","0","36215","0","0","0","","0","0","0","2","36215","1","","5","01","N","N","0","","0","0","1","0","0","","0436","1","2","0","0","0","0","0","1","0","2","N","","","","","","","","","","","","03","  ","","",""
"0629","0","0","0","0","0","0","0","0","0","7","0","","36","03","2018","2018031689","3","40.0062","-76.1864","0622","08","0","0","0","0","0","0","0","0","2","0","0","0","06","1","0","00","1","40 00:22.428","2","03","76 11:11.062","0","0","0","0","36215","0","0","0","","0","0","0","1","36215","0","","4","02","N","N","0","","0","0","1","0","0","N","0622","0","1","0","0","0","0","0","1","0","1","N","","","","","","","","","","","","10","  ","","",""
"0628","0","0","0","0","0","0","0","0","0","7","0","","36","03","2018","2018031690","3","40.0448","-76.248","0615","08","0","0","0","0","0","0","0","0","3","0","0","0","06","3","2","00","1","40 02:41.296","4","03","76 14:52.784","4","0","0","0","36215","0","0","0","","0","0","0","2","36215","2","","5","02","N","N","0","","0","0","0","0","0","N","0612","2","1","0","0","0","0","0","1","1","1","N","","","","","","","","","","","","03","  ","","",""
"0628","2","0","0","0","0","0","0","0","0","7","0","","36","03","2018","2018031691","3","40.0455","-76.2486","0615","08","0","0","0","0","0","1","0","0","3","0","0","0","06","3","0","00","1","40 02:43.763","4","00","76 14:55.035","0","0","0","0","36215","0","0","0","","0","0","0","6","36215","0","","5","02","N","N","0","","0","0","1","0","0","N","0612","0","3","0","0","0","0","0","1","0","3","N","","","","","","","","","","","","03","  ","","",""
"0628","0","0","0","0","0","0","0","0","0","7","0","","36","03","2018","2018031692","3","40.0442","-76.2476","0615","08","0","0","0","0","0","0","0","0","3","0","0","0","06","3","1","00","1","40 02:38.992","4","03","76 14:51.483","4","0","0","0","36215","0","0","0","Y","0","0","0","1","36215","1","","2","02","N","N","1","","0","0","0","0","0","N","0612","1","1","0","0","0","0","0","1","0","1","N","","","","","","","","","","","","03","  ","","",""
"0600","2","0","0","0","0","0","0","0","0","4","0","","36","03","2018","2018031713","5","40.0545","-76.0507","0540","08","0","0","0","0","0","0","0","1","1","0","0","0","05","2","0","01","2","40 03:16.235","3","00","76 03:02.431","0","0","0","0","36209","0","0","0","N","0","0","0","4","36415","0","","1","01","N","N","0","","0","0","0","3","3","N","0540","0","2","0","0","1","0","0","1","0","2","N","","","","","","","","","","","","03","  ","","",""
"0722","1","0","0","0","0","0","0","0","0","4","0","","36","03","2018","2018031727","5","40.1575","-76.2047","0716","08","0","0","0","0","0","1","0","0","1","0","0","0","07","1","2","01","2","40 09:27.092","7","00","76 12:17.018","3","0","0","0","36402","0","0","0","N","0","0","0","2","36402","0","","1","01","N","N","1","","1","0","0","3","2","Y","0714","2","2","0","0","0","1","0","2","0","2","N","","","","","","","","","","","","03","  ","","",""
"1413","1","0","0","1","0","0","0","0","0","4","0","","36","03","2018","2018031741","7","40.0424","-76.2939","1410","08","0","0","0","0","0","0","0","0","","0","0","0","14","1","1","00","0","40 02:32.700","","00","76 17:38.000","3","0","0","0","36301","1","0","0","N","0","0","0","2","36301","0","","1","01","N","N","0","","1","0","0","0","0","","1404","1","2","0","0","0","0","0","3","0","1","N","","","","","","","","","","","","03","  ","","",""
"0840","0","0","0","0","0","0","0","0","0","1","0","","36","03","2018","2018031774","3","40.2187","-76.0841","0840","08","0","0","0","0","0","0","0","0","3","0","0","0","08","5","1","00","1","40 13:07.290","2","03","76 05:02.860","3","0","0","0","36210","0","0","0","Y","0","0","0","2","36210","0","","1","02","N","N","0","","1","0","2","0","0","N","0805","1","2","0","0","0","0","1","1","0","2","N","","","","","","","","","","","","03","  ","","",""
"1320","1","0","0","0","0","0","0","0","0","1","0","","36","03","2018","2018031784","5","40.0773","-76.377","1314","08","0","0","0","0","0","1","0","0","","0","0","0","13","1","1","00","0","40 04:38.226","","07","76 22:36.920","3","0","0","0","36214","0","0","0","N","0","0","0","3","36214","0","","1","01","N","N","0","","1","0","1","0","0","","1300","1","2","0","0","0","0","0","3","0","2","N","","","","","","","","","","","","03","  ","","",""
"1101","1","0","0","0","0","0","0","0","0","4","0","","36","03","2018","2018031786","5","40.1565","-76.1996","1051","08","0","0","0","0","0","1","0","0","","0","0","0","10","1","0","01","0","40 09:23.418","","00","76 11:58.408","0","0","0","0","36402","0","0","0","N","0","0","0","2","36402","0","","1","01","N","N","1","","0","0","0","3","3","","1048","0","2","0","0","0","0","0","2","0","2","N","","","","","","","","","","","","03","  ","","",""
"1511","0","0","0","0","0","0","0","0","0","4","0","","36","03","2018","2018031787","2","40.1546","-76.5979","1509","08","0","0","0","0","0","0","1","0","","0","0","0","15","1","1","01","0","40 09:16.676","","00","76 35:52.370","8","0","0","0","36407","0","0","0","N","0","0","0","3","36407","0","","1","01","N","N","0","","0","0","2","3","3","","1505","1","2","0","0","0","1","0","2","0","2","N","","","","","","","","","","","","03","  ","","",""
"1723","0","0","0","0","0","0","0","0","0","7","0","","36","02","2018","2018031836","7","39.9048","-76.2421","1715","08","0","0","0","0","0","0","0","0","","0","0","0","17","4","0","00","0","39 54:17.392","","00","76 14:31.553","0","0","0","0","36229","0","0","0","Y","0","0","0","1","68J01","0","","4","09","N","N","0","","0","0","2","0","0","","1714","0","2","0","0","0","0","0","1","0","2","N","","","","","","","","","","","","07","  ","","",""
"0442","1","0","0","0","0","0","0","0","0","7","0","","36","01","2018","2018031853","4","40.1345","-75.8797","0417","08","0","0","0","0","0","0","0","0","2","0","0","0","04","2","0","00","1","40 08:04.330","4","00","75 52:47.070","0","0","0","0","36203","0","0","0","N","0","0","0","1","68J03","0","","4","06","N","N","0","","0","0","0","0","0","N","0405","0","1","0","0","0","0","0","1","0","1","N","","","","","","","","","","","","10","  ","","",""
"2204","1","0","0","0","0","0","0","0","0","7","0","","36","03","2018","2018031862","7","40.0857","-76.3541","2201","08","0","0","0","0","0","0","0","0","","0","0","0","21","3","0","00","0","40 05:08.420","","00","76 21:14.600","0","0","0","0","36214","0","0","0","Y","0","0","0","2","36214","0","","4","01","N","N","0","","0","0","0","0","0","","2159","0","1","0","0","0","0","0","3","0","1","N","","","","","","","","","","","","03","  ","","",""
"1204","2","0","0","0","0","0","0","0","0","4","0","","36","03","2018","2018031863","4","40.0728","-76.1055","1155","08","0","0","0","1","0","0","0","0","1","0","0","0","11","1","0","01","1","40 04:22.067","3","00","76 06:19.912","0","0","0","0","36209","0","0","0","","0","0","0","2","36415","0","","1","01","N","N","0","","0","0","0","3","3","Y","1155","0","2","0","0","0","0","0","1","0","2","N","","","","","","","","","","","","03","  ","","",""
"0121","1","0","0","0","0","0","0","0","0","7","0","","36","01","2018","2018031939","3","39.8948","-76.1711","0111","08","0","0","0","0","0","0","0","0","","0","0","0","01","3","0","00","0","39 53:41.346","","07","76 10:15.906","0","0","0","0","36416","0","0","0","","0","0","0","1","68J01","0","","4","01","N","N","0","","0","0","0","0","0","","0110","0","1","0","0","1","0","0","1","0","1","N","","","","","","","","","","","","03","  ","","",""
"1857","1","0","0","0","0","0","0","0","0","1","0","","36","03","2018","2018031955","5","40.0364","-76.4552","1848","08","0","0","0","1","0","1","0","0","1","0","0","0","18","1","1","01","1","40 02:10.903","4","00","76 27:18.690","8","0","0","0","36239","0","0","0","N","0","0","0","2","36239","0","","1","01","N","N","0","","0","0","1","3","2","N","1848","1","2","0","0","0","1","0","3","0","2","N","","","","","","","","","","","","03","  ","","",""
"1207","1","0","0","0","0","0","0","0","0","1","0","","36","03","2018","2018032007","5","40.0804","-76.3393","1159","08","0","0","0","0","0","0","2","0","1","0","0","0","11","1","2","00","1","40 04:49.464","2","00","76 20:21.561","4","0","0","0","36101","0","0","0","N","0","0","0","2","36101","1","","1","01","N","N","0","","0","0","1","0","0","N","1157","2","2","0","0","1","1","0","3","0","2","N","","","","","","","","","","","","03","  ","","",""
"0902","0","0","0","0","0","0","0","0","0","1","0","","36","03","2018","2018032008","4","40.077","-76.3088","0856","08","0","0","0","1","0","0","0","0","","0","0","0","08","1","2","01","0","40 04:37.166","","00","76 18:31.699","4","0","0","0","36101","0","0","0","","0","0","0","3","36101","2","","1","01","N","N","1","","0","0","1","3","2","","0855","2","2","0","0","0","0","0","3","0","2","N","","","","","","","","","","","","03","  ","","",""
"1551","1","0","0","0","0","0","0","0","0","1","1","","36","03","2018","2018032009","4","40.0679","-76.2982","1545","08","0","0","0","0","0","0","0","0","2","0","1","0","15","1","1","00","2","40 04:04.432","3","00","76 17:53.569","4","0","0","0","36101","0","0","0","N","0","0","0","2","36101","1","","1","01","N","N","0","","0","0","0","0","0","N","1542","1","2","0","0","0","0","0","3","0","2","N","","","","","","","","","","","","03","  ","","",""
"0616","0","0","0","0","0","0","0","0","0","4","0","","36","03","2018","2018032010","5","40.0575","-76.3983","0601","08","0","0","0","0","0","1","0","0","1","0","0","0","05","3","0","01","1","40 03:26.963","6","00","76 23:53.840","0","0","0","0","36214","0","0","0","N","0","0","0","2","36214","0","","1","01","N","N","2","","0","0","0","3","2","N","0550","0","2","0","0","0","0","0","3","0","2","N","","","","","","","","","","","","03","  ","","",""
"0917","0","0","0","0","0","0","0","0","0","1","0","","36","03","2018","2018032011","5","40.0612","-76.3539","0914","08","0","0","0","0","0","1","0","0","2","0","0","0","09","1","0","00","2","40 03:40.172","3","01","76 21:13.905","0","0","0","0","36214","0","0","0","N","0","0","0","4","36214","0","","1","01","N","N","1","","0","0","1","0","0","N","0910","0","2","0","0","0","0","0","3","0","2","N","","","","","","","","","","","","03","  ","","",""
"1536","1","0","0","0","0","0","0","0","0","4","0","","36","03","2018","2018032075","2","40.0271","-76.3146","1531","08","0","0","0","0","0","0","0","0","1","0","0","0","15","1","1","00","2","40 01:37.400","5","07","76 18:52.500","8","0","0","0","36301","0","0","0","N","0","0","0","2","36301","0","","1","01","N","N","0","","0","0","1","0","0","Y","1530","1","2","0","0","0","1","0","3","0","2","N","","","","","","","","","","","","03","  ","","",""
"0657","1","0","0","0","0","0","0","0","0","4","0","","36","03","2018","2018032082","3","40.1598","-76.4016","0651","08","0","0","0","0","0","0","1","0","1","0","0","0","06","1","0","01","1","40 09:35.314","4","00","76 24:05.726","0","0","0","0","36410","0","0","0","N","0","0","0","4","36410","0","","1","09","N","N","1","","0","0","0","3","3","Y","0649","0","2","0","0","0","0","0","2","0","2","N","","","","","","","","","","","","10","  ","","",""
"0752","1","0","0","0","0","0","0","0","0","7","0","","36","03","2018","2018032084","3","40.1269","-76.0412","0749","08","0","1","0","0","0","0","0","0","2","0","0","0","07","1","0","00","2","40 07:37.000","3","00","76 02:28.400","0","0","0","0","36213","0","0","0","N","0","0","0","1","36213","0","","2","02","N","N","0","","0","0","0","0","0","N","0721","0","1","0","0","0","0","0","1","0","1","N","","","","","","","","","","","","03","  ","","",""
"1703","1","0","0","0","0","0","0","0","0","4","0","","36","01","2018","2018032097","5","40.202","-76.16","1655","08","0","0","0","0","0","0","1","0","1","0","0","0","16","1","1","01","1","40 12:07.104","1","00","76 09:36.078","3","0","0","0","36218","0","0","0","N","0","0","0","3","36408","0","","1","01","N","N","1","","1","0","0","3","2","N","1653","1","2","0","0","0","0","0","1","0","2","N","","","","","","","","","","","","03","  ","","",""
"1456","1","0","0","0","0","0","0","0","0","0","0","","36","02","2018","2018032356","5","40.144","-76.6447","1449","08","0","0","0","0","0","0","0","0","","0","0","0","14","1","1","00","0","40 08:38.555","","00","76 38:40.975","3","0","0","0","36237","0","0","0","N","0","0","0","1","36505","0","","4","09","N","N","0","","1","0","0","0","0","","1447","1","1","0","0","0","0","0","1","0","1","N","","","","","","","","","","","","07","  ","","",""
"0839","2","0","0","0","0","0","0","0","0","1","0","00","36","03","2018","2018032361","4","40.1642","-76.2799","0836","08","0","0","0","0","0","1","1","0","","0","0","0","08","1","1","00","0","40 09:51.200","","00","76 16:47.800","8","0","0","0","36235","0","0","0","N","0","0","0","3","36506","0","","1","01","N","N","0","","0","0","1","3","7","","0836","1","3","0","0","0","1","0","1","0","3","Y","4","2","Y","N","Y","N","N","N","N","N","","03","  ","","",""
"2108","1","0","0","0","0","0","0","0","0","4","0","","36","03","2018","2018032362","5","40.14","-76.3864","2108","08","0","0","0","0","0","0","0","0","1","0","0","0","21","3","1","00","1","40 08:23.926","6","07","76 23:10.938","4","0","0","0","36227","0","0","0","N","0","0","0","2","36506","1","","1","01","N","N","1","","0","0","0","0","0","N","2108","1","2","0","0","0","0","0","1","0","2","N","","","","","","","","","","","","03","  ","","",""
"0619","0","0","0","0","0","0","0","0","0","7","0","","36","03","2018","2018032366","3","40.0986","-76.4107","0605","08","0","1","0","0","0","0","0","0","2","0","0","0","06","2","0","00","1","40 05:54.934","1","03","76 24:38.620","0","0","0","0","36214","0","0","0","Y","0","0","0","1","36214","0","","2","02","N","N","1","","0","0","0","0","0","N","0600","0","1","0","0","0","0","0","3","0","1","N","","","","","","","","","","","","10","  ","","",""
"0819","0","0","0","0","0","0","0","0","0","7","0","","36","03","2018","2018032381","3","40.054","-76.3656","0750","08","0","0","0","0","0","1","0","0","","0","0","0","07","1","0","00","0","40 03:14.364","","03","76 21:56.122","0","0","0","0","36214","0","0","0","N","0","0","0","1","36214","0","","2","02","N","N","1","","0","0","0","0","0","","0715","0","1","0","0","0","0","0","3","0","1","N","","","","","","","","","","","","98","  ","","",""
"0712","1","0","0","0","0","0","0","0","0","1","0","","36","03","2018","2018032412","2","40.085","-76.3812","0710","08","0","0","0","0","0","0","0","0","2","0","0","0","07","1","1","01","2","40 05:06.122","2","00","76 22:52.204","3","0","0","0","36214","0","0","0","N","0","0","0","3","36214","0","","1","01","N","N","1","","1","0","1","3","2","Y","0710","1","3","0","0","0","0","0","3","0","3","N","","","","","","","","","","","","03","  ","","",""
"0636","0","0","0","0","0","0","0","0","0","7","0","","36","03","2018","2018032415","3","40.1052","-76.4311","0628","08","0","0","0","0","0","0","0","1","","0","0","0","06","2","0","00","0","40 06:18.695","","03","76 25:52.106","0","0","0","0","36214","0","0","0","N","0","0","0","1","36214","0","","4","02","N","N","1","","0","0","0","0","0","","0628","0","1","0","0","0","0","0","3","0","1","N","","","","","","","","","","","","09","  ","","",""
"0745","2","0","0","0","0","0","0","0","0","1","0","","36","03","2018","2018032420","3","40.0607","-76.3598","0745","08","0","0","0","0","0","0","0","0","","0","0","0","07","1","0","00","0","40 03:38.559","","03","76 21:35.197","0","0","0","0","36214","0","0","0","N","0","0","0","2","36214","0","","1","02","N","N","0","","0","0","0","0","0","","0745","0","2","0","0","0","0","0","3","0","2","N","","","","","","","","","","","","09","  ","","",""
"0640","1","0","0","0","0","0","0","0","0","1","0","","36","02","2018","2018032455","5","39.8258","-76.0497","0623","08","0","0","0","0","0","1","0","0","2","0","0","1","06","2","1","00","1","39 49:32.824","1","00","76 02:58.890","3","0","0","0","36205","1","0","0","N","0","0","0","2","68J01","0","","1","01","N","N","0","","1","0","0","0","0","N","0622","1","2","0","0","0","0","0","1","0","1","N","","","","","","","","","","","","03","  ","","",""
"1646","2","0","0","0","0","0","0","0","0","1","0","","36","02","2018","2018032456","2","39.8897","-76.2376","1646","08","0","0","0","0","0","1","0","0","","0","0","0","16","1","1","00","0","39 53:22.812","","00","76 14:15.282","3","0","0","0","36229","0","0","0","","0","0","0","3","68J01","0","","1","01","N","N","0","","1","0","0","0","0","","1646","1","2","0","0","0","0","0","1","0","2","N","","","","","","","","","","","","03","  ","","",""
"1732","1","0","1","0","0","0","0","0","0","0","0","","36","02","2018","2018032457","2","39.8264","-76.3115","1722","08","0","0","0","0","0","0","0","0","1","0","0","0","17","4","1","00","1","39 49:34.865","1","00","76 18:41.264","2","0","0","0","36224","0","0","0","N","0","0","0","1","68J01","0","","1","01","N","N","0","","0","1","0","0","0","N","1712","1","1","0","0","0","0","0","1","0","1","N","","","","","","","","","","","","03","  ","","",""
"1215","0","0","0","0","0","0","0","0","0","4","2","","36","03","2018","2018032468","3","40.0008","-76.0802","1207","08","0","0","0","0","0","2","1","0","3","0","2","0","12","1","1","01","2","40 00:02.941","6","00","76 04:48.723","4","0","0","0","36226","0","0","0","N","0","0","0","4","68J01","1","","1","01","N","N","1","","0","0","0","3","3","N","1206","1","3","0","0","0","0","0","1","0","3","N","","","","","","","","","","","","03","  ","","",""
"2324","1","0","0","0","0","0","0","0","0","2","0","","36","03","2018","2018032471","4","40.2184","-76.293","2302","08","0","0","0","1","0","0","0","0","","0","0","0","22","2","0","00","0","40 13:06.130","","00","76 17:34.660","0","0","0","0","36217","0","0","0","N","0","0","0","1","68J01","0","","6","01","N","N","0","","0","0","1","0","0","","2253","0","2","0","0","0","0","0","1","0","2","N","","","","","","","","","","","","03","  ","","",""
"1910","1","0","0","0","0","0","0","0","0","7","0","","36","03","2018","2018032475","6","40.0117","-76.1382","1909","08","0","0","0","0","0","0","0","0","","0","0","0","19","2","0","00","0","40 00:42.055","","00","76 08:17.484","0","0","0","0","36221","0","0","0","","0","0","0","1","68J01","0","","4","01","N","N","0","","0","0","0","0","0","","1909","0","1","0","0","0","0","0","1","0","1","N","","","","","","","","","","","","03","  ","","",""
"0740","1","0","0","0","0","0","0","0","0","7","0","","36","03","2018","2018032478","2","39.8872","-76.0622","0717","08","0","0","0","0","0","0","0","0","","0","0","0","07","2","0","01","0","39 53:13.930","","00","76 03:44.074","0","0","0","0","36205","0","0","0","N","0","0","0","1","68J01","0","","4","01","N","N","0","","0","0","0","0","0","","0703","0","1","0","0","0","0","0","1","0","1","N","","","","","","","","","","","","03","  ","","",""