"ARRIVAL_TM","AUTOMOBILE_COUNT","BELTED_DEATH_COUNT","BELTED_SUSP_SERIOUS_INJ_COUNT","BICYCLE_COUNT","BICYCLE_DEATH_COUNT","BICYCLE_SUSP_SERIOUS_INJ_COUNT","BUS_COUNT","CHLDPAS_DEATH_COUNT","CHLDPAS_SUSP_SERIOUS_INJ_COUNT","COLLISION_TYPE","COMM_VEH_COUNT","CONS_ZONE_SPD_LIM","COUNTY","CRASH_MONTH","CRASH_YEAR","CRN","DAY_OF_WEEK","DEC_LAT","DEC_LONG","DISPATCH_TM","DISTRICT","DRIVER_COUNT_16YR","DRIVER_COUNT_17YR","DRIVER_COUNT_18YR","DRIVER_COUNT_19YR","DRIVER_COUNT_20YR","DRIVER_COUNT_50_64YR","DRIVER_COUNT_65_74YR","DRIVER_COUNT_75PLUS","EST_HRS_CLOSED","FATAL_COUNT","HEAVY_TRUCK_COUNT","HORSE_BUGGY_COUNT","HOUR_OF_DAY","ILLUMINATION","INJURY_COUNT","INTERSECT_TYPE","LANE_CLOSED","LATITUDE","LN_CLOSE_DIR","LOCATION_TYPE","LONGITUDE","MAX_SEVERITY_LEVEL","MCYCLE_DEATH_COUNT","MCYCLE_SUSP_SERIOUS_INJ_COUNT","MOTORCYCLE_COUNT","MUNICIPALITY","NONMOTR_COUNT","NONMOTR_DEATH_COUNT","NONMOTR_SUSP_SERIOUS_INJ_COUNT","NTFY_HIWY_MAINT","PED_COUNT","PED_DEATH_COUNT","PED_SUSP_SERIOUS_INJ_COUNT","PERSON_COUNT","POLICE_AGCY","POSSIBLE_INJ_COUNT","RDWY_SURF_TYPE_CD","RELATION_TO_ROAD","ROAD_CONDITION","SCH_BUS_IND","SCH_ZONE_IND","SMALL_TRUCK_COUNT","SPEC_JURIS_CD","SUSP_MINOR_INJ_COUNT","SUSP_SERIOUS_INJ_COUNT","SUV_COUNT","TCD_FUNC_CD","TCD_TYPE","TFC_DETOUR_IND","TIME_OF_DAY","TOT_INJ_COUNT","TOTAL_UNITS","UNB_DEATH_COUNT","UNB_SUSP_SERIOUS_INJ_COUNT","UNBELTED_OCC_COUNT","UNK_INJ_DEG_COUNT","UNK_INJ_PER_COUNT","URBAN_RURAL","VAN_COUNT","VEHICLE_COUNT","WORK_ZONE_IND","WORK_ZONE_LOC","WORK_ZONE_TYPE","WORKERS_PRES","WZ_CLOSE_DETOUR","WZ_FLAGGER","WZ_LAW_OFFCR_IND","WZ_LN_CLOSURE","WZ_MOVING","WZ_OTHER","WZ_SHLDER_MDN","ROADWAY_CLEARED","WEATHER1","WEATHER2","WZ_WORKERS_INJ_KILLED","SECONDARY_CRASH","INTERSECTION_RELATED"
"1113","0","0","0","0","0","0","0","0","0","4","0","","36","03","2018","2018032479","2","39.9876","-76.0188","1102","08","0","0","0","0","0","1","0","1","","0","0","0","11","1","2","01","0","39 59:15.481","","00","76 01:07.852","3","0","0","0","36232","0","0","0","","0","0","0","3","68J01","0","","1","01","N","N","0","","2","0","1","3","3","","1101","2","2","0","0","2","0","0","1","1","2","N","","","","","","","","","","","","03","  ","","",""
"0434","1","0","0","0","0","0","0","0","0","7","0","","36","03","2018","2018032481","3","39.8582","-76.2967","0406","08","0","0","0","0","0","0","0","0","3","0","0","0","03","2","0","00","1","39 51:29.674","2","00","76 17:48.022","0","0","0","0","36224","0","0","0","N","0","0","0","1","68J01","0","","4","07","N","N","0","","0","0","0","0","0","N","0342","0","1","0","0","0","0","0","1","0","1","N","","","","","","","","","","","","10","  ","","",""
"0812","0","0","0","0","0","0","0","0","0","7","0","","36","03","2018","2018032482","3","39.8694","-76.2454","0804","08","0","0","0","0","0","1","0","0","","0","0","0","07","1","1","00","0","39 52:09.895","","00","76 14:43.619","4","0","0","0","36208","0","0","0","","0","0","0","1","68J01","1","","2","02","N","N","1","","0","0","0","0","0","","0751","1","1","0","0","0","0","0","1","0","1","N","","","","","","","","","","","","10","  ","","",""
"0856","1","0","0","0","0","0","0","0","0","1","0","","36","03","2018","2018032486","6","40.1768","-76.6017","0849","08","0","0","0","0","0","0","0","0","","0","0","0","08","1","1","07","0","40 10:36.614","","02","76 36:06.036","4","0","0","0","36225","0","0","0","N","0","0","0","2","36505","1","","1","01","N","N","0","","0","0","0","3","4","","0847","1","2","0","0","0","0","0","2","1","2","N","","","","","","","","","","","","03","  ","","",""
"2014","2","0","0","0","0","0","0","0","0","4","0","","36","03","2018","2018032494","7","40.1","-76.3541","2007","08","0","0","0","0","1","0","1","0","","0","0","0","20","3","1","01","0","40 06:00.025","","00","76 21:14.898","8","0","0","0","36406","0","0","0","","0","0","0","2","36101","0","","1","01","N","N","0","","0","0","0","3","2","","2006","1","2","0","0","0","1","0","3","0","2","N","","","","","","","","","","","","03","  ","","",""
"1450","2","0","0","0","0","0","0","0","0","2","0","","36","03","2018","2018032495","5","40.0587","-76.3599","1446","08","0","0","0","0","0","1","0","0","2","0","0","0","14","1","2","02","2","40 03:31.154","1","00","76 21:35.463","3","0","0","0","36214","0","0","0","","0","0","0","2","36214","0","","1","01","N","N","0","","2","0","0","0","0","Y","1440","2","2","0","0","0","0","0","3","0","2","N","","","","","","","","","","","","03","  ","","",""
"1702","1","0","0","0","0","0","0","0","0","7","0","","36","02","2018","2018032509","1","39.9698","-75.9906","1640","08","0","0","0","0","0","0","0","0","","0","0","0","16","4","0","00","0","39 58:11.458","","00","75 59:26.322","0","0","0","0","36231","0","0","0","N","0","0","0","1","68J01","0","","4","02","N","N","0","","0","0","0","0","0","","1638","0","1","0","0","0","0","0","1","0","1","N","","","","","","","","","","","","10","  ","","",""
"1130","0","0","0","0","0","0","0","0","0","7","0","","36","02","2018","2018032512","3","39.9179","-76.0916","1109","08","0","1","0","0","0","0","0","0","","0","0","0","11","1","1","00","0","39 55:04.506","","07","76 05:29.606","3","0","0","0","36201","0","0","0","N","0","0","0","1","68J01","0","","4","01","N","N","0","","1","0","1","0","0","","1107","1","2","0","0","0","0","0","1","0","1","N","","","","","","","","","","","","03","  ","","",""
"1625","0","0","0","0","0","0","0","0","0","1","0","","36","02","2018","2018032513","4","39.8588","-76.2703","1609","08","0","0","0","0","0","1","0","0","","0","0","0","16","1","0","01","0","39 51:31.698","","00","76 16:13.124","0","0","0","0","36224","0","0","0","","0","0","0","5","68J01","0","","1","01","N","N","2","","0","0","0","0","0","","1606","0","2","0","0","0","0","0","1","0","2","N","","","","","","","","","","","","03","  ","","",""
"2345","0","0","0","0","0","0","0","0","0","7","0","","36","03","2018","2018032520","7","39.9306","-76.0859","2315","08","0","0","0","0","0","0","0","0","","0","0","0","23","2","0","00","0","39 55:50.250","","00","76 05:09.410","0","0","0","0","36201","0","0","0","N","0","0","0","1","68J01","0","","4","01","N","N","1","","0","0","0","0","0","","2313","0","1","0","0","1","0","0","1","0","1","N","","","","","","","","","","","","03","  ","","",""
"1723","1","0","0","0","0","0","0","0","0","1","0","","36","03","2018","2018032521","2","40.0075","-76.0843","1659","08","0","0","0","0","0","0","1","0","","0","0","0","16","1","0","02","0","40 00:26.884","","00","76 05:03.469","0","0","0","0","36226","0","0","0","N","0","0","0","7","68J01","0","","1","01","N","N","0","","0","0","0","0","0","","1652","0","2","0","0","4","0","0","1","1","2","N","","","","","","","","","","","","03","  ","","",""
"0745","1","0","0","0","0","0","0","0","0","0","0","","36","03","2018","2018032527","4","39.7901","-76.2039","0705","08","0","0","0","0","0","0","0","0","2","0","0","0","07","8","0","00","1","39 47:24.418","2","00","76 12:14.040","9","0","0","0","36219","0","0","0","N","0","0","0","1","68J01","0","","4","09","N","N","0","","0","0","0","0","0","N","0704","0","1","0","0","0","0","1","1","0","1","N","","","","","","","","","","","","03","  ","","",""
"0921","0","0","0","0","0","0","0","0","0","7","0","","36","03","2018","2018032529","4","39.7495","-76.1642","0910","08","0","0","0","0","0","0","0","0","","0","0","0","09","1","0","00","0","39 44:58.239","","00","76 09:50.972","0","0","0","0","36219","0","0","0","","0","0","0","1","68J01","0","","4","07","N","N","0","","0","0","0","0","0","","0904","0","1","0","0","0","0","0","1","1","1","N","","","","","","","","","","","","10","  ","","",""
"2116","0","0","0","0","0","0","0","0","0","1","0","","36","03","2018","2018032534","7","39.9848","-76.0396","2116","08","0","0","1","0","0","0","0","0","","0","0","0","21","2","0","00","0","39 59:05.175","","00","76 02:22.723","0","0","0","0","36232","0","0","0","","0","0","0","3","68J01","0","","1","01","N","N","1","","0","0","1","0","0","","2115","0","2","0","0","1","0","0","1","0","2","N","","","","","","","","","","","","03","  ","","",""
"2308","1","0","0","0","0","0","0","0","0","7","0","","36","03","2018","2018032535","7","39.8966","-76.1768","2239","08","0","0","0","0","0","0","0","0","","0","0","0","22","2","0","00","0","39 53:47.583","","00","76 10:36.620","0","0","0","0","36229","0","0","0","","0","0","0","1","68J01","0","","5","01","N","N","0","","0","0","0","0","0","","2220","0","1","0","0","0","0","0","1","0","1","N","","","","","","","","","","","","03","  ","","",""
"1442","1","0","0","0","0","0","0","0","0","4","0","","36","03","2018","2018032536","1","39.8997","-76.2125","1432","08","0","0","0","0","0","0","1","0","","0","0","0","14","1","0","01","0","39 53:59.078","","00","76 12:44.946","0","0","0","0","36229","0","0","0","","0","0","0","9","68J01","0","","1","01","N","N","0","","0","0","1","3","3","","1418","0","2","0","0","0","0","0","1","0","2","N","","","","","","","","","","","","03","  ","","",""
"1747","1","0","0","0","0","0","0","0","0","1","0","","36","03","2018","2018032555","6","40.056","-76.3878","1747","08","0","0","0","0","0","0","0","0","","0","0","0","17","4","0","00","0","40 03:21.701","","00","76 23:16.083","0","0","0","0","36214","0","0","0","N","0","0","0","2","36214","0","","1","01","N","N","1","","0","0","0","0","0","","1747","0","2","0","0","0","0","0","3","0","2","N","","","","","","","","","","","","03","  ","","",""
"1820","2","0","0","0","0","0","0","0","0","4","0","","36","03","2018","2018032627","7","40.0561","-76.2988","1819","08","0","0","0","0","0","1","0","0","2","0","0","0","18","4","1","01","2","40 03:21.855","5","00","76 17:55.661","4","0","0","0","36101","0","0","0","N","0","0","0","1","36101","1","","1","01","N","N","0","","0","0","0","0","0","Y","1817","1","2","0","0","0","0","0","3","0","2","N","","","","","","","","","","","","03","  ","","",""
"1626","2","0","0","0","0","0","0","0","0","1","0","","36","03","2018","2018032628","3","40.0672","-76.2923","1616","08","0","0","0","0","0","1","0","0","","0","0","0","16","1","0","00","0","40 04:01.864","","02","76 17:32.391","0","0","0","0","36101","0","0","0","N","0","0","0","3","36101","0","","1","01","N","N","0","","0","0","1","0","0","","1608","0","3","0","0","0","0","0","3","0","3","N","","","","","","","","","","","","03","  ","","",""
"2252","1","0","0","0","0","0","0","0","0","4","0","","36","02","2018","2018032629","6","40.0893","-76.1663","2249","08","0","0","0","0","0","0","1","0","4","0","0","0","22","2","1","09","2","40 05:21.600","5","00","76 09:58.800","3","0","0","0","36234","0","0","0","N","0","0","0","1","36215","0","","1","09","N","N","0","","1","0","0","3","6","Y","2247","1","2","0","0","0","0","0","1","0","1","N","","","","","","","","","","","","07","  ","","",""
"1427","0","0","0","0","0","0","0","0","0","7","0","","36","03","2018","2018032692","3","40.109","-76.4913","1426","08","0","0","0","0","0","0","1","0","","0","0","0","14","1","1","00","0","40 06:32.439","","00","76 29:28.500","2","0","0","0","36413","0","0","0","N","0","0","0","1","36413","0","","4","01","N","N","0","","0","1","0","0","0","","1425","1","1","0","1","1","0","0","2","1","1","N","","","","","","","","","","","","03","  ","","",""
"1303","1","0","1","0","0","0","0","0","0","4","0","","36","03","2018","2018032697","5","40.0296","-76.3231","1303","08","0","0","0","0","0","0","0","0","1","0","0","0","13","1","1","01","2","40 01:46.727","7","00","76 19:23.150","2","0","0","0","36301","0","0","0","N","0","0","0","2","36301","0","","1","01","N","N","0","","0","1","0","3","2","Y","1300","1","2","0","0","0","0","0","3","1","2","N","","","","","","","","","","","","03","  ","","",""
"1020","0","0","0","0","0","0","0","0","0","4","0","","36","03","2018","2018032714","3","40.0601","-76.32","1010","08","0","0","0","0","0","0","0","0","1","0","0","0","10","1","0","01","1","40 03:36.187","1","00","76 19:12.147","0","0","0","0","36301","0","0","0","N","0","0","0","3","36301","0","","1","01","N","N","1","","0","0","0","3","2","Y","1003","0","2","0","0","1","0","0","3","1","2","N","","","","","","","","","","","","03","  ","","",""
"0715","1","0","0","0","0","0","0","0","0","7","0","","36","03","2018","2018032717","3","40.2696","-76.1548","0650","08","0","0","0","0","0","1","0","0","","0","0","0","06","1","0","00","0","40 16:10.494","","00","76 09:17.328","0","0","0","0","36236","0","0","0","N","0","0","0","1","36408","0","","4","02","N","N","0","","0","0","0","0","0","","0648","0","1","0","0","0","0","0","1","0","1","N","","","","","","","","","","","","98","  ","","",""
"1716","1","0","0","0","0","0","0","0","0","8","0","","36","03","2018","2018032735","6","40.0357","-76.3143","1715","08","0","0","0","0","0","0","0","0","","0","0","0","17","1","1","01","0","40 02:08.544","","00","76 18:51.312","3","0","0","0","36301","1","0","0","N","1","0","0","2","36301","0","","1","01","N","N","0","","1","0","0","3","3","","1715","1","2","0","0","0","0","0","3","0","1","N","","","","","","","","","","","","03","  ","","",""
"1642","2","0","0","0","0","0","0","0","0","4","0","","36","03","2018","2018032743","3","40.0687","-76.3429","1642","08","0","0","0","0","0","0","1","0","","0","0","0","16","1","0","02","0","40 04:07.251","","00","76 20:34.310","0","0","0","0","36301","0","0","0","N","0","0","0","2","36301","0","","1","01","N","N","0","","0","0","0","3","2","","1614","0","2","0","0","0","0","0","3","0","2","N","","","","","","","","","","","","03","  ","","",""
"1043","1","0","0","0","0","0","0","0","0","4","0","","36","03","2018","2018032759","4","40.1832","-76.1918","1043","08","0","0","0","0","0","0","1","1","2","0","0","0","10","1","0","01","1","40 10:59.536","2","00","76 11:30.551","0","0","0","0","36408","0","0","0","N","0","0","0","4","36408","0","","1","01","N","N","0","","0","0","1","3","2","N","1043","0","3","0","0","0","0","0","2","1","3","N","","","","","","","","","","","","03","  ","","",""
"1420","2","0","0","0","0","0","0","0","0","4","0","","36","03","2018","2018032761","6","40.0637","-76.5412","1415","08","0","0","0","0","0","1","0","0","2","0","0","0","14","1","1","02","1","40 03:49.276","5","07","76 32:28.478","8","0","0","0","36211","0","0","0","N","0","0","0","2","36504","0","","1","01","N","N","0","","0","0","0","3","3","Y","1410","1","2","0","0","0","1","0","1","0","2","N","","","","","","","","","","","","03","  ","","",""
"1217","2","0","0","0","0","0","0","0","0","1","0","","36","03","2018","2018032765","7","40.1901","-76.1938","1215","08","0","0","0","1","0","0","0","0","2","0","0","0","12","1","0","00","2","40 11:24.509","6","07","76 11:37.848","0","0","0","0","36408","0","0","0","N","0","0","0","5","36408","0","","1","01","N","N","0","","0","0","0","0","0","Y","1214","0","2","0","0","0","0","0","2","0","2","N","","","","","","","","","","","","03","  ","","",""
"2113","3","0","0","0","0","0","0","0","0","4","0","","36","02","2018","2018032776","2","40.0497","-76.2991","2107","08","0","0","0","0","0","0","0","0","3","0","0","0","21","3","0","01","2","40 02:59.085","7","00","76 17:56.659","0","0","0","0","36301","0","0","0","N","0","0","0","2","36301","0","","1","01","N","N","0","","0","0","0","3","3","Y","2107","0","3","0","0","0","0","0","3","0","3","N","","","","","","","","","","","","03","  ","","",""
"2320","0","0","0","0","0","0","0","0","0","7","0","","36","03","2018","2018032778","6","40.1811","-76.6002","2317","08","0","0","0","0","0","0","0","0","3","0","0","0","23","2","1","00","2","40 10:51.973","5","00","76 36:00.634","8","0","0","0","36225","0","0","0","Y","0","0","0","1","36505","0","","4","01","N","N","0","","0","0","1","0","0","Y","2315","1","1","0","0","0","1","0","2","0","1","N","","","","","","","","","","","","03","  ","","",""
"0707","0","0","0","0","0","0","0","0","0","7","0","","36","03","2018","2018032781","3","40.0688","-76.3041","0659","08","0","0","0","0","0","1","0","0","","0","0","0","06","3","0","07","0","40 04:07.842","","00","76 18:14.733","0","0","0","0","36101","0","0","0","","0","0","0","1","36101","0","","2","02","N","N","1","","0","0","0","0","0","","0611","0","1","0","0","0","0","0","3","0","1","N","","","","","","","","","","","","10","  ","","",""
"2328","0","0","0","0","0","0","0","0","0","7","0","","36","03","2018","2018032910","5","40.0446","-76.2853","2324","08","0","0","0","0","0","0","0","0","2","0","0","0","23","3","0","00","2","40 02:40.424","3","00","76 17:07.002","0","0","0","0","36220","0","0","0","","0","0","0","2","36101","0","","5","01","N","N","0","","0","0","1","0","0","Y","2320","0","1","0","0","0","0","0","3","0","1","N","","","","","","","","","","","","03","  ","","",""
"1621","0","0","0","0","0","0","0","0","0","1","0","","36","03","2018","2018032911","3","40.0859","-76.3285","1613","08","0","0","0","0","0","1","0","0","1","0","0","0","16","1","1","00","1","40 05:09.252","1","00","76 19:42.458","3","0","0","0","36101","0","0","0","N","0","0","0","2","36101","0","","1","01","N","N","0","","1","0","2","0","0","N","1609","1","2","0","0","0","0","0","3","0","2","N","","","","","","","","","","","","03","  ","","",""
"1557","2","0","0","0","0","0","0","0","0","1","0","","36","03","2018","2018032912","6","40.0747","-76.3341","1554","08","0","0","0","0","0","0","0","0","3","0","0","0","15","1","1","00","1","40 04:28.836","3","00","76 20:02.902","4","0","0","0","36101","0","0","0","N","0","0","0","3","36101","1","","1","01","N","N","0","","0","0","1","0","0","N","1551","1","3","0","0","0","0","0","3","0","3","N","","","","","","","","","","","","03","  ","","",""
"1513","2","0","0","0","0","0","0","0","0","4","0","","36","03","2018","2018032958","7","40.0392","-76.3088","1513","08","0","0","0","0","0","1","0","1","2","0","0","0","15","1","1","01","2","40 02:21.252","4","00","76 18:31.657","3","0","0","0","36301","0","0","0","N","0","0","0","3","36301","0","","1","01","N","N","0","","1","0","0","3","3","N","1513","1","2","0","0","0","0","0","3","0","2","N","","","","","","","","","","","","03","  ","","",""
"0635","1","0","0","0","0","0","0","0","0","7","0","","36","03","2018","2018032967","7","40.0677","-76.0682","0629","08","0","0","0","0","0","0","0","0","","0","0","0","05","2","0","02","0","40 04:03.798","","00","76 04:05.435","0","0","0","0","36209","0","0","0","N","0","0","0","1","36415","0","","5","01","N","N","0","","0","0","0","3","3","","0530","0","1","0","0","0","0","0","1","0","1","N","","","","","","","","","","","","03","  ","","",""
"0715","1","0","0","0","0","0","0","0","0","7","0","","36","03","2018","2018032971","3","40.1516","-76.1358","0705","08","0","0","0","0","0","0","0","0","","0","0","0","06","5","0","00","0","40 09:05.800","","00","76 08:08.800","0","0","0","0","36209","0","0","0","N","0","0","0","1","36415","0","","4","02","N","N","0","","0","0","0","0","0","","0659","0","1","0","0","0","0","0","1","0","1","N","","","","","","","","","","","","10","  ","","",""
"0831","2","0","1","0","0","0","0","0","0","4","0","","36","03","2018","2018032976","3","40.244","-76.2036","0821","08","0","0","1","0","0","0","0","0","3","0","0","0","08","1","4","00","1","40 14:38.228","4","00","76 12:12.971","2","0","0","0","36236","0","0","0","N","0","0","0","4","36408","0","","1","02","N","N","0","","3","1","0","0","0","N","0820","4","2","0","0","1","0","0","1","0","2","N","","","","","","","","","","","","03","  ","","",""
"1504","2","0","0","0","0","0","0","0","0","1","0","","36","03","2018","2018033019","7","40.1719","-76.1709","1502","08","0","0","0","0","0","0","0","0","1","0","0","0","15","1","1","00","2","40 10:18.895","6","07","76 10:15.117","8","0","0","0","36408","0","0","0","N","0","0","0","2","36408","0","","1","01","N","N","0","","0","0","0","0","0","Y","1500","1","2","0","0","0","1","0","2","0","2","N","","","","","","","","","","","","03","  ","","",""
"1357","1","0","0","0","0","0","0","0","0","1","0","","36","03","2018","2018033020","1","40.0417","-76.3638","1354","08","0","0","1","0","0","0","0","0","2","0","0","0","13","1","0","03","1","40 02:30.029","2","00","76 21:49.816","0","0","0","0","36214","0","0","0","N","0","0","0","4","36214","0","","1","01","N","N","0","","0","0","1","3","2","N","1350","0","2","0","0","0","0","0","3","0","2","N","","","","","","","","","","","","03","  ","","",""
"0837","1","0","0","0","0","0","0","0","0","7","0","","36","03","2018","2018033032","3","40.1864","-76.4446","0834","08","0","1","0","0","0","0","0","0","","0","0","0","08","1","1","00","0","40 11:11.200","","00","76 26:40.700","3","0","0","0","36230","0","0","0","N","0","0","0","1","36410","0","","5","02","N","N","0","","1","0","0","0","0","","0830","1","1","0","0","0","0","0","1","0","1","N","","","","","","","","","","","","10","  ","","",""
"0612","0","0","0","0","0","0","0","0","0","2","0","","36","03","2018","2018033046","2","40.1246","-76.4691","0601","08","0","0","0","0","0","0","0","0","2","0","0","0","05","2","2","00","2","40 07:28.602","6","03","76 28:08.708","3","0","0","0","36230","0","0","0","N","0","0","0","2","36410","0","","1","02","N","N","2","","2","0","0","0","0","Y","0555","2","2","0","0","0","0","0","1","0","2","N","","","","","","","","","","","","10","  ","","",""
"0239","1","0","0","0","0","0","0","0","0","7","0","","36","03","2018","2018033104","7","40.0248","-76.3974","0239","08","0","0","0","0","0","0","0","0","","0","0","0","02","2","0","00","0","40 01:29.631","","00","76 23:50.068","0","0","0","0","36223","0","0","0","N","0","0","0","1","36223","0","","4","01","N","N","0","","0","0","0","0","0","","0239","0","1","0","0","0","0","0","1","0","1","N","","","","","","","","","","","","03","  ","","",""
"1408","4","0","0","0","0","0","0","0","0","1","0","","36","03","2018","2018033119","1","40.0417","-76.3638","1405","08","0","1","0","1","0","2","0","0","2","0","0","0","14","1","0","01","1","40 02:30.029","2","00","76 21:49.816","0","0","0","0","36214","0","0","0","N","0","0","0","4","36214","0","","1","01","N","N","0","","0","0","0","3","2","N","1405","0","4","0","0","0","0","0","3","0","4","N","","","","","","","","","","","","03","  ","","",""
"0349","1","0","0","0","0","0","0","0","0","7","0","","36","03","2018","2018033135","1","40.0286","-76.3098","0345","08","0","0","0","0","0","0","0","0","3","0","0","0","03","2","1","00","2","40 01:43.100","2","00","76 18:35.400","3","0","0","0","36301","0","0","0","N","0","0","0","1","36301","0","","5","01","N","N","0","","1","0","0","0","0","N","0343","1","1","0","0","0","0","0","3","0","1","N","","","","","","","","","","","","03","  ","","",""
"2043","2","0","0","0","0","0","0","0","0","4","0","","36","01","2018","2018033156","4","40.0423","-76.3113","2038","08","0","0","0","0","1","0","0","0","2","0","0","0","20","3","2","01","2","40 02:32.114","7","00","76 18:40.784","4","0","0","0","36301","0","0","0","N","0","0","0","2","36301","2","","1","01","N","N","0","","0","0","0","3","2","Y","2038","2","2","0","0","0","0","0","3","0","2","N","","","","","","","","","","","","03","  ","","",""
"1629","1","0","0","0","0","0","0","0","0","5","0","","36","03","2018","2018033196","4","40.0701","-76.3158","1615","08","0","0","0","1","0","0","0","0","","0","0","0","16","1","0","00","0","40 04:12.348","","00","76 18:56.848","0","0","0","0","36101","0","0","0","","0","0","0","3","36101","0","","1","01","N","N","0","","0","0","2","0","0","","1611","0","3","0","0","0","0","0","3","0","3","N","","","","","","","","","","","","03","  ","","",""
"1204","1","0","0","0","0","0","0","0","0","1","0","","36","03","2018","2018033197","6","40.0703","-76.3012","1200","08","0","0","0","1","0","0","0","0","2","0","0","0","11","1","0","00","1","40 04:12.920","4","00","76 18:04.460","0","0","0","0","36101","0","0","0","","0","0","0","3","36101","0","","1","01","N","N","1","","0","0","0","3","2","N","1155","0","2","0","0","0","0","0","3","0","2","N","","","","","","","","","","","","03","  ","","",""
"1235","1","0","0","0","0","0","0","0","0","1","0","","36","03","2018","2018033198","7","40.0754","-76.3368","1232","08","0","0","0","0","0","0","0","0","2","0","0","0","12","1","0","00","1","40 04:31.508","1","00","76 20:12.332","0","0","0","0","36101","0","0","0","","0","0","0","3","36101","0","","1","01","N","N","1","","0","0","0","3","2","N","1228","0","2","0","0","0","0","0","3","0","2","N","","","","","","","","","","","","03","  ","","",""
"1600","1","0","0","0","0","0","0","0","0","0","0","","36","03","2018","2018033217","6","40.2283","-76.4583","1548","08","0","0","0","0","0","1","0","0","","0","0","0","15","1","1","00","0","40 13:41.804","","00","76 27:32.270","3","0","0","0","36230","0","0","0","","0","0","0","1","68T06","0","","1","01","N","N","0","","1","0","0","0","0","","1548","1","1","0","0","0","0","0","1","0","1","N","","","","","","","","","","","","98","  ","","",""
"0940","1","0","0","0","0","0","0","0","0","7","0","","36","03","2018","2018033222","4","40.1729","-75.9726","0936","08","0","0","0","0","0","0","0","0","","0","0","0","09","1","0","00","0","40 10:22.196","","00","75 58:21.834","0","0","0","0","36202","0","0","0","","0","0","0","4","68T06","0","","2","06","N","N","0","","0","0","0","0","0","","0935","0","1","0","0","0","0","0","1","0","1","N","","","","","","","","","","","","10","  ","","",""
"1055","1","0","0","0","0","0","0","0","0","7","0","","36","03","2018","2018033223","4","40.1741","-75.9435","1040","08","0","0","0","0","0","0","0","0","","0","0","0","10","1","1","00","0","40 10:27.123","","00","75 56:34.465","8","0","0","0","36203","0","0","0","","0","0","0","1","68T06","0","","2","07","N","N","0","","0","0","0","0","0","","1039","1","1","0","0","0","1","0","1","0","1","N","","","","","","","","","","","","10","  ","","",""
"0753","1","0","0","0","0","0","0","0","0","7","0","","36","03","2018","2018033231","4","40.2283","-76.4602","0733","08","0","0","0","0","0","0","0","0","3","0","0","0","07","1","2","00","1","40 13:41.805","3","00","76 27:39.182","2","0","0","0","36230","0","0","0","","0","0","0","4","68T06","0","","4","01","N","N","0","","1","1","0","0","0","N","0731","2","1","0","1","3","0","0","1","0","1","N","","","","","","","","","","","","03","  ","","",""
"0828","1","0","0","0","0","0","0","0","0","7","0","","36","03","2018","2018033254","2","40.1909","-76.195","0823","08","0","0","0","0","0","0","1","0","","0","0","0","08","1","0","00","0","40 11:27.314","","00","76 11:41.993","0","0","0","0","36408","0","0","0","N","0","0","0","1","36408","0","","5","01","N","N","0","","0","0","0","0","0","","0820","0","1","0","0","0","0","0","2","0","1","N","","","","","","","","","","","","03","  ","","",""
"0150","1","0","0","0","0","0","0","0","0","7","0","","36","03","2018","2018033264","4","40.0171","-76.247","0146","08","0","0","0","0","0","0","0","0","","0","0","0","01","3","0","02","0","40 01:01.606","","00","76 14:49.020","9","0","0","0","36240","0","0","0","N","0","0","0","1","36240","0","","4","01","N","N","0","","0","0","0","0","0","","0146","0","1","0","0","1","0","1","1","0","1","N","","","","","","","","","","","","03","  ","","",""
"1855","1","0","0","0","0","0","0","0","0","4","0","","36","03","2018","2018033283","7","40.1497","-76.3843","1845","08","1","0","0","0","0","0","0","0","2","0","0","0","18","1","0","01","1","40 08:58.869","2","00","76 23:03.404","0","0","0","0","36227","0","0","0","N","0","0","0","2","36506","0","","1","01","N","N","0","","0","0","1","3","3","Y","1845","0","2","0","0","0","0","0","1","0","2","N","","","","","","","","","","","","03","  ","","",""
"1138","1","0","0","0","0","0","0","0","0","8","0","","36","03","2018","2018033295","4","40.0329","-76.3076","1135","08","0","0","0","0","0","1","0","0","","0","0","0","11","1","1","02","0","40 01:58.540","","00","76 18:27.259","3","0","0","0","36301","1","0","0","N","1","0","0","2","36301","0","","1","01","N","N","0","","1","0","0","0","0","","1133","1","2","0","0","0","0","0","3","0","1","N","","","","","","","","","","","","03","  ","","",""
"0453","2","0","0","0","0","0","0","0","0","6","0","","36","03","2018","2018033326","1","40.0537","-76.5199","0442","08","0","0","0","0","0","0","0","0","2","0","0","0","04","2","0","00","2","40 03:13.196","5","00","76 31:11.510","0","0","0","0","36239","0","0","0","N","0","0","0","2","36239","0","","1","01","N","N","0","","0","0","0","0","0","Y","0442","0","2","0","0","0","0","0","3","0","2","N","","","","","","","","","","","","03","  ","","",""
"1320","2","0","0","0","0","0","0","0","0","6","0","","36","03","2018","2018033331","4","40.1441","-76.42","1311","08","0","0","0","0","0","0","0","0","","0","0","0","13","1","0","01","0","40 08:38.763","","00","76 25:12.095","0","0","0","0","36230","0","0","0","N","0","0","0","2","36410","0","","1","01","N","N","0","","0","0","0","3","2","","1311","0","2","0","0","0","0","0","1","0","2","N","","","","","","","","","","","","03","  ","","",""