"ARRIVAL_TM","AUTOMOBILE_COUNT","BELTED_DEATH_COUNT","BELTED_SUSP_SERIOUS_INJ_COUNT","BICYCLE_COUNT","BICYCLE_DEATH_COUNT","BICYCLE_SUSP_SERIOUS_INJ_COUNT","BUS_COUNT","CHLDPAS_DEATH_COUNT","CHLDPAS_SUSP_SERIOUS_INJ_COUNT","COLLISION_TYPE","COMM_VEH_COUNT","CONS_ZONE_SPD_LIM","COUNTY","CRASH_MONTH","CRASH_YEAR","CRN","DAY_OF_WEEK","DEC_LAT","DEC_LONG","DISPATCH_TM","DISTRICT","DRIVER_COUNT_16YR","DRIVER_COUNT_17YR","DRIVER_COUNT_18YR","DRIVER_COUNT_19YR","DRIVER_COUNT_20YR","DRIVER_COUNT_50_64YR","DRIVER_COUNT_65_74YR","DRIVER_COUNT_75PLUS","EST_HRS_CLOSED","FATAL_COUNT","HEAVY_TRUCK_COUNT","HORSE_BUGGY_COUNT","HOUR_OF_DAY","ILLUMINATION","INJURY_COUNT","INTERSECT_TYPE","LANE_CLOSED","LATITUDE","LN_CLOSE_DIR","LOCATION_TYPE","LONGITUDE","MAX_SEVERITY_LEVEL","MCYCLE_DEATH_COUNT","MCYCLE_SUSP_SERIOUS_INJ_COUNT","MOTORCYCLE_COUNT","MUNICIPALITY","NONMOTR_COUNT","NONMOTR_DEATH_COUNT","NONMOTR_SUSP_SERIOUS_INJ_COUNT","NTFY_HIWY_MAINT","PED_COUNT","PED_DEATH_COUNT","PED_SUSP_SERIOUS_INJ_COUNT","PERSON_COUNT","POLICE_AGCY","POSSIBLE_INJ_COUNT","RDWY_SURF_TYPE_CD","RELATION_TO_ROAD","ROAD_CONDITION","SCH_BUS_IND","SCH_ZONE_IND","SMALL_TRUCK_COUNT","SPEC_JURIS_CD","SUSP_MINOR_INJ_COUNT","SUSP_SERIOUS_INJ_COUNT","SUV_COUNT","TCD_FUNC_CD","TCD_TYPE","TFC_DETOUR_IND","TIME_OF_DAY","TOT_INJ_COUNT","TOTAL_UNITS","UNB_DEATH_COUNT","UNB_SUSP_SERIOUS_INJ_COUNT","UNBELTED_OCC_COUNT","UNK_INJ_DEG_COUNT","UNK_INJ_PER_COUNT","URBAN_RURAL","VAN_COUNT","VEHICLE_COUNT","WORK_ZONE_IND","WORK_ZONE_LOC","WORK_ZONE_TYPE","WORKERS_PRES","WZ_CLOSE_DETOUR","WZ_FLAGGER","WZ_LAW_OFFCR_IND","WZ_LN_CLOSURE","WZ_MOVING","WZ_OTHER","WZ_SHLDER_MDN","ROADWAY_CLEARED","WEATHER1","WEATHER2","WZ_WORKERS_INJ_KILLED","SECONDARY_CRASH","INTERSECTION_RELATED"
"1605","1","0","0","0","0","0","0","0","0","1","0","","36","03","2018","2018033350","2","39.9889","-76.2705","1602","08","0","0","0","0","0","0","0","0","","0","0","0","15","1","0","00","0","39 59:19.110","","00","76 16:18.248","0","0","0","0","36240","0","0","0","N","0","0","0","4","36240","0","","1","01","N","N","0","","0","0","1","0","0","","1556","0","2","0","0","0","0","0","1","0","2","N","","","","","","","","","","","","03","  ","","",""
"1835","1","0","0","0","0","0","0","0","0","4","0","","36","03","2018","2018033411","1","40.0096","-76.3209","1830","08","0","0","0","0","1","0","0","0","2","0","0","0","18","1","0","02","1","40 00:34.452","3","00","76 19:15.362","0","0","0","0","36220","0","0","0","N","0","0","0","2","36101","0","","1","01","N","N","0","","0","0","1","0","0","N","1830","0","2","0","0","0","0","0","3","0","2","N","","","","","","","","","","","","03","  ","","",""
"1654","2","0","0","0","0","0","0","0","0","1","0","","36","03","2018","2018033413","3","40.069","-76.3292","1644","08","0","0","2","0","0","0","0","0","1","0","0","0","16","1","0","00","1","40 04:08.355","3","00","76 19:45.186","0","0","0","0","36101","0","0","0","N","0","0","0","4","36101","0","","1","01","N","N","0","","0","0","0","0","0","N","1638","0","2","0","0","0","0","0","3","0","2","N","","","","","","","","","","","","03","  ","","",""
"1920","1","0","0","0","0","0","0","0","0","0","0","","36","02","2018","2018033468","3","40.1207","-76.2246","1917","08","0","0","0","0","0","1","0","0","","0","0","0","19","2","0","00","0","40 07:14.375","","00","76 13:28.519","0","0","0","0","36238","0","0","0","N","0","0","0","1","36238","0","","1","01","N","N","0","","0","0","0","0","0","N","1914","0","1","0","0","0","0","0","3","0","1","N","","","","","","","","","","","","03","  ","","",""
"0119","2","0","0","0","0","0","0","0","0","1","0","","36","03","2018","2018033472","1","40.148","-76.6037","0108","08","0","0","0","0","0","1","1","0","1","0","0","0","01","3","1","02","1","40 08:52.667","2","00","76 36:13.149","4","0","0","0","36407","0","0","0","N","0","0","0","3","36407","1","","1","01","N","N","0","","0","0","0","3","2","N","0103","1","2","0","0","0","0","0","2","0","2","N","","","","","","","","","","","","03","  ","","",""
"1228","0","0","0","1","0","0","0","0","0","4","0","","36","03","2018","2018033477","4","40.0423","-76.3113","1221","08","0","0","0","0","0","1","0","0","","0","0","0","12","1","1","01","0","40 02:32.114","","00","76 18:40.784","8","0","0","0","36301","1","0","0","N","0","0","0","2","36301","0","","1","01","N","N","0","","0","0","1","3","2","","1209","1","2","0","0","0","1","0","3","0","1","N","","","","","","","","","","","","03","  ","","",""
"1107","2","0","0","0","0","0","0","0","0","4","0","","36","03","2018","2018033554","2","40.0431","-76.3022","1050","08","0","0","0","0","0","0","0","1","1","0","0","0","10","1","0","01","1","40 02:35.283","4","00","76 18:08.098","0","0","0","0","36301","0","0","0","N","0","0","0","2","36301","0","","1","01","N","N","0","","0","0","0","3","2","N","1047","0","2","0","0","0","0","0","3","0","2","N","","","","","","","","","","","","03","  ","","",""
"0910","1","0","0","0","0","0","0","0","0","1","0","","36","03","2018","2018033566","3","40.1131","-76.2427","0857","08","0","0","0","1","0","0","0","0","","0","0","0","08","1","0","00","0","40 06:46.996","","00","76 14:33.798","0","0","0","0","36101","0","0","0","N","0","0","0","2","36101","0","","1","01","N","N","1","","0","0","0","0","0","","0857","0","2","0","0","0","0","0","3","0","2","N","","","","","","","","","","","","03","  ","","",""
"0625","1","0","0","0","0","0","0","0","0","7","1","","36","03","2018","2018033567","3","40.0428","-76.2471","0615","08","0","0","1","0","0","1","0","0","3","0","1","0","06","3","1","00","1","40 02:34.209","3","00","76 14:49.442","2","0","0","0","36215","0","0","0","","0","0","0","3","36215","0","","2","02","N","N","1","","0","1","0","0","0","N","0612","1","3","0","1","1","0","0","1","0","3","N","","","","","","","","","","","","03","  ","","",""
"0639","1","0","0","0","0","0","0","0","0","7","0","","36","03","2018","2018033568","3","40.0661","-76.2024","0630","08","0","0","0","0","0","0","0","0","3","0","0","0","06","5","0","00","2","40 03:58.100","6","00","76 12:08.500","0","0","0","0","36234","0","0","0","N","0","0","0","2","36215","0","","4","02","N","N","0","","0","0","0","0","0","Y","0630","0","1","0","0","0","0","0","1","0","1","N","","","","","","","","","","","","03","  ","","",""
"0726","1","0","0","0","0","0","0","0","0","1","0","","36","03","2018","2018033569","3","40.0914","-76.1639","0712","08","1","0","0","0","0","0","0","0","1","0","0","0","07","1","0","02","1","40 05:29.118","6","00","76 09:49.916","0","0","0","0","36234","0","0","0","","0","0","0","3","36215","0","","1","02","N","N","0","","0","0","1","0","0","N","0712","0","2","0","0","0","0","0","1","0","2","N","","","","","","","","","","","","03","  ","","",""
"1529","1","0","0","0","0","0","0","0","0","1","0","","36","03","2018","2018033570","6","40.0391","-76.1904","1518","08","0","0","0","0","0","0","1","0","","0","0","0","15","1","1","00","0","40 02:20.731","","07","76 11:24.943","4","0","0","0","36215","0","0","0","N","0","0","0","3","36215","1","","1","01","N","N","1","","0","0","0","0","0","","1518","1","2","0","0","0","0","0","1","0","2","N","","","","","","","","","","","","03","  ","","",""
"0808","0","0","0","0","0","0","0","0","0","1","1","","36","03","2018","2018033571","3","40.1902","-76.414","0804","08","0","0","0","0","0","0","0","0","2","0","1","0","08","1","0","00","2","40 11:24.806","1","07","76 24:50.488","0","0","0","0","36230","0","0","0","N","0","0","0","2","36410","0","","1","01","N","N","0","","0","0","0","0","0","N","0800","0","2","0","0","0","0","0","1","1","2","N","","","","","","","","","","","","05","  ","","",""
"1948","2","0","0","0","0","0","0","0","0","4","0","","36","03","2018","2018033572","5","40.1118","-76.4494","1943","08","0","0","0","0","0","0","1","0","2","0","0","0","19","2","1","01","1","40 06:42.025","4","00","76 27:06.017","4","0","0","0","36230","0","0","0","N","0","0","0","2","36410","1","","1","01","N","N","0","","0","0","0","3","2","N","1943","1","2","0","0","0","0","0","1","0","2","N","","","","","","","","","","","","03","  ","","",""
"0725","1","0","0","0","0","0","0","0","0","4","0","","36","03","2018","2018033620","3","40.1053","-76.431","0718","08","0","0","0","0","0","1","0","0","2","0","0","0","07","1","2","01","2","40 06:19.042","5","00","76 25:51.072","3","0","0","0","36214","0","0","0","N","0","0","0","2","36214","0","","1","01","N","N","1","","2","0","0","0","0","N","0710","2","2","0","0","0","0","0","3","0","2","N","","","","","","","","","","","","03","  ","","",""
"1046","1","0","0","0","0","0","0","0","0","1","0","","36","03","2018","2018033628","5","40.065","-76.4445","1046","08","0","0","0","0","0","0","0","1","","0","0","0","10","1","0","02","0","40 03:54.120","","00","76 26:40.232","0","0","0","0","36239","0","0","0","N","0","0","0","2","36239","0","","1","01","N","N","0","","0","0","1","2","3","","1046","0","2","0","0","0","0","0","3","0","2","N","","","","","","","","","","","","03","  ","","",""
"1725","2","0","0","0","0","0","0","0","0","1","0","","36","03","2018","2018033673","2","40.0152","-76.3492","1723","08","0","0","0","0","0","1","0","0","2","0","0","0","17","1","0","00","1","40 00:54.797","3","00","76 20:57.138","0","0","0","0","36412","0","0","0","N","0","0","0","2","36412","0","","1","01","N","N","0","","0","0","0","0","0","N","1719","0","2","0","0","0","0","0","3","0","2","N","","","","","","","","","","","","03","  ","","",""
"1309","0","0","0","0","0","0","0","0","0","4","0","","36","03","2018","2018033709","3","40.0342","-76.2875","1305","08","0","0","0","0","1","0","0","0","2","0","0","0","13","1","2","00","1","40 02:02.962","2","00","76 17:15.007","3","0","0","0","36301","0","0","0","N","0","0","0","2","36301","0","","1","09","N","N","0","","2","0","1","0","0","Y","1302","2","2","0","0","0","0","0","3","1","2","N","","","","","","","","","","","","10","  ","","",""
"2140","2","0","0","0","0","0","0","0","0","1","0","","36","03","2018","2018033771","2","40.0394","-76.2933","2136","08","0","0","0","0","0","0","0","0","1","0","0","0","21","3","3","00","2","40 02:21.915","3","00","76 17:36.021","3","0","0","0","36301","0","0","0","N","0","0","0","3","36301","2","","1","01","N","N","0","","1","0","0","0","0","Y","2136","3","2","0","0","0","0","0","3","0","2","N","","","","","","","","","","","","03","  ","","",""
"1745","1","0","0","0","0","0","0","0","0","7","0","","36","03","2018","2018033821","3","40.0361","-76.521","1735","08","0","0","0","0","0","1","0","0","2","0","0","0","17","1","0","00","1","40 02:09.884","3","03","76 31:15.611","0","0","0","0","36239","0","0","0","N","0","0","0","2","36239","0","","3","07","N","N","1","","0","0","0","0","0","Y","1735","0","2","0","0","0","0","0","3","0","2","N","","","","","","","","","","","","10","  ","","",""
"0857","1","0","0","0","0","0","0","0","0","1","0","","36","03","2018","2018033822","4","40.1807","-76.1731","0852","08","0","0","0","0","0","0","0","0","","0","0","0","08","1","0","00","0","40 10:50.400","","07","76 10:23.000","0","0","0","0","36408","0","0","0","N","0","0","0","4","36408","0","","1","01","N","N","1","","0","0","1","0","0","","0850","0","3","0","0","0","0","0","2","0","3","N","","","","","","","","","","","","03","  ","","",""
"1437","0","0","0","0","0","0","0","0","0","7","0","","36","03","2018","2018033829","3","40.1967","-76.152","1430","08","1","0","0","0","0","0","0","0","1","0","0","0","14","1","0","00","2","40 11:48.184","6","00","76 09:07.314","0","0","0","0","36218","0","0","0","N","0","0","0","1","36408","0","","5","09","N","N","0","","0","0","1","0","0","Y","1426","0","1","0","0","0","0","0","1","0","1","N","","","","","","","","","","","","10","  ","","",""
"1957","1","0","0","0","0","0","0","0","0","7","0","","36","03","2018","2018033830","3","40.0329","-76.4644","1957","08","0","0","0","0","0","0","0","0","","0","0","0","19","3","0","00","0","40 01:58.541","","00","76 27:51.718","0","0","0","0","36239","0","0","0","N","0","0","0","1","36239","0","","5","07","N","N","0","","0","0","0","0","0","","1955","0","1","0","0","0","0","0","3","0","1","N","","","","","","","","","","","","10","  ","","",""
"1813","1","0","0","0","0","0","0","0","0","2","0","","36","03","2018","2018033867","3","40.097","-76.1133","1812","08","0","1","0","0","0","1","0","0","","0","0","0","18","4","1","00","0","40 05:49.333","","00","76 06:47.816","8","0","0","0","36209","0","0","0","N","0","0","0","4","36415","0","","1","07","N","N","0","","0","0","1","0","0","","1810","1","2","0","0","0","1","0","1","0","2","N","","","","","","","","","","","","10","  ","","",""
"2200","1","0","1","0","0","0","0","0","0","4","0","","36","03","2018","2018033868","3","40.0615","-76.5586","2154","08","0","0","1","0","0","1","0","0","3","0","0","0","21","3","2","01","2","40 03:41.508","5","00","76 33:31.023","2","0","0","0","36211","0","0","0","N","0","0","0","3","36504","0","","1","09","N","N","0","","1","1","1","3","3","Y","2150","2","2","0","0","0","0","0","1","0","2","N","","","","","","","","","","","","07","  ","","",""
"2233","1","0","0","0","0","0","0","0","0","5","0","","36","03","2018","2018033869","4","40.0226","-76.3211","2225","08","0","1","0","0","0","0","0","0","2","0","0","0","22","3","0","00","1","40 01:21.300","2","00","76 19:15.900","0","0","0","0","36301","0","0","0","N","0","0","0","1","36301","0","","6","09","N","N","0","","0","0","1","0","0","N","2212","0","2","0","0","0","0","0","3","0","2","N","","","","","","","","","","","","07","  ","","",""
"0221","1","0","0","0","0","0","0","0","0","7","0","","36","03","2018","2018033873","7","40.0993","-76.5911","0217","08","0","0","0","0","0","0","0","0","3","0","0","0","02","3","0","00","2","40 05:57.401","5","00","76 35:28.022","0","0","0","0","36211","0","0","0","N","0","0","0","1","36504","0","","4","01","N","N","0","","0","0","0","0","0","Y","0210","0","1","0","0","0","0","0","1","0","1","N","","","","","","","","","","","","03","  ","","",""
"0104","1","0","0","0","0","0","0","0","0","7","0","","36","03","2018","2018033876","4","40.1444","-76.6091","0100","08","0","0","0","1","0","0","0","0","2","0","0","0","00","3","1","01","1","40 08:39.840","2","00","76 36:32.762","3","0","0","0","36407","0","0","0","N","0","0","0","3","36407","0","","4","02","N","N","0","","1","0","0","3","3","N","0059","1","1","0","0","0","0","0","2","0","1","N","","","","","","","","","","","","10","  ","","",""
"1837","0","0","0","0","0","0","0","0","0","7","0","","36","03","2018","2018033893","3","40.1535","-76.3747","1830","08","0","0","0","0","0","0","0","0","3","0","0","0","18","1","0","00","2","40 09:12.474","5","00","76 22:28.841","0","0","0","0","36227","0","0","0","N","0","0","0","1","36506","0","","4","09","N","N","0","","0","0","1","0","0","Y","1830","0","1","0","0","0","0","0","1","0","1","N","","","","","","","","","","","","10","  ","","",""
"1403","2","0","0","0","0","0","0","0","0","4","0","","36","03","2018","2018033935","4","40.0279","-76.2237","1357","08","0","0","0","0","0","0","1","0","2","0","0","0","13","1","0","03","1","40 01:40.475","3","00","76 13:25.360","0","0","0","0","36215","0","0","0","N","0","0","0","3","36215","0","","1","01","N","N","0","","0","0","0","3","3","N","1355","0","2","0","0","0","0","0","1","0","2","N","","","","","","","","","","","","03","  ","","",""
"0747","1","0","0","0","0","0","0","0","0","4","0","","36","03","2018","2018033936","5","40.0519","-76.2549","0741","08","0","0","0","1","0","0","0","0","2","0","0","0","07","1","1","01","1","40 03:06.876","6","00","76 15:17.809","4","0","0","0","36215","0","0","0","N","0","0","0","2","36215","1","","1","01","N","N","0","","0","0","1","3","2","Y","0739","1","2","0","0","0","0","0","1","0","2","N","","","","","","","","","","","","03","  ","","",""
"1622","2","0","0","0","0","0","0","0","0","4","0","","36","03","2018","2018033940","1","40.0478","-76.3075","1617","08","0","0","0","0","0","0","0","0","2","0","0","0","16","1","3","01","2","40 02:51.985","7","00","76 18:27.154","4","0","0","0","36301","0","0","0","N","0","0","0","7","36301","2","","1","01","N","N","1","","0","0","0","3","2","Y","1609","3","4","0","0","0","1","0","3","1","4","N","","","","","","","","","","","","03","  ","","",""
"0835","1","0","0","0","0","0","0","0","0","7","0","","36","03","2018","2018034116","4","40.1542","-76.0433","0830","08","0","0","0","0","0","0","0","0","","0","0","0","07","5","0","00","0","40 09:15.160","","00","76 02:35.825","0","0","0","0","36213","0","0","0","Y","0","0","0","1","36213","0","","2","02","N","N","0","","0","0","0","0","0","","0700","0","1","0","0","0","0","0","1","0","1","N","","","","","","","","","","","","10","  ","","",""
"0943","0","0","0","0","0","0","0","0","0","7","0","","36","03","2018","2018034131","4","40.2332","-76.0877","0939","08","0","0","0","0","0","0","0","0","","0","0","0","09","1","1","00","0","40 13:59.360","","00","76 05:15.837","2","0","0","0","36210","0","0","0","N","0","0","0","1","36210","0","","5","07","N","N","1","","0","1","0","0","0","","0930","1","1","0","0","0","0","0","1","0","1","N","","","","","","","","","","","","10","  ","","",""
"1805","2","0","0","0","0","0","0","0","0","6","0","","36","02","2018","2018034173","7","40.1233","-76.0169","1757","08","0","0","0","1","0","1","0","0","2","0","0","0","17","2","0","00","1","40 07:23.745","6","00","76 01:00.898","0","0","0","0","36213","0","0","0","N","0","0","0","6","36213","0","","1","07","N","N","0","","0","0","0","0","0","N","1755","0","2","0","0","0","0","0","1","0","2","N","","","","","","","","","","","","10","  ","","",""
"0917","1","0","0","0","0","0","0","0","0","1","1","","36","03","2018","2018034197","4","40.0544","-76.3712","0917","08","0","0","0","0","1","0","1","0","3","0","1","0","09","1","0","00","1","40 03:15.747","4","00","76 22:16.444","0","0","0","0","36214","0","0","0","N","0","0","0","4","36214","0","","1","07","N","N","1","","0","0","0","0","0","N","0917","0","3","0","0","0","0","0","3","0","3","N","","","","","","","","","","","","10","  ","","",""
"1136","1","0","0","0","0","0","0","0","0","7","0","","36","03","2018","2018034208","4","40.2165","-76.1278","1134","08","0","0","0","0","0","0","0","0","","0","0","0","11","1","0","00","0","40 12:59.484","","00","76 07:40.135","0","0","0","0","36210","0","0","0","N","0","0","0","1","36210","0","","5","07","N","N","0","","0","0","0","0","0","","1131","0","1","0","0","0","0","0","1","0","1","N","","","","","","","","","","","","10","  ","","",""
"0816","2","0","0","0","0","0","0","0","0","1","0","","36","03","2018","2018034241","3","40.2182","-76.0858","0717","08","0","1","0","0","0","0","0","0","3","0","0","0","07","1","0","00","1","40 13:05.570","2","00","76 05:08.836","0","0","0","0","36210","0","0","0","N","0","0","0","2","36210","0","","1","06","N","N","0","","0","0","0","0","0","N","0705","0","2","0","0","0","0","0","1","0","2","N","","","","","","","","","","","","10","  ","","",""
"1323","0","0","0","0","0","0","0","0","0","4","0","","36","03","2018","2018034263","4","40.1017","-76.4273","1313","08","0","0","0","0","0","1","0","0","","0","0","0","13","1","0","02","0","40 06:06.283","","00","76 25:38.263","0","0","0","0","36214","0","0","0","N","0","0","0","2","36214","0","","1","07","N","N","1","","0","0","1","3","3","","1305","0","2","0","0","0","0","0","3","0","2","N","","","","","","","","","","","","10","  ","","",""
"2120","1","0","0","0","0","0","0","0","0","9","0","","36","01","2018","2018034335","2","39.9834","-76.1329","2116","08","0","0","0","0","0","1","0","0","2","0","0","0","21","2","1","00","2","39 59:00.340","6","00","76 07:58.540","3","0","0","0","36226","0","0","0","","0","0","0","1","68J01","0","","1","01","N","N","0","","1","0","0","0","0","Y","2101","1","1","0","0","0","0","0","1","0","1","N","","","","","","","","","","","","03","  ","","",""
"1656","0","0","0","0","0","0","0","0","0","1","0","","36","03","2018","2018034345","2","40.0893","-76.3462","1650","08","0","0","0","0","0","0","0","1","","0","0","0","16","1","0","00","0","40 05:21.435","","00","76 20:46.353","0","0","0","0","36406","0","0","0","","0","0","0","2","36101","0","","1","01","N","N","0","","0","0","2","0","0","","1646","0","2","0","0","0","0","0","3","0","2","N","","","","","","","","","","","","03","  ","","",""
"1948","1","0","0","0","0","0","0","0","0","7","0","","36","03","2018","2018034346","3","40.0838","-76.0993","1944","08","0","0","0","0","1","0","0","0","1","0","0","0","19","2","0","00","1","40 05:01.800","2","00","76 05:57.400","0","0","0","0","36209","0","0","0","N","0","0","0","2","36415","0","","5","07","N","N","0","","0","0","0","0","0","N","1944","0","1","0","0","0","0","0","1","0","1","N","","","","","","","","","","","","10","  ","","",""
"0709","0","0","0","0","0","0","0","0","0","4","0","","36","03","2018","2018034370","3","39.8576","-76.2223","0643","08","0","0","0","0","0","2","0","0","2","0","0","0","06","5","0","00","1","39 51:27.531","1","00","76 13:20.316","0","0","0","0","36208","0","0","0","","0","0","0","2","68J01","0","","2","02","N","N","2","","0","0","0","0","0","N","0637","0","2","0","0","0","0","0","1","0","2","N","","","","","","","","","","","","10","  ","","",""
"0639","0","0","0","0","0","0","0","0","0","7","0","","36","03","2018","2018034386","4","40.17","-76.5978","0639","08","0","0","0","0","0","0","0","0","1","0","0","0","06","5","0","00","1","40 10:12.011","1","00","76 35:52.014","0","0","0","0","36225","0","0","0","N","0","0","0","1","36505","0","","5","07","N","N","0","","0","0","1","0","0","N","0639","0","1","0","0","0","0","0","2","0","1","N","","","","","","","","","","","","10","  ","","",""
"0718","1","0","0","0","0","0","0","0","0","7","0","","36","03","2018","2018034396","3","40.1498","-76.0609","0705","08","0","0","0","0","0","0","0","0","","0","0","0","07","5","0","00","0","40 08:59.100","","00","76 03:39.100","0","0","0","0","36213","0","0","0","N","0","0","0","1","36213","0","","4","02","N","N","0","","0","0","0","0","0","","0700","0","1","0","0","0","0","0","1","0","1","N","","","","","","","","","","","","10","  ","","",""
"1820","0","0","0","0","0","0","0","0","0","7","0","","36","03","2018","2018034398","4","40.2234","-76.1058","1815","08","0","0","0","0","0","1","0","0","2","0","0","0","18","1","0","00","2","40 13:24.329","6","00","76 06:20.780","0","0","0","0","36210","0","0","0","N","0","0","0","3","36210","0","","4","07","N","N","0","","0","0","1","0","0","Y","1814","0","1","0","0","0","0","0","1","0","1","N","","","","","","","","","","","","10","  ","","",""
"0409","4","0","0","0","0","0","0","0","0","1","0","","36","03","2018","2018034402","1","","","0404","08","0","0","0","0","0","0","0","0","2","0","0","0","04","3","0","00","2","00 00:00.00","4","00","00 00:00.0","0","0","0","0","36409","0","0","0","N","0","0","0","1","36409","0","","6","01","N","N","0","","0","0","0","0","0","Y","0403","0","5","0","0","0","0","0","3","1","5","N","","","","","","","","","","","","03","  ","","",""
"0634","1","0","0","0","0","0","0","0","0","2","0","","36","03","2018","2018034414","6","40.1298","-76.2166","0627","08","0","0","0","0","0","0","0","0","1","0","0","0","06","5","1","02","1","40 07:47.418","5","00","76 12:59.627","8","0","0","0","36238","0","0","0","N","0","0","0","2","36238","0","","1","01","N","N","1","","0","0","0","3","2","N","0624","1","2","0","0","0","1","0","3","0","2","N","","","","","","","","","","","","03","  ","","",""
"2221","0","0","0","0","0","0","0","0","0","7","0","","36","03","2018","2018034427","4","40.015","-76.2612","2213","08","0","1","0","0","0","0","0","0","","0","0","0","22","2","0","00","0","40 00:54.020","","00","76 15:40.259","0","0","0","0","36240","0","0","0","N","0","0","0","3","36240","0","","2","07","N","N","0","","0","0","1","0","0","","2213","0","1","0","0","0","0","0","1","0","1","N","","","","","","","","","","","","10","  ","","",""
"1503","0","0","0","0","0","0","0","0","0","1","0","","36","03","2018","2018034438","1","40.0123","-76.3533","1500","08","0","0","0","0","1","2","0","0","1","0","0","0","15","1","0","01","1","40 00:44.397","3","00","76 21:12.016","0","0","0","0","36412","0","0","0","N","0","0","0","4","36412","0","","1","01","N","N","1","","0","0","3","3","2","N","1500","0","4","0","0","0","0","0","3","0","4","N","","","","","","","","","","","","03","  ","","",""
"2230","1","0","0","0","0","0","0","0","0","7","0","","36","03","2018","2018034441","4","40.1331","-76.0304","2221","08","0","0","0","0","0","0","0","0","1","0","0","0","22","2","0","00","1","40 07:59.000","4","00","76 01:49.300","0","0","0","0","36213","0","0","0","N","0","0","0","1","36213","0","","4","07","N","N","0","","0","0","0","0","0","N","2207","0","1","0","0","0","0","0","1","0","1","N","","","","","","","","","","","","10","  ","","",""
"2250","1","0","0","0","0","0","0","0","0","5","0","","36","03","2018","2018034445","4","40.0457","-76.4202","2243","08","0","0","0","0","0","0","0","0","","0","0","0","22","2","0","06","0","40 02:44.624","","02","76 25:12.650","0","0","0","0","36239","0","0","0","N","0","0","0","2","36239","0","","1","07","N","N","1","","0","0","0","0","0","","2241","0","2","0","0","0","0","0","3","0","2","N","","","","","","","","","","","","10","  ","","",""
"0717","0","0","0","0","0","0","0","0","0","7","0","","36","03","2018","2018034450","3","40.0452","-76.2482","0717","08","0","0","0","0","0","0","0","0","","0","0","0","06","3","1","00","0","40 02:42.671","","00","76 14:53.653","4","0","0","0","36215","0","0","0","N","0","0","0","1","68J01","1","","2","02","N","N","1","","0","0","0","0","0","","0645","1","1","0","0","0","0","0","1","0","1","N","","","","","","","","","","","","98","  ","","",""
"0909","1","0","0","0","0","0","0","0","0","4","0","","36","03","2018","2018034453","4","39.8649","-76.1022","0847","08","0","0","1","0","0","0","0","0","1","0","0","0","08","1","1","01","1","39 51:53.611","2","00","76 06:07.830","3","0","0","0","36205","0","0","0","N","0","0","0","3","68J01","0","","1","01","N","N","1","","1","0","0","3","3","N","0845","1","2","0","0","0","0","0","1","0","2","N","","","","","","","","","","","","03","  ","","",""
"0735","1","0","0","0","0","0","0","0","0","7","0","","36","03","2018","2018034461","7","39.9257","-76.015","0716","08","0","0","0","0","0","0","0","0","","0","0","0","06","5","0","00","0","39 55:32.677","","00","76 00:53.871","0","0","0","0","36231","0","0","0","N","0","0","0","1","68J01","0","","4","01","N","N","0","","0","0","0","0","0","","0632","0","1","0","0","0","0","0","1","0","1","N","","","","","","","","","","","","03","  ","","",""
"1318","0","0","0","0","0","0","0","0","0","7","0","","36","03","2018","2018034481","3","39.8542","-76.2855","1311","08","0","0","0","0","0","0","0","0","","0","0","0","13","1","0","00","0","39 51:15.093","","00","76 17:07.743","0","0","0","0","36224","0","0","0","N","0","0","0","1","68J01","0","","4","06","N","N","0","","0","0","1","0","0","","1310","0","1","0","0","0","0","0","1","0","1","N","","","","","","","","","","","","10","  ","","",""
"1424","0","0","0","0","0","0","0","0","0","7","0","","36","03","2018","2018034485","3","39.7907","-76.2067","1410","08","0","0","0","0","0","0","0","0","3","0","0","0","14","1","0","00","2","39 47:26.415","6","00","76 12:24.249","0","0","0","0","36208","0","0","0","N","0","0","0","1","68J01","0","","4","06","N","N","1","","0","0","0","0","0","Y","1408","0","1","0","0","1","0","0","1","0","1","N","","","","","","","","","","","","10","  ","","",""
"1146","0","0","0","0","0","0","0","0","0","7","1","","36","03","2018","2018034511","4","39.7726","-76.1666","1133","08","0","0","0","0","0","1","0","0","3","0","1","0","11","1","0","00","2","39 46:21.293","6","00","76 09:59.822","0","0","0","0","36219","0","0","0","N","0","0","0","1","68J01","0","","4","07","N","N","0","","0","0","0","0","0","Y","1132","0","1","0","0","0","0","0","1","0","1","N","","","","","","","","","","","","10","  ","","",""
"2235","1","0","0","0","0","0","0","0","0","7","0","","36","03","2018","2018034526","7","40.1652","-76.499","2225","08","0","0","1","0","0","0","0","0","1","0","0","0","22","2","1","00","1","40 09:54.794","2","00","76 29:56.555","3","0","0","0","36230","0","0","0","N","0","0","0","1","36410","0","","4","01","N","N","0","","1","0","0","0","0","N","2215","1","1","0","0","0","0","0","1","0","1","N","","","","","","","","","","","","03","  ","","",""
"1848","1","0","0","0","0","0","0","0","0","1","0","","36","01","2018","2018034561","4","40.0045","-76.1036","1836","08","0","0","0","0","0","1","0","0","1","0","0","0","18","2","1","00","1","40 00:16.371","6","00","76 06:12.957","3","0","0","0","36226","0","0","0","N","0","0","0","4","68J01","0","","1","01","N","N","0","","1","0","1","0","0","N","1833","1","3","0","0","0","0","0","1","1","3","N","","","","","","","","","","","","03","  ","","",""