"ARRIVAL_TM","AUTOMOBILE_COUNT","BELTED_DEATH_COUNT","BELTED_SUSP_SERIOUS_INJ_COUNT","BICYCLE_COUNT","BICYCLE_DEATH_COUNT","BICYCLE_SUSP_SERIOUS_INJ_COUNT","BUS_COUNT","CHLDPAS_DEATH_COUNT","CHLDPAS_SUSP_SERIOUS_INJ_COUNT","COLLISION_TYPE","COMM_VEH_COUNT","CONS_ZONE_SPD_LIM","COUNTY","CRASH_MONTH","CRASH_YEAR","CRN","DAY_OF_WEEK","DEC_LAT","DEC_LONG","DISPATCH_TM","DISTRICT","DRIVER_COUNT_16YR","DRIVER_COUNT_17YR","DRIVER_COUNT_18YR","DRIVER_COUNT_19YR","DRIVER_COUNT_20YR","DRIVER_COUNT_50_64YR","DRIVER_COUNT_65_74YR","DRIVER_COUNT_75PLUS","EST_HRS_CLOSED","FATAL_COUNT","HEAVY_TRUCK_COUNT","HORSE_BUGGY_COUNT","HOUR_OF_DAY","ILLUMINATION","INJURY_COUNT","INTERSECT_TYPE","LANE_CLOSED","LATITUDE","LN_CLOSE_DIR","LOCATION_TYPE","LONGITUDE","MAX_SEVERITY_LEVEL","MCYCLE_DEATH_COUNT","MCYCLE_SUSP_SERIOUS_INJ_COUNT","MOTORCYCLE_COUNT","MUNICIPALITY","NONMOTR_COUNT","NONMOTR_DEATH_COUNT","NONMOTR_SUSP_SERIOUS_INJ_COUNT","NTFY_HIWY_MAINT","PED_COUNT","PED_DEATH_COUNT","PED_SUSP_SERIOUS_INJ_COUNT","PERSON_COUNT","POLICE_AGCY","POSSIBLE_INJ_COUNT","RDWY_SURF_TYPE_CD","RELATION_TO_ROAD","ROAD_CONDITION","SCH_BUS_IND","SCH_ZONE_IND","SMALL_TRUCK_COUNT","SPEC_JURIS_CD","SUSP_MINOR_INJ_COUNT","SUSP_SERIOUS_INJ_COUNT","SUV_COUNT","TCD_FUNC_CD","TCD_TYPE","TFC_DETOUR_IND","TIME_OF_DAY","TOT_INJ_COUNT","TOTAL_UNITS","UNB_DEATH_COUNT","UNB_SUSP_SERIOUS_INJ_COUNT","UNBELTED_OCC_COUNT","UNK_INJ_DEG_COUNT","UNK_INJ_PER_COUNT","URBAN_RURAL","VAN_COUNT","VEHICLE_COUNT","WORK_ZONE_IND","WORK_ZONE_LOC","WORK_ZONE_TYPE","WORKERS_PRES","WZ_CLOSE_DETOUR","WZ_FLAGGER","WZ_LAW_OFFCR_IND","WZ_LN_CLOSURE","WZ_MOVING","WZ_OTHER","WZ_SHLDER_MDN","ROADWAY_CLEARED","WEATHER1","WEATHER2","WZ_WORKERS_INJ_KILLED","SECONDARY_CRASH","INTERSECTION_RELATED"
"1129","0","0","0","0","0","0","0","0","0","0","0","","36","02","2018","2018034563","1","39.9555","-75.9935","1109","08","0","0","0","0","0","1","0","0","","0","0","0","11","1","1","00","0","39 57:19.880","","00","75 59:36.620","4","0","0","0","36403","0","0","0","N","0","0","0","1","68J01","1","","4","07","N","N","0","","0","0","1","0","0","","1100","1","1","0","0","0","0","0","1","0","1","N","","","","","","","","","","","","10","  ","","",""
"0251","1","0","0","0","0","0","0","0","0","7","0","","36","02","2018","2018034564","2","39.7736","-76.1741","0230","08","0","0","0","0","0","0","0","0","","0","0","0","02","2","0","00","0","39 46:24.936","","00","76 10:26.607","9","0","0","0","36219","0","0","0","","0","0","0","1","68J01","0","","4","02","N","N","0","","0","0","0","0","0","","0214","0","1","0","0","1","0","1","1","0","1","N","","","","","","","","","","","","98","  ","","",""
"0949","0","0","0","0","0","0","0","0","0","7","0","","36","02","2018","2018034565","3","40.1627","-75.9623","0926","08","0","0","0","0","0","1","0","0","1","0","0","0","09","1","1","00","2","40 09:45.690","5","00","75 57:44.390","8","0","0","0","36203","0","0","0","N","0","0","0","2","68J01","0","","5","09","N","N","0","","0","0","0","0","0","N","0922","1","1","0","0","1","1","0","1","1","1","N","","","","","","","","","","","","03","  ","","",""
"0745","0","0","0","0","0","0","0","0","0","7","0","","36","02","2018","2018034566","5","39.7666","-76.1266","0722","08","0","0","0","0","0","0","0","0","1","0","0","0","07","1","0","00","1","39 45:59.897","1","00","76 07:35.676","0","0","0","0","36222","0","0","0","N","0","0","0","1","68J01","0","","4","02","N","N","1","","0","0","0","0","0","N","0709","0","1","0","0","0","0","0","1","0","1","N","","","","","","","","","","","","10","  ","","",""
"1856","0","0","0","0","0","0","0","0","0","0","0","","36","02","2018","2018034567","7","39.9897","-75.9985","1846","08","0","0","0","0","0","0","1","0","1","0","0","0","18","2","1","00","2","39 59:23.013","4","00","75 59:54.487","3","0","0","0","36232","0","0","0","N","0","0","0","1","68J01","0","","4","07","N","N","0","","1","0","1","0","0","N","1837","1","1","0","0","0","0","0","1","0","1","N","","","","","","","","","","","","10","  ","","",""
"0526","0","0","0","0","0","0","0","0","0","7","0","","36","03","2018","2018034604","3","40.0399","-76.2848","0519","08","0","0","0","0","0","0","0","0","3","0","0","0","05","3","1","00","2","40 02:23.580","4","00","76 17:05.265","4","0","0","0","36220","0","0","0","","0","0","0","1","36101","1","","5","01","N","N","0","","0","0","0","0","0","N","0517","1","1","0","0","1","0","0","3","1","1","N","","","","","","","","","","","","03","  ","","",""
"1749","0","0","0","0","0","0","0","0","0","1","0","","36","03","2018","2018034605","5","40.0776","-76.2592","1737","08","0","0","0","0","0","0","0","0","","0","0","0","17","1","0","00","0","40 04:39.209","","00","76 15:33.161","0","0","0","0","36101","0","0","0","","0","0","0","2","36101","0","","1","01","N","N","1","","0","0","1","0","0","","1735","0","2","0","0","0","0","0","3","0","2","N","","","","","","","","","","","","03","  ","","",""
"1428","1","0","0","0","0","0","0","0","0","1","0","","36","03","2018","2018034606","6","40.0679","-76.2954","1420","08","0","0","0","0","0","1","0","0","","0","0","0","14","1","0","00","0","40 04:04.597","","00","76 17:43.379","0","0","0","0","36101","0","0","0","","0","0","0","2","36101","0","","1","01","N","N","0","","0","0","1","0","0","","1419","0","2","0","0","0","0","0","3","0","2","N","","","","","","","","","","","","03","  ","","",""
"1454","2","0","0","0","0","0","0","0","0","4","0","","36","03","2018","2018034607","1","40.0569","-76.3112","1448","08","0","0","0","0","1","0","0","0","2","0","0","0","14","1","0","01","1","40 03:24.706","1","00","76 18:40.172","0","0","0","0","36101","0","0","0","","0","0","0","2","36101","0","","1","01","N","N","0","","0","0","0","3","2","N","1444","0","2","0","0","0","0","0","3","0","2","N","","","","","","","","","","","","03","  ","","",""
"1737","1","0","0","0","0","0","0","0","0","1","0","","36","03","2018","2018034608","3","40.0709","-76.3237","1729","08","0","0","0","1","0","0","0","0","3","0","0","0","17","1","0","00","2","40 04:15.393","3","03","76 19:25.266","0","0","0","0","36101","0","0","0","","0","0","0","2","36101","0","","1","02","N","N","0","","0","0","1","0","0","N","1725","0","2","0","0","0","0","0","3","0","2","N","","","","","","","","","","","","10","  ","","",""
"0650","1","0","0","0","0","0","0","0","0","7","0","","36","03","2018","2018034609","4","40.0679","-76.291","0648","08","0","0","0","0","0","1","0","0","2","0","0","0","06","5","1","00","1","40 04:04.385","3","00","76 17:27.621","4","0","0","0","36101","0","0","0","N","0","0","0","1","36101","1","","3","07","N","N","0","","0","0","0","0","0","N","0644","1","1","0","0","0","0","0","3","0","1","N","","","","","","","","","","","","10","  ","","",""
"0803","1","0","0","0","0","0","0","0","0","7","0","","36","03","2018","2018034610","4","40.0525","-76.3063","0754","08","0","0","0","0","0","0","0","0","","0","0","0","07","1","0","00","0","40 03:09.125","","00","76 18:22.749","0","0","0","0","36101","0","0","0","N","0","0","0","1","36101","0","","4","07","N","N","0","","0","0","0","0","0","","0751","0","1","0","0","0","0","0","3","0","1","N","","","","","","","","","","","","10","  ","","",""
"0727","0","0","0","0","0","0","0","0","0","1","1","","36","03","2018","2018034611","2","40.0395","-76.2043","0722","08","0","0","0","0","0","0","1","0","1","0","0","0","07","1","2","00","2","40 02:22.031","7","00","76 12:15.501","4","0","0","0","36215","0","0","0","N","0","0","0","4","36215","2","","1","01","N","N","1","","0","0","2","0","0","Y","0719","2","3","0","0","0","0","0","1","0","3","N","","","","","","","","","","","","03","  ","","",""
"1650","1","0","0","0","0","0","0","0","0","1","0","","36","03","2018","2018034612","3","40.0438","-76.2474","1644","08","0","0","1","0","0","0","0","0","1","0","0","0","16","1","1","00","1","40 02:37.765","4","00","76 14:50.793","4","0","0","0","36215","0","0","0","","0","0","0","2","36215","1","","1","09","N","N","0","","0","0","1","0","0","N","1642","1","2","0","0","0","0","0","1","0","2","N","","","","","","","","","","","","10","  ","","",""
"0632","1","0","0","0","0","0","0","0","0","2","0","","36","03","2018","2018034613","4","40.0472","-76.2503","0628","08","0","0","0","0","0","0","0","0","2","0","0","0","06","3","1","00","1","40 02:50.013","4","00","76 15:01.191","4","0","0","0","36215","0","0","0","","0","0","0","2","36215","1","","1","07","N","N","1","","0","0","0","0","0","N","0626","1","2","0","0","0","0","0","1","0","2","N","","","","","","","","","","","","10","  ","","",""
"1216","0","0","0","0","0","0","0","0","0","7","0","","36","02","2018","2018034616","1","39.8162","-76.037","1156","08","0","0","0","0","0","0","1","0","2","0","0","0","11","1","1","00","1","39 48:58.374","3","00","76 02:13.171","3","0","0","0","36205","0","0","0","","0","0","0","1","68J01","0","","4","02","N","N","0","","1","0","1","0","0","Y","1155","1","1","0","0","0","0","0","1","0","1","N","","","","","","","","","","","","98","  ","","",""
"0920","0","0","0","0","0","0","0","0","0","2","0","","36","02","2018","2018034617","4","39.9848","-76.0395","0910","08","0","0","0","0","0","0","1","0","1","0","0","0","09","1","2","00","1","39 59:05.258","4","00","76 02:22.025","8","0","0","0","36232","0","0","0","N","0","0","0","2","68J01","0","","1","02","N","N","1","","0","0","1","0","0","N","0909","2","2","0","0","0","2","0","1","0","2","N","","","","","","","","","","","","09","  ","","",""
"1845","2","0","0","0","0","0","0","0","0","4","0","","36","02","2018","2018034622","4","39.9522","-76.2395","1838","08","0","0","0","0","0","0","0","1","2","0","0","0","18","3","0","03","2","39 57:08.059","5","00","76 14:22.261","0","0","0","0","36233","0","0","0","N","0","0","0","2","68J01","0","","1","01","N","N","0","","0","0","0","0","0","Y","1828","0","2","0","0","0","0","0","1","0","2","N","","","","","","","","","","","","03","  ","","",""
"0618","0","0","3","0","0","0","0","0","0","4","0","","36","03","2018","2018034648","4","40.1441","-76.42","0605","08","0","0","0","0","0","0","0","0","2","0","0","0","05","3","3","01","2","40 08:38.763","6","00","76 25:12.095","2","0","0","0","36230","0","0","0","N","0","0","0","3","36410","0","","1","07","N","N","1","","0","3","1","3","2","Y","0555","3","2","0","0","0","0","0","1","0","2","N","","","","","","","","","","","","10","  ","","",""
"1656","0","0","0","0","0","0","0","0","0","7","0","","36","03","2018","2018034666","6","40.0687","-76.3429","1656","08","0","0","0","0","0","0","0","0","1","0","0","0","16","1","0","02","1","40 04:07.251","2","07","76 20:34.310","0","0","0","0","36301","0","0","0","N","0","0","0","1","36301","0","","1","01","N","N","0","","0","0","0","3","2","N","1656","0","2","0","0","0","0","0","3","1","1","N","","","","","","","","","","","","03","  ","","",""
"1102","2","0","0","0","0","0","0","0","0","4","0","","36","03","2018","2018034668","6","40.0778","-76.4211","1054","08","0","0","0","0","1","0","0","1","1","0","0","0","10","1","0","01","1","40 04:40.243","4","00","76 25:15.962","0","0","0","0","36214","0","0","0","N","0","0","0","2","36214","0","","1","01","N","N","0","","0","0","0","3","3","N","1045","0","2","0","0","0","0","0","3","0","2","N","","","","","","","","","","","","03","  ","","",""
"1253","0","0","0","0","0","0","0","0","0","8","0","","36","03","2018","2018034679","1","40.029","-76.2358","1247","08","0","0","0","0","0","0","0","0","3","1","0","0","12","1","0","00","2","40 01:44.400","6","07","76 14:08.700","1","0","0","0","36215","1","1","0","N","1","1","0","8","36215","0","2","1","01","N","N","1","0","0","0","0","0","0","Y","1246","0","2","0","0","4","0","0","1","0","1","N","","","","","","","","","","","","03","  ","","",""
"0800","0","0","0","0","0","0","0","0","0","4","0","","36","03","2018","2018034705","5","40.1027","-76.4328","0733","08","0","0","0","0","0","0","0","0","2","0","0","0","07","1","0","01","1","40 06:09.698","3","00","76 25:58.025","0","0","0","0","36239","0","0","0","N","0","0","0","2","36239","0","","1","07","N","N","0","","0","0","2","3","3","N","0733","0","2","0","0","0","0","0","3","0","2","N","","","","","","","","","","","","03","  ","","",""
"1021","0","0","0","0","0","0","0","0","0","4","0","","36","03","2018","2018034708","4","40.033","-76.506","1021","08","0","0","0","0","0","1","0","0","1","0","0","0","10","1","1","01","1","40 01:58.979","4","00","76 30:21.554","3","0","0","0","36404","0","0","0","N","0","0","0","2","36404","0","","1","07","N","N","2","","1","0","0","3","3","Y","1021","1","2","0","0","0","0","0","3","0","2","N","","","","","","","","","","","","10","  ","","",""
"0648","1","0","0","0","0","0","0","0","0","6","1","","36","03","2018","2018034718","4","40.1903","-76.414","0634","08","0","0","0","0","0","1","0","0","","0","1","0","06","5","0","00","0","40 11:24.909","","00","76 24:50.564","0","0","0","0","36230","0","0","0","N","0","0","0","3","36410","0","","1","07","N","N","0","","0","0","0","0","0","","0627","0","2","0","0","0","0","0","1","0","2","N","","","","","","","","","","","","10","  ","","",""
"0842","1","0","0","0","0","0","0","0","0","7","0","","36","03","2018","2018034722","6","40.2131","-76.0872","0839","08","0","0","0","0","0","0","0","0","2","0","0","0","08","1","1","00","1","40 12:47.100","3","00","76 05:13.900","3","0","0","0","36210","0","0","0","N","0","0","0","1","36210","0","","5","01","N","N","0","","1","0","0","0","0","N","0837","1","1","0","0","0","0","0","1","0","1","N","","","","","","","","","","","","03","  ","","",""
"0807","0","0","0","0","0","0","0","0","0","7","0","","36","03","2018","2018034746","4","40.1803","-76.3161","0801","08","0","0","0","0","0","0","0","0","1","0","0","0","07","1","0","00","1","40 10:49.066","4","00","76 18:57.808","0","0","0","0","36235","0","0","0","N","0","0","0","1","36506","0","","4","07","N","N","0","","0","0","1","0","0","N","0756","0","1","0","0","0","0","0","1","0","1","N","","","","","","","","","","","","10","  ","","",""
"1040","0","0","0","0","0","0","0","0","0","7","0","","36","03","2018","2018034747","4","40.1775","-76.3623","1031","08","0","0","0","0","0","0","1","0","2","0","0","0","10","1","0","02","1","40 10:39.128","3","00","76 21:44.446","0","0","0","0","36227","0","0","0","N","0","0","0","1","36506","0","","4","07","N","N","0","","0","0","1","0","0","Y","1031","0","1","0","0","0","0","0","1","0","1","N","","","","","","","","","","","","10","  ","","",""
"1210","1","0","0","0","0","0","0","0","0","7","0","","36","03","2018","2018034748","4","40.1785","-76.3524","1200","08","0","0","0","0","0","0","0","0","2","0","0","0","12","1","0","00","1","40 10:42.637","4","00","76 21:08.490","0","0","0","0","36227","0","0","0","N","0","0","0","1","36506","0","","4","07","N","N","0","","0","0","0","0","0","Y","1200","0","1","0","0","0","0","0","1","0","1","N","","","","","","","","","","","","10","  ","","",""
"0829","0","0","0","0","0","0","0","0","0","7","1","","36","03","2018","2018034749","4","40.1771","-76.309","0829","08","0","0","0","0","0","0","0","0","2","0","1","0","08","1","1","00","2","40 10:37.663","5","00","76 18:32.234","3","0","0","0","36235","0","0","0","N","0","0","0","1","36506","0","","4","07","N","N","0","","1","0","0","0","0","N","0829","1","1","0","0","0","0","0","1","0","1","N","","","","","","","","","","","","10","  ","","",""
"1203","1","0","0","0","0","0","0","0","0","2","0","","36","03","2018","2018034750","4","40.1882","-76.3097","1153","08","0","0","0","0","0","0","0","0","2","0","0","0","11","1","1","00","2","40 11:17.913","5","00","76 18:35.108","8","0","0","0","36235","0","0","0","N","0","0","0","3","36506","0","","1","07","N","N","1","","0","0","0","0","0","Y","1149","1","2","0","0","0","1","0","1","0","2","N","","","","","","","","","","","","10","  ","","",""
"1145","0","0","0","0","0","0","0","0","0","7","0","","36","03","2018","2018034751","4","40.1777","-76.2693","1138","08","0","0","0","0","0","0","0","0","","0","0","0","11","1","0","00","0","40 10:39.800","","00","76 16:09.600","0","0","0","0","36235","0","0","0","N","0","0","0","1","36506","0","","4","07","N","N","0","","0","0","1","0","0","","1138","0","1","0","0","0","0","0","1","0","1","N","","","","","","","","","","","","10","  ","","",""
"1723","1","0","0","0","0","0","0","0","0","7","0","","36","03","2018","2018034815","3","39.8878","-76.1438","1717","08","0","0","0","0","0","0","0","0","","0","0","0","17","2","0","00","0","39 53:16.060","","00","76 08:37.610","0","0","0","0","36212","0","0","0","N","0","0","0","1","68J01","0","","5","02","N","N","0","","0","0","0","0","0","","1709","0","1","0","0","0","0","0","1","0","1","N","","","","","","","","","","","","10","  ","","",""
"1716","0","0","0","0","0","0","0","0","0","7","0","","36","03","2018","2018034852","4","40.1488","-75.9098","1702","08","0","0","0","0","0","0","0","0","","0","0","0","16","1","0","00","0","40 08:55.551","","00","75 54:35.323","0","0","0","0","36203","0","0","0","N","0","0","0","3","68J01","0","","5","07","N","N","0","","0","0","1","0","0","","1652","0","1","0","0","0","0","0","1","0","1","N","","","","","","","","","","","","10","  ","","",""
"1245","2","0","0","0","0","0","0","0","0","4","0","","36","03","2018","2018034874","4","40.0392","-76.5064","1245","08","0","0","0","0","0","2","0","0","2","0","0","0","12","1","0","00","1","40 02:21.297","4","00","76 30:22.998","0","0","0","0","36404","0","0","0","N","0","0","0","4","36404","0","","1","07","N","N","0","","0","0","2","0","0","Y","1245","0","4","0","0","0","0","0","3","0","4","N","","","","","","","","","","","","10","  ","","",""
"0949","0","0","0","0","0","0","0","0","0","4","0","","36","03","2018","2018034901","4","40.1325","-76.3332","0936","08","0","0","0","0","0","0","0","0","","0","0","0","09","1","0","01","0","40 07:56.963","","00","76 19:59.491","0","0","0","0","36235","0","0","0","N","0","0","0","1","36506","0","","1","07","N","N","1","","0","0","0","3","3","","0936","0","2","0","0","0","0","0","1","0","1","N","","","","","","","","","","","","10","  ","","",""
"1456","0","0","0","0","0","0","0","0","0","7","0","","36","03","2018","2018034902","4","40.1407","-76.3553","1448","08","0","0","0","0","0","0","0","0","2","0","0","0","14","1","0","00","2","40 08:26.410","5","00","76 21:19.007","0","0","0","0","36227","0","0","0","N","0","0","0","1","36506","0","","5","07","N","N","1","","0","0","0","0","0","Y","1448","0","1","0","0","0","0","0","1","0","1","N","","","","","","","","","","","","10","  ","","",""
"1620","0","0","0","0","0","0","0","0","0","4","0","","36","03","2018","2018034904","5","40.0824","-76.351","1614","08","0","0","0","0","0","1","1","0","2","0","0","0","16","1","0","01","1","40 04:56.816","2","00","76 21:03.528","0","0","0","0","36214","0","0","0","N","0","0","0","2","36214","0","","1","01","N","Y","0","","0","0","2","3","2","N","1609","0","2","0","0","0","0","0","3","0","2","N","","","","","","","","","","","","03","  ","","",""
"1723","0","0","0","0","0","0","0","0","0","7","0","","36","02","2018","2018034924","7","39.8527","-76.2207","1723","08","0","0","0","0","0","1","0","0","","0","0","0","21","2","0","00","0","39 51:09.611","","00","76 13:14.357","0","0","0","0","36208","0","0","0","","0","0","0","1","68J01","0","","5","02","N","N","0","","0","0","1","0","0","","2154","0","1","0","0","0","0","0","1","0","1","N","","","","","","","","","","","","98","  ","","",""
"1542","0","0","0","0","0","0","0","0","0","0","1","","36","03","2018","2018034934","6","39.822","-76.3191","1515","08","0","0","0","0","0","1","0","0","9","0","1","0","15","1","1","00","2","39 49:19.077","7","03","76 19:08.616","3","0","0","0","36224","0","0","0","","0","0","0","1","68J01","0","","1","01","N","N","0","","1","0","0","0","0","Y","1511","1","1","0","0","0","0","0","1","0","1","N","","","","","","","","","","","","98","  ","","",""
"0903","1","0","0","0","0","0","0","0","0","7","0","","36","03","2018","2018034959","4","40.0635","-76.3398","0857","08","0","0","0","0","0","1","0","0","","0","0","0","08","1","1","00","0","40 03:48.583","","01","76 20:23.208","4","0","0","0","36101","0","0","0","","0","0","0","1","36101","1","","2","02","N","N","0","","0","0","0","0","0","","0851","1","1","0","0","0","0","0","3","0","1","N","","","","","","","","","","","","10","  ","","",""
"2031","1","0","0","0","0","0","0","0","0","7","0","","36","03","2018","2018034960","3","40.0209","-76.3822","2028","08","0","0","0","0","0","0","0","0","1","0","0","0","20","2","0","00","1","40 01:15.200","4","00","76 22:56.040","0","0","0","0","36223","0","0","0","N","0","0","0","1","36223","0","","5","06","N","N","0","","0","0","0","0","0","N","2023","0","1","0","0","0","0","0","1","0","1","N","","","","","","","","","","","","10","  ","","",""
"0631","0","0","0","0","0","0","0","0","0","7","0","","36","02","2018","2018034968","3","40.2311","-76.2913","0604","08","0","0","0","0","0","0","0","0","","0","0","0","06","1","0","00","0","40 13:52.062","","00","76 17:28.714","0","0","0","0","36217","0","0","0","N","0","0","0","1","68J01","0","","4","01","N","N","1","","0","0","0","0","0","","0603","0","1","0","0","0","0","0","1","0","1","N","","","","","","","","","","","","05","  ","","",""
"1401","1","0","0","0","0","0","0","0","0","8","0","","36","02","2018","2018034969","4","39.8876","-76.1623","1358","08","0","0","0","0","0","0","0","0","","0","0","0","13","1","1","00","0","39 53:15.507","","00","76 09:44.448","3","0","0","0","36212","1","0","0","N","1","0","0","2","68J01","0","","1","01","N","N","0","","1","0","0","0","0","","1355","1","2","0","0","0","0","0","1","0","1","N","","","","","","","","","","","","03","  ","","",""
"1640","1","0","0","0","0","0","0","0","0","4","0","","36","03","2018","2018035017","5","40.0695","-76.3177","1627","08","0","0","0","0","0","0","0","0","","0","0","0","16","1","0","00","0","40 04:10.252","","07","76 19:03.808","0","0","0","0","36301","0","0","0","N","0","0","0","3","36301","0","","1","01","N","N","0","","0","0","1","0","0","","1620","0","2","0","0","0","0","0","3","0","2","N","","","","","","","","","","","","03","  ","","",""
"1918","1","0","0","0","0","0","0","0","0","1","0","","36","03","2018","2018035022","5","40.0235","-76.4544","1914","08","0","0","0","0","0","0","1","0","2","0","0","0","19","1","1","00","2","40 01:24.464","1","00","76 27:15.775","3","0","0","0","36239","0","0","0","N","0","0","0","1","36239","0","","1","01","N","N","0","","1","0","1","0","0","N","1913","1","2","0","0","0","0","0","3","0","2","N","","","","","","","","","","","","03","  ","","",""
"1840","0","0","0","0","0","0","0","0","0","4","0","","36","03","2018","2018035026","1","40.1648","-76.2153","1836","08","0","0","0","0","0","1","0","0","2","0","0","0","18","1","1","01","1","40 09:53.158","7","00","76 12:54.966","4","0","0","0","36218","0","0","0","N","0","0","0","2","36408","1","","1","01","N","N","0","","0","0","1","3","2","Y","1834","1","2","0","0","0","0","0","1","1","2","N","","","","","","","","","","","","03","  ","","",""
"1847","1","0","0","0","0","0","0","0","0","1","0","","36","03","2018","2018035035","5","40.0541","-76.3663","1843","08","0","0","0","0","0","0","1","0","","0","0","0","18","1","0","00","0","40 03:14.578","","03","76 21:58.614","0","0","0","0","36214","0","0","0","N","0","0","0","4","36214","0","","1","01","N","N","0","","0","0","1","0","0","","1840","0","2","0","0","0","0","0","3","0","2","N","","","","","","","","","","","","03","  ","","",""
"1238","1","0","0","0","0","0","0","0","0","4","1","","36","03","2018","2018035102","4","40.0934","-76.3505","1214","08","0","0","0","0","0","0","0","0","","0","1","0","11","1","0","01","0","40 05:36.355","","00","76 21:01.669","0","0","0","0","36406","0","0","0","","0","0","0","2","36101","0","","1","07","N","N","0","","0","0","0","3","2","","1143","0","2","0","0","0","0","0","3","0","2","N","","","","","","","","","","","","10","  ","","",""
"1955","1","0","0","0","0","0","0","0","0","1","0","","36","03","2018","2018035103","5","40.0724","-76.2994","1944","08","0","0","0","0","0","1","0","0","1","0","0","0","19","3","0","00","1","40 04:20.608","1","00","76 17:57.760","0","0","0","0","36101","0","0","0","","0","0","0","2","36101","0","","1","01","N","N","0","","0","0","1","0","0","N","1922","0","2","0","0","0","0","0","3","0","2","N","","","","","","","","","","","","03","  ","","",""
"0547","3","0","0","0","0","0","0","0","0","1","0","","36","03","2018","2018035104","3","40.0709","-76.3233","0540","08","0","0","0","0","1","3","0","0","2","0","0","0","05","3","1","00","2","40 04:15.308","3","03","76 19:23.926","4","0","0","0","36101","0","0","0","N","0","0","0","9","36101","1","","1","02","N","N","4","","0","0","2","0","0","N","0530","1","9","0","0","0","0","0","3","0","9","N","","","","","","","","","","","","98","  ","","",""
"0247","1","0","0","0","0","0","0","0","0","7","0","","36","03","2018","2018035148","1","40.0649","-76.2838","0242","08","0","0","0","0","0","0","0","0","","0","0","0","02","3","0","00","0","40 03:53.528","","00","76 17:01.603","9","0","0","0","36101","0","0","0","","0","0","0","1","36101","0","","4","01","N","N","0","","0","0","0","0","0","","0238","0","1","0","0","0","0","1","3","0","1","N","","","","","","","","","","","","03","  ","","",""
"0814","2","0","0","0","0","0","0","0","0","1","0","","36","03","2018","2018035149","5","40.0524","-76.2761","0805","08","0","0","0","0","0","0","0","0","2","0","0","0","07","1","0","00","2","40 03:08.658","3","00","76 16:33.881","0","0","0","0","36101","0","0","0","","0","0","0","2","36101","0","","1","02","N","N","0","","0","0","0","0","0","Y","0747","0","2","0","0","0","0","0","3","0","2","N","","","","","","","","","","","","03","  ","","",""
"1153","1","0","0","0","0","0","0","0","0","4","0","","36","03","2018","2018035179","2","40.0421","-76.3134","1152","08","0","0","0","0","0","0","0","0","2","0","0","0","11","1","0","01","1","40 02:31.437","4","00","76 18:48.380","0","0","0","0","36301","0","0","0","N","0","0","0","2","36301","0","","1","01","N","N","0","","0","0","1","3","2","N","1137","0","3","0","0","0","0","0","3","1","3","N","","","","","","","","","","","","03","  ","","",""
"0845","1","0","0","0","0","0","0","0","0","6","1","","36","03","2018","2018035187","5","40.1695","-76.1686","0843","08","0","0","0","0","0","0","0","0","2","0","1","0","08","1","1","00","2","40 10:10.170","6","00","76 10:06.906","8","0","0","0","36408","0","0","0","N","0","0","0","2","36408","0","","1","09","N","N","0","","0","0","0","0","0","Y","0843","1","2","0","0","0","1","0","2","0","2","N","","","","","","","","","","","","03","  ","","",""
"1451","1","0","0","0","0","0","0","0","0","7","0","","36","03","2018","2018035238","5","40.1794","-76.3368","1447","08","0","0","0","0","0","0","0","0","","0","0","0","14","1","0","00","0","40 10:45.700","","00","76 20:12.500","0","0","0","0","36227","0","0","0","N","0","0","0","1","36506","0","","4","01","N","N","0","","0","0","0","0","0","","1447","0","1","0","0","0","0","0","1","0","1","N","","","","","","","","","","","","03","  ","","",""
"1044","1","0","0","0","0","0","0","0","0","7","0","","36","03","2018","2018035239","4","40.1749","-76.3666","1044","08","0","0","0","0","1","0","0","0","1","0","0","0","10","1","2","00","2","40 10:29.506","6","00","76 21:59.628","8","0","0","0","36227","0","0","0","N","0","0","0","2","36506","0","","4","07","N","N","0","","0","0","0","0","0","Y","1044","2","1","0","0","0","2","0","1","0","1","N","","","","","","","","","","","","10","  ","","",""
"1357","0","0","0","0","0","0","0","0","0","7","0","","36","03","2018","2018035305","5","40.137","-76.555","1349","08","0","0","0","0","0","1","0","0","","0","0","0","13","1","0","00","0","40 08:13.171","","00","76 33:18.093","0","0","0","0","36225","0","0","0","Y","0","0","0","1","36505","0","","2","09","N","N","0","","0","0","1","0","0","N","1348","0","1","0","0","0","0","0","2","0","1","N","","","","","","","","","","","","03","  ","","",""
"1325","1","0","0","0","0","0","0","0","0","4","0","","36","03","2018","2018035310","6","40.1359","-76.0946","1320","08","0","0","0","0","0","2","0","0","","0","0","0","13","1","0","00","0","40 08:09.382","","00","76 05:40.479","0","0","0","0","36209","0","0","0","N","0","0","0","3","36415","0","","1","01","N","N","0","","0","0","1","0","0","N","1320","0","2","0","0","0","0","0","1","0","2","N","","","","","","","","","","","","03","  ","","",""