"ARRIVAL_TM","AUTOMOBILE_COUNT","BELTED_DEATH_COUNT","BELTED_SUSP_SERIOUS_INJ_COUNT","BICYCLE_COUNT","BICYCLE_DEATH_COUNT","BICYCLE_SUSP_SERIOUS_INJ_COUNT","BUS_COUNT","CHLDPAS_DEATH_COUNT","CHLDPAS_SUSP_SERIOUS_INJ_COUNT","COLLISION_TYPE","COMM_VEH_COUNT","CONS_ZONE_SPD_LIM","COUNTY","CRASH_MONTH","CRASH_YEAR","CRN","DAY_OF_WEEK","DEC_LAT","DEC_LONG","DISPATCH_TM","DISTRICT","DRIVER_COUNT_16YR","DRIVER_COUNT_17YR","DRIVER_COUNT_18YR","DRIVER_COUNT_19YR","DRIVER_COUNT_20YR","DRIVER_COUNT_50_64YR","DRIVER_COUNT_65_74YR","DRIVER_COUNT_75PLUS","EST_HRS_CLOSED","FATAL_COUNT","HEAVY_TRUCK_COUNT","HORSE_BUGGY_COUNT","HOUR_OF_DAY","ILLUMINATION","INJURY_COUNT","INTERSECT_TYPE","LANE_CLOSED","LATITUDE","LN_CLOSE_DIR","LOCATION_TYPE","LONGITUDE","MAX_SEVERITY_LEVEL","MCYCLE_DEATH_COUNT","MCYCLE_SUSP_SERIOUS_INJ_COUNT","MOTORCYCLE_COUNT","MUNICIPALITY","NONMOTR_COUNT","NONMOTR_DEATH_COUNT","NONMOTR_SUSP_SERIOUS_INJ_COUNT","NTFY_HIWY_MAINT","PED_COUNT","PED_DEATH_COUNT","PED_SUSP_SERIOUS_INJ_COUNT","PERSON_COUNT","POLICE_AGCY","POSSIBLE_INJ_COUNT","RDWY_SURF_TYPE_CD","RELATION_TO_ROAD","ROAD_CONDITION","SCH_BUS_IND","SCH_ZONE_IND","SMALL_TRUCK_COUNT","SPEC_JURIS_CD","SUSP_MINOR_INJ_COUNT","SUSP_SERIOUS_INJ_COUNT","SUV_COUNT","TCD_FUNC_CD","TCD_TYPE","TFC_DETOUR_IND","TIME_OF_DAY","TOT_INJ_COUNT","TOTAL_UNITS","UNB_DEATH_COUNT","UNB_SUSP_SERIOUS_INJ_COUNT","UNBELTED_OCC_COUNT","UNK_INJ_DEG_COUNT","UNK_INJ_PER_COUNT","URBAN_RURAL","VAN_COUNT","VEHICLE_COUNT","WORK_ZONE_IND","WORK_ZONE_LOC","WORK_ZONE_TYPE","WORKERS_PRES","WZ_CLOSE_DETOUR","WZ_FLAGGER","WZ_LAW_OFFCR_IND","WZ_LN_CLOSURE","WZ_MOVING","WZ_OTHER","WZ_SHLDER_MDN","ROADWAY_CLEARED","WEATHER1","WEATHER2","WZ_WORKERS_INJ_KILLED","SECONDARY_CRASH","INTERSECTION_RELATED"
"0856","2","0","0","0","0","0","0","0","0","1","0","","36","03","2018","2018035314","5","40.0036","-76.2938","0851","08","0","0","0","0","0","0","0","0","2","0","0","0","08","1","0","02","1","40 00:12.937","2","07","76 17:37.770","0","0","0","0","36240","0","0","0","N","0","0","0","3","36240","0","","1","09","N","N","0","","0","0","1","0","0","N","0846","0","3","0","0","0","0","0","1","0","3","N","","","","","","","","","","","","03","  ","","",""
"0940","0","0","0","0","0","0","0","0","0","7","0","","36","03","2018","2018035343","4","40.101","-76.3054","0931","08","0","0","0","0","0","0","0","0","","0","0","0","09","1","0","00","0","40 06:03.514","","00","76 18:19.317","0","0","0","0","36101","0","0","0","","0","0","0","1","36101","0","","4","07","N","N","0","","0","0","1","3","2","","0930","0","1","0","0","0","0","0","3","0","1","N","","","","","","","","","","","","10","  ","","",""
"1146","1","0","0","0","0","0","0","0","0","1","0","","36","03","2018","2018035344","4","40.1033","-76.255","1130","08","0","0","0","0","0","0","0","0","2","0","0","0","11","1","0","00","1","40 06:11.718","1","00","76 15:18.080","0","0","0","0","36101","0","0","0","","0","0","0","6","36101","0","","2","02","N","N","0","","0","0","1","0","0","N","1128","0","2","0","0","0","0","0","3","0","2","N","","","","","","","","","","","","10","  ","","",""
"0805","1","0","0","0","0","0","0","0","0","7","0","","36","03","2018","2018035345","5","40.0523","-76.2763","0752","08","0","0","0","0","0","0","0","0","2","0","0","0","07","5","0","00","2","40 03:08.444","1","00","76 16:34.770","0","0","0","0","36101","0","0","0","N","0","0","0","4","36101","0","","4","02","N","N","0","","0","0","2","0","0","Y","0747","0","4","0","0","0","0","0","3","1","4","N","","","","","","","","","","","","03","  ","","",""
"1459","0","0","0","0","0","0","0","0","0","1","0","","36","03","2018","2018035346","5","40.0982","-76.3001","1458","08","0","0","0","0","1","1","0","0","1","0","0","0","14","1","2","00","1","40 05:53.656","6","00","76 18:00.534","3","0","0","0","36101","0","0","0","N","0","0","0","2","36101","0","","1","01","N","N","0","","2","0","1","0","0","N","1455","2","2","0","0","0","0","0","3","1","2","N","","","","","","","","","","","","03","  ","","",""
"1245","0","0","0","0","0","0","0","0","0","5","0","","36","03","2018","2018035347","3","40.0813","-76.3527","1239","08","0","0","0","0","0","0","0","0","","0","0","0","12","1","0","00","0","40 04:52.830","","00","76 21:09.654","0","0","0","0","36101","0","0","0","N","0","0","0","2","36214","0","","1","01","N","N","0","","0","0","2","0","0","","1238","0","2","0","0","0","0","0","3","0","2","N","","","","","","","","","","","","03","  ","","",""
"1325","2","0","0","0","0","0","0","0","0","5","0","","36","03","2018","2018035348","4","40.0591","-76.3635","1316","08","0","0","0","0","0","2","0","0","2","0","0","0","13","1","0","00","1","40 03:32.764","3","00","76 21:48.503","0","0","0","0","36214","0","0","0","N","0","0","0","3","36214","0","","1","01","N","N","0","","0","0","1","0","0","N","1314","0","3","0","0","0","0","0","3","0","3","N","","","","","","","","","","","","03","  ","","",""
"0506","0","0","0","0","0","0","0","0","0","0","1","","36","03","2018","2018035400","4","40.2208","-76.076","0502","08","0","0","0","0","0","1","0","0","3","0","1","0","04","2","0","00","1","40 13:14.838","2","00","76 04:33.421","0","0","0","0","36210","0","0","0","N","0","0","0","1","36210","0","","3","07","N","N","0","","0","0","0","0","0","N","0458","0","1","0","0","0","0","0","1","0","1","N","","","","","","","","","","","","10","  ","","",""
"0456","1","0","0","0","0","0","0","0","0","7","0","","36","03","2018","2018035401","4","40.1393","-76.0186","0451","08","0","0","0","0","0","0","0","0","2","0","0","0","04","2","0","00","1","40 08:21.500","2","00","76 01:07.000","0","0","0","0","36213","0","0","0","N","0","0","0","1","36213","0","","4","07","N","N","0","","0","0","0","0","0","N","0435","0","1","0","0","0","0","0","1","0","1","N","","","","","","","","","","","","10","  ","","",""
"1509","0","0","0","0","0","0","0","0","0","4","0","","36","03","2018","2018035414","2","40.1603","-76.5866","1504","08","0","0","1","0","0","1","0","0","","0","0","0","15","1","0","02","0","40 09:36.962","","00","76 35:11.628","0","0","0","0","36407","0","0","0","N","0","0","0","2","36407","0","","1","01","N","N","0","","0","0","2","0","0","","1500","0","2","0","0","0","0","0","2","0","2","N","","","","","","","","","","","","03","  ","","",""
"1902","1","0","0","0","0","0","0","0","0","5","1","","36","03","2018","2018035416","2","40.1436","-76.3048","1859","08","0","0","0","0","0","1","0","0","2","0","1","0","18","4","1","01","2","40 08:36.966","5","00","76 18:17.243","3","0","0","0","36409","0","0","0","N","0","0","0","2","36409","0","","1","01","N","N","0","","1","0","0","3","2","Y","1858","1","2","0","0","0","0","0","3","0","2","N","","","","","","","","","","","","03","  ","","",""
"1711","0","0","0","0","0","0","0","0","0","0","0","","36","03","2018","2018035447","3","39.9256","-76.254","1711","08","0","0","0","0","0","1","0","0","1","0","0","0","17","1","0","00","2","39 55:32.296","2","00","76 15:14.222","0","0","0","0","36229","0","0","0","N","0","0","0","1","68J01","0","","1","02","N","N","1","","0","0","0","0","0","Y","1711","0","1","0","0","1","0","0","1","0","1","N","","","","","","","","","","","","10","  ","","",""
"0727","0","0","0","0","0","0","0","0","0","0","1","","36","03","2018","2018035462","6","39.997","-76.1831","0715","08","0","0","0","0","0","1","0","0","","0","1","0","06","5","0","00","0","39 59:49.335","","00","76 10:59.186","0","0","0","0","36233","0","0","0","N","0","0","0","2","68J01","0","","1","01","N","N","0","","0","0","0","0","0","","0659","0","2","0","0","0","0","0","1","1","2","N","","","","","","","","","","","","03","  ","","",""
"0114","1","0","0","0","0","0","0","0","0","7","0","","36","03","2018","2018035487","7","40.1454","-76.4176","0114","08","0","0","0","0","0","0","0","0","","0","0","0","01","2","1","00","0","40 08:43.402","","00","76 25:03.526","4","0","0","0","36230","0","0","0","N","0","0","0","1","36410","1","","4","01","N","N","0","","0","0","0","0","0","","0100","1","1","0","0","0","0","0","1","0","1","N","","","","","","","","","","","","03","  ","","",""
"0622","1","0","0","0","0","0","0","0","0","3","1","","36","03","2018","2018035488","2","40.1628","-76.3949","0622","08","0","0","0","0","0","0","0","0","9","0","1","0","06","3","0","00","9","40 09:46.000","6","00","76 23:41.700","0","0","0","0","36410","0","0","0","N","0","0","0","1","36410","0","","6","01","N","N","0","","0","0","0","0","0","N","0619","0","2","0","0","0","0","0","2","0","2","N","","","","","","","","","","","","03","  ","","",""
"2356","0","0","0","0","0","0","0","0","0","7","0","","36","03","2018","2018035500","6","40.0983","-75.9781","2331","08","1","0","0","0","0","0","0","0","1","0","0","0","23","2","0","00","2","40 05:54.030","5","00","75 58:41.110","0","0","0","0","36203","0","0","0","N","0","0","0","1","68J01","0","","4","01","N","N","1","","0","0","0","0","0","N","2324","0","1","0","0","0","0","0","1","0","1","N","","","","","","","","","","","","03","  ","","",""
"1341","1","0","0","0","0","0","0","0","0","4","0","","36","03","2018","2018035502","1","39.8487","-76.068","1322","08","0","0","0","0","0","0","0","0","1","0","0","1","13","1","0","02","1","39 50:55.449","2","00","76 04:04.942","0","0","0","0","36205","1","0","0","N","0","0","0","2","68J01","0","","1","01","N","N","0","","0","0","0","3","3","N","1319","0","2","0","0","0","0","0","1","0","1","N","","","","","","","","","","","","03","  ","","",""
"2339","1","0","0","0","0","0","0","0","0","9","0","","36","03","2018","2018035504","2","39.8963","-76.2404","2337","08","0","0","0","0","0","1","0","0","","0","0","0","23","2","0","00","0","39 53:46.597","","00","76 14:25.571","0","0","0","0","36229","0","0","0","","0","0","0","1","68J01","0","","1","01","N","N","0","","0","0","0","0","0","","2328","0","1","0","0","0","0","0","1","0","1","N","","","","","","","","","","","","03","  ","","",""
"2022","0","0","0","0","0","0","0","0","0","0","0","","36","03","2018","2018035509","2","40.0617","-76.1467","2002","08","0","0","0","0","0","1","0","0","","0","0","0","19","2","0","03","0","40 03:42.064","","00","76 08:48.263","9","0","0","0","36221","0","0","0","","0","0","0","2","68J01","0","","1","09","N","N","0","","0","0","0","0","0","","1958","0","2","0","0","0","0","1","1","1","2","N","","","","","","","","","","","","07","  ","","",""
"0704","2","0","0","0","0","0","0","0","0","2","0","","36","03","2018","2018035511","3","39.9709","-76.1393","0651","08","0","0","0","0","0","1","0","0","1","0","0","0","06","2","0","00","2","39 58:15.099","5","00","76 08:21.312","0","0","0","0","36226","0","0","0","","0","0","0","3","68J01","0","","1","02","N","N","0","","0","0","1","0","0","Y","0642","0","3","0","0","0","0","0","1","0","3","N","","","","","","","","","","","","10","  ","","",""
"1629","0","0","0","0","0","0","0","0","0","5","0","","36","03","2018","2018035547","6","40.032","-76.4933","1625","08","0","0","0","0","0","1","0","0","2","0","0","0","16","1","1","02","2","40 01:55.146","6","00","76 29:35.749","3","0","0","1","36404","0","0","0","N","0","0","0","1","36404","0","","2","01","N","N","0","","1","0","1","0","0","Y","1625","1","2","0","0","0","0","0","3","0","2","N","","","","","","","","","","","","03","  ","","",""
"1439","3","0","0","0","0","0","0","0","0","1","0","","36","03","2018","2018035548","1","40.1401","-76.5901","1431","08","0","0","0","0","0","1","0","1","2","0","0","0","14","1","1","00","1","40 08:24.484","3","00","76 35:24.459","8","0","0","0","36237","0","0","0","N","0","0","0","3","36505","0","","1","01","N","N","0","","0","0","0","0","0","N","1426","1","3","0","0","0","1","0","1","0","3","N","","","","","","","","","","","","03","  ","","",""
"0911","0","0","1","0","0","0","0","0","0","4","0","","36","03","2018","2018035573","7","40.0627","-76.4861","0904","08","0","0","0","0","0","2","0","0","2","0","0","0","09","1","2","02","2","40 03:45.732","6","00","76 29:10.090","2","0","0","0","36239","0","0","0","N","0","0","0","2","36239","1","","1","01","N","N","1","","0","1","1","3","3","Y","0903","2","2","0","0","0","0","0","3","0","2","N","","","","","","","","","","","","03","  ","","",""
"1746","1","0","0","0","0","0","0","0","0","7","0","","36","01","2018","2018035631","4","40.1277","-76.5534","1740","08","0","0","0","0","0","1","0","0","","0","0","0","17","2","1","00","0","40 07:39.867","","00","76 33:12.129","3","0","0","0","36225","0","0","0","N","0","0","0","1","36505","0","","4","01","N","N","0","","1","0","0","0","0","","1738","1","1","0","0","0","0","0","2","0","1","N","","","","","","","","","","","","03","  ","","",""
"0817","1","0","0","0","0","0","0","0","0","5","1","","36","03","2018","2018035699","5","40.1498","-76.1767","0811","08","0","0","0","0","0","0","0","0","","0","1","0","08","1","1","00","0","40 08:59.109","","00","76 10:36.226","3","0","0","0","36238","0","0","0","Y","0","0","0","1","36238","0","","2","01","N","N","0","","1","0","0","0","0","N","0811","1","2","0","0","0","0","0","3","0","2","N","","","","","","","","","","","","03","  ","","",""
"1710","2","0","0","0","0","0","0","0","0","1","0","","36","03","2018","2018035753","6","40.038","-76.3491","1707","08","0","0","0","0","0","0","0","0","2","0","0","0","17","1","1","00","2","40 02:16.857","3","00","76 20:56.610","3","0","0","0","36223","0","0","0","","0","0","0","2","36223","0","","1","01","N","N","0","","1","0","0","0","0","Y","1703","1","2","0","0","0","0","0","1","0","2","N","","","","","","","","","","","","03","  ","","",""
"1024","0","0","0","0","0","0","0","0","0","4","0","","36","03","2018","2018035771","7","40.1078","-76.4922","1017","08","0","0","0","0","0","1","0","0","1","0","0","0","10","1","1","02","1","40 06:28.124","2","00","76 29:31.896","8","0","0","0","36413","0","0","0","N","0","0","0","2","36413","0","","1","01","N","N","0","","0","0","2","3","3","N","1015","1","2","0","0","0","1","0","2","0","2","N","","","","","","","","","","","","03","  ","","",""
"1223","4","0","0","0","0","0","0","0","0","4","0","","36","03","2018","2018035778","6","40.0314","-76.3065","1223","08","0","0","0","0","0","0","0","0","1","0","0","0","12","1","0","02","2","40 01:52.926","2","00","76 18:23.456","0","0","0","0","36301","0","0","0","N","0","0","0","2","36301","0","","1","01","N","N","0","","0","0","0","3","3","Y","1223","0","4","0","0","0","0","0","3","0","4","N","","","","","","","","","","","","03","  ","","",""
"1641","1","0","0","0","0","0","0","0","0","4","0","","36","03","2018","2018035806","7","40.1499","-76.3085","1635","08","0","0","0","0","0","0","0","2","","0","0","0","16","1","0","01","0","40 08:59.785","","00","76 18:30.584","0","0","0","0","36409","0","0","0","N","0","0","0","3","36409","0","","1","01","N","N","0","","0","0","1","3","3","","1634","0","2","0","0","0","0","0","3","0","2","N","","","","","","","","","","","","03","  ","","",""
"1500","2","0","0","0","0","0","0","0","0","3","0","","36","03","2018","2018035825","7","40.0437","-76.3122","1456","08","0","1","0","0","0","0","0","0","","0","0","0","14","1","0","00","0","40 02:37.351","","00","76 18:44.025","0","0","0","0","36301","0","0","0","N","0","0","0","2","36301","0","","6","01","N","N","0","","0","0","0","0","0","N","1452","0","2","0","0","0","0","0","3","0","2","N","","","","","","","","","","","","03","  ","","",""
"1140","1","0","0","0","0","0","0","0","0","4","0","","36","03","2018","2018035857","1","40.1545","-76.2924","1136","08","0","0","1","0","0","0","0","0","","0","0","0","11","1","0","01","0","40 09:16.247","","00","76 17:32.782","0","0","0","0","36409","0","0","0","N","0","0","0","6","36409","0","","1","09","N","N","0","","0","0","1","3","2","","1133","0","2","0","0","2","0","0","3","0","2","N","","","","","","","","","","","","10","  ","","",""
"1332","2","0","0","0","0","0","0","0","0","4","0","","36","03","2018","2018036012","6","40.1421","-76.5665","1328","08","0","0","0","0","0","1","0","0","1","0","0","0","13","1","0","01","1","40 08:31.700","3","00","76 33:59.551","0","0","0","0","36225","0","0","0","N","0","0","0","2","36505","0","","1","01","N","N","0","","0","0","0","3","3","N","1323","0","2","0","0","0","0","0","2","0","2","N","","","","","","","","","","","","03","  ","","",""
"2110","1","0","0","0","0","0","0","0","0","1","0","","36","03","2018","2018036018","5","40.1052","-76.333","2057","08","0","1","0","0","0","0","0","0","2","0","0","0","20","3","0","00","2","40 06:18.607","3","00","76 19:58.783","0","0","0","0","36101","0","0","0","","0","0","0","1","36101","0","","2","01","N","N","1","","0","0","0","0","0","N","2056","0","2","0","0","0","0","0","3","0","2","N","","","","","","","","","","","","03","  ","","",""
"2055","1","0","0","0","0","0","0","0","0","7","0","","36","03","2018","2018036019","6","40.1326","-76.347","2045","08","0","0","0","0","0","1","0","0","3","0","0","0","20","2","1","01","2","40 07:57.364","4","00","76 20:49.148","8","0","0","0","36227","0","0","0","N","0","0","0","1","36506","0","","5","01","N","N","0","","0","0","0","3","3","Y","2045","1","1","0","0","0","1","0","1","0","1","N","","","","","","","","","","","","03","  ","","",""
"1608","1","0","0","0","0","0","0","0","0","4","0","","36","03","2018","2018036051","5","39.9994","-76.2909","1603","08","0","0","0","0","0","2","0","0","","0","0","0","16","1","0","02","0","39 59:57.806","","00","76 17:27.155","0","0","0","0","36240","0","0","0","N","0","0","0","3","36240","0","","1","01","N","N","0","","0","0","0","3","3","","1602","0","2","0","0","0","0","0","1","1","2","N","","","","","","","","","","","","03","  ","","",""
"0206","1","0","0","0","0","0","0","0","0","1","0","","36","03","2018","2018036065","7","40.1613","-76.391","0206","08","0","0","0","0","0","0","1","0","","0","0","0","01","2","0","00","0","40 09:40.530","","00","76 23:27.600","0","0","0","0","36410","0","0","0","N","0","0","0","1","36410","0","","1","01","N","N","0","","0","0","1","0","0","","0100","0","2","0","0","0","0","0","2","0","2","N","","","","","","","","","","","","03","  ","","",""
"2155","2","0","0","0","0","0","0","0","0","5","0","","36","03","2018","2018036089","1","40.0309","-76.3155","2143","08","0","0","0","0","0","0","0","0","1","0","0","0","21","3","0","00","1","40 01:51.060","4","00","76 18:55.740","0","0","0","0","36301","0","0","0","N","0","0","0","1","36301","0","","6","01","N","N","0","","0","0","1","0","0","Y","2143","0","3","0","0","0","0","0","3","0","3","N","","","","","","","","","","","","03","  ","","",""
"2357","2","0","0","0","0","0","0","0","0","1","0","","36","03","2018","2018036094","7","40.0412","-76.3064","2357","08","0","1","0","0","0","0","0","0","1","0","0","0","23","3","3","00","1","40 02:28.266","3","00","76 18:22.895","3","0","0","0","36301","0","0","0","N","0","0","0","5","36301","0","","1","01","N","N","0","","3","0","1","3","2","Y","2350","3","3","0","0","0","0","0","3","0","3","N","","","","","","","","","","","","03","  ","","",""
"1448","1","0","0","0","0","0","0","0","0","7","0","","36","03","2018","2018036100","3","40.1885","-76.0012","1448","08","0","0","1","0","0","0","0","0","1","0","0","0","14","1","0","00","2","40 11:19.566","3","00","76 00:04.951","0","0","0","0","36202","0","0","0","N","0","0","0","2","68T06","0","","4","06","N","N","0","","0","0","0","0","0","Y","1448","0","1","0","0","0","0","0","1","0","1","N","","","","","","","","","","","","10","  ","","",""
"1935","0","0","0","0","0","0","0","0","0","7","1","","36","03","2018","2018036102","3","40.1738","-75.9831","1920","08","0","0","0","0","0","1","0","0","4","0","1","0","19","2","0","00","2","40 10:27.459","6","00","75 59:01.406","0","0","0","0","36202","0","0","0","N","0","0","0","1","68T06","0","","3","06","N","N","0","","0","0","0","0","0","Y","1920","0","1","0","0","0","0","0","1","0","1","N","","","","","","","","","","","","10","  ","","",""
"0950","1","0","0","0","0","0","0","0","0","4","0","","36","03","2018","2018036152","2","40.0651","-76.344","0938","08","0","0","0","0","0","1","0","0","2","0","0","0","09","1","1","02","1","40 03:54.350","3","07","76 20:38.377","3","0","0","0","36101","0","0","0","","0","0","0","5","36101","0","","1","01","N","N","1","","1","0","0","3","3","N","0938","1","2","0","0","0","0","0","3","0","2","N","","","","","","","","","","","","03","  ","","",""
"1025","1","0","0","0","0","0","0","0","0","4","0","","36","03","2018","2018036173","1","40.049","-76.3057","1020","08","0","0","1","0","0","0","0","0","1","0","0","0","10","1","0","01","1","40 02:56.518","2","00","76 18:20.618","0","0","0","0","36301","0","0","0","N","0","0","0","4","36301","0","","1","01","N","N","0","","0","0","1","3","3","N","1011","0","2","0","0","0","0","0","3","0","2","N","","","","","","","","","","","","03","  ","","",""
"0803","2","0","0","0","0","0","0","0","0","4","0","","36","03","2018","2018036179","5","40.0461","-76.3042","0800","08","0","0","0","0","0","0","0","0","1","0","0","0","07","1","0","02","1","40 02:46.118","4","00","76 18:15.022","0","0","0","0","36301","0","0","0","N","0","0","0","3","36301","0","","1","01","N","N","0","","0","0","0","0","0","N","0742","0","2","0","0","0","0","0","3","0","2","N","","","","","","","","","","","","03","  ","","",""
"1440","0","0","0","0","0","0","0","0","0","1","1","","36","03","2018","2018036196","3","40.0626","-76.5496","1430","08","0","0","0","0","0","0","0","0","2","0","1","0","14","1","0","01","1","40 03:45.336","4","00","76 32:58.470","0","0","0","0","36211","0","0","0","N","0","0","0","2","36504","0","","1","09","N","N","1","","0","0","0","3","2","Y","1429","0","2","0","0","0","0","0","1","0","2","N","","","","","","","","","","","","10","  ","","",""
"1254","3","0","0","0","0","0","0","0","0","4","0","","36","03","2018","2018036204","6","40.0373","-76.2947","1251","08","0","0","0","0","0","0","0","0","2","0","0","0","12","1","1","00","2","40 02:14.412","5","00","76 17:40.758","3","0","0","0","36301","0","0","0","N","0","0","0","1","36301","0","","4","01","N","N","0","","1","0","0","0","0","Y","1250","1","3","0","0","0","0","0","3","0","3","N","","","","","","","","","","","","03","  ","","",""
"1038","1","0","0","0","0","0","0","0","0","4","0","","36","03","2018","2018036241","2","40.051","-76.2972","1038","08","0","0","0","0","0","0","0","0","","0","0","0","10","1","1","05","0","40 03:03.679","","00","76 17:49.772","3","0","0","0","36301","0","0","0","N","0","0","0","5","36301","0","","1","01","N","N","0","","1","0","1","3","3","","1021","1","2","0","0","0","0","0","3","0","2","N","","","","","","","","","","","","03","  ","","",""
"1737","1","0","0","0","0","0","0","0","0","7","0","","36","03","2018","2018036375","3","40.0707","-76.3203","1731","08","0","0","0","0","0","0","0","0","2","0","0","0","17","1","0","00","2","40 04:14.368","3","00","76 19:13.196","0","0","0","0","36101","0","0","0","","0","0","0","2","36101","0","","2","02","N","N","0","","0","0","0","0","0","N","1728","0","1","0","0","0","0","0","3","0","1","N","","","","","","","","","","","","10","  ","","",""
"0539","1","0","0","0","0","0","0","0","0","7","0","","36","03","2018","2018036376","1","40.0529","-76.3843","0528","08","0","0","0","0","0","0","0","0","2","0","0","0","05","2","0","00","2","40 03:10.478","6","00","76 23:03.501","0","0","0","0","36214","0","0","0","Y","0","0","0","2","36214","0","","3","01","N","N","0","","0","0","0","0","0","N","0526","0","1","0","0","0","0","0","3","0","1","N","","","","","","","","","","","","03","  ","","",""
"0740","2","0","0","0","0","0","0","0","0","5","0","","36","03","2018","2018036450","5","40.0372","-76.5156","0732","08","0","0","0","0","0","0","0","0","2","0","0","0","07","1","0","00","1","40 02:13.767","4","03","76 30:57.421","0","0","0","0","36239","0","0","0","N","0","0","0","2","36239","0","","1","02","N","N","0","","0","0","0","0","0","N","0732","0","2","0","0","0","0","0","3","0","2","N","","","","","","","","","","","","03","  ","","",""
"2102","0","0","0","0","0","0","0","0","0","1","0","","36","03","2018","2018036455","1","40.2208","-76.0761","2059","08","0","0","0","0","0","0","0","0","","0","0","0","20","2","0","00","0","40 13:14.722","","00","76 04:33.820","0","0","0","0","36210","0","0","0","N","0","0","0","2","36210","0","","1","01","N","N","0","","0","0","2","0","0","","2058","0","2","0","0","0","0","0","1","0","2","N","","","","","","","","","","","","03","  ","","",""
"1745","1","0","0","0","0","0","0","0","0","7","0","","36","03","2018","2018036478","2","40.05","-76.4028","1731","08","0","0","0","0","0","0","0","0","2","0","0","0","17","1","0","00","1","40 02:59.858","3","00","76 24:10.209","0","0","0","0","36239","0","0","0","Y","0","0","0","3","36239","0","","5","01","N","N","0","","0","0","0","0","0","N","1731","0","1","0","0","0","0","0","3","0","1","N","","","","","","","","","","","","03","  ","","",""
"1245","2","0","0","0","0","0","0","0","0","5","0","","36","03","2018","2018036490","1","40.0927","-76.3886","1245","08","0","0","0","0","0","1","0","0","","0","0","0","12","1","0","00","0","40 05:33.702","","00","76 23:18.978","0","0","0","0","36214","0","0","0","N","0","0","0","3","36214","0","","1","01","N","N","0","","0","0","0","0","0","","1240","0","2","0","0","0","0","0","3","0","2","N","","","","","","","","","","","","03","  ","","",""
"1945","2","0","0","0","0","0","0","0","0","1","0","","36","03","2018","2018036567","7","40.0521","-76.3222","1940","08","0","0","0","0","0","0","0","0","","0","0","0","19","2","2","00","0","40 03:07.670","","00","76 19:19.894","4","0","0","0","36101","0","0","0","","0","0","0","7","36101","2","","1","01","N","N","0","","0","0","1","0","0","","1936","2","3","0","0","0","0","0","3","0","3","N","","","","","","","","","","","","03","  ","","",""
"1612","1","0","0","0","0","0","0","0","0","7","0","","36","02","2018","2018036568","4","40.0619","-76.2429","1607","08","0","0","0","0","0","0","0","0","2","0","0","0","16","1","1","00","2","40 03:42.832","5","00","76 14:34.467","8","0","0","0","36215","0","0","0","N","0","0","0","1","36215","0","","4","01","N","N","0","","0","0","0","0","0","Y","1605","1","1","0","0","0","1","0","1","0","1","N","","","","","","","","","","","","03","  ","","",""
"2052","0","0","0","0","0","0","0","0","0","7","0","","36","03","2018","2018036569","5","40.0834","-76.2311","2046","08","0","0","0","0","0","0","0","0","2","0","0","0","20","3","1","00","1","40 05:00.297","4","00","76 13:52.125","8","0","0","1","36234","0","0","0","N","0","0","0","1","36215","0","","3","01","N","N","0","","0","0","0","0","0","N","2044","1","1","0","0","0","1","0","1","0","1","N","","","","","","","","","","","","03","  ","","",""
"0302","1","0","0","0","0","0","0","0","0","7","0","","36","03","2018","2018036570","6","40.0755","-76.1528","0259","08","0","0","0","0","0","0","0","0","2","0","0","0","02","2","1","00","2","40 04:31.720","6","00","76 09:10.190","8","0","0","0","36234","0","0","0","N","0","0","0","1","36215","0","","4","01","N","N","0","","0","0","0","0","0","Y","0257","1","1","0","0","0","1","0","1","0","1","N","","","","","","","","","","","","03","  ","","",""
"0701","0","0","0","0","0","0","0","0","0","8","0","","36","03","2018","2018036571","6","40.0853","-76.213","0653","08","0","0","0","0","0","0","0","1","","0","0","0","06","1","1","02","0","40 05:06.904","","00","76 12:46.736","4","0","0","0","36234","1","0","0","","1","0","0","3","36215","1","","1","01","N","N","1","","0","0","0","0","0","","0650","1","2","0","0","0","0","0","1","0","1","N","","","","","","","","","","","","03","  ","","",""
"1006","0","0","0","0","0","0","0","0","0","4","0","","36","03","2018","2018036572","6","40.0275","-76.2218","1004","08","0","0","0","0","0","2","0","0","2","0","0","0","10","1","1","02","2","40 01:38.921","3","00","76 13:18.394","4","0","0","0","36215","0","0","0","","0","0","0","2","36215","1","","1","01","N","N","0","","0","0","2","3","2","N","1004","1","2","0","0","0","0","0","1","0","2","N","","","","","","","","","","","","03","  ","","",""
"1410","1","0","0","0","0","0","0","0","0","4","0","","36","03","2018","2018036573","6","40.0306","-76.2343","1406","08","0","0","0","0","0","0","0","0","1","0","0","0","14","1","1","01","1","40 01:50.123","7","00","76 14:03.641","4","0","0","0","36215","0","0","0","N","0","0","0","6","36215","1","","1","01","N","N","0","","0","0","1","3","2","N","1404","1","2","0","0","0","0","0","1","0","2","N","","","","","","","","","","","","03","  ","","",""
"1420","1","0","0","0","0","0","0","0","0","1","0","","36","03","2018","2018036574","6","40.1618","-76.3984","1420","08","0","0","0","0","0","1","0","0","2","0","0","0","14","1","0","01","2","40 09:42.427","3","00","76 23:54.161","0","0","0","0","36410","0","0","0","","0","0","0","2","36410","0","","1","01","N","N","0","","0","0","0","3","7","Y","1419","0","2","0","0","0","0","0","2","1","2","N","","","","","","","","","","","","03","  ","","",""