"ARRIVAL_TM","AUTOMOBILE_COUNT","BELTED_DEATH_COUNT","BELTED_SUSP_SERIOUS_INJ_COUNT","BICYCLE_COUNT","BICYCLE_DEATH_COUNT","BICYCLE_SUSP_SERIOUS_INJ_COUNT","BUS_COUNT","CHLDPAS_DEATH_COUNT","CHLDPAS_SUSP_SERIOUS_INJ_COUNT","COLLISION_TYPE","COMM_VEH_COUNT","CONS_ZONE_SPD_LIM","COUNTY","CRASH_MONTH","CRASH_YEAR","CRN","DAY_OF_WEEK","DEC_LAT","DEC_LONG","DISPATCH_TM","DISTRICT","DRIVER_COUNT_16YR","DRIVER_COUNT_17YR","DRIVER_COUNT_18YR","DRIVER_COUNT_19YR","DRIVER_COUNT_20YR","DRIVER_COUNT_50_64YR","DRIVER_COUNT_65_74YR","DRIVER_COUNT_75PLUS","EST_HRS_CLOSED","FATAL_COUNT","HEAVY_TRUCK_COUNT","HORSE_BUGGY_COUNT","HOUR_OF_DAY","ILLUMINATION","INJURY_COUNT","INTERSECT_TYPE","LANE_CLOSED","LATITUDE","LN_CLOSE_DIR","LOCATION_TYPE","LONGITUDE","MAX_SEVERITY_LEVEL","MCYCLE_DEATH_COUNT","MCYCLE_SUSP_SERIOUS_INJ_COUNT","MOTORCYCLE_COUNT","MUNICIPALITY","NONMOTR_COUNT","NONMOTR_DEATH_COUNT","NONMOTR_SUSP_SERIOUS_INJ_COUNT","NTFY_HIWY_MAINT","PED_COUNT","PED_DEATH_COUNT","PED_SUSP_SERIOUS_INJ_COUNT","PERSON_COUNT","POLICE_AGCY","POSSIBLE_INJ_COUNT","RDWY_SURF_TYPE_CD","RELATION_TO_ROAD","ROAD_CONDITION","SCH_BUS_IND","SCH_ZONE_IND","SMALL_TRUCK_COUNT","SPEC_JURIS_CD","SUSP_MINOR_INJ_COUNT","SUSP_SERIOUS_INJ_COUNT","SUV_COUNT","TCD_FUNC_CD","TCD_TYPE","TFC_DETOUR_IND","TIME_OF_DAY","TOT_INJ_COUNT","TOTAL_UNITS","UNB_DEATH_COUNT","UNB_SUSP_SERIOUS_INJ_COUNT","UNBELTED_OCC_COUNT","UNK_INJ_DEG_COUNT","UNK_INJ_PER_COUNT","URBAN_RURAL","VAN_COUNT","VEHICLE_COUNT","WORK_ZONE_IND","WORK_ZONE_LOC","WORK_ZONE_TYPE","WORKERS_PRES","WZ_CLOSE_DETOUR","WZ_FLAGGER","WZ_LAW_OFFCR_IND","WZ_LN_CLOSURE","WZ_MOVING","WZ_OTHER","WZ_SHLDER_MDN","ROADWAY_CLEARED","WEATHER1","WEATHER2","WZ_WORKERS_INJ_KILLED","SECONDARY_CRASH","INTERSECTION_RELATED"
"1355","2","0","0","0","0","0","0","0","0","4","0","","36","03","2018","2018036615","2","40.0412","-76.2975","1355","08","0","0","0","0","0","0","0","0","1","0","0","0","13","1","2","01","1","40 02:28.370","1","00","76 17:51.144","4","0","0","0","36301","0","0","0","N","0","0","0","3","36301","2","","1","01","N","N","0","","0","0","0","0","0","Y","1353","2","2","0","0","0","0","0","3","0","2","N","","","","","","","","","","","","03","  ","","",""
"0733","1","0","0","0","0","0","0","0","0","1","0","","36","03","2018","2018036645","2","40.1686","-76.6069","0727","08","0","0","0","0","0","0","0","0","","0","0","0","07","1","1","00","0","40 10:07.075","","01","76 36:24.830","8","0","0","0","36225","0","0","0","N","0","0","0","3","36505","0","","1","01","N","N","0","","0","0","1","0","0","N","0722","1","2","0","0","0","1","0","2","0","2","N","","","","","","","","","","","","03","  ","","",""
"0823","1","0","0","0","0","0","0","0","0","1","1","","36","03","2018","2018036649","3","40.2175","-76.0913","0813","08","0","0","0","1","0","0","0","0","2","0","1","0","08","1","0","00","1","40 13:02.938","3","00","76 05:28.545","0","0","0","0","36210","0","0","0","N","0","0","0","2","36210","0","","1","01","N","N","0","","0","0","0","0","0","N","0805","0","2","0","0","0","0","0","1","0","2","N","","","","","","","","","","","","03","  ","","",""
"0813","1","0","0","0","0","0","0","0","0","7","0","","36","03","2018","2018036819","5","40.0529","-76.2741","0812","08","0","0","0","0","0","0","0","0","2","0","0","0","07","1","0","00","2","40 03:10.306","3","00","76 16:26.616","0","0","0","0","36101","0","0","0","","0","0","0","3","36101","0","","4","02","N","N","0","","0","0","0","0","0","Y","0745","0","1","0","0","0","0","0","3","0","1","N","","","","","","","","","","","","10","  ","","",""
"1927","1","0","0","0","0","0","0","0","0","4","0","","36","03","2018","2018036820","4","39.9644","-76.4495","1901","08","0","0","0","0","0","1","0","0","3","0","0","0","18","2","0","00","2","39 57:51.876","2","00","76 26:58.307","0","0","0","0","36223","1","0","0","N","0","0","0","3","36223","0","","2","06","N","N","1","","0","0","1","0","0","N","1855","0","3","0","0","1","0","0","1","0","3","N","","","","","","","","","","","","10","  ","","",""
"2045","1","0","0","0","0","0","0","0","0","7","0","","36","03","2018","2018036897","3","40.1019","-76.0821","2038","08","0","0","1","0","0","0","0","0","1","0","0","0","20","2","0","00","1","40 06:06.931","6","00","76 04:55.474","0","0","0","0","36415","0","0","0","Y","0","0","0","1","36415","0","","5","09","N","N","0","","0","0","0","0","0","N","2030","0","1","0","0","0","0","0","1","0","1","N","","","","","","","","","","","","07","  ","","",""
"0024","1","0","0","0","0","0","0","0","0","4","0","","36","03","2018","2018036909","1","40.039","-76.3108","0001","08","0","0","0","0","0","0","0","0","","0","0","0","23","3","0","01","0","40 02:20.496","","00","76 18:38.878","0","0","0","0","36301","0","0","0","N","0","0","0","2","36301","0","","1","01","","","0","","0","0","1","3","2","N","2353","0","2","0","0","0","0","0","3","0","2","N","","","","","","","","","","","","03","  ","","",""
"0703","1","0","0","0","0","0","0","0","0","7","0","","36","03","2018","2018036981","3","40.0422","-76.2384","0701","08","0","0","1","0","0","0","0","0","2","0","0","0","06","5","2","00","2","40 02:32.022","5","03","76 14:18.363","3","0","0","0","36215","0","0","0","","0","0","0","3","36215","1","","2","02","N","N","0","","1","0","1","0","0","Y","0657","2","2","0","0","0","0","0","1","0","2","N","","","","","","","","","","","","03","  ","","",""
"1525","1","0","0","0","0","0","0","0","0","1","0","","36","03","2018","2018036982","3","40.0499","-76.2648","1519","08","0","0","0","0","0","0","0","0","","0","0","0","15","1","0","00","0","40 02:59.805","","00","76 15:53.205","0","0","0","0","36215","0","0","0","N","0","0","0","2","36215","0","","1","01","N","N","0","","0","0","1","0","0","","1512","0","2","0","0","0","0","0","1","0","2","N","","","","","","","","","","","","03","  ","","",""
"1756","1","0","0","0","0","0","0","0","0","1","0","","36","03","2018","2018037114","3","40.0609","-76.568","1749","08","0","0","0","0","0","0","0","0","2","0","0","0","17","1","0","01","1","40 03:39.357","3","00","76 34:04.694","0","0","0","0","36211","0","0","0","N","0","0","0","3","36504","0","","1","09","N","N","0","","0","0","1","3","2","N","1746","0","2","0","0","0","0","0","1","0","2","N","","","","","","","","","","","","10","  ","","",""
"1206","1","0","0","0","0","0","0","0","0","4","0","","36","03","2018","2018037124","7","40.1471","-76.2095","1158","08","0","0","0","0","0","1","0","0","","0","0","0","11","1","1","02","0","40 08:49.709","","00","76 12:34.374","4","0","0","0","36238","0","0","0","N","0","0","0","2","36238","1","","1","01","N","N","1","","0","0","0","3","3","","1154","1","2","0","0","0","0","0","3","0","2","N","","","","","","","","","","","","03","  ","","",""
"0526","1","0","0","0","0","0","0","0","0","0","0","","36","03","2018","2018037129","3","40.2459","-76.3003","0501","08","0","0","0","0","0","0","0","0","2","0","0","0","05","3","0","00","2","40 14:45.359","5","00","76 18:01.172","0","0","0","0","36217","0","0","0","N","0","0","0","1","68J01","0","","1","02","N","N","0","","0","0","0","0","0","Y","0500","0","1","0","0","0","0","0","1","0","1","N","","","","","","","","","","","","10","  ","","",""
"1701","1","0","0","0","0","0","0","0","0","4","0","","36","03","2018","2018037140","3","40.0754","-76.1155","1651","08","0","0","0","0","0","0","0","0","","0","0","0","16","1","0","01","0","40 04:31.346","","00","76 06:55.659","0","0","0","0","36234","0","0","0","N","0","0","0","2","68J01","0","","1","09","N","N","0","","0","0","0","3","3","","1649","0","2","0","0","0","0","0","1","1","2","N","","","","","","","","","","","","10","  ","","",""
"2228","1","0","0","0","0","0","0","0","0","7","0","","36","03","2018","2018037154","6","39.9176","-76.1286","2213","08","0","0","0","0","0","0","0","0","3","0","0","0","21","2","0","00","2","39 55:03.336","5","00","76 07:42.809","9","0","0","0","36216","0","0","0","N","0","0","0","1","68J01","0","","4","01","N","N","0","","0","0","0","0","0","N","2154","0","1","0","0","0","0","1","1","0","1","N","","","","","","","","","","","","03","  ","","",""
"1301","1","0","0","0","0","0","0","0","0","4","1","","36","03","2018","2018037353","4","40.0426","-76.3021","1253","08","0","0","0","0","0","2","0","0","1","0","1","0","12","1","1","00","2","40 02:33.391","1","07","76 18:07.718","4","0","0","0","36301","0","0","0","N","0","0","0","2","36301","1","","1","09","N","N","0","","0","0","0","0","0","Y","1249","1","3","0","0","0","0","0","3","1","3","N","","","","","","","","","","","","07","  ","","",""
"0030","1","0","0","0","0","0","0","0","0","9","0","","36","03","2018","2018037363","3","39.9969","-76.4465","0010","08","0","0","0","0","0","0","0","0","2","0","0","0","00","2","0","10","1","39 59:48.725","3","00","76 26:47.502","0","0","0","0","36223","0","0","0","","0","0","0","1","36223","0","","1","01","N","N","0","","0","0","0","0","0","N","0005","0","1","0","0","0","0","0","1","0","1","N","","","","","","","","","","","","03","  ","","",""
"0039","1","0","0","0","0","0","0","0","0","0","0","","36","03","2018","2018037388","5","39.8865","-76.1505","0017","08","0","0","0","0","0","0","0","0","1","0","0","0","00","3","0","00","2","39 53:11.540","6","00","76 09:01.690","0","0","0","0","36212","0","0","0","N","0","0","0","1","68J01","0","","1","01","N","N","0","","0","0","0","0","0","Y","0015","0","1","0","0","0","0","0","1","0","1","N","","","","","","","","","","","","03","  ","","",""
"1214","1","0","0","0","0","0","0","0","0","1","0","","36","03","2018","2018037412","4","40.131","-76.563","1207","08","0","0","0","0","0","0","1","0","","0","0","0","12","1","1","00","0","40 07:51.537","","00","76 33:46.779","8","0","0","0","36225","0","0","0","N","0","0","0","2","36505","0","","1","09","N","N","1","","0","0","0","0","0","N","1205","1","2","0","0","0","1","0","2","0","2","N","","","","","","","","","","","","07","  ","","",""
"1754","0","0","0","0","0","0","0","0","0","4","0","","36","01","2018","2018037417","7","40.1007","-76.5611","1750","08","0","0","0","0","0","1","0","0","4","2","0","0","17","2","1","01","2","40 06:02.613","7","00","76 33:39.867","1","2","0","1","36211","0","0","0","N","0","0","0","3","36504","0","9","1","01","N","N","1","9","1","0","0","3","3","Y","1749","1","2","0","0","0","0","0","1","0","2","N","","","","","","","","","","","","03","  ","","",""
"1628","2","0","0","0","0","0","0","0","0","4","0","","36","03","2018","2018037419","4","40.1546","-76.607","1626","08","0","0","0","0","0","0","0","0","","0","0","0","16","1","1","01","0","40 09:16.624","","00","76 36:25.326","3","0","0","0","36407","0","0","0","N","0","0","0","2","36407","0","","1","09","N","N","0","","1","0","0","2","3","","1625","1","2","0","0","0","0","0","2","0","2","N","","","","","","","","","","","","03","  ","","",""
"1928","1","0","0","0","0","0","0","0","0","4","0","","36","03","2018","2018037422","4","40.1152","-76.5242","1923","08","0","0","0","0","0","0","0","0","2","0","0","0","19","3","0","00","1","40 06:54.756","4","07","76 31:26.988","0","0","0","0","36413","1","0","0","N","0","0","0","5","36413","0","","1","09","N","N","0","","0","0","2","0","0","N","1920","0","3","0","0","0","0","0","2","0","3","N","","","","","","","","","","","","07","  ","","",""
"0419","1","0","0","0","0","0","0","0","0","5","0","","36","03","2018","2018037425","1","40.0371","-76.2964","0417","08","0","0","0","0","0","0","0","0","1","0","0","0","04","3","0","00","2","40 02:13.679","4","00","76 17:47.009","0","0","0","0","36301","0","0","0","N","0","0","0","1","36301","0","","6","01","N","N","0","","0","0","1","0","0","Y","0408","0","2","0","0","0","0","0","3","0","2","N","","","","","","","","","","","","03","  ","","",""
"1701","1","0","0","0","0","0","0","0","0","2","0","","36","03","2018","2018037428","4","40.2784","-76.1276","1650","08","0","0","0","0","0","0","0","0","2","0","0","0","16","1","1","00","1","40 16:42.300","5","00","76 07:39.200","3","0","0","0","36236","0","0","0","N","0","0","0","4","36408","0","","1","09","N","N","0","","1","0","1","0","0","Y","1650","1","2","0","0","0","0","0","1","0","2","N","","","","","","","","","","","","07","  ","","",""
"2144","1","0","0","0","0","0","0","0","0","7","0","","36","03","2018","2018037471","4","40.1887","-76.1848","2142","08","0","0","0","0","0","0","0","0","","0","0","0","21","3","0","00","0","40 11:19.200","","00","76 11:05.200","0","0","0","0","36408","0","0","0","N","0","0","0","1","36408","0","","5","09","N","N","0","","0","0","0","0","0","","2141","0","1","0","0","0","0","0","2","0","1","N","","","","","","","","","","","","03","  ","","",""
"1456","1","0","0","0","0","0","0","0","0","7","0","","36","03","2018","2018037555","3","40.1741","-75.9435","1450","08","0","0","0","0","0","0","1","0","","0","0","0","14","1","1","00","0","40 10:26.113","","00","75 56:38.837","8","0","0","0","36203","0","0","0","","0","0","0","2","68T06","0","","5","02","N","N","0","","0","0","0","0","0","","1449","1","1","0","0","0","1","0","1","0","1","N","","","","","","","","","","","","10","  ","","",""
"2219","2","0","0","0","0","0","0","0","0","6","0","","36","03","2018","2018037573","7","40.0206","-76.337","2218","08","0","0","0","0","1","0","0","0","","0","0","0","22","3","0","00","0","40 01:14.010","","00","76 20:13.299","9","0","0","0","36220","0","0","0","","0","0","0","4","36101","0","","3","01","N","N","0","","0","0","0","0","0","","2215","0","2","0","0","0","0","1","3","0","2","N","","","","","","","","","","","","03","  ","","",""
"0838","0","0","0","0","0","0","0","0","0","1","0","","36","03","2018","2018037574","5","40.0524","-76.2761","0838","08","0","0","0","0","0","0","0","0","3","0","0","0","07","1","0","00","2","40 03:08.614","3","00","76 16:34.091","0","0","0","0","36101","0","0","0","N","0","0","0","2","36101","0","","1","02","N","N","0","","0","0","2","0","0","Y","0747","0","2","0","0","0","0","0","3","0","2","N","","","","","","","","","","","","03","  ","","",""
"1908","0","0","0","0","0","0","0","0","0","7","0","","36","02","2018","2018037575","7","39.988","-76.4244","1852","08","0","0","0","0","0","0","0","0","2","0","0","0","18","2","0","00","2","39 59:16.850","5","07","76 25:27.730","0","0","0","0","36223","0","0","0","N","0","0","0","1","36223","0","","4","09","N","N","1","","0","0","0","0","0","Y","1850","0","2","0","0","0","0","0","1","0","1","N","","","","","","","","","","","","07","05","","",""
"2103","1","0","0","0","0","0","0","0","0","1","0","","36","03","2018","2018037576","6","40.0218","-76.3786","2103","08","0","0","0","1","0","0","0","0","1","0","0","0","21","2","0","02","1","40 01:18.382","3","00","76 22:43.068","0","0","0","0","36223","0","0","0","N","0","0","0","2","36223","0","","1","01","N","N","1","","0","0","0","3","2","Y","2101","0","2","0","0","0","0","0","1","0","2","N","","","","","","","","","","","","03","  ","","",""
"1010","2","0","2","0","0","0","0","0","1","2","0","","36","03","2018","2018037637","7","40.1027","-76.5609","1006","08","0","0","0","0","0","0","0","0","4","1","0","0","10","1","3","00","2","40 06:09.545","5","00","76 33:39.142","1","0","0","0","36211","0","0","0","N","0","0","0","5","36504","0","2","1","01","N","N","0","","0","2","0","0","0","Y","1003","3","2","0","0","0","1","0","1","0","2","N","","","","","","","","","","","","03","  ","","",""
"1344","3","0","0","0","0","0","0","0","0","1","0","","36","03","2018","2018037713","4","40.1709","-76.1969","1334","08","0","0","0","0","0","0","1","0","","0","0","0","13","1","0","02","0","40 10:15.099","","00","76 11:49.009","0","0","0","0","36408","0","0","0","N","0","0","0","4","36408","0","","1","01","N","N","0","","0","0","0","3","2","","1334","0","3","0","0","0","0","0","2","0","3","N","","","","","","","","","","","","03","  ","","",""
"2337","2","0","0","0","0","0","0","0","0","1","0","","36","03","2018","2018037758","6","40.044","-76.3914","2337","08","0","0","0","0","0","0","0","0","1","0","0","0","23","3","0","00","2","40 02:38.380","1","00","76 23:28.920","0","0","0","0","36214","0","0","0","N","0","0","0","5","36214","0","","1","01","N","N","1","","0","0","0","0","0","N","2337","0","3","0","0","0","0","0","3","0","3","N","","","","","","","","","","","","03","  ","","",""
"1722","1","0","0","0","0","0","0","0","0","4","0","","36","03","2018","2018037759","4","40.0847","-76.353","1716","08","0","0","0","0","0","1","0","0","1","0","0","0","17","1","0","00","1","40 05:04.860","1","07","76 21:10.880","0","0","0","0","36214","0","0","0","N","0","0","0","2","36214","0","","1","09","N","N","0","","0","0","1","0","0","N","1710","0","2","0","0","0","0","0","3","0","2","N","","","","","","","","","","","","07","  ","","",""
"1744","1","0","0","0","0","0","0","0","0","2","0","","36","02","2018","2018037782","4","39.8656","-76.1133","1719","08","0","0","0","0","0","1","0","0","","0","0","0","17","2","1","00","0","39 51:55.990","","00","76 06:47.873","4","0","0","0","36205","0","0","0","Y","0","0","0","3","68J01","1","","1","09","N","N","0","","0","0","1","0","0","","1718","1","2","0","0","0","0","0","1","0","2","N","","","","","","","","","","","","07","  ","","",""
"1707","1","0","0","0","0","0","0","0","0","7","0","","36","03","2018","2018037840","4","40.1698","-76.1494","1701","08","0","0","0","1","0","0","0","0","1","0","0","0","16","1","0","00","1","40 10:11.412","1","00","76 08:57.744","0","0","0","0","36218","0","0","0","Y","0","0","0","1","36408","0","","3","09","N","N","0","","0","0","0","0","0","N","1655","0","1","0","0","0","0","0","1","0","1","N","","","","","","","","","","","","07","  ","","",""
"1507","1","0","0","0","0","0","0","0","0","1","0","","36","03","2018","2018037843","1","40.1823","-76.1667","1505","08","0","0","0","0","0","0","0","0","","0","0","0","15","1","0","00","0","40 10:56.259","","00","76 10:00.019","0","0","0","0","36408","0","0","0","N","0","0","0","1","36408","0","","4","01","N","N","0","","0","0","1","0","0","","1504","0","2","0","0","0","0","0","2","0","2","N","","","","","","","","","","","","03","  ","","",""
"2104","0","0","0","0","0","0","0","0","0","5","0","","36","03","2018","2018037848","4","40.1667","-76.1711","2101","08","0","0","0","0","0","0","0","0","","0","0","0","20","3","0","00","0","40 09:59.974","","00","76 10:16.061","0","0","0","0","36408","0","0","0","N","0","0","0","1","36408","0","","6","01","N","N","0","","0","0","1","0","0","","2058","0","2","0","0","0","0","0","2","1","2","N","","","","","","","","","","","","03","  ","","",""
"2312","2","0","0","0","0","0","0","0","0","4","0","","36","03","2018","2018037850","5","40.2331","-76.0783","2307","08","0","0","0","0","0","0","0","0","1","0","0","0","23","3","1","01","1","40 13:59.165","4","00","76 04:42.021","4","0","0","0","36210","0","0","0","N","0","0","0","2","36210","1","","1","01","N","N","0","","0","0","0","3","2","N","2307","1","2","0","0","0","0","0","1","0","2","N","","","","","","","","","","","","03","  ","","",""
"1938","0","0","0","0","0","0","0","0","0","8","0","","36","03","2018","2018037891","5","40.2307","-76.1348","1938","08","0","0","0","0","0","0","0","0","2","0","0","0","18","1","1","00","2","40 13:50.598","6","00","76 08:05.133","2","0","0","0","36405","1","0","1","N","1","0","1","2","36210","0","","1","01","N","N","0","","0","1","1","0","0","Y","1837","1","2","0","0","0","0","0","1","0","1","N","","","","","","","","","","","","03","  ","","",""
"0729","1","0","0","0","0","0","0","0","0","7","0","","36","03","2018","2018037917","4","40.0397","-76.2834","0726","08","0","0","0","0","0","0","0","0","2","0","0","0","07","1","1","00","1","40 02:22.937","4","00","76 17:00.151","8","0","0","0","36220","0","0","0","","0","0","0","1","36101","0","","4","01","N","N","0","","0","0","0","0","0","Y","0724","1","1","0","0","1","1","0","3","0","1","N","","","","","","","","","","","","03","  ","","",""
"0851","0","0","0","0","0","0","0","0","0","1","0","","36","03","2018","2018037954","4","40.1104","-76.4404","0851","08","0","0","0","0","0","0","0","0","","0","0","0","08","1","0","00","0","40 06:37.416","","00","76 26:25.454","0","0","0","0","36230","0","0","0","N","0","0","0","2","36410","0","","1","07","N","N","2","","0","0","0","0","0","","0845","0","2","0","0","0","0","0","1","0","2","N","","","","","","","","","","","","10","  ","","",""
"0759","0","0","0","0","0","0","0","0","0","7","0","","36","03","2018","2018037956","4","40.182","-76.4962","0741","08","0","0","0","0","0","0","0","0","2","0","0","0","07","1","0","00","2","40 10:55.215","6","00","76 29:46.304","0","0","0","0","36230","0","0","0","N","0","0","0","2","36410","0","","5","07","N","N","0","","0","0","1","0","0","Y","0730","0","1","0","0","0","0","0","1","0","1","N","","","","","","","","","","","","10","  ","","",""
"1724","0","0","0","0","0","0","0","0","0","4","0","","36","03","2018","2018037969","3","40.066","-76.3271","1705","08","0","0","0","0","0","0","0","0","1","0","0","0","17","1","1","02","1","40 03:57.498","4","00","76 19:37.512","3","0","0","0","36301","0","0","0","N","0","0","0","2","36301","0","","1","01","N","N","0","","1","0","2","3","3","N","1702","1","2","0","0","1","0","0","3","0","2","N","","","","","","","","","","","","03","  ","","",""
"1306","0","0","0","0","0","0","0","0","0","4","0","","36","03","2018","2018037977","4","40.0403","-76.2428","1255","08","0","0","0","0","0","0","1","0","","0","0","0","12","1","0","00","0","40 02:25.023","","07","76 14:34.095","0","0","0","0","36215","0","0","0","N","0","0","0","2","36215","0","","1","07","N","N","1","","0","0","0","0","0","N","1255","0","2","0","0","0","0","0","1","0","2","N","","","","","","","","","","","","10","  ","","",""
"0957","2","0","0","0","0","0","0","0","0","1","0","","36","03","2018","2018037985","2","40.109","-76.4919","0957","08","0","0","0","0","0","2","0","0","","0","0","0","09","1","1","01","0","40 06:32.493","","00","76 29:31.001","8","0","0","0","36413","0","0","0","N","0","0","0","2","36413","0","","1","01","N","N","0","","0","0","0","0","0","","0957","1","2","0","0","0","1","0","2","0","2","N","","","","","","","","","","","","03","  ","","",""
"0629","1","0","0","0","0","0","0","0","0","7","0","","36","03","2018","2018038045","2","40.1458","-76.1579","0621","08","0","0","0","0","0","1","0","0","1","0","0","0","06","5","1","02","2","40 08:44.721","7","00","76 09:28.454","8","0","0","0","36238","0","0","0","N","0","0","0","1","36238","0","","5","01","N","N","0","","0","0","0","0","0","Y","0620","1","1","0","0","0","1","0","3","0","1","N","","","","","","","","","","","","03","  ","","",""
"1817","2","0","0","0","0","0","0","0","0","6","0","","36","03","2018","2018038051","3","39.9445","-76.2178","1756","08","0","0","0","0","0","0","0","0","1","0","0","0","17","1","0","00","1","39 56:40.244","1","00","76 13:04.174","0","0","0","0","36233","0","0","0","N","0","0","0","4","68J01","0","","1","07","N","N","0","","0","0","0","0","0","N","1755","0","2","0","0","1","0","0","1","0","2","N","","","","","","","","","","","","10","  ","","",""
"1846","1","0","0","0","0","0","0","0","0","7","0","","36","03","2018","2018038052","3","39.8806","-76.0163","1827","08","0","0","0","0","0","0","0","0","","0","0","0","18","4","0","00","0","39 52:50.153","","00","76 00:58.659","0","0","0","0","36205","0","0","0","N","0","0","0","1","68J01","0","","4","06","N","N","0","","0","0","0","0","0","","1824","0","1","0","0","0","0","0","1","0","1","N","","","","","","","","","","","","09","  ","","",""
"1952","0","0","0","0","0","0","0","0","0","7","0","","36","03","2018","2018038058","6","40.1388","-75.9033","1856","08","0","0","0","0","0","0","0","0","","0","0","0","18","2","0","00","0","40 08:19.837","","00","75 54:11.862","0","0","0","0","36203","0","0","0","N","0","0","0","1","68J01","0","","5","01","N","N","0","","0","0","0","0","0","","1852","0","1","0","0","0","0","0","1","1","1","N","","","","","","","","","","","","03","  ","","",""
"1119","1","0","0","0","0","0","0","0","0","7","0","","36","03","2018","2018038059","1","40.2253","-76.0603","1107","08","0","0","0","0","0","0","0","0","","0","0","0","11","1","0","00","0","40 13:31.031","","00","76 03:37.234","0","0","0","0","36202","0","0","0","N","0","0","0","1","68J01","0","","5","09","N","N","0","","0","0","0","0","0","","1104","0","1","0","0","0","0","0","1","0","1","N","","","","","","","","","","","","10","  ","","",""
"1137","1","0","0","0","0","0","0","0","0","7","0","","36","03","2018","2018038060","1","40.2277","-76.0552","1121","08","0","0","0","0","0","0","0","0","","0","0","0","11","1","0","00","0","40 13:39.707","","00","76 03:18.886","0","0","0","0","36202","0","0","0","N","0","0","0","1","68J01","0","","5","06","N","N","0","","0","0","0","0","0","","1120","0","1","0","0","0","0","0","1","0","1","N","","","","","","","","","","","","10","  ","","",""
"1528","1","0","0","0","0","0","0","0","0","1","1","","36","03","2018","2018038063","3","40.0387","-76.1409","1515","08","0","0","0","0","0","0","1","0","","0","1","0","15","1","2","00","0","40 02:19.394","","00","76 08:27.105","3","0","0","0","36221","0","0","0","N","0","0","0","7","68J01","0","","1","01","N","N","0","","2","0","1","0","0","","1512","2","3","0","0","0","0","0","1","0","3","N","","","","","","","","","","","","03","  ","","",""
"1609","1","0","0","0","0","0","0","0","0","7","0","","36","03","2018","2018038064","3","39.9791","-76.3411","1550","08","0","0","0","0","0","0","0","0","2","0","0","0","15","1","0","00","1","39 58:44.840","3","00","76 20:27.978","0","0","0","0","36206","0","0","0","N","0","0","0","1","68J01","0","","4","09","N","N","0","","0","0","0","0","0","N","1546","0","1","0","0","0","0","0","1","0","1","N","","","","","","","","","","","","07","  ","","",""
"1806","1","0","0","0","0","0","0","0","0","7","0","","36","03","2018","2018038065","3","39.8998","-76.2551","1755","08","0","0","0","0","1","0","0","0","","0","0","0","17","1","0","00","0","39 53:59.440","","00","76 15:18.290","0","0","0","0","36229","0","0","0","N","0","0","0","1","68J01","0","","4","01","N","N","0","","0","0","0","0","0","","1748","0","1","0","0","0","0","0","1","0","1","N","","","","","","","","","","","","03","  ","","",""
"1145","1","0","0","0","0","0","0","0","0","4","1","","36","03","2018","2018038091","3","40.1827","-76.4639","1138","08","0","0","0","0","0","1","0","1","1","0","1","0","11","1","1","01","1","40 10:57.601","5","00","76 27:50.145","3","0","0","0","36230","0","0","0","N","0","0","0","2","36410","0","","1","01","N","N","0","","1","0","0","3","3","N","1133","1","2","0","0","1","0","0","1","0","2","N","","","","","","","","","","","","03","  ","","",""
"1241","1","0","0","0","0","0","0","0","0","4","0","","36","03","2018","2018038103","6","40.1157","-76.5938","1237","08","0","0","0","0","0","0","0","0","","0","0","0","12","1","0","01","0","40 06:56.595","","00","76 35:37.705","0","0","0","0","36237","0","0","0","N","0","0","0","4","36505","0","","1","09","N","N","0","","0","0","0","0","0","N","1237","0","2","0","0","0","0","0","1","1","2","N","","","","","","","","","","","","07","  ","","",""
"1723","1","0","0","0","0","0","0","0","0","4","0","","36","03","2018","2018038110","7","40.0224","-76.3616","1719","08","0","0","0","0","0","1","2","0","2","0","0","0","17","1","1","01","2","40 01:20.679","7","00","76 21:41.606","4","0","0","0","36223","0","0","0","N","0","0","0","4","36223","1","","1","01","N","N","1","","0","0","1","3","2","Y","1716","1","3","0","0","0","0","0","1","0","3","N","","","","","","","","","","","","03","  ","","",""
"1137","1","0","0","0","0","0","0","0","0","8","0","","36","03","2018","2018038111","4","40.028","-76.3612","1136","08","0","0","0","0","0","0","1","0","","0","0","0","11","1","1","01","0","40 01:40.784","","00","76 21:40.416","8","0","0","0","36223","1","0","0","","1","0","0","2","36223","0","","1","09","N","N","0","","0","0","0","3","3","","1136","1","2","0","0","0","1","0","1","0","1","N","","","","","","","","","","","","07","  ","","",""
"1303","0","0","0","0","0","0","0","0","0","7","0","","36","02","2018","2018038120","2","39.9118","-76.109","1254","08","0","0","0","0","0","0","0","0","","0","0","0","05","2","0","00","0","39 54:42.634","","00","76 06:32.327","9","0","0","0","36216","0","0","0","","0","0","0","1","68J01","0","","4","02","N","N","0","","0","0","1","0","0","","0550","0","1","0","0","0","0","1","1","0","1","N","","","","","","","","","","","","99","  ","","",""
"1035","1","0","0","0","0","0","0","0","0","7","0","","36","02","2018","2018038121","3","40.2309","-76.2916","1008","08","0","0","0","0","0","0","0","0","","0","0","0","09","1","0","00","0","40 13:51.365","","00","76 17:29.897","0","0","0","0","36217","0","0","0","Y","0","0","0","3","68J01","0","","4","09","N","N","0","","0","0","0","0","0","","0938","0","1","0","0","1","0","0","1","0","1","N","","","","","","","","","","","","03","  ","","",""