"ARRIVAL_TM","AUTOMOBILE_COUNT","BELTED_DEATH_COUNT","BELTED_SUSP_SERIOUS_INJ_COUNT","BICYCLE_COUNT","BICYCLE_DEATH_COUNT","BICYCLE_SUSP_SERIOUS_INJ_COUNT","BUS_COUNT","CHLDPAS_DEATH_COUNT","CHLDPAS_SUSP_SERIOUS_INJ_COUNT","COLLISION_TYPE","COMM_VEH_COUNT","CONS_ZONE_SPD_LIM","COUNTY","CRASH_MONTH","CRASH_YEAR","CRN","DAY_OF_WEEK","DEC_LAT","DEC_LONG","DISPATCH_TM","DISTRICT","DRIVER_COUNT_16YR","DRIVER_COUNT_17YR","DRIVER_COUNT_18YR","DRIVER_COUNT_19YR","DRIVER_COUNT_20YR","DRIVER_COUNT_50_64YR","DRIVER_COUNT_65_74YR","DRIVER_COUNT_75PLUS","EST_HRS_CLOSED","FATAL_COUNT","HEAVY_TRUCK_COUNT","HORSE_BUGGY_COUNT","HOUR_OF_DAY","ILLUMINATION","INJURY_COUNT","INTERSECT_TYPE","LANE_CLOSED","LATITUDE","LN_CLOSE_DIR","LOCATION_TYPE","LONGITUDE","MAX_SEVERITY_LEVEL","MCYCLE_DEATH_COUNT","MCYCLE_SUSP_SERIOUS_INJ_COUNT","MOTORCYCLE_COUNT","MUNICIPALITY","NONMOTR_COUNT","NONMOTR_DEATH_COUNT","NONMOTR_SUSP_SERIOUS_INJ_COUNT","NTFY_HIWY_MAINT","PED_COUNT","PED_DEATH_COUNT","PED_SUSP_SERIOUS_INJ_COUNT","PERSON_COUNT","POLICE_AGCY","POSSIBLE_INJ_COUNT","RDWY_SURF_TYPE_CD","RELATION_TO_ROAD","ROAD_CONDITION","SCH_BUS_IND","SCH_ZONE_IND","SMALL_TRUCK_COUNT","SPEC_JURIS_CD","SUSP_MINOR_INJ_COUNT","SUSP_SERIOUS_INJ_COUNT","SUV_COUNT","TCD_FUNC_CD","TCD_TYPE","TFC_DETOUR_IND","TIME_OF_DAY","TOT_INJ_COUNT","TOTAL_UNITS","UNB_DEATH_COUNT","UNB_SUSP_SERIOUS_INJ_COUNT","UNBELTED_OCC_COUNT","UNK_INJ_DEG_COUNT","UNK_INJ_PER_COUNT","URBAN_RURAL","VAN_COUNT","VEHICLE_COUNT","WORK_ZONE_IND","WORK_ZONE_LOC","WORK_ZONE_TYPE","WORKERS_PRES","WZ_CLOSE_DETOUR","WZ_FLAGGER","WZ_LAW_OFFCR_IND","WZ_LN_CLOSURE","WZ_MOVING","WZ_OTHER","WZ_SHLDER_MDN","ROADWAY_CLEARED","WEATHER1","WEATHER2","WZ_WORKERS_INJ_KILLED","SECONDARY_CRASH","INTERSECTION_RELATED"
"0004","0","0","0","0","0","0","0","0","0","7","0","","36","02","2018","2018038123","1","39.8689","-76.2275","2348","08","0","0","0","0","0","0","0","0","","0","0","0","23","3","0","01","0","39 52:08.023","","00","76 13:38.946","0","0","0","0","36212","0","0","0","","0","0","0","1","68J01","0","","4","98","N","N","0","","0","0","1","3","8","","2338","0","1","0","0","0","0","0","1","0","1","N","","","","","","","","","","","","03","  ","","",""
"1310","1","0","0","0","0","0","0","0","0","4","0","","36","03","2018","2018038124","3","40.0617","-76.1467","1300","08","0","0","0","0","0","1","0","0","","0","0","0","13","1","0","02","0","40 03:42.064","","00","76 08:48.263","0","0","0","0","36221","0","0","0","","0","0","0","2","68J01","0","","1","01","N","N","1","","0","0","0","3","3","","1300","0","2","0","0","0","0","0","1","0","2","N","","","","","","","","","","","","03","  ","","",""
"1555","1","0","0","0","0","0","0","0","0","1","0","","36","03","2018","2018038125","5","39.9832","-76.1456","1540","08","0","0","0","0","0","0","0","0","","0","0","0","15","1","0","00","0","39 58:59.431","","00","76 08:44.274","9","0","0","0","36226","0","0","0","","0","0","0","2","68J01","0","","1","01","N","N","0","","0","0","0","0","0","","1532","0","2","0","0","0","0","1","1","0","2","N","","","","","","","","","","","","03","  ","","",""
"2347","1","0","0","0","0","0","0","0","0","7","0","","36","03","2018","2018038165","1","40.1738","-76.5885","2343","08","0","1","0","0","0","0","0","0","","0","0","0","22","2","1","00","0","40 10:25.800","","00","76 35:18.600","4","0","0","0","36225","0","0","0","N","0","0","0","1","36505","1","","4","01","N","N","0","","0","0","0","0","0","","2223","1","1","0","0","0","0","0","2","0","1","N","","","","","","","","","","","","03","  ","","",""
"0818","0","0","0","0","0","0","0","0","0","4","0","","36","02","2018","2018038215","5","40.0703","-76.3013","0814","08","0","0","1","0","0","1","0","0","1","0","0","0","08","1","0","01","1","40 04:12.969","1","00","76 18:04.751","0","0","0","0","36101","0","0","0","N","0","0","0","2","36101","0","","1","02","N","N","0","","0","0","2","3","2","N","0812","0","2","0","0","0","0","0","3","0","2","N","","","","","","","","","","","","03","  ","","",""
"2300","1","0","0","0","0","0","0","0","0","8","0","","36","03","2018","2018038216","1","40.0586","-76.3336","2240","08","0","0","0","0","0","0","0","0","","0","0","0","22","3","1","00","0","40 03:30.901","","07","76 20:00.959","3","0","0","0","36101","1","0","0","","1","0","0","2","36101","0","","2","01","N","N","0","","1","0","0","3","2","","2200","1","2","0","0","0","0","0","3","0","1","N","","","","","","","","","","","","03","  ","","",""
"1728","2","0","0","0","0","0","0","0","0","1","0","","36","03","2018","2018038217","5","40.0628","-76.3419","1726","08","0","0","0","0","0","0","0","0","","0","0","0","17","1","1","00","0","40 03:45.961","","00","76 20:30.718","4","0","0","0","36101","0","0","0","N","0","0","0","3","36101","1","","1","01","N","N","0","","0","0","0","0","0","","1722","1","2","0","0","0","0","0","3","0","2","N","","","","","","","","","","","","03","  ","","",""
"0808","1","0","0","0","0","0","0","0","0","2","1","","36","02","2018","2018038218","6","40.035","-76.308","0805","08","0","0","0","0","0","0","0","0","3","0","1","0","08","1","1","00","2","40 02:06.140","7","00","76 18:28.690","3","0","0","0","36301","0","0","0","N","0","0","0","2","36301","0","","1","01","N","N","0","","1","0","0","0","0","Y","0805","1","2","0","0","0","0","0","3","0","2","N","","","","","","","","","","","","03","  ","","",""
"1304","1","0","0","0","0","0","0","0","0","4","0","","36","03","2018","2018038232","6","40.0487","-76.2989","1304","08","0","0","0","0","0","0","1","0","","0","0","0","13","1","0","01","0","40 02:55.262","","00","76 17:55.975","0","0","0","0","36301","0","0","0","N","0","0","0","2","36301","0","","1","09","N","N","1","","0","0","0","3","3","","1304","0","2","0","0","0","0","0","3","0","2","N","","","","","","","","","","","","07","  ","","",""
"1658","0","0","0","0","0","0","0","0","0","7","0","","36","03","2018","2018038240","3","40.1647","-76.3989","1658","08","0","0","0","0","0","0","0","0","2","0","0","0","16","1","0","01","2","40 09:52.837","5","00","76 23:55.942","0","0","0","0","36410","0","0","0","N","0","0","0","1","36410","0","","5","01","N","N","0","","0","0","0","0","0","Y","1655","0","1","0","0","0","0","0","2","1","1","N","","","","","","","","","","","","03","  ","","",""
"1615","2","0","0","0","0","0","0","0","0","1","0","","36","03","2018","2018038243","3","40.1743","-76.2298","1609","08","0","0","0","0","0","1","0","0","2","0","0","0","16","1","0","00","2","40 10:27.565","3","00","76 13:47.407","9","0","0","0","36218","0","0","0","N","0","0","0","3","36408","0","","1","01","N","N","0","","0","0","0","0","0","N","1607","0","2","0","0","0","0","1","1","0","2","N","","","","","","","","","","","","03","  ","","",""
"1652","2","0","0","0","0","0","0","0","0","1","0","","36","03","2018","2018038250","6","40.1674","-76.1993","1645","08","0","0","0","0","0","1","0","0","2","0","0","0","16","1","0","00","1","40 09:55.269","5","00","76 12:01.458","0","0","0","0","36218","0","0","0","N","0","0","0","2","36408","0","","1","01","N","N","0","","0","0","0","0","0","Y","1625","0","2","0","0","0","0","0","1","0","2","N","","","","","","","","","","","","03","  ","","",""
"1245","2","0","0","0","0","0","0","0","0","4","0","","36","03","2018","2018038272","5","40.1057","-76.0884","1236","08","0","0","0","0","0","0","0","0","1","0","0","0","12","1","0","02","2","40 06:20.654","2","00","76 05:18.100","0","0","0","0","36415","0","0","0","N","0","0","0","3","36415","0","","1","01","N","N","0","","0","0","0","3","3","Y","1232","0","2","0","0","0","0","0","1","0","2","N","","","","","","","","","","","","03","  ","","",""
"1353","2","0","0","0","0","0","0","0","0","4","0","","36","03","2018","2018038298","6","40.0943","-76.1129","1349","08","0","0","0","0","0","1","1","0","1","0","0","0","13","1","0","01","2","40 05:39.586","6","00","76 06:46.260","0","0","0","0","36209","0","0","0","N","0","0","0","3","36415","0","","1","09","N","N","0","","0","0","0","3","2","Y","1347","0","2","0","0","0","0","0","1","0","2","N","","","","","","","","","","","","07","  ","","",""
"2055","1","0","0","0","0","0","0","0","0","6","0","","36","03","2018","2018038341","6","39.9751","-76.2473","2044","08","0","0","0","0","0","0","1","0","2","0","0","0","20","3","1","01","2","39 58:30.378","6","00","76 14:50.447","3","0","0","0","36240","0","0","0","Y","0","0","0","5","36240","0","","1","01","N","N","0","","1","0","1","3","2","Y","2044","1","2","0","0","0","0","0","1","0","2","N","","","","","","","","","","","","03","  ","","",""
"2214","0","0","0","0","0","0","0","0","0","4","0","","36","03","2018","2018038364","7","40.0349","-76.3051","2211","08","0","0","1","0","0","0","0","0","1","0","0","0","22","3","0","01","2","40 02:05.543","6","00","76 18:18.345","0","0","0","0","36301","0","0","0","N","0","0","0","2","36301","0","","1","01","N","N","0","","0","0","2","3","3","N","2201","0","2","0","0","0","0","0","3","0","2","N","","","","","","","","","","","","03","  ","","",""
"0027","1","0","0","0","0","0","0","0","0","8","0","","36","03","2018","2018038394","4","40.1873","-76.1844","0026","08","0","0","1","0","0","0","0","0","3","0","0","0","00","3","1","01","1","40 11:14.331","3","00","76 11:03.790","3","0","0","0","36408","1","0","0","N","1","0","0","4","36408","0","","1","01","N","N","0","","1","0","0","3","2","N","0024","1","2","0","0","0","0","0","2","0","1","N","","","","","","","","","","","","03","  ","","",""
"1416","1","0","0","0","0","0","0","0","0","4","0","","36","03","2018","2018038401","6","40.0423","-76.279","1410","08","0","0","0","1","0","0","0","0","","0","0","0","14","1","0","02","0","40 02:32.259","","00","76 16:44.413","0","0","0","0","36220","0","0","0","","0","0","0","2","36101","0","","1","09","N","N","0","","0","0","1","3","3","","1401","0","2","0","0","0","0","0","3","0","2","N","","","","","","","","","","","","07","  ","","",""
"1419","3","0","0","0","0","0","0","0","0","1","0","","36","03","2018","2018038402","6","40.0707","-76.3203","1414","08","0","0","0","0","0","0","1","0","2","0","0","0","14","1","4","00","2","40 04:14.353","3","03","76 19:13.008","3","0","0","0","36101","0","0","0","","0","0","0","6","36101","1","","1","01","N","N","1","","3","0","0","0","0","N","1412","4","4","0","0","0","0","0","3","0","4","N","","","","","","","","","","","","03","  ","","",""
"1612","0","0","0","0","0","0","0","0","0","1","0","","36","03","2018","2018038403","6","40.0772","-76.3377","1558","08","0","0","0","0","0","2","0","0","","0","0","0","15","1","1","07","0","40 04:37.954","","02","76 20:15.551","4","0","0","0","36101","0","0","0","","0","0","0","2","36101","1","","1","01","N","N","1","","0","0","1","3","4","","1550","1","2","0","0","0","0","0","3","0","2","N","","","","","","","","","","","","03","  ","","",""
"1754","1","0","0","0","0","0","0","0","0","7","0","","36","03","2018","2018038404","6","40.1512","-76.365","1744","08","0","0","0","0","0","0","0","0","3","0","0","0","17","1","0","00","2","40 09:04.207","7","00","76 21:54.070","0","0","0","0","36227","0","0","0","N","0","0","0","1","36506","0","","4","01","N","N","0","","0","0","0","0","0","Y","1742","0","1","0","0","0","0","0","1","0","1","N","","","","","","","","","","","","03","  ","","",""
"1503","0","0","0","0","0","0","0","0","0","1","0","","36","03","2018","2018038419","7","40.027","-76.4946","1457","08","0","0","0","0","0","0","0","1","2","0","0","0","14","1","0","00","1","40 01:37.300","4","00","76 29:40.500","0","0","0","0","36404","0","0","0","N","0","0","0","1","36404","0","","4","01","N","N","0","","0","0","2","0","0","N","1455","0","2","0","0","0","0","0","3","0","2","N","","","","","","","","","","","","03","  ","","",""
"1650","1","0","0","0","0","0","0","0","0","0","0","","36","03","2018","2018038427","7","40.0953","-76.4103","1649","08","0","1","0","0","0","0","0","0","","0","0","0","16","1","1","01","0","40 05:43.016","","00","76 24:37.175","8","0","0","1","36214","0","0","0","N","0","0","0","2","36214","0","","1","01","N","N","0","","0","0","0","1","2","","1647","1","2","0","0","0","1","0","3","0","2","N","","","","","","","","","","","","03","  ","","",""
"1440","0","0","0","0","0","0","0","0","0","4","0","","36","03","2018","2018038431","6","40.0657","-76.325","1434","08","0","0","0","0","0","0","1","0","2","0","0","0","14","1","1","00","2","40 03:56.500","3","07","76 19:30.000","4","0","0","0","36301","0","0","0","N","0","0","0","3","36301","1","","1","01","N","N","1","","0","0","1","0","0","Y","1420","1","2","0","0","0","0","0","3","0","2","N","","","","","","","","","","","","03","  ","","",""
"1557","2","0","0","0","0","0","0","0","0","4","0","","36","03","2018","2018038452","6","40.0592","-76.069","1549","08","0","0","0","0","0","1","0","0","","0","0","0","15","1","0","02","0","40 03:33.201","","00","76 04:08.417","0","0","0","0","36209","0","0","0","N","0","0","0","3","36415","0","","1","01","N","N","0","","0","0","0","3","3","N","1545","0","2","0","0","0","0","0","1","0","2","N","","","","","","","","","","","","03","  ","","",""
"0737","0","0","0","0","0","0","0","0","0","7","0","","36","03","2018","2018038474","3","40.0665","-76.6044","0729","08","0","0","0","0","0","1","0","0","2","0","0","0","07","1","0","00","1","40 03:59.520","1","00","76 36:15.999","0","0","0","0","36211","0","0","0","N","0","0","0","1","36504","0","","4","02","N","N","0","","0","0","1","0","0","N","0728","0","1","0","0","0","0","0","1","0","1","N","","","","","","","","","","","","10","  ","","",""
"1137","1","0","0","0","0","0","0","0","0","8","0","","36","03","2018","2018038512","7","40.1444","-76.3022","1137","08","0","0","0","0","0","0","0","0","1","0","0","0","11","1","1","00","1","40 08:39.900","5","07","76 18:07.960","8","0","0","0","36409","1","0","0","N","1","0","0","2","36409","0","","5","01","N","N","0","","0","0","0","0","0","N","1137","1","2","0","0","0","1","0","3","0","1","N","","","","","","","","","","","","03","  ","","",""
"2127","1","0","0","0","0","0","0","0","0","8","0","","36","03","2018","2018038517","4","40.1515","-76.606","2125","08","0","0","0","0","0","0","0","0","","0","0","0","21","3","1","01","0","40 09:05.436","","00","76 36:21.498","2","0","0","0","36407","1","0","1","N","1","0","1","2","36407","0","","1","01","N","N","0","","0","1","0","9","2","","2120","1","2","0","0","0","0","0","2","0","1","N","","","","","","","","","","","","07","  ","","",""
"0744","1","0","0","0","0","0","0","0","0","7","0","","36","03","2018","2018038520","4","40.153","-76.1882","0736","08","0","0","0","0","0","0","0","0","","0","0","0","07","1","0","01","0","40 09:10.641","","00","76 11:17.390","0","0","0","0","36238","0","0","0","N","0","0","0","1","36238","0","","4","07","N","N","0","","0","0","0","0","0","","0735","0","1","0","0","0","0","0","3","0","1","N","","","","","","","","","","","","10","  ","","",""
"0819","0","0","0","0","0","0","0","0","0","7","0","","36","03","2018","2018038523","4","40.1299","-76.1963","0816","08","0","1","0","0","0","0","0","0","","0","0","0","08","1","0","00","0","40 07:47.514","","00","76 11:46.705","0","0","0","0","36238","0","0","0","N","0","0","0","1","36238","0","","5","07","N","N","1","","0","0","0","0","0","","0810","0","1","0","0","0","0","0","3","0","1","N","","","","","","","","","","","","10","  ","","",""
"1005","1","0","0","0","0","0","0","0","0","7","0","","36","03","2018","2018038524","4","40.1318","-76.1714","0958","08","0","0","0","0","0","0","0","0","","0","0","0","09","1","0","00","0","40 07:54.580","","00","76 10:16.922","0","0","0","0","36238","0","0","0","N","0","0","0","1","36238","0","","5","07","N","N","0","","0","0","0","0","0","","0955","0","1","0","0","0","0","0","3","0","1","N","","","","","","","","","","","","10","  ","","",""
"1238","1","0","0","0","0","0","0","0","0","4","0","","36","03","2018","2018038571","6","40.1117","-76.4517","1238","08","0","0","0","0","0","0","0","0","1","0","0","0","12","1","0","01","1","40 06:42.333","4","00","76 27:05.926","0","0","0","0","36230","0","0","0","N","0","0","0","2","36410","0","","1","01","N","N","0","","0","0","1","3","2","N","1237","0","2","0","0","0","0","0","1","0","2","N","","","","","","","","","","","","03","  ","","",""
"1845","0","0","0","0","0","0","0","0","0","7","0","","36","03","2018","2018038572","5","40.0826","-76.5814","1830","08","0","0","0","1","0","0","0","0","","0","0","0","18","1","0","02","0","40 04:57.273","","00","76 34:53.216","0","0","0","0","36211","0","0","0","N","0","0","0","1","36504","0","","2","01","N","N","0","","0","0","1","0","0","","1830","0","1","0","0","0","0","0","1","0","1","N","","","","","","","","","","","","03","  ","","",""
"1517","0","0","0","0","0","0","0","0","0","8","0","","36","03","2018","2018038631","5","40.036","-76.3082","1516","08","0","0","0","0","0","1","0","0","2","0","0","0","15","1","1","01","2","40 02:09.771","4","00","76 18:29.474","8","0","0","0","36301","1","0","0","N","1","0","0","2","36301","0","","1","01","N","N","1","","0","0","0","3","3","Y","1514","1","2","0","0","0","1","0","3","0","1","N","","","","","","","","","","","","03","  ","","",""
"0940","0","0","0","0","0","0","0","0","0","7","0","","36","03","2018","2018038654","4","40.1873","-76.5852","0932","08","0","0","0","0","0","1","0","0","","0","0","0","09","1","0","00","0","40 11:14.189","","00","76 35:06.607","0","0","0","0","36225","0","0","0","N","0","0","0","1","36505","0","","5","07","N","N","1","","0","0","0","0","0","N","0930","0","1","0","0","0","0","0","2","0","1","N","","","","","","","","","","","","10","  ","","",""
"1612","1","0","0","0","0","0","0","0","0","1","0","","36","03","2018","2018038668","5","40.2067","-76.4191","1603","08","0","0","0","0","0","1","0","0","","0","0","0","16","1","0","00","0","40 12:24.083","","00","76 25:08.931","0","0","0","0","36227","0","0","0","N","0","0","0","2","36506","0","","1","01","N","N","0","","0","0","1","0","0","","1603","0","2","0","0","0","0","0","1","0","2","N","","","","","","","","","","","","03","  ","","",""
"1120","1","0","0","0","0","0","0","0","0","4","0","","36","04","2018","2018038689","2","40.0338","-76.3044","1118","08","0","0","0","0","0","1","0","0","1","0","0","0","11","1","1","00","2","40 02:01.688","3","00","76 18:15.935","3","0","0","0","36301","0","0","0","N","0","0","0","1","36301","0","","1","01","N","N","0","","1","0","1","0","0","Y","1116","1","2","0","0","1","0","0","3","0","2","N","","","","","","","","","","","","03","  ","","",""
"1229","1","0","0","0","0","0","0","0","0","4","0","","36","03","2018","2018038709","4","39.9766","-76.0959","1219","08","0","0","0","0","0","0","0","0","1","0","0","0","12","1","0","00","1","39 58:35.727","1","00","76 05:45.255","0","0","0","0","36226","0","0","0","Y","0","0","0","2","68J01","0","","1","02","N","N","1","","0","0","1","0","0","N","1218","0","3","0","0","0","0","0","1","0","3","N","","","","","","","","","","","","10","  ","","",""
"1140","0","0","0","0","0","0","0","0","0","7","0","","36","04","2018","2018038758","2","40.0484","-76.3148","1135","08","0","0","0","0","0","0","0","0","","0","0","0","11","1","0","00","0","40 02:54.193","","00","76 18:53.213","0","0","0","0","36301","0","0","0","N","0","0","0","2","36301","0","","5","09","N","N","1","","0","0","0","0","0","","1133","0","1","0","0","0","0","0","3","0","1","N","","","","","","","","","","","","03","  ","","",""
"2335","1","0","0","0","0","0","0","0","0","4","0","","36","03","2018","2018038778","4","40.033","-76.3068","2332","08","0","0","0","0","0","0","0","0","1","0","0","0","23","3","1","01","1","40 01:58.902","3","00","76 18:24.637","3","0","0","0","36301","0","0","0","N","0","0","0","3","36301","0","","1","01","N","N","0","","1","0","1","3","2","N","2330","1","2","0","0","0","0","0","3","0","2","N","","","","","","","","","","","","03","  ","","",""
"1341","0","1","3","0","0","0","0","0","0","2","0","","36","02","2018","2018038830","7","39.818","-76.0424","1324","08","0","0","0","0","0","1","0","0","4","1","0","0","13","1","6","00","2","39 49:04.795","5","00","76 02:32.813","1","0","0","0","36205","0","0","0","N","0","0","0","7","68J01","0","2","4","09","N","N","1","0","0","3","0","0","0","Y","1323","6","2","0","0","0","3","0","1","1","2","N","","","","","","","","","","","","07","  ","","",""
"1049","1","1","0","0","0","0","0","0","0","1","0","","36","03","2018","2018038855","5","40.1651","-76.2111","1046","08","0","0","0","0","0","0","0","1","3","1","0","0","10","1","2","02","2","40 09:54.335","6","00","76 12:39.985","1","0","0","0","36402","0","0","0","N","0","0","0","3","36402","1","2","1","01","N","N","1","0","1","0","0","0","0","Y","1046","2","3","0","0","2","0","0","2","1","3","N","","","","","","","","","","","","03","  ","","",""
"2205","1","0","0","0","0","0","0","0","0","7","0","","36","04","2018","2018038938","2","40.1111","-76.1102","2200","08","0","0","0","0","0","0","0","0","3","1","0","0","21","2","0","00","2","40 06:40.000","5","00","76 06:36.600","1","0","0","0","36209","0","0","0","Y","0","0","0","1","36415","0","2","4","01","N","N","0","0","0","0","0","0","0","Y","2158","0","1","1","0","1","0","0","1","0","1","N","","","","","","","","","","","","03","  ","","",""
"0059","1","0","0","0","0","0","0","0","0","7","0","","36","03","2018","2018038951","6","40.1083","-76.5118","0057","08","0","0","0","0","0","0","0","0","1","0","0","0","00","3","0","11","1","40 06:29.746","4","00","76 30:42.487","9","0","0","0","36413","0","0","0","N","0","0","0","1","36413","0","","5","01","N","N","0","","0","0","0","0","0","Y","0055","0","1","0","0","0","0","1","2","0","1","N","","","","","","","","","","","","03","  ","","",""
"0538","1","0","0","0","0","0","0","0","0","4","0","","36","04","2018","2018038956","2","40.0386","-76.3276","0526","08","0","0","0","0","0","1","0","0","2","0","0","0","05","2","1","02","1","40 02:18.841","3","00","76 19:39.220","4","0","0","0","36220","0","0","0","","0","0","0","2","36101","1","","1","06","N","N","0","","0","0","1","3","3","N","0525","1","2","0","0","0","0","0","3","0","2","N","","","","","","","","","","","","10","  ","","",""
"2322","2","0","0","0","0","0","0","0","0","4","0","","36","03","2018","2018038957","4","40.0603","-76.2772","2318","08","0","0","0","0","0","1","0","0","","0","0","0","23","3","0","01","0","40 03:37.033","","00","76 16:38.007","0","0","0","0","36101","0","0","0","","0","0","0","2","36101","0","","1","09","N","N","0","","0","0","0","3","2","","2316","0","2","0","0","0","0","0","3","0","2","N","","","","","","","","","","","","07","  ","","",""
"1637","3","0","1","0","0","0","0","0","0","1","0","","36","03","2018","2018038958","2","40.04","-76.2294","1630","08","0","0","0","0","0","2","0","0","2","0","0","0","16","1","1","00","2","40 02:24.033","6","00","76 13:45.987","2","0","0","0","36215","0","0","0","Y","0","0","0","4","36215","0","","1","01","N","N","1","","0","1","0","0","0","Y","1628","1","4","0","0","0","0","0","1","0","4","N","","","","","","","","","","","","03","  ","","",""
"1742","0","0","0","0","0","0","0","0","0","7","0","","36","03","2018","2018038959","2","40.0349","-76.2532","1729","08","0","0","0","0","1","0","0","0","","0","0","0","17","1","0","02","0","40 02:05.773","","00","76 15:11.501","0","0","0","0","36215","0","0","0","","0","0","0","1","36215","0","","4","01","N","N","0","","0","0","1","0","0","","1727","0","1","0","0","0","0","0","1","0","1","N","","","","","","","","","","","","03","  ","","",""
"1906","1","0","0","0","0","0","0","0","0","1","1","","36","03","2018","2018038960","4","40.0257","-76.2092","1856","08","0","0","0","0","0","2","0","0","1","0","1","0","18","4","1","01","1","40 01:32.489","4","00","76 12:32.956","4","0","0","0","36215","0","0","0","","0","0","0","2","36215","1","","1","01","N","N","0","","0","0","0","3","2","N","1856","1","2","0","0","0","0","0","1","0","2","N","","","","","","","","","","","","03","  ","","",""
"0717","0","0","0","0","0","0","0","0","0","7","0","","36","03","2018","2018038961","5","40.0197","-76.1662","0713","08","0","0","0","0","0","1","0","0","1","0","0","0","07","1","1","00","2","40 01:11.082","2","00","76 09:58.157","4","0","0","0","36215","0","0","0","","0","0","0","1","36215","1","","4","09","N","N","0","","0","0","1","0","0","N","0711","1","1","0","0","0","0","0","1","0","1","N","","","","","","","","","","","","07","  ","","",""
"1837","2","0","0","0","0","0","0","0","0","4","0","","36","03","2018","2018038962","6","40.0781","-76.1848","1834","08","0","1","0","0","0","1","0","0","1","0","0","0","18","1","1","02","2","40 04:41.176","6","00","76 11:05.350","4","0","0","0","36234","0","0","0","","0","0","0","2","36215","1","","1","01","N","N","0","","0","0","0","0","0","N","1833","1","2","0","0","0","0","0","1","0","2","N","","","","","","","","","","","","03","  ","","",""
"1540","1","0","0","0","0","0","0","0","0","4","0","","36","03","2018","2018038996","3","40.0267","-76.3201","1536","08","0","1","0","0","0","0","0","0","","0","0","0","15","1","0","01","0","40 01:35.975","","00","76 19:12.417","0","0","0","0","36301","0","0","0","N","0","0","0","5","36301","0","","1","09","N","N","0","","0","0","2","3","3","","1532","0","3","0","0","0","0","0","3","0","3","N","","","","","","","","","","","","10","  ","","",""
"1311","1","0","0","0","0","0","0","0","0","1","1","","36","04","2018","2018038997","2","39.9876","-76.2766","1302","08","0","0","0","0","0","0","1","0","","0","1","0","13","1","0","01","0","39 59:15.198","","00","76 16:35.769","0","0","0","0","36240","0","0","0","N","0","0","0","2","36240","0","","1","01","N","N","0","","0","0","0","3","2","","1300","0","2","0","0","0","0","0","1","0","2","N","","","","","","","","","","","","03","  ","","",""
"0746","2","0","0","0","0","0","0","0","0","1","0","","36","04","2018","2018039019","3","40.0526","-76.3943","0729","08","0","0","0","0","0","0","0","0","1","0","0","0","07","1","1","00","1","40 03:09.267","3","00","76 23:39.379","3","0","0","0","36214","0","0","0","N","0","0","0","3","36214","0","","1","09","N","N","0","","1","0","0","0","0","N","0725","1","2","0","0","0","0","0","3","0","2","N","","","","","","","","","","","","07","  ","","",""
"1457","1","0","0","0","0","0","0","0","0","1","0","","36","04","2018","2018039221","3","40.0386","-76.3571","1445","08","0","0","0","0","0","0","0","0","2","0","0","0","14","1","1","00","1","40 02:19.100","4","00","76 21:25.450","3","0","0","0","36214","0","0","0","N","0","0","0","3","36214","0","","1","09","N","N","1","","1","0","0","0","0","N","1440","1","2","0","0","0","0","0","3","0","2","N","","","","","","","","","","","","07","  ","","",""
"0217","1","0","0","0","0","0","0","0","0","7","0","","36","03","2018","2018039283","6","40.0599","-76.2767","0214","08","0","0","0","0","0","0","0","0","2","0","0","0","02","3","1","00","2","40 03:35.772","3","00","76 16:36.130","2","0","0","0","36101","0","0","0","","0","0","0","1","36101","0","","2","01","N","N","0","","0","1","0","0","0","N","0201","1","1","0","0","0","0","0","3","0","1","N","","","","","","","","","","","","03","  ","","",""
"1606","1","0","0","0","0","0","1","0","0","4","1","","36","04","2018","2018039316","3","40.1444","-76.5996","1559","08","0","0","0","0","0","0","0","0","","0","0","0","15","1","0","02","0","40 08:39.725","","00","76 35:58.427","0","0","0","0","36407","0","0","0","N","0","0","0","2","36407","0","","1","09","Y","N","0","","0","0","0","0","0","","1555","0","2","0","0","1","0","0","2","0","2","N","","","","","","","","","","","","07","  ","","",""
"2226","1","0","0","0","0","0","0","0","0","1","0","","36","03","2018","2018039347","4","40.1476","-76.6034","2226","08","0","0","0","0","0","0","0","0","","0","0","0","22","3","0","00","0","40 08:51.220","","00","76 36:12.219","0","0","0","0","36407","0","0","0","N","0","0","0","0","36407","0","","6","09","N","N","0","","0","0","0","0","0","","2226","0","1","0","0","0","0","0","2","0","1","N","","","","","","","","","","","","07","  ","","",""
"1725","1","0","0","0","0","0","0","0","0","1","1","","36","03","2018","2018039447","2","40.0851","-76.271","1716","08","0","0","0","0","0","1","0","0","","0","1","0","17","1","2","00","0","40 05:06.285","","00","76 16:15.741","4","0","0","0","36101","0","0","0","","0","0","0","6","36101","2","","1","01","N","N","0","","0","0","1","0","0","","1714","2","3","0","0","0","0","0","3","0","3","N","","","","","","","","","","","","03","  ","","",""
"1407","1","0","0","0","0","0","0","0","0","1","0","","36","03","2018","2018039448","5","40.0795","-76.28","1400","08","0","0","0","0","0","0","0","0","2","0","0","0","13","1","1","00","2","40 04:46.242","2","00","76 16:47.882","8","0","0","0","36101","0","0","0","","0","0","0","2","36101","0","","1","01","N","N","0","","0","0","0","0","0","N","1358","1","2","0","0","0","1","0","3","1","2","N","","","","","","","","","","","","03","  ","","",""