"ARRIVAL_TM","AUTOMOBILE_COUNT","BELTED_DEATH_COUNT","BELTED_SUSP_SERIOUS_INJ_COUNT","BICYCLE_COUNT","BICYCLE_DEATH_COUNT","BICYCLE_SUSP_SERIOUS_INJ_COUNT","BUS_COUNT","CHLDPAS_DEATH_COUNT","CHLDPAS_SUSP_SERIOUS_INJ_COUNT","COLLISION_TYPE","COMM_VEH_COUNT","CONS_ZONE_SPD_LIM","COUNTY","CRASH_MONTH","CRASH_YEAR","CRN","DAY_OF_WEEK","DEC_LAT","DEC_LONG","DISPATCH_TM","DISTRICT","DRIVER_COUNT_16YR","DRIVER_COUNT_17YR","DRIVER_COUNT_18YR","DRIVER_COUNT_19YR","DRIVER_COUNT_20YR","DRIVER_COUNT_50_64YR","DRIVER_COUNT_65_74YR","DRIVER_COUNT_75PLUS","EST_HRS_CLOSED","FATAL_COUNT","HEAVY_TRUCK_COUNT","HORSE_BUGGY_COUNT","HOUR_OF_DAY","ILLUMINATION","INJURY_COUNT","INTERSECT_TYPE","LANE_CLOSED","LATITUDE","LN_CLOSE_DIR","LOCATION_TYPE","LONGITUDE","MAX_SEVERITY_LEVEL","MCYCLE_DEATH_COUNT","MCYCLE_SUSP_SERIOUS_INJ_COUNT","MOTORCYCLE_COUNT","MUNICIPALITY","NONMOTR_COUNT","NONMOTR_DEATH_COUNT","NONMOTR_SUSP_SERIOUS_INJ_COUNT","NTFY_HIWY_MAINT","PED_COUNT","PED_DEATH_COUNT","PED_SUSP_SERIOUS_INJ_COUNT","PERSON_COUNT","POLICE_AGCY","POSSIBLE_INJ_COUNT","RDWY_SURF_TYPE_CD","RELATION_TO_ROAD","ROAD_CONDITION","SCH_BUS_IND","SCH_ZONE_IND","SMALL_TRUCK_COUNT","SPEC_JURIS_CD","SUSP_MINOR_INJ_COUNT","SUSP_SERIOUS_INJ_COUNT","SUV_COUNT","TCD_FUNC_CD","TCD_TYPE","TFC_DETOUR_IND","TIME_OF_DAY","TOT_INJ_COUNT","TOTAL_UNITS","UNB_DEATH_COUNT","UNB_SUSP_SERIOUS_INJ_COUNT","UNBELTED_OCC_COUNT","UNK_INJ_DEG_COUNT","UNK_INJ_PER_COUNT","URBAN_RURAL","VAN_COUNT","VEHICLE_COUNT","WORK_ZONE_IND","WORK_ZONE_LOC","WORK_ZONE_TYPE","WORKERS_PRES","WZ_CLOSE_DETOUR","WZ_FLAGGER","WZ_LAW_OFFCR_IND","WZ_LN_CLOSURE","WZ_MOVING","WZ_OTHER","WZ_SHLDER_MDN","ROADWAY_CLEARED","WEATHER1","WEATHER2","WZ_WORKERS_INJ_KILLED","SECONDARY_CRASH","INTERSECTION_RELATED"
"1710","1","0","0","0","0","0","0","0","0","1","0","","36","03","2018","2018039449","5","40.0758","-76.3364","1650","08","0","0","0","0","0","0","0","0","2","0","0","0","16","1","0","00","2","40 04:32.982","3","00","76 20:10.983","0","0","0","0","36101","0","0","0","","0","0","0","5","36101","0","","1","01","N","N","1","","0","0","1","0","0","N","1647","0","3","0","0","0","0","0","3","0","3","N","","","","","","","","","","","","03","  ","","",""
"0859","2","0","0","0","0","0","0","0","0","1","0","","36","04","2018","2018039450","3","40.0694","-76.3074","0853","08","0","0","0","1","0","0","0","0","","0","0","0","08","1","1","00","0","40 04:09.951","","00","76 18:26.710","3","0","0","0","36101","0","0","0","","0","0","0","2","36101","0","","1","09","N","N","0","","1","0","0","0","0","","0849","1","2","0","0","0","0","0","3","0","2","N","","","","","","","","","","","","07","  ","","",""
"0943","0","0","0","0","0","0","0","0","0","4","0","","36","04","2018","2018039451","3","40.0474","-76.4051","0937","08","0","0","0","0","0","1","0","0","","0","0","0","09","1","0","00","0","40 02:50.680","","07","76 24:18.290","0","0","0","0","36214","0","0","0","N","0","0","0","2","36214","0","","1","08","N","N","1","","0","0","1","0","0","","0935","0","2","0","0","0","0","0","3","0","2","N","","","","","","","","","","","","07","  ","","",""
"1145","1","0","0","0","0","0","0","0","0","8","0","","36","03","2018","2018039477","7","40.0262","-76.3035","1140","08","0","0","0","0","0","0","0","0","","0","0","0","11","1","1","03","0","40 01:34.250","","00","76 18:12.579","3","0","0","0","36301","1","0","0","N","1","0","0","2","36301","0","","1","01","N","N","0","","1","0","0","3","2","","1133","1","2","0","0","0","0","1","3","0","1","N","","","","","","","","","","","","03","  ","","",""
"1430","1","0","0","0","0","0","0","0","0","4","0","","36","04","2018","2018039527","3","40.1628","-76.2762","1427","08","0","0","0","0","0","0","0","1","","0","0","0","14","1","0","01","0","40 09:46.015","","00","76 16:34.301","0","0","0","0","36235","0","0","0","N","0","0","0","2","36506","0","","1","09","N","N","0","","0","0","1","0","0","","1427","0","2","0","0","0","0","0","1","0","2","N","","","","","","","","","","","","07","  ","","",""
"1010","0","0","0","0","0","0","0","0","0","0","0","","36","04","2018","2018039531","4","40.0389","-76.455","1010","08","0","0","0","0","0","0","0","0","","0","0","0","10","1","0","00","0","40 02:20.053","","00","76 27:17.913","0","0","0","0","36239","0","0","0","N","0","0","0","3","36239","0","","1","09","","","1","","0","0","1","0","0","","1010","0","2","0","0","0","0","0","3","0","2","N","","","","","","","","","","","","03","  ","","",""
"1215","0","0","0","0","0","0","0","0","0","7","0","","36","03","2018","2018039561","7","39.8858","-76.2505","1212","08","0","0","0","0","0","1","0","0","1","0","0","0","12","1","1","00","2","39 53:08.860","6","00","76 15:01.910","3","0","0","0","36229","0","0","0","N","0","0","0","1","68J01","0","","2","01","N","N","0","","1","0","1","0","0","N","1209","1","1","0","0","0","0","0","1","0","1","N","","","","","","","","","","","","03","  ","","",""
"1442","2","0","0","0","0","0","0","0","0","4","0","","36","04","2018","2018039624","4","40.1128","-76.3965","1439","08","0","0","1","0","0","0","1","0","","0","0","0","14","1","2","01","0","40 06:45.982","","00","76 23:47.576","3","0","0","0","36214","0","0","0","N","0","0","0","2","36214","1","","1","01","N","N","0","","1","0","0","3","2","","1436","2","2","0","0","0","0","0","3","0","2","N","","","","","","","","","","","","03","  ","","",""
"1713","2","0","0","0","0","0","0","0","0","5","0","","36","03","2018","2018039657","4","40.0543","-76.2961","1659","08","0","0","0","0","0","0","0","0","","0","0","0","16","1","0","00","0","40 03:15.400","","00","76 17:45.820","0","0","0","0","36101","0","0","0","N","0","0","0","1","36101","0","","2","09","N","N","0","","0","0","0","0","0","","1657","0","2","0","0","0","0","0","3","0","2","N","","","","","","","","","","","","07","  ","","",""
"1046","1","0","0","0","0","0","0","0","0","5","1","","36","04","2018","2018039658","3","40.0969","-76.3999","1038","08","0","0","0","0","0","0","0","0","1","0","1","0","10","1","0","00","2","40 05:48.769","4","00","76 23:59.672","0","0","0","0","36214","0","0","0","N","0","0","0","1","36214","0","","2","09","N","N","0","","0","0","0","0","0","N","1030","0","2","0","0","0","0","0","3","0","2","N","","","","","","","","","","","","07","  ","","",""
"0800","1","0","0","0","0","0","0","0","0","1","0","","36","03","2018","2018039659","5","40.0224","-76.3628","0758","08","0","0","0","0","0","0","0","0","1","0","0","0","07","1","0","00","1","40 01:20.720","4","00","76 21:45.976","0","0","0","0","36223","0","0","0","N","0","0","0","2","36223","0","","1","09","N","N","0","","0","0","1","0","0","N","0755","0","2","0","0","0","0","0","1","0","2","N","","","","","","","","","","","","05","  ","","",""
"1350","2","0","0","0","0","0","0","0","0","4","0","","36","03","2018","2018039660","1","39.9829","-76.1855","1346","08","0","0","0","0","0","0","0","0","1","0","0","0","13","1","1","02","2","39 58:58.873","7","00","76 11:06.695","4","0","0","0","36417","0","0","0","","0","0","0","3","36417","1","","1","01","N","N","0","","0","0","0","3","3","Y","1340","1","2","0","0","0","0","0","1","0","2","N","","","","","","","","","","","","03","  ","","",""
"1135","2","0","0","0","0","0","0","0","0","4","0","","36","03","2018","2018039661","3","39.9828","-76.1783","1132","08","0","0","0","0","0","1","0","0","","0","0","0","11","1","0","01","0","39 58:58.162","","00","76 10:41.847","0","0","0","0","36417","0","0","0","","0","0","0","2","36417","0","","1","09","N","N","0","","0","0","0","3","2","","1100","0","2","0","0","0","0","0","1","0","2","N","","","","","","","","","","","","10","  ","","",""
"2204","0","0","0","0","0","0","0","0","0","0","0","","36","03","2018","2018039678","7","40.0545","-75.9978","2155","08","0","0","0","0","0","1","0","0","1","0","0","0","21","2","1","00","2","40 03:16.370","5","00","75 59:52.030","2","0","1","1","36232","0","0","0","N","0","0","0","1","68J01","0","","1","01","N","N","0","","0","1","0","0","0","Y","2151","1","1","0","0","0","0","0","1","0","1","N","","","","","","","","","","","","03","  ","","",""
"2123","1","0","0","0","0","0","0","0","0","7","0","","36","04","2018","2018039716","4","40.1862","-76.4697","2110","08","0","1","0","0","0","0","0","0","1","0","0","0","21","2","1","00","1","40 11:10.428","5","00","76 28:10.939","8","0","0","0","36230","0","0","0","N","0","0","0","1","36410","0","","5","01","N","N","0","","0","0","0","0","0","Y","2110","1","1","0","0","0","1","0","1","0","1","N","","","","","","","","","","","","03","  ","","",""
"1433","1","0","0","0","0","0","0","0","0","4","0","","36","04","2018","2018039789","2","40.2413","-76.0567","1431","08","0","0","1","0","0","0","0","1","2","0","0","0","14","1","2","01","2","40 14:28.789","5","00","76 03:24.239","3","0","0","0","36401","0","0","0","N","0","0","0","3","36408","1","","1","01","N","N","0","","1","0","1","3","2","Y","1425","2","2","0","0","1","0","0","1","0","2","N","","","","","","","","","","","","03","  ","","",""
"1931","1","0","0","0","0","0","0","0","0","7","0","","36","03","2018","2018039800","7","40.0188","-76.3025","1924","08","0","0","0","0","0","0","0","0","2","0","0","0","19","3","0","00","2","40 01:07.599","2","00","76 18:09.091","0","0","0","0","36240","0","0","0","N","0","0","0","1","36240","0","","5","01","N","N","0","","0","0","0","0","0","Y","1924","0","1","0","0","0","0","0","1","0","1","N","","","","","","","","","","","","03","  ","","",""
"1240","1","0","0","0","0","0","0","0","0","1","1","","36","03","2018","2018039809","3","40.0308","-76.2363","1235","08","0","0","0","0","0","0","0","0","1","0","1","0","12","1","0","00","2","40 01:50.780","3","00","76 14:10.643","0","0","0","0","36215","0","0","0","N","0","0","0","2","36215","0","","1","09","N","N","0","","0","0","0","0","0","N","1234","0","2","0","0","0","0","0","1","0","2","N","","","","","","","","","","","","10","  ","","",""
"1559","1","0","0","0","0","0","0","0","0","1","1","","36","03","2018","2018039810","2","40.0868","-76.195","1552","08","0","0","0","0","0","0","0","0","2","0","1","0","15","1","1","02","2","40 05:12.440","2","00","76 11:42.014","4","0","0","0","36234","0","0","0","","0","0","0","3","36215","1","","1","01","N","N","0","","0","0","0","3","2","N","1551","1","2","0","0","0","0","0","1","0","2","N","","","","","","","","","","","","03","  ","","",""
"0802","1","0","0","0","0","0","0","0","0","1","0","","36","04","2018","2018039863","4","40.051","-76.3081","0804","08","0","0","0","0","0","0","0","0","","0","0","0","08","1","1","01","0","40 03:03.570","","00","76 18:29.319","3","0","0","0","36301","0","0","0","N","0","0","0","2","36301","0","","1","01","N","Y","0","","1","0","1","3","7","","0802","1","2","0","0","0","0","0","3","0","2","N","","","","","","","","","","","","03","  ","","",""
"0609","1","0","0","0","0","0","0","0","0","7","0","","36","04","2018","2018039937","1","40.1559","-76.3866","0557","08","0","0","0","0","0","0","0","0","2","0","0","0","05","5","0","00","1","40 09:21.120","2","00","76 23:11.613","0","0","0","0","36227","0","0","0","N","0","0","0","1","36506","0","","2","01","N","N","0","","0","0","0","0","0","Y","0557","0","1","0","0","0","0","0","1","0","1","N","","","","","","","","","","","","03","  ","","",""
"1028","0","0","0","0","0","0","0","0","0","4","0","","36","03","2018","2018039968","2","39.8986","-76.1593","1025","08","0","0","0","0","0","1","1","0","2","0","0","0","10","1","1","01","1","39 53:54.870","3","00","76 09:33.620","3","0","0","0","36416","0","0","0","N","0","0","0","2","36416","0","","1","01","N","N","1","","1","0","1","3","3","N","1020","1","2","0","0","0","0","0","1","0","2","N","","","","","","","","","","","","03","  ","","",""
"1745","1","0","0","0","0","0","0","0","0","4","0","","36","03","2018","2018040037","5","40.0378","-76.3637","1739","08","0","0","0","0","0","0","0","0","2","0","0","0","17","3","0","01","1","40 02:16.155","1","00","76 21:49.258","0","0","0","0","36223","0","0","0","","0","0","0","2","36223","0","","1","01","N","N","1","","0","0","0","3","3","Y","1735","0","2","0","0","0","0","0","1","0","2","N","","","","","","","","","","","","03","  ","","",""
"2142","0","0","0","0","0","0","0","0","0","0","0","","36","03","2018","2018040038","7","40.0254","-76.3631","2139","08","0","0","0","0","0","0","1","0","","0","0","0","21","2","0","02","0","40 01:31.600","","00","76 21:47.119","0","0","0","1","36223","0","0","0","","0","0","0","1","36223","0","","5","01","N","N","0","","0","0","0","0","0","","2137","0","1","0","0","0","0","0","1","0","1","N","","","","","","","","","","","","03","  ","","",""
"1110","1","0","0","0","0","0","0","0","0","1","0","","36","03","2018","2018040039","6","39.9827","-76.1752","1103","08","0","0","0","0","0","2","0","0","1","0","0","0","11","1","0","00","1","39 58:57.888","4","00","76 10:30.864","0","0","0","0","36417","0","0","0","","0","0","0","2","36417","0","","1","01","N","N","0","","0","0","1","0","0","N","1103","0","2","0","0","0","0","0","1","0","2","N","","","","","","","","","","","","03","  ","","",""
"2113","0","0","0","0","0","0","0","0","0","4","0","","36","04","2018","2018040107","4","40.2264","-76.1804","2106","08","0","0","1","0","0","1","0","0","3","0","0","0","21","2","2","01","2","40 13:34.893","7","00","76 10:49.273","3","0","0","0","36236","0","0","0","N","0","0","0","2","36408","1","","1","01","N","N","0","","1","0","2","3","3","Y","2105","2","2","0","0","0","0","0","1","0","2","N","","","","","","","","","","","","03","  ","","",""
"0757","1","0","0","0","0","0","0","0","0","4","0","","36","03","2018","2018040189","4","40.0897","-76.1764","0752","08","0","0","0","0","0","1","0","0","","0","0","0","07","5","1","02","0","40 05:22.791","","00","76 10:35.191","4","0","0","0","36234","0","0","0","","0","0","0","3","36215","1","","1","07","N","N","1","","0","0","0","3","2","","0752","1","3","0","0","0","0","0","1","1","3","N","","","","","","","","","","","","10","  ","","",""
"1149","1","0","0","0","0","0","0","0","0","7","0","","36","04","2018","2018040212","2","40.0387","-76.5079","1146","08","0","0","0","1","0","0","0","0","","0","0","0","11","1","0","00","0","40 02:19.389","","00","76 30:28.598","0","0","0","0","36404","0","0","0","Y","0","0","0","1","36404","0","","4","09","N","N","0","","0","0","0","0","0","","1143","0","1","0","0","0","0","0","3","0","1","N","","","","","","","","","","","","03","  ","","",""
"1445","1","0","0","0","0","0","0","0","0","4","0","","36","03","2018","2018040222","4","40.0382","-76.3036","1440","08","0","0","0","0","0","0","0","0","1","0","0","0","14","1","0","01","1","40 02:17.489","7","00","76 18:12.922","0","0","0","0","36301","0","0","0","N","0","0","0","2","36301","0","","1","09","N","N","0","","0","0","1","0","0","Y","1437","0","2","0","0","0","0","0","3","0","2","N","","","","","","","","","","","","07","  ","","",""
"2048","1","0","0","0","0","0","0","0","0","4","0","","36","04","2018","2018040475","3","40.0297","-76.3052","2044","08","0","0","0","0","0","0","0","0","2","0","0","0","20","2","1","01","2","40 01:46.793","5","00","76 18:18.770","3","0","0","0","36301","0","0","0","N","0","0","0","2","36301","0","","1","01","N","N","1","","1","0","0","3","3","Y","2043","1","2","0","0","0","0","0","3","0","2","N","","","","","","","","","","","","03","  ","","",""
"1706","1","0","0","0","0","0","0","0","0","1","0","","36","04","2018","2018040483","5","40.0701","-76.3157","1659","08","0","0","0","0","0","0","1","1","2","0","0","0","16","1","0","00","1","40 04:12.277","3","00","76 18:56.353","0","0","0","0","36101","0","0","0","","0","0","0","2","36101","0","","1","01","N","N","0","","0","0","1","0","0","N","1659","0","2","0","0","0","0","0","3","0","2","N","","","","","","","","","","","","03","  ","","",""
"1502","1","0","0","0","0","0","0","0","0","8","0","","36","04","2018","2018040516","3","40.0296","-76.3231","1500","08","0","0","0","0","0","0","0","1","","0","0","0","14","1","1","01","0","40 01:46.727","","00","76 19:23.150","8","0","0","0","36301","1","0","0","N","1","0","0","2","36301","0","","1","09","N","N","0","","0","0","0","3","2","","1459","1","2","0","0","0","1","1","3","0","1","N","","","","","","","","","","","","07","  ","","",""
"1113","2","0","0","0","0","0","0","0","0","4","0","","36","04","2018","2018040575","7","40.1049","-76.0798","1110","08","0","0","0","0","0","0","0","1","2","0","0","0","11","1","0","00","2","40 06:17.460","5","00","76 04:47.202","0","0","0","0","36415","0","0","0","N","0","0","0","1","36415","0","","6","01","N","N","0","","0","0","1","0","0","Y","1110","0","3","0","0","1","0","0","1","0","3","N","","","","","","","","","","","","03","  ","","",""
"0604","0","0","0","0","0","0","0","0","0","0","0","","36","04","2018","2018040614","2","39.9985","-76.4342","0550","08","0","0","0","0","0","0","0","0","2","0","0","0","05","2","1","00","2","39 59:54.564","6","00","76 26:02.941","8","0","0","0","36223","0","0","0","","0","0","0","1","36223","0","","1","07","N","N","0","","0","0","1","0","0","Y","0547","1","1","0","0","0","1","0","1","0","1","N","","","","","","","","","","","","10","  ","","",""
"1033","1","0","0","0","0","0","0","0","0","4","0","","36","04","2018","2018040615","6","40.0378","-76.3637","1027","08","0","0","0","0","0","0","0","0","","0","0","0","10","1","0","01","0","40 02:16.155","","00","76 21:49.258","0","0","0","0","36223","0","0","0","","0","0","0","2","36223","0","","1","01","N","N","0","","0","0","1","3","3","","1025","0","2","0","0","0","0","0","1","0","2","N","","","","","","","","","","","","03","  ","","",""
"0346","2","0","0","0","0","0","0","0","0","2","0","","36","03","2018","2018040616","1","40.1059","-76.0693","0343","08","0","0","0","0","0","0","0","0","1","0","0","0","03","2","0","00","2","40 06:21.380","6","00","76 04:09.500","0","0","0","0","36415","0","0","0","N","0","0","0","1","36415","0","","6","01","N","N","0","","0","0","0","0","0","N","0343","0","2","0","0","0","0","0","1","0","2","N","","","","","","","","","","","","03","  ","","",""
"1709","1","0","0","0","0","0","0","0","0","4","0","","36","04","2018","2018040617","6","40.0545","-76.0507","1659","08","0","0","0","0","0","1","0","0","1","0","0","0","16","1","0","01","1","40 03:16.235","4","00","76 03:02.431","9","0","0","0","36209","0","0","0","","0","0","0","2","36415","0","","1","01","N","N","0","","0","0","0","3","3","N","1659","0","2","0","0","0","0","1","1","1","2","N","","","","","","","","","","","","03","  ","","",""
"0544","1","0","0","0","0","0","0","0","0","7","0","","36","04","2018","2018040653","7","40.0384","-76.3017","0540","08","0","0","0","0","0","0","0","0","1","0","0","0","05","3","0","00","1","40 02:18.222","3","00","76 18:06.041","0","0","0","0","36301","0","0","0","N","0","0","0","1","36301","0","","5","01","N","N","0","","0","0","0","0","0","N","0540","0","1","0","0","0","0","0","3","0","1","N","","","","","","","","","","","","03","  ","","",""
"1909","0","0","0","0","0","0","0","0","0","4","0","","36","04","2018","2018040666","2","40.1293","-76.2191","1907","08","0","0","0","0","1","0","0","0","2","0","0","0","19","1","1","01","1","40 07:51.556","2","00","76 13:01.609","3","0","0","0","36238","0","0","0","N","0","0","0","2","36238","0","","1","01","N","N","0","","1","0","0","3","2","N","1905","1","2","0","0","0","0","0","3","2","2","N","","","","","","","","","","","","03","  ","","",""
"2218","0","0","0","0","0","0","0","0","0","4","0","","36","04","2018","2018040697","7","40.0503","-76.3948","2212","08","0","1","0","0","0","1","0","0","2","0","0","0","22","3","0","01","1","40 03:01.141","1","00","76 23:41.283","0","0","0","0","36214","0","0","0","N","0","0","0","2","36214","0","","1","01","N","N","0","","0","0","2","3","2","N","2210","0","2","0","0","0","0","0","3","0","2","N","","","","","","","","","","","","03","  ","","",""
"1535","2","0","0","0","0","0","0","0","0","4","0","","36","04","2018","2018040784","6","40.0674","-76.3072","1535","08","0","0","0","0","0","1","0","0","2","0","0","0","15","1","0","02","2","40 04:02.790","1","00","76 18:26.089","0","0","0","0","36101","0","0","0","","0","0","0","2","36101","0","","1","01","N","N","0","","0","0","0","0","0","N","1525","0","2","0","0","0","0","0","3","0","2","N","","","","","","","","","","","","03","  ","","",""
"1543","0","0","0","0","0","0","0","0","0","4","0","","36","04","2018","2018040785","2","40.1139","-76.3863","1539","08","0","0","0","0","0","0","0","0","1","0","0","0","15","1","0","01","2","40 06:50.151","3","00","76 23:10.518","0","0","0","0","36214","0","0","0","N","0","0","0","6","36214","0","","1","01","N","N","1","","0","0","2","3","3","Y","1539","0","3","0","0","0","0","0","3","0","3","N","","","","","","","","","","","","03","  ","","",""
"0656","0","0","0","0","0","0","0","0","0","4","0","","36","04","2018","2018040786","6","40.0543","-76.3543","0649","08","0","1","0","0","0","0","0","0","","0","0","0","06","5","1","02","0","40 03:15.591","","00","76 21:15.375","3","0","0","0","36214","0","0","0","N","0","0","0","3","36214","0","","1","01","N","N","0","","1","0","2","3","3","","0645","1","2","0","0","0","0","0","3","0","2","N","","","","","","","","","","","","03","  ","","",""
"1743","2","0","0","0","0","0","0","0","0","1","0","","36","04","2018","2018040787","6","40.1024","-76.4206","1736","08","0","0","0","0","0","0","0","0","2","0","0","0","17","1","1","00","1","40 06:08.718","4","00","76 25:14.233","3","0","0","0","36214","0","0","0","N","0","0","0","2","36214","0","","1","01","N","N","0","","1","0","0","0","0","N","1735","1","2","0","0","0","0","0","3","0","2","N","","","","","","","","","","","","03","  ","","",""
"2350","0","0","0","0","0","0","0","0","0","7","0","","36","04","2018","2018040788","6","40.073","-76.3511","2342","08","0","0","0","0","0","0","0","0","2","0","0","0","23","2","0","02","1","40 04:22.939","2","00","76 21:03.979","0","0","0","0","36214","0","0","0","Y","0","0","0","1","36214","0","","5","01","N","N","0","","0","0","1","0","0","N","2340","0","1","0","0","0","0","0","3","0","1","N","","","","","","","","","","","","03","  ","","",""
"0745","2","0","0","0","0","0","0","0","0","4","0","","36","04","2018","2018040797","6","40.1133","-76.4512","0737","08","0","0","0","0","0","1","0","0","1","0","0","0","07","1","0","01","1","40 06:47.876","2","00","76 27:04.154","0","0","0","0","36230","0","0","0","N","0","0","0","2","36410","0","","1","01","N","N","0","","0","0","0","3","2","Y","0737","0","2","0","0","0","0","0","1","0","2","N","","","","","","","","","","","","03","  ","","",""
"1939","1","0","0","0","0","0","0","0","0","7","0","","36","04","2018","2018040810","4","39.9463","-76.0431","1939","08","0","0","0","0","1","0","0","0","1","0","0","0","19","1","1","00","1","39 56:46.677","6","00","76 02:35.102","3","0","0","0","36231","0","0","0","N","0","0","0","2","36416","0","","5","01","N","N","0","","1","0","0","3","3","N","1939","1","1","0","0","0","0","0","1","0","1","N","","","","","","","","","","","","03","  ","","",""
"1226","1","0","0","0","0","0","0","0","0","1","0","","36","03","2018","2018040890","7","39.9902","-76.2493","1221","08","0","0","0","0","0","1","0","0","2","0","0","0","12","1","0","00","1","39 59:24.564","4","00","76 14:57.638","0","0","0","0","36240","0","0","0","N","0","0","0","2","36240","0","","1","01","N","N","0","","0","0","1","0","0","N","1219","0","2","0","0","0","0","0","1","0","2","N","","","","","","","","","","","","03","  ","","",""
"0656","1","0","0","0","0","0","0","0","0","7","0","","36","04","2018","2018040854","2","40.2456","-76.1887","0636","08","0","0","0","0","0","0","0","0","","0","0","0","06","5","0","00","0","40 14:44.120","","00","76 11:19.140","0","0","0","0","36236","0","0","0","N","0","0","0","1","68T06","0","","4","06","N","N","0","","0","0","0","0","0","","0636","0","1","0","0","0","0","0","1","0","1","N","","","","","","","","","","","","10","  ","","",""
"1839","1","0","0","0","0","0","0","0","0","7","0","","36","04","2018","2018040881","7","40.0071","-76.277","1834","08","0","0","1","0","0","0","0","0","","0","0","0","18","1","0","00","0","40 00:25.400","","00","76 16:37.200","0","0","0","0","36240","0","0","0","N","0","0","0","1","36240","0","","5","01","N","N","0","","0","0","0","0","0","","1832","0","1","0","0","0","0","0","1","0","1","N","","","","","","","","","","","","03","  ","","",""
"0907","0","0","0","0","0","0","0","0","0","4","0","","36","03","2018","2018040886","4","39.9901","-76.2399","0859","08","0","0","0","0","0","0","0","0","2","0","0","0","08","1","0","01","1","39 59:24.433","6","00","76 14:23.626","0","0","0","0","36240","0","0","0","N","0","0","0","2","36240","0","","1","07","N","N","0","","0","0","2","3","2","Y","0858","0","2","0","0","0","0","0","1","0","2","N","","","","","","","","","","","","10","  ","","",""
"1336","0","0","0","0","0","0","0","0","0","7","0","","36","03","2018","2018040889","4","40.003","-76.2145","1328","08","0","0","0","0","0","0","0","0","3","0","0","0","13","1","0","00","2","40 00:10.873","5","00","76 12:52.160","0","0","0","0","36240","0","0","0","N","0","0","0","1","36240","0","","5","07","N","N","0","","0","0","1","0","0","Y","1325","0","1","0","0","0","0","0","1","0","1","N","","","","","","","","","","","","10","  ","","",""
"1227","1","0","0","0","0","0","0","0","0","4","0","","36","04","2018","2018040894","1","39.9713","-76.2704","1222","08","0","0","0","0","0","1","1","0","2","0","0","0","12","1","0","01","1","39 58:16.618","7","00","76 16:13.300","0","0","0","0","36240","0","0","0","N","0","0","0","2","36240","0","","1","01","N","N","0","","0","0","1","3","3","N","1221","0","2","0","0","0","0","0","1","0","2","N","","","","","","","","","","","","03","  ","","",""
"1428","1","0","0","0","0","0","0","0","0","0","0","","36","04","2018","2018040910","7","40.0316","-76.3246","1413","08","0","0","0","0","0","0","0","0","1","0","0","0","14","1","0","02","1","40 01:53.724","2","00","76 19:28.470","0","0","0","0","36220","0","0","0","N","0","0","0","1","36101","0","","1","01","N","N","0","","0","0","0","3","3","N","1411","0","1","0","0","0","0","0","3","0","1","N","","","","","","","","","","","","03","  ","","",""
"1349","2","0","0","0","0","0","0","0","0","1","0","","36","03","2018","2018040911","7","40.0704","-76.3374","1341","08","0","0","0","1","0","0","0","0","2","0","0","0","13","1","2","00","1","40 04:13.270","3","03","76 20:14.620","4","0","0","0","36101","0","0","0","N","0","0","0","5","36101","2","","1","01","N","N","0","","0","0","1","0","0","N","1338","2","3","0","0","0","0","0","3","0","3","N","","","","","","","","","","","","03","  ","","",""
"2140","1","0","0","0","0","0","0","0","0","7","0","","36","04","2018","2018041032","1","40.0591","-76.3187","2135","08","0","0","0","0","0","0","0","0","","0","0","0","21","3","1","00","0","40 03:32.772","","00","76 19:07.196","3","0","0","0","36301","0","0","0","N","0","0","0","2","36301","0","","5","01","N","N","0","","1","0","0","0","0","","2135","1","1","0","0","0","0","1","3","0","1","N","","","","","","","","","","","","03","  ","","",""
"0030","3","0","0","0","0","0","0","0","0","1","0","","36","04","2018","2018041033","2","40.0424","-76.3096","0028","08","0","0","0","0","0","0","0","0","","0","0","0","00","3","0","00","0","40 02:32.721","","00","76 18:34.683","0","0","0","0","36301","0","0","0","N","0","0","0","1","36301","0","","6","01","N","N","0","","0","0","0","0","0","","0028","0","3","0","0","0","0","0","3","0","3","N","","","","","","","","","","","","03","  ","","",""
"0243","1","0","0","0","0","0","0","0","0","7","0","","36","04","2018","2018041034","1","40.0288","-76.5169","0238","08","0","0","0","0","0","0","0","0","2","0","0","0","02","3","1","00","1","40 01:43.767","4","00","76 31:00.930","3","0","0","0","36404","0","0","0","N","0","0","0","1","36404","0","","2","01","N","N","0","","1","0","0","0","0","N","0238","1","1","0","0","1","0","0","3","0","1","N","","","","","","","","","","","","03","  ","","",""
"1319","1","0","0","0","0","0","0","0","0","4","0","","36","04","2018","2018041090","2","40.0277","-76.3058","1318","08","0","0","0","0","1","0","0","0","1","0","0","0","13","1","1","02","2","40 01:39.873","2","00","76 18:20.877","8","0","0","0","36301","0","0","0","N","0","0","0","2","36301","0","","1","01","N","N","0","","0","0","2","3","3","Y","1318","1","3","0","0","0","1","0","3","0","3","N","","","","","","","","","","","","03","  ","","",""
"0620","1","0","0","0","0","0","0","0","0","5","1","","36","04","2018","2018041091","2","40.0531","-76.3919","0558","08","0","0","0","1","0","2","0","0","","0","1","0","05","5","0","06","0","40 03:11.802","","02","76 23:21.449","0","0","0","0","36214","0","0","0","N","0","0","0","3","36214","0","","1","01","N","N","1","","0","0","0","9","4","","0555","0","3","0","0","0","0","0","3","0","3","N","","","","","","","","","","","","03","  ","","",""