"ARRIVAL_TM","AUTOMOBILE_COUNT","BELTED_DEATH_COUNT","BELTED_SUSP_SERIOUS_INJ_COUNT","BICYCLE_COUNT","BICYCLE_DEATH_COUNT","BICYCLE_SUSP_SERIOUS_INJ_COUNT","BUS_COUNT","CHLDPAS_DEATH_COUNT","CHLDPAS_SUSP_SERIOUS_INJ_COUNT","COLLISION_TYPE","COMM_VEH_COUNT","CONS_ZONE_SPD_LIM","COUNTY","CRASH_MONTH","CRASH_YEAR","CRN","DAY_OF_WEEK","DEC_LAT","DEC_LONG","DISPATCH_TM","DISTRICT","DRIVER_COUNT_16YR","DRIVER_COUNT_17YR","DRIVER_COUNT_18YR","DRIVER_COUNT_19YR","DRIVER_COUNT_20YR","DRIVER_COUNT_50_64YR","DRIVER_COUNT_65_74YR","DRIVER_COUNT_75PLUS","EST_HRS_CLOSED","FATAL_COUNT","HEAVY_TRUCK_COUNT","HORSE_BUGGY_COUNT","HOUR_OF_DAY","ILLUMINATION","INJURY_COUNT","INTERSECT_TYPE","LANE_CLOSED","LATITUDE","LN_CLOSE_DIR","LOCATION_TYPE","LONGITUDE","MAX_SEVERITY_LEVEL","MCYCLE_DEATH_COUNT","MCYCLE_SUSP_SERIOUS_INJ_COUNT","MOTORCYCLE_COUNT","MUNICIPALITY","NONMOTR_COUNT","NONMOTR_DEATH_COUNT","NONMOTR_SUSP_SERIOUS_INJ_COUNT","NTFY_HIWY_MAINT","PED_COUNT","PED_DEATH_COUNT","PED_SUSP_SERIOUS_INJ_COUNT","PERSON_COUNT","POLICE_AGCY","POSSIBLE_INJ_COUNT","RDWY_SURF_TYPE_CD","RELATION_TO_ROAD","ROAD_CONDITION","SCH_BUS_IND","SCH_ZONE_IND","SMALL_TRUCK_COUNT","SPEC_JURIS_CD","SUSP_MINOR_INJ_COUNT","SUSP_SERIOUS_INJ_COUNT","SUV_COUNT","TCD_FUNC_CD","TCD_TYPE","TFC_DETOUR_IND","TIME_OF_DAY","TOT_INJ_COUNT","TOTAL_UNITS","UNB_DEATH_COUNT","UNB_SUSP_SERIOUS_INJ_COUNT","UNBELTED_OCC_COUNT","UNK_INJ_DEG_COUNT","UNK_INJ_PER_COUNT","URBAN_RURAL","VAN_COUNT","VEHICLE_COUNT","WORK_ZONE_IND","WORK_ZONE_LOC","WORK_ZONE_TYPE","WORKERS_PRES","WZ_CLOSE_DETOUR","WZ_FLAGGER","WZ_LAW_OFFCR_IND","WZ_LN_CLOSURE","WZ_MOVING","WZ_OTHER","WZ_SHLDER_MDN","ROADWAY_CLEARED","WEATHER1","WEATHER2","WZ_WORKERS_INJ_KILLED","SECONDARY_CRASH","INTERSECTION_RELATED"
"1030","0","0","0","0","0","0","0","0","0","7","0","","36","04","2018","2018041092","5","40.044","-76.2941","1029","08","0","0","0","0","0","1","0","0","1","0","0","0","10","1","1","01","1","40 02:38.400","5","00","76 17:38.583","3","0","0","0","36301","0","0","0","N","0","0","0","1","36301","0","","4","01","N","N","0","","1","0","1","0","0","Y","1029","1","1","0","0","0","0","0","3","0","1","N","","","","","","","","","","","","03","  ","","",""
"1329","2","0","0","0","0","0","0","0","0","4","0","","36","04","2018","2018041102","5","40.0424","-76.3103","1329","08","0","0","0","0","0","1","0","0","2","0","0","0","13","1","2","01","2","40 02:32.485","4","00","76 18:37.105","3","0","0","0","36301","0","0","0","N","0","0","0","3","36301","1","","1","01","N","N","0","","1","0","0","3","3","N","1328","2","2","0","0","0","0","0","3","0","2","N","","","","","","","","","","","","03","  ","","",""
"0913","2","0","0","0","0","0","0","0","0","6","0","","36","04","2018","2018041140","1","40.1477","-76.404","0901","08","0","0","0","0","0","0","0","0","","0","0","0","09","1","0","00","0","40 08:51.788","","00","76 24:14.501","0","0","0","0","36227","0","0","0","N","0","0","0","2","36506","0","","1","01","N","N","0","","0","0","0","0","0","","0901","0","2","0","0","0","0","0","1","0","2","N","","","","","","","","","","","","03","  ","","",""
"1547","0","0","0","0","0","0","0","0","0","7","1","","36","04","2018","2018041220","7","40.0393","-76.134","1541","08","0","0","0","0","0","1","0","0","2","0","1","0","15","1","0","02","2","40 02:21.510","6","00","76 08:02.410","0","0","0","0","36221","0","0","0","N","0","0","0","4","68J01","0","","4","01","N","N","1","","0","0","0","0","0","N","1533","0","3","0","0","0","0","0","1","0","2","N","","","","","","","","","","","","03","  ","","",""
"1054","1","0","0","0","0","0","0","0","0","4","0","","36","04","2018","2018041227","2","40.1312","-76.5638","1048","08","0","0","0","0","0","0","1","0","","0","0","0","10","1","0","01","0","40 07:52.429","","00","76 33:49.559","0","0","0","0","36225","0","0","0","N","0","0","0","2","36505","0","","1","01","N","N","0","","0","0","1","3","2","","1048","0","2","0","0","0","0","0","2","0","2","N","","","","","","","","","","","","03","  ","","",""
"2106","2","0","0","0","0","0","0","0","0","4","0","","36","04","2018","2018041281","7","40.0698","-76.3168","2105","08","0","1","0","0","0","0","0","0","","0","0","0","21","3","0","01","0","40 04:11.407","","00","76 19:01.471","0","0","0","0","36101","0","0","0","","0","0","0","2","36101","0","","1","01","N","N","0","","0","0","0","3","2","","2103","0","2","0","0","0","0","0","3","0","2","N","","","","","","","","","","","","03","  ","","",""
"2213","0","0","0","0","0","0","0","0","0","1","0","","36","04","2018","2018041282","7","40.0519","-76.3217","2208","08","0","0","0","0","0","1","0","0","1","0","0","0","22","3","0","00","1","40 03:06.840","3","00","76 19:18.241","0","0","0","0","36101","0","0","0","","0","0","0","3","36101","0","","1","01","N","N","0","","0","0","2","0","0","N","2207","0","2","0","0","0","0","0","3","0","2","N","","","","","","","","","","","","03","  ","","",""
"1850","1","0","0","0","0","0","0","0","0","2","0","","36","03","2018","2018041302","5","40.0126","-76.1081","1842","08","0","0","0","1","0","0","0","0","2","0","0","0","18","2","1","00","2","40 00:45.280","5","03","76 06:29.130","3","0","0","0","36221","0","0","0","N","0","0","0","4","68J01","0","","1","09","N","N","1","","1","0","0","0","0","Y","1840","1","2","0","0","0","0","0","1","0","2","N","","","","","","","","","","","","07","  ","","",""
"2126","2","0","0","0","0","0","0","0","0","4","0","","36","04","2018","2018041338","2","40.0575","-76.3983","2126","08","0","0","0","1","0","0","0","0","","0","0","0","21","3","1","01","0","40 03:26.963","","00","76 23:53.840","3","0","0","0","36214","0","0","0","N","0","0","0","3","36214","0","","1","09","N","N","0","","1","0","0","3","2","","2120","1","2","0","0","0","0","1","3","0","2","N","","","","","","","","","","","","07","  ","","",""
"1808","1","0","0","0","0","0","0","0","0","2","1","","36","03","2018","2018041364","4","40.0096","-76.1276","1801","08","0","0","0","0","0","0","0","0","2","0","1","0","17","1","1","00","2","40 00:34.432","6","00","76 07:39.329","3","0","0","0","36226","0","0","0","N","0","0","0","2","68J01","0","","1","09","N","N","0","","1","0","0","0","0","Y","1759","1","2","0","0","0","0","0","1","0","2","N","","","","","","","","","","","","07","  ","","",""
"2106","0","0","0","0","0","0","0","0","0","7","0","","36","03","2018","2018041366","5","39.9125","-76.3108","2102","08","0","0","1","0","0","0","0","0","1","0","0","0","20","2","0","02","1","39 54:42.745","1","00","76 18:38.632","0","0","0","0","36224","0","0","0","N","0","0","0","4","68J01","0","","4","01","N","N","0","","0","0","1","0","0","N","2058","0","1","0","0","0","0","0","1","0","1","N","","","","","","","","","","","","03","  ","","",""
"0800","1","0","0","0","0","0","0","0","0","7","0","","36","03","2018","2018041367","6","40.1441","-75.9266","0744","08","0","0","0","0","0","0","0","0","","0","0","0","07","1","2","00","0","40 08:38.715","","00","75 55:35.795","3","0","0","0","36203","0","0","0","N","0","0","0","2","68J01","0","","4","01","N","N","0","","2","0","0","0","0","","0741","2","1","0","0","0","0","0","1","0","1","N","","","","","","","","","","","","03","  ","","",""
"1341","0","0","0","0","0","0","0","0","0","4","0","","36","03","2018","2018041368","6","40.0631","-76.1569","1335","08","0","0","0","0","1","0","0","0","1","0","1","0","13","1","1","01","1","40 03:47.143","6","00","76 09:24.928","3","0","0","0","36234","0","0","0","N","0","0","0","2","68J01","0","","1","09","N","N","0","","1","0","1","3","3","N","1333","1","2","0","0","0","0","0","1","0","2","N","","","","","","","","","","","","07","  ","","",""
"1727","1","0","0","0","0","0","0","0","0","1","0","","36","03","2018","2018041369","6","40.0396","-76.118","1717","08","0","0","0","0","0","1","0","1","1","0","0","0","17","1","0","02","1","40 02:22.594","4","00","76 07:04.921","0","0","0","0","36221","0","0","0","N","0","0","0","2","68J01","0","","1","01","N","N","0","","0","0","1","0","0","N","1716","0","2","0","0","0","0","0","1","0","2","N","","","","","","","","","","","","03","  ","","",""
"0811","1","0","0","0","0","0","0","0","0","4","0","","36","03","2018","2018041370","7","40.0545","-75.9894","0803","08","0","0","0","0","0","1","0","0","","0","0","0","07","1","0","01","0","40 03:16.052","","00","75 59:21.840","0","0","0","0","36232","0","0","0","N","0","0","0","5","68J01","0","","1","01","N","N","0","","0","0","1","3","3","","0757","0","2","0","0","0","0","0","1","0","2","N","","","","","","","","","","","","03","  ","","",""
"1843","0","0","0","0","0","0","0","0","0","7","0","","36","04","2018","2018041373","1","39.9052","-76.1477","1830","08","0","0","0","0","0","0","0","0","2","0","0","0","18","1","0","00","1","39 54:18.830","1","00","76 08:51.780","0","0","0","0","36216","0","0","0","N","0","0","0","1","68J01","0","","4","01","N","N","0","","0","0","1","0","0","N","1828","0","1","0","0","0","0","0","1","0","1","N","","","","","","","","","","","","03","  ","","",""
"0228","1","0","2","0","0","0","0","0","0","2","0","","36","04","2018","2018041375","2","39.9996","-76.0708","0224","08","0","0","0","0","0","0","0","1","2","0","0","0","02","2","5","00","2","39 59:58.680","6","00","76 04:14.991","2","0","0","0","36226","0","0","0","N","0","0","0","5","68J01","0","","1","09","N","N","1","","1","4","0","0","0","Y","0224","5","2","0","2","3","0","0","1","0","2","N","","","","","","","","","","","","03","  ","","",""
"0816","1","0","0","0","0","0","0","0","0","7","0","","36","04","2018","2018041377","2","40.0633","-75.9451","0816","08","0","0","0","0","0","0","0","0","","0","0","0","08","1","0","00","0","40 03:47.830","","00","75 56:42.190","0","0","0","0","36232","0","0","0","N","0","0","0","1","68J01","0","","4","06","N","N","0","","0","0","0","0","0","","0816","0","1","0","0","0","0","0","1","0","1","N","","","","","","","","","","","","10","  ","","",""
"0525","0","0","0","0","0","0","0","0","0","7","0","","36","04","2018","2018041387","6","40.0051","-76.1064","0516","08","0","0","0","1","0","0","0","0","2","0","0","0","05","2","0","00","1","40 00:18.459","3","00","76 06:23.191","0","0","0","0","36226","0","0","0","N","0","0","0","1","68J01","0","","2","09","N","N","1","","0","0","0","0","0","N","0513","0","1","0","0","0","0","0","1","0","1","N","","","","","","","","","","","","03","  ","","",""
"1058","1","0","0","0","0","0","0","0","0","4","0","","36","04","2018","2018041426","7","40.1063","-76.3544","1048","08","0","0","0","0","0","0","0","0","2","0","0","0","10","1","0","01","1","40 06:22.809","1","00","76 21:16.002","0","0","0","0","36406","0","0","0","N","0","0","0","6","36101","0","","1","01","N","N","0","","0","0","0","3","2","N","1040","0","2","0","0","1","0","0","3","1","2","N","","","","","","","","","","","","03","  ","","",""
"1509","0","0","0","0","0","0","0","0","0","1","1","","36","04","2018","2018041427","6","40.0772","-76.3377","1501","08","0","0","0","0","0","1","0","0","2","0","1","0","14","1","0","06","1","40 04:39.201","2","02","76 20:16.161","0","0","0","0","36101","0","0","0","N","0","0","0","2","36101","0","","1","01","N","N","0","","0","0","0","3","4","N","1449","0","2","0","0","0","0","0","3","1","2","N","","","","","","","","","","","","03","  ","","",""
"1309","1","0","0","0","0","0","0","0","0","1","0","","36","04","2018","2018041428","7","40.0684","-76.3038","1249","08","0","0","0","0","0","1","0","0","","0","0","0","12","1","0","00","0","40 04:06.324","","00","76 18:13.549","0","0","0","0","36101","0","0","0","N","0","0","0","5","36101","0","","2","01","N","N","0","","0","0","1","0","0","","1247","0","2","0","0","0","0","0","3","0","2","N","","","","","","","","","","","","03","  ","","",""
"1538","0","0","0","0","0","0","0","0","0","1","0","","36","04","2018","2018041429","7","40.0756","-76.3369","1521","08","0","0","0","0","0","1","0","0","2","0","0","0","15","1","0","02","1","40 04:32.263","1","00","76 20:12.710","0","0","0","0","36101","0","0","0","","0","0","0","2","36101","0","","1","01","N","N","0","","0","0","2","3","2","N","1516","0","2","0","0","0","0","0","3","0","2","N","","","","","","","","","","","","03","  ","","",""
"0051","3","0","0","0","0","0","0","0","0","4","0","","36","02","2018","2018041430","1","40.0841","-76.207","0047","08","0","0","0","0","0","0","0","0","4","0","0","0","00","3","1","02","2","40 05:02.607","5","00","76 12:25.312","3","0","0","0","36234","0","0","0","","0","0","0","1","36215","0","","4","09","N","N","0","","1","0","1","0","0","Y","0042","1","4","0","0","0","0","0","1","0","4","N","","","","","","","","","","","","07","  ","","",""
"1952","2","0","0","0","0","0","0","0","0","4","0","","36","04","2018","2018041431","3","40.0403","-76.245","1948","08","0","0","0","0","0","0","0","0","1","0","0","0","19","3","2","07","1","40 02:25.118","4","02","76 14:38.542","4","0","0","0","36215","0","0","0","N","0","0","0","4","36215","2","","1","09","N","N","0","","0","0","0","0","0","N","1946","2","2","0","0","0","0","0","1","0","2","N","","","","","","","","","","","","03","  ","","",""
"1957","1","0","0","0","0","0","0","0","0","4","0","","36","04","2018","2018041432","6","40.0341","-76.2505","1957","08","0","0","0","0","0","1","0","0","1","0","0","0","19","3","0","01","1","40 02:02.929","4","00","76 15:01.795","0","0","0","0","36215","0","0","0","","0","0","0","3","36215","0","","1","01","N","N","0","","0","0","1","3","3","N","1905","0","2","0","0","0","0","0","1","0","2","N","","","","","","","","","","","","03","  ","","",""
"1128","2","0","0","0","0","0","0","0","0","1","0","","36","04","2018","2018041433","7","40.0137","-76.2287","1121","08","0","0","0","0","0","0","0","0","2","0","0","0","11","1","0","00","1","40 00:49.401","2","00","76 13:43.140","0","0","0","0","36215","0","0","0","","0","0","0","2","36215","0","","1","01","N","N","0","","0","0","0","0","0","N","1108","0","2","0","0","0","0","0","1","0","2","N","","","","","","","","","","","","03","  ","","",""
"0602","1","0","0","0","0","0","0","0","0","7","0","","36","04","2018","2018041434","1","40.0348","-76.2527","0556","08","0","1","0","0","0","0","0","0","","0","0","0","05","5","0","00","0","40 02:05.217","","00","76 15:09.624","0","0","0","0","36215","0","0","0","","0","0","0","1","36215","0","","4","01","N","N","0","","0","0","0","0","0","","0553","0","1","0","0","0","0","0","1","0","1","N","","","","","","","","","","","","03","  ","","",""
"1724","2","0","0","0","0","0","0","0","0","4","0","","36","04","2018","2018041460","2","40.0289","-76.2977","1721","08","0","0","0","1","0","1","0","0","1","0","0","0","17","1","1","01","1","40 01:44.047","2","00","76 17:51.838","3","0","0","0","36301","0","0","0","N","0","0","0","4","36301","0","","1","09","N","N","0","","1","0","1","0","0","Y","1717","1","3","0","0","1","0","0","3","0","3","N","","","","","","","","","","","","10","  ","","",""
"1724","2","0","0","0","0","0","0","0","0","2","0","","36","04","2018","2018041462","2","40.2338","-76.4347","1718","08","0","0","0","0","1","1","0","0","2","0","0","0","17","1","2","01","1","40 14:01.622","5","00","76 26:04.882","4","0","0","0","36230","0","0","0","N","0","0","0","2","36410","2","","1","09","N","N","0","","0","0","0","3","2","N","1715","2","2","0","0","0","0","0","1","0","2","N","","","","","","","","","","","","10","  ","","",""
"1446","1","0","0","0","0","0","0","0","0","5","0","","36","04","2018","2018041465","2","40.1811","-76.1717","1443","08","0","0","0","0","0","0","0","0","1","0","0","0","14","1","0","00","2","40 10:51.932","6","00","76 10:18.110","0","0","0","0","36408","0","0","0","N","0","0","0","1","36408","0","","6","01","N","N","0","","0","0","0","0","0","Y","1442","0","2","0","0","0","0","0","2","1","2","N","","","","","","","","","","","","03","  ","","",""
"0656","2","0","0","0","0","0","0","0","0","1","0","","36","04","2018","2018041509","2","40.0521","-76.3958","0643","08","0","0","0","0","0","1","0","0","2","0","0","0","06","1","0","00","1","40 03:07.629","3","00","76 23:44.751","0","0","0","0","36214","0","0","0","N","0","0","0","3","36214","0","","1","01","N","N","0","","0","0","1","0","0","N","0640","0","3","0","0","1","0","0","3","0","3","N","","","","","","","","","","","","03","  ","","",""
"0833","1","0","0","0","0","0","0","0","0","1","0","","36","04","2018","2018041526","3","40.0587","-76.3599","0830","08","0","0","0","0","0","0","0","0","","0","0","0","08","1","0","00","0","40 03:31.292","","00","76 21:35.472","0","0","0","0","36214","0","0","0","N","0","0","0","3","36214","0","","1","01","N","N","0","","0","0","1","0","0","","0828","0","2","0","0","0","0","0","3","0","2","N","","","","","","","","","","","","03","  ","","",""
"1626","1","0","0","0","0","0","0","0","0","1","0","","36","03","2018","2018041660","6","40.0746","-76.2861","1621","08","0","0","0","0","0","1","0","0","","0","0","0","16","1","1","00","0","40 04:28.467","","00","76 17:10.032","4","0","0","0","36101","0","0","0","N","0","0","0","2","36101","1","","1","01","N","N","0","","0","0","0","0","0","","1613","1","2","0","0","0","0","0","3","1","2","N","","","","","","","","","","","","03","  ","","",""
"1314","0","0","0","0","0","0","0","0","0","4","0","","36","03","2018","2018041661","7","40.0559","-76.2985","1258","08","0","0","0","0","0","0","0","0","","0","0","0","12","1","0","00","0","40 03:21.180","","07","76 17:54.770","0","0","0","0","36101","0","0","0","N","0","0","0","2","36101","0","","1","01","N","N","1","","0","0","1","0","0","","1251","0","2","0","0","0","0","0","3","0","2","N","","","","","","","","","","","","03","  ","","",""
"0907","1","0","0","0","0","0","0","0","0","4","0","","36","04","2018","2018041663","4","40.0583","-76.306","0903","08","0","0","0","0","0","0","0","0","","0","0","0","09","1","0","00","0","40 03:30.059","","00","76 18:21.485","0","0","0","0","36101","0","0","0","","0","0","0","2","36101","0","","1","01","N","N","0","","0","0","0","0","0","","0900","0","2","0","0","0","0","0","3","1","2","N","","","","","","","","","","","","03","  ","","",""
"1834","2","0","0","0","0","0","0","0","0","1","0","","36","04","2018","2018041664","5","40.0514","-76.3207","1829","08","0","0","0","0","1","0","1","0","2","0","0","0","18","1","1","00","1","40 03:05.033","3","00","76 19:14.675","4","0","0","0","36101","0","0","0","","0","0","0","4","36101","1","","1","01","N","N","0","","0","0","1","0","0","N","1825","1","3","0","0","0","0","0","3","0","3","N","","","","","","","","","","","","03","  ","","",""
"1236","1","0","0","0","0","0","0","0","0","1","0","","36","04","2018","2018041672","3","39.9874","-76.2774","1222","08","0","0","0","0","1","1","0","0","","0","0","0","12","1","1","00","0","39 59:14.597","","00","76 16:38.512","8","0","0","0","36240","0","0","0","N","0","0","0","2","36240","0","","1","01","N","N","1","","0","0","0","0","0","","1219","1","2","0","0","1","1","0","1","0","2","N","","","","","","","","","","","","03","  ","","",""
"2012","0","0","0","0","0","0","0","0","0","8","0","","36","04","2018","2018041742","3","40.1679","-76.166","2008","08","0","0","0","0","0","0","0","0","2","0","0","0","20","3","1","02","1","40 10:04.305","5","00","76 09:57.694","8","0","0","0","36408","1","0","0","N","1","0","0","2","36408","0","","1","01","N","N","0","","0","0","1","3","2","Y","2008","1","2","0","0","0","1","0","2","0","1","N","","","","","","","","","","","","03","  ","","",""
"0925","1","0","0","0","0","0","0","0","0","7","0","","36","04","2018","2018041784","7","40.2315","-76.3357","0908","08","0","0","0","0","0","0","0","0","1","0","0","0","09","1","0","00","1","40 13:53.784","3","00","76 20:05.630","0","0","0","0","36217","0","0","0","Y","0","0","0","2","68T06","0","","4","01","N","N","0","","0","0","0","0","0","N","0900","0","1","0","0","0","0","0","1","0","1","N","","","","","","","","","","","","03","  ","","",""
"0622","0","0","0","0","0","0","0","0","0","1","3","","36","03","2018","2018041835","4","40.2336","-76.1284","0615","08","0","0","0","0","0","1","0","0","4","0","2","0","06","5","0","00","2","40 14:01.958","4","00","76 07:42.985","0","0","0","0","36405","0","0","0","N","0","0","0","3","68T06","0","","1","07","N","N","1","","0","0","0","0","0","Y","0614","0","3","0","0","0","0","0","1","0","3","N","","","","","","","","","","","","10","  ","","",""
"0615","1","0","0","0","0","0","0","0","0","4","0","","36","04","2018","2018041857","4","40.2171","-76.091","0613","08","0","0","0","0","0","0","1","0","","0","0","0","06","5","0","01","0","40 13:02.105","","02","76 05:27.302","0","0","0","0","36210","0","0","0","N","0","0","0","3","36210","0","","1","01","N","N","0","","0","0","1","3","2","","0607","0","2","0","0","0","0","0","1","0","2","N","","","","","","","","","","","","03","  ","","",""
"1103","2","0","0","0","0","0","0","0","0","4","0","","36","04","2018","2018041869","3","40.0442","-76.2921","1101","08","0","0","0","0","0","1","1","0","3","0","0","0","11","1","2","01","2","40 02:39.112","7","00","76 17:31.624","8","0","0","0","36301","0","0","0","N","0","0","0","6","36301","0","","1","01","N","N","0","","0","0","2","3","2","Y","1101","2","4","0","0","0","2","0","3","0","4","N","","","","","","","","","","","","03","  ","","",""
"2141","2","0","0","0","0","0","0","0","0","6","0","","36","04","2018","2018041879","2","40.2084","-76.4199","2132","08","0","0","0","0","0","0","1","0","","0","0","0","21","3","0","00","0","40 12:30.344","","00","76 25:11.660","0","0","0","0","36227","0","0","0","N","0","0","0","2","36506","0","","1","09","N","N","0","","0","0","0","0","0","","2132","0","2","0","0","0","0","0","1","0","2","N","","","","","","","","","","","","10","  ","","",""
"1444","2","0","0","0","0","0","0","0","0","4","0","","36","04","2018","2018041939","7","40.1145","-76.6467","1430","08","0","0","0","1","0","0","0","1","","0","0","0","14","1","0","01","0","40 06:52.300","","00","76 38:48.076","0","0","0","0","36237","0","0","0","N","0","0","0","2","36505","0","","1","01","N","N","0","","0","0","0","0","0","N","1428","0","2","0","0","0","0","0","1","0","2","N","","","","","","","","","","","","03","  ","","",""
"1420","2","0","0","0","0","0","0","0","0","4","0","","36","04","2018","2018041949","4","40.0412","-76.4553","1415","08","0","0","0","0","0","0","0","0","2","0","0","0","14","1","2","02","1","40 02:28.311","4","00","76 27:19.254","8","0","0","0","36239","0","0","0","N","0","0","0","3","36239","0","","1","01","N","N","0","","0","0","0","3","3","N","1415","2","2","0","0","0","2","0","3","0","2","N","","","","","","","","","","","","03","  ","","",""
"2329","1","0","0","0","0","0","0","0","0","7","0","","36","04","2018","2018042066","4","40.2671","-76.1152","2324","08","0","0","0","1","0","0","0","0","","0","0","0","23","3","0","00","0","40 16:01.401","","00","76 06:54.825","0","0","0","0","36236","0","0","0","N","0","0","0","1","36408","0","","5","01","N","N","0","","0","0","0","0","0","","2323","0","1","0","0","0","0","0","1","0","1","N","","","","","","","","","","","","03","  ","","",""
"1544","1","0","0","0","0","0","0","0","0","4","0","","36","04","2018","2018042109","4","40.0966","-76.1062","1538","08","0","0","0","0","0","0","0","0","2","0","0","0","15","1","0","01","1","40 05:47.926","4","00","76 06:22.173","0","0","0","0","36415","0","0","0","N","0","0","0","4","36415","0","","1","01","N","N","0","","0","0","1","3","2","Y","1538","0","2","0","0","0","0","0","1","0","2","N","","","","","","","","","","","","03","  ","","",""
"0356","1","0","0","0","0","0","0","0","0","7","0","","36","03","2018","2018042163","2","40.1044","-76.2553","0355","08","0","0","0","0","0","0","0","0","","0","0","0","03","2","0","07","0","40 06:21.586","","02","76 15:12.609","0","0","0","0","36101","0","0","0","","0","0","0","1","36101","0","","5","01","N","N","0","","0","0","0","0","0","","0352","0","1","0","0","0","0","0","3","0","1","N","","","","","","","","","","","","03","  ","","",""
"0945","0","0","0","0","0","0","0","0","0","7","0","","36","04","2018","2018042164","2","40.0556","-76.3109","0939","08","0","0","0","0","0","1","0","0","","0","0","0","09","1","0","00","0","40 03:20.103","","03","76 18:39.114","0","0","0","0","36101","0","0","0","","0","0","0","1","36101","0","","5","01","N","N","1","","0","0","0","0","0","","0935","0","1","0","0","0","0","0","3","0","1","N","","","","","","","","","","","","03","  ","","",""
"1945","0","0","0","0","0","0","0","0","0","7","0","","36","04","2018","2018042165","2","40.0681","-76.294","1939","08","0","0","0","0","0","0","0","0","2","0","0","0","19","2","0","00","1","40 04:05.206","4","00","76 17:38.370","0","0","0","0","36101","0","0","0","","0","0","0","1","36101","0","","3","09","N","N","1","","0","0","0","0","0","N","1938","0","1","0","0","0","0","0","3","0","1","N","","","","","","","","","","","","07","  ","","",""
"1033","0","0","0","0","0","0","0","0","0","1","1","","36","04","2018","2018042166","1","40.0587","-76.3599","1026","08","0","0","0","0","0","1","0","0","","0","1","0","10","1","0","02","0","40 03:31.154","","00","76 21:35.463","0","0","0","0","36214","0","0","0","N","0","0","0","2","36214","0","","1","01","N","N","0","","0","0","1","3","3","","1026","0","2","0","0","0","0","0","3","0","2","N","","","","","","","","","","","","03","  ","","",""
"2201","1","0","0","0","0","0","0","0","0","7","0","","36","03","2018","2018042167","3","40.0509","-76.2578","2119","08","0","0","0","0","0","0","0","0","","0","0","0","21","3","0","01","0","40 03:03.287","","02","76 15:27.972","0","0","0","0","36215","0","0","0","","0","0","0","1","36215","0","","4","01","N","N","0","","0","0","0","3","2","","2119","0","1","0","0","0","0","0","1","0","1","N","","","","","","","","","","","","03","  ","","",""
"0924","1","0","0","0","0","0","0","0","0","1","0","","36","03","2018","2018042168","7","40.0395","-76.2069","0918","08","0","0","1","0","0","0","1","0","1","0","0","0","09","1","0","00","1","40 02:22.223","3","00","76 12:24.746","0","0","0","0","36215","0","0","0","","0","0","0","3","36215","0","","1","01","N","N","0","","0","0","1","0","0","N","0917","0","2","0","0","0","0","0","1","0","2","N","","","","","","","","","","","","03","  ","","",""
"0608","2","0","0","0","0","0","0","0","0","1","0","","36","04","2018","2018042169","2","40.0393","-76.1959","0554","08","0","0","0","0","0","1","0","0","","0","0","0","05","2","1","02","0","40 02:21.475","","00","76 11:45.500","4","0","0","0","36215","0","0","0","N","0","0","0","2","36215","1","","1","01","N","N","0","","0","0","0","0","0","","0554","1","2","0","0","1","0","0","1","0","2","N","","","","","","","","","","","","03","  ","","",""
"1248","1","0","0","0","0","0","0","0","0","0","0","","36","04","2018","2018042170","3","40.1621","-76.3828","1245","08","0","0","0","0","0","0","1","0","","0","0","0","12","1","0","00","0","40 09:43.700","","00","76 22:57.900","0","0","0","0","36410","0","0","0","N","0","0","0","1","36410","0","","2","09","N","N","0","","0","0","0","0","0","","1244","0","1","0","0","0","0","0","2","0","1","N","","","","","","","","","","","","07","  ","","",""
"2201","1","0","0","0","0","0","0","0","0","1","0","","36","03","2018","2018042210","6","40.2193","-76.2577","2120","08","0","0","0","0","0","0","0","0","","0","0","0","21","3","3","00","0","40 13:09.496","","99","76 15:27.755","3","0","0","0","36217","0","0","0","N","0","0","0","4","68J01","0","","1","01","N","N","1","","3","0","0","3","2","","2105","3","2","0","0","0","0","0","1","0","2","N","","","","","","","","","","","","03","  ","","",""
"0848","1","0","0","0","0","0","0","0","0","6","0","","36","04","2018","2018042221","2","40.1339","-75.9018","0827","08","0","0","0","0","0","2","0","0","2","0","0","0","08","1","0","00","1","40 08:02.133","2","00","75 54:06.599","0","0","0","0","36203","0","0","0","N","0","0","0","4","68J01","0","","1","06","N","N","2","","0","0","0","0","0","N","0825","0","3","0","0","0","0","0","1","0","3","N","","","","","","","","","","","","10","  ","","",""
"1128","1","0","0","0","0","0","0","0","0","1","0","","36","04","2018","2018042255","7","40.1854","-76.1872","1123","08","0","0","0","0","0","0","1","1","","0","0","0","11","1","0","06","0","40 11:07.422","","02","76 11:13.837","0","0","0","0","36408","0","0","0","N","0","0","0","3","36408","0","","1","01","N","N","0","","0","0","1","3","3","","1120","0","2","0","0","0","0","0","2","0","2","N","","","","","","","","","","","","03","  ","","",""