"ARRIVAL_TM","AUTOMOBILE_COUNT","BELTED_DEATH_COUNT","BELTED_SUSP_SERIOUS_INJ_COUNT","BICYCLE_COUNT","BICYCLE_DEATH_COUNT","BICYCLE_SUSP_SERIOUS_INJ_COUNT","BUS_COUNT","CHLDPAS_DEATH_COUNT","CHLDPAS_SUSP_SERIOUS_INJ_COUNT","COLLISION_TYPE","COMM_VEH_COUNT","CONS_ZONE_SPD_LIM","COUNTY","CRASH_MONTH","CRASH_YEAR","CRN","DAY_OF_WEEK","DEC_LAT","DEC_LONG","DISPATCH_TM","DISTRICT","DRIVER_COUNT_16YR","DRIVER_COUNT_17YR","DRIVER_COUNT_18YR","DRIVER_COUNT_19YR","DRIVER_COUNT_20YR","DRIVER_COUNT_50_64YR","DRIVER_COUNT_65_74YR","DRIVER_COUNT_75PLUS","EST_HRS_CLOSED","FATAL_COUNT","HEAVY_TRUCK_COUNT","HORSE_BUGGY_COUNT","HOUR_OF_DAY","ILLUMINATION","INJURY_COUNT","INTERSECT_TYPE","LANE_CLOSED","LATITUDE","LN_CLOSE_DIR","LOCATION_TYPE","LONGITUDE","MAX_SEVERITY_LEVEL","MCYCLE_DEATH_COUNT","MCYCLE_SUSP_SERIOUS_INJ_COUNT","MOTORCYCLE_COUNT","MUNICIPALITY","NONMOTR_COUNT","NONMOTR_DEATH_COUNT","NONMOTR_SUSP_SERIOUS_INJ_COUNT","NTFY_HIWY_MAINT","PED_COUNT","PED_DEATH_COUNT","PED_SUSP_SERIOUS_INJ_COUNT","PERSON_COUNT","POLICE_AGCY","POSSIBLE_INJ_COUNT","RDWY_SURF_TYPE_CD","RELATION_TO_ROAD","ROAD_CONDITION","SCH_BUS_IND","SCH_ZONE_IND","SMALL_TRUCK_COUNT","SPEC_JURIS_CD","SUSP_MINOR_INJ_COUNT","SUSP_SERIOUS_INJ_COUNT","SUV_COUNT","TCD_FUNC_CD","TCD_TYPE","TFC_DETOUR_IND","TIME_OF_DAY","TOT_INJ_COUNT","TOTAL_UNITS","UNB_DEATH_COUNT","UNB_SUSP_SERIOUS_INJ_COUNT","UNBELTED_OCC_COUNT","UNK_INJ_DEG_COUNT","UNK_INJ_PER_COUNT","URBAN_RURAL","VAN_COUNT","VEHICLE_COUNT","WORK_ZONE_IND","WORK_ZONE_LOC","WORK_ZONE_TYPE","WORKERS_PRES","WZ_CLOSE_DETOUR","WZ_FLAGGER","WZ_LAW_OFFCR_IND","WZ_LN_CLOSURE","WZ_MOVING","WZ_OTHER","WZ_SHLDER_MDN","ROADWAY_CLEARED","WEATHER1","WEATHER2","WZ_WORKERS_INJ_KILLED","SECONDARY_CRASH","INTERSECTION_RELATED"
"1205","1","0","0","0","0","0","0","0","0","6","0","","36","04","2018","2018042262","5","40.0995","-76.4493","1151","08","0","0","0","0","0","0","0","0","2","0","0","0","11","1","3","00","2","40 05:58.140","6","00","76 26:57.566","4","0","0","0","36239","0","0","0","N","0","0","0","3","36239","3","","1","09","N","N","0","","0","0","1","0","0","Y","1151","3","2","0","0","0","0","0","3","0","2","N","","","","","","","","","","","","07","  ","","",""
"1734","1","0","0","0","0","0","0","0","0","9","0","","36","04","2018","2018042301","2","40.0539","-76.3719","1728","08","0","0","0","0","0","0","0","0","","0","0","0","17","1","0","00","0","40 03:14.087","","00","76 22:18.883","0","0","0","0","36214","0","0","0","N","0","0","0","2","36214","0","","1","01","N","N","0","","0","0","0","0","0","","1725","0","1","0","0","0","0","0","3","0","1","N","","","","","","","","","","","","03","  ","","",""
"2112","0","0","0","0","0","0","0","0","0","7","0","","36","01","2018","2018042333","6","39.916","-76.1282","2054","08","0","0","0","0","0","1","0","0","","0","0","0","20","2","0","00","0","39 54:57.601","","00","76 07:41.355","0","0","0","0","36216","0","0","0","N","0","0","0","1","68J01","0","","5","01","N","N","0","","0","0","1","0","0","","2051","0","1","0","0","0","0","0","1","0","1","N","","","","","","","","","","","","03","  ","","",""
"0507","2","0","0","0","0","0","0","0","0","1","0","","36","04","2018","2018042421","5","40.1615","-76.3988","0503","08","0","0","0","0","0","0","0","0","","0","0","0","05","6","0","00","0","40 09:41.433","","00","76 23:55.744","0","0","0","0","36410","0","0","0","N","0","0","0","1","36410","0","","1","01","N","N","1","","0","0","2","0","0","","0501","0","5","0","0","0","0","0","2","0","5","N","","","","","","","","","","","","03","  ","","",""
"0212","2","0","0","0","0","0","0","0","0","1","0","","36","04","2018","2018042430","6","40.0438","-76.3116","0211","08","0","0","0","0","0","0","0","0","","0","0","0","02","3","0","01","0","40 02:37.734","","00","76 18:41.709","0","0","0","0","36301","0","0","0","N","0","0","0","1","36301","0","","2","01","N","N","2","","0","0","0","3","2","","0211","0","4","0","0","0","0","0","3","0","4","N","","","","","","","","","","","","03","  ","","",""
"1124","0","0","0","0","0","0","0","0","0","7","0","","36","04","2018","2018042434","4","","","1119","08","0","0","0","0","0","0","0","0","","0","0","0","10","1","1","00","0","","","00","","4","0","0","0","36220","0","0","0","N","0","0","0","2","36101","1","","4","01","N","N","0","","0","0","0","0","0","","1000","1","1","0","0","1","0","0","3","1","1","N","","","","","","","","","","","","03","  ","","",""
"1043","1","0","0","0","0","0","0","0","0","5","1","","36","04","2018","2018042435","6","40.0919","-76.2818","1024","08","0","0","0","0","0","1","1","0","2","0","1","0","10","1","0","00","1","40 05:30.845","4","00","76 16:54.590","0","0","0","0","36101","0","0","0","","0","0","0","2","36101","0","","1","01","N","N","0","","0","0","0","0","0","N","1021","0","2","0","0","0","0","0","3","0","2","N","","","","","","","","","","","","03","  ","","",""
"0635","1","0","0","0","0","0","0","0","0","4","0","","36","04","2018","2018042458","6","40.2371","-76.1352","0630","08","0","0","0","0","0","1","0","0","2","0","0","0","06","1","0","01","1","40 14:13.452","6","00","76 08:06.889","0","0","0","0","36405","0","0","0","N","0","0","0","2","36210","0","","1","01","N","N","0","","0","0","1","3","3","Y","0628","0","2","0","0","0","0","0","1","0","2","N","","","","","","","","","","","","03","  ","","",""
"0545","1","0","0","0","0","0","0","0","0","4","0","","36","04","2018","2018042655","4","40.0739","-76.3499","0541","08","0","0","0","0","0","0","0","0","2","0","0","0","05","2","1","01","1","40 04:25.943","1","00","76 20:59.780","4","0","0","0","36214","0","0","0","N","0","0","0","2","36214","1","","1","01","N","N","1","","0","0","0","3","3","N","0541","1","2","0","0","0","0","0","3","0","2","N","","","","","","","","","","","","03","  ","","",""
"0722","2","0","0","0","0","0","0","0","0","1","0","","36","04","2018","2018042656","4","40.0585","-76.4037","0659","08","0","0","1","0","0","0","0","0","","0","0","0","06","1","0","01","0","40 03:30.579","","00","76 24:13.346","0","0","0","0","36214","0","0","0","N","0","0","0","2","36214","0","","1","01","N","N","0","","0","0","0","3","4","","0659","0","2","0","0","0","0","0","3","0","2","N","","","","","","","","","","","","03","  ","","",""
"2045","0","0","0","0","0","0","0","0","0","0","0","","36","04","2018","2018042687","6","40.0942","-76.3775","2041","08","0","0","0","0","0","1","0","0","1","0","0","0","20","3","0","01","1","40 05:39.127","4","00","76 22:39.118","0","0","0","0","36214","0","0","0","N","0","0","0","3","36214","0","","1","01","N","N","0","","0","0","0","3","2","N","2037","0","1","0","0","0","0","0","3","1","1","N","","","","","","","","","","","","03","  ","","",""
"1412","1","0","0","0","0","0","0","0","0","7","0","","36","04","2018","2018042733","5","40.152","-76.5964","1410","08","0","0","0","0","0","0","0","0","","0","0","0","14","1","0","02","0","40 09:07.257","","00","76 35:46.877","0","0","0","0","36407","0","0","0","N","0","0","0","1","36407","0","","5","01","N","N","0","","0","0","0","0","0","","1405","0","1","0","0","0","0","0","2","0","1","N","","","","","","","","","","","","03","  ","","",""
"2258","1","0","0","0","0","0","0","0","0","8","0","","36","03","2018","2018042738","1","40.1757","-76.598","2250","08","0","0","0","0","0","1","0","0","4","0","0","0","22","2","1","00","2","40 10:32.514","2","00","76 35:52.909","2","0","0","0","36225","1","0","1","N","1","0","1","2","36505","0","","1","01","N","N","0","","0","1","0","0","0","Y","2248","1","2","0","0","0","0","0","2","0","1","N","","","","","","","","","","","","03","  ","","",""
"1512","2","0","0","0","0","0","0","0","0","4","0","","36","04","2018","2018042741","5","40.1641","-76.1539","1508","08","0","0","0","0","0","0","1","0","2","0","0","0","15","1","1","00","1","40 09:51.095","4","00","76 09:15.344","4","0","0","0","36218","0","0","0","N","0","0","0","3","36408","1","","1","01","N","N","0","","0","0","0","3","2","N","1505","1","2","0","0","0","0","0","1","0","2","N","","","","","","","","","","","","03","  ","","",""
"1815","1","0","0","0","0","0","0","0","0","4","0","","36","04","2018","2018042743","1","40.0385","-76.3262","1812","08","0","0","0","0","0","0","0","0","3","0","0","0","18","1","1","02","2","40 02:18.470","7","00","76 19:34.452","8","0","0","1","36220","0","0","0","N","0","0","0","3","36101","0","","1","01","N","N","0","","0","0","1","3","3","Y","1810","1","3","0","0","0","1","0","3","0","3","N","","","","","","","","","","","","03","  ","","",""
"2131","2","0","0","0","0","0","0","0","0","4","0","","36","04","2018","2018042744","7","40.0727","-76.3191","2131","08","0","0","0","0","0","1","0","0","2","0","0","0","21","3","2","02","1","40 04:21.547","2","00","76 19:09.039","4","0","0","0","36101","0","0","0","","0","0","0","2","36101","2","","1","01","N","N","0","","0","0","0","0","0","N","2117","2","2","0","0","0","0","0","3","0","2","N","","","","","","","","","","","","03","  ","","",""
"1920","1","0","0","0","0","0","0","0","0","7","0","","36","04","2018","2018042745","1","40.1002","-76.3053","1915","08","0","0","0","0","0","0","0","0","2","0","0","0","19","1","1","00","2","40 06:00.576","2","00","76 18:19.246","4","0","0","0","36101","0","0","0","","0","0","0","1","36101","1","","5","01","N","N","0","","0","0","0","0","0","Y","1910","1","1","0","0","0","0","0","3","0","1","N","","","","","","","","","","","","03","  ","","",""
"1825","0","0","0","0","0","0","0","0","0","4","0","","36","04","2018","2018042746","5","40.0876","-76.3361","1825","08","1","0","0","1","0","0","0","0","2","0","0","0","18","1","0","01","1","40 05:15.241","2","00","76 20:09.931","0","0","0","0","36101","0","0","0","N","0","0","0","4","36101","0","","1","01","N","N","0","","0","0","3","3","3","N","1823","0","3","0","0","0","0","0","3","0","3","N","","","","","","","","","","","","03","  ","","",""
"1541","0","0","0","0","0","0","0","0","0","6","0","","36","04","2018","2018042810","6","40.168","-76.1989","1538","08","0","0","0","0","0","0","0","0","2","0","0","0","15","1","1","00","2","40 10:04.784","5","00","76 11:55.973","3","0","0","0","36408","0","0","0","Y","0","0","0","4","36408","0","","1","01","N","N","1","","1","0","1","0","0","Y","1537","1","3","0","0","0","0","0","2","1","3","N","","","","","","","","","","","","03","  ","","",""
"1338","0","0","0","0","0","0","0","0","0","4","0","","36","04","2018","2018042831","7","40.1139","-76.3863","1332","08","0","0","0","0","0","1","0","0","1","0","0","0","13","1","1","01","2","40 06:50.151","7","00","76 23:10.518","3","0","0","0","36214","0","0","0","N","0","0","0","2","36214","0","","1","01","N","N","1","","1","0","1","3","3","N","1330","1","2","0","0","0","0","0","3","0","2","N","","","","","","","","","","","","03","  ","","",""
"1514","2","0","0","0","0","0","0","0","0","1","0","","36","04","2018","2018042839","2","40.1478","-76.6136","1507","08","0","0","1","0","0","0","0","0","2","0","0","0","15","1","0","02","1","40 08:52.012","3","00","76 36:48.924","0","0","0","0","36407","0","0","0","N","0","0","0","2","36407","0","","1","01","N","N","0","","0","0","0","0","0","N","1505","0","2","0","0","0","0","0","2","0","2","N","","","","","","","","","","","","03","  ","","",""
"1510","2","0","0","0","0","0","0","0","0","4","0","","36","04","2018","2018042840","3","40.134","-76.6174","1506","08","0","0","1","0","0","0","1","0","2","0","0","0","15","1","0","02","2","40 08:02.403","3","00","76 37:02.506","0","0","0","0","36237","0","0","0","N","0","0","0","2","36505","0","","1","01","N","N","0","","0","0","0","3","3","Y","1501","0","2","0","0","0","0","0","1","0","2","N","","","","","","","","","","","","03","  ","","",""
"0634","0","0","0","0","0","0","0","0","0","7","0","","36","04","2018","2018042901","5","40.1415","-76.6622","0624","08","0","0","0","0","0","0","0","0","","0","0","0","06","1","0","00","0","40 08:29.542","","00","76 39:43.896","0","0","0","0","36237","0","0","0","N","0","0","0","1","36505","0","","4","01","N","","1","","0","0","0","0","0","","0624","0","1","0","0","0","0","0","1","0","1","N","","","","","","","","","","","","03","  ","","",""
"1732","0","0","0","0","0","0","0","0","0","7","0","","36","04","2018","2018042906","7","40.2809","-76.1532","1729","08","0","0","0","0","0","1","0","0","","0","0","0","17","1","0","00","0","40 16:51.125","","00","76 09:11.643","0","0","0","0","36236","0","0","0","N","0","0","0","1","36408","0","","4","01","N","N","0","","0","0","1","0","0","","1727","0","1","0","0","0","0","0","1","0","1","N","","","","","","","","","","","","03","  ","","",""
"2115","1","0","0","0","0","0","0","0","0","4","0","","36","04","2018","2018042986","4","40.1351","-76.2119","2112","08","0","0","1","0","1","0","0","0","3","0","0","0","21","2","1","00","2","40 08:06.374","5","00","76 12:43.012","3","0","0","0","36238","0","0","0","N","0","0","0","7","36238","0","","1","01","N","N","1","","1","0","1","0","0","Y","2112","1","3","0","0","0","0","0","3","0","3","N","","","","","","","","","","","","03","  ","","",""
"1705","2","0","0","0","0","0","0","0","0","4","0","","36","04","2018","2018042988","7","40.0396","-76.3636","1705","08","0","0","0","0","0","0","0","0","","0","0","0","17","1","0","00","0","40 02:22.392","","00","76 21:49.050","0","0","0","0","36214","0","0","0","N","0","0","0","3","36214","0","","1","01","N","N","0","","0","0","0","3","3","","1700","0","2","0","0","0","0","0","3","0","2","N","","","","","","","","","","","","03","  ","","",""
"1242","1","0","0","0","0","0","0","0","0","1","0","","36","04","2018","2018042992","7","40.0423","-76.3113","1237","08","0","0","0","1","0","0","0","0","1","0","0","0","12","1","1","01","1","40 02:32.114","4","00","76 18:40.784","4","0","0","0","36301","0","0","0","N","0","0","0","3","36301","1","","1","01","N","N","0","","0","0","1","3","2","N","1232","1","2","0","0","0","0","0","3","0","2","N","","","","","","","","","","","","03","  ","","",""
"1027","1","0","0","0","0","0","0","0","0","4","0","","36","04","2018","2018043000","2","40.0974","-76.0977","1027","08","0","0","0","0","0","0","0","0","1","0","0","0","10","1","0","02","1","40 05:50.496","1","00","76 05:51.745","0","0","0","0","36415","0","0","0","N","0","0","0","4","36415","0","","1","01","N","N","0","","0","0","0","3","2","N","1027","0","2","0","0","1","0","0","1","1","2","N","","","","","","","","","","","","03","  ","","",""
"0932","1","0","0","0","0","0","0","0","0","4","0","","36","04","2018","2018043001","6","40.1607","-76.4","0930","08","0","0","0","0","0","0","0","1","1","0","0","0","09","1","2","01","2","40 09:38.669","6","00","76 24:00.175","4","0","0","0","36410","0","0","0","N","0","0","0","2","36410","2","","1","01","N","N","0","","0","0","0","3","3","N","0928","2","2","0","0","0","0","0","2","1","2","N","","","","","","","","","","","","03","  ","","",""
"1712","0","0","0","0","0","0","0","0","0","4","0","","36","04","2018","2018043006","7","40.1818","-76.1838","1710","08","0","0","0","0","0","1","0","0","2","0","0","0","17","1","2","05","1","40 10:54.622","6","00","76 11:01.750","3","0","0","0","36408","0","0","0","N","0","0","0","4","36408","0","","1","01","N","N","1","","2","0","1","3","3","Y","1708","2","2","0","0","0","0","0","2","0","2","N","","","","","","","","","","","","03","  ","","",""
"1502","1","0","0","0","0","0","0","0","0","4","0","","36","03","2018","2018043011","3","40.1093","-76.4851","1442","08","0","0","0","0","0","1","0","1","","0","0","0","14","1","0","01","0","40 06:33.525","","00","76 29:06.301","0","0","0","0","36413","0","0","0","N","0","0","0","2","36413","0","","1","01","N","N","1","","0","0","0","3","2","","1442","0","2","0","0","0","0","0","2","0","2","N","","","","","","","","","","","","03","  ","","",""
"1232","2","0","0","0","0","0","0","0","0","4","0","","36","04","2018","2018043036","3","40.0916","-76.1295","1225","08","0","0","0","0","0","0","0","0","1","0","0","0","12","1","0","02","2","40 05:29.605","6","00","76 07:46.311","0","0","0","0","36209","0","0","0","N","0","0","0","2","36415","0","","1","01","N","N","0","","0","0","0","3","3","Y","1222","0","2","0","0","0","0","0","1","0","2","N","","","","","","","","","","","","03","  ","","",""
"1420","0","0","0","0","0","0","0","0","0","4","0","","36","04","2018","2018043039","7","40.0995","-76.0995","1415","08","0","0","0","0","1","1","0","0","1","0","0","0","14","1","1","00","2","40 05:58.123","6","07","76 05:58.203","3","0","0","1","36415","0","0","0","N","0","0","0","2","36415","0","","1","01","N","N","0","","1","0","1","0","0","Y","1412","1","2","0","0","0","0","0","1","0","2","N","","","","","","","","","","","","03","  ","","",""
"2258","2","0","0","0","0","0","0","0","0","1","0","","36","03","2018","2018043139","1","40.1757","-76.598","2250","08","0","0","0","0","0","1","0","0","4","0","0","0","22","2","0","00","2","40 10:32.400","3","00","76 35:52.762","9","0","0","0","36225","0","0","0","N","0","0","0","2","36505","0","","1","01","","","0","","0","0","0","0","0","Y","2250","0","2","0","0","0","0","1","2","0","2","N","","","","","","","","","","","","03","  ","","",""
"2004","1","0","0","0","0","0","0","0","0","4","0","","36","04","2018","2018043192","6","40.1636","-76.1524","2002","08","0","0","0","0","0","1","0","0","1","0","0","0","20","3","1","01","2","40 09:49.023","3","02","76 09:08.898","3","0","0","1","36218","0","0","0","N","0","0","0","3","36408","0","","1","01","N","N","0","","1","0","0","3","2","N","2000","1","2","0","0","0","0","0","1","0","2","N","","","","","","","","","","","","03","  ","","",""
"1608","1","0","0","0","0","0","0","0","0","4","0","","36","04","2018","2018043206","5","40.0364","-76.4552","1608","08","0","0","0","0","0","1","1","0","2","0","0","0","16","1","1","01","1","40 02:10.903","7","00","76 27:18.690","8","0","0","0","36239","0","0","0","N","0","0","0","2","36239","0","","1","01","N","N","0","","0","0","0","3","2","N","1608","1","2","0","0","0","1","0","3","1","2","N","","","","","","","","","","","","03","  ","","",""
"1604","1","0","0","1","0","0","0","0","0","4","0","","36","04","2018","2018043235","5","40.0441","-76.3089","1604","08","0","0","0","0","0","0","1","0","","0","0","0","16","1","1","01","0","40 02:38.824","","00","76 18:32.014","3","0","0","0","36301","1","0","0","N","0","0","0","2","36301","0","","1","01","N","N","0","","1","0","0","3","2","","1604","1","2","0","0","0","0","0","3","0","1","N","","","","","","","","","","","","03","  ","","",""
"1811","0","0","0","0","0","0","0","0","0","4","0","","36","03","2018","2018043248","3","40.0539","-76.5216","1802","08","0","0","0","0","0","0","0","0","3","0","0","0","17","1","3","00","2","40 03:14.205","5","00","76 31:17.790","8","0","0","0","36239","0","0","0","N","0","0","0","4","36239","0","","1","07","N","N","1","","0","0","1","0","0","Y","1756","3","2","0","0","1","3","0","3","0","2","N","","","","","","","","","","","","10","  ","","",""
"0755","0","0","0","0","0","0","0","0","0","7","0","","36","04","2018","2018043252","2","40.0112","-76.2248","0748","08","0","0","0","0","0","0","0","0","","0","0","0","07","1","0","00","0","40 00:40.213","","00","76 13:29.305","0","0","0","0","36240","0","0","0","N","0","0","0","1","36240","0","","4","09","N","N","0","","0","0","1","0","0","","0748","0","1","0","0","0","0","0","1","0","1","N","","","","","","","","","","","","07","  ","","",""
"0829","1","0","0","0","0","0","0","0","0","4","0","","36","04","2018","2018043259","2","40.0502","-76.3049","0823","08","0","0","0","0","0","0","0","0","2","0","0","0","08","1","1","01","2","40 03:00.752","7","00","76 18:17.737","3","0","0","0","36301","0","0","0","N","0","0","0","4","36301","0","","1","09","N","N","0","","1","0","1","3","3","Y","0818","1","2","0","0","0","0","0","3","0","2","N","","","","","","","","","","","","07","  ","","",""
"1742","2","0","0","0","0","0","0","0","0","4","0","","36","04","2018","2018043263","6","40.0503","-76.2992","1736","08","0","0","0","0","1","0","0","0","","0","0","0","17","1","1","01","0","40 03:00.972","","00","76 17:56.990","3","0","0","0","36301","0","0","0","N","0","0","0","2","36301","0","","1","01","N","N","0","","1","0","0","0","0","","1729","1","2","0","0","0","0","0","3","0","2","N","","","","","","","","","","","","03","  ","","",""
"0449","1","0","0","0","0","0","0","0","0","7","0","","36","04","2018","2018043269","6","40.1086","-76.5914","0448","08","0","0","0","0","0","0","0","0","3","0","0","0","04","2","1","00","2","40 06:31.138","5","00","76 35:28.918","8","0","0","0","36211","0","0","0","N","0","0","0","1","36504","0","","5","01","N","N","0","","0","0","0","0","0","Y","0448","1","1","0","0","0","1","0","1","0","1","N","","","","","","","","","","","","03","  ","","",""
"0820","1","0","0","0","0","0","0","0","0","7","0","","36","03","2018","2018043291","4","40.0376","-76.4452","0813","08","0","0","0","0","0","0","0","0","3","0","0","0","08","1","1","00","1","40 02:15.303","3","00","76 26:42.812","8","0","0","0","36239","0","0","0","N","0","0","0","1","36239","0","","4","01","N","N","0","","0","0","0","0","0","N","0810","1","1","0","0","0","1","0","3","0","1","N","","","","","","","","","","","","03","  ","","",""
"1735","0","0","0","0","0","0","0","0","0","1","0","","36","04","2018","2018043296","6","40.1466","-76.6027","1735","08","0","0","0","0","0","1","0","0","2","0","0","0","17","1","1","00","1","40 08:47.619","1","00","76 36:09.851","3","0","0","0","36407","0","0","0","N","0","0","0","3","36407","0","","1","01","N","N","0","","1","0","1","0","0","N","1735","1","2","0","0","0","0","0","2","1","2","N","","","","","","","","","","","","03","  ","","",""
"1459","1","0","0","0","0","0","0","0","0","1","0","","36","04","2018","2018043371","2","40.084","-76.0732","1454","08","0","0","0","0","0","0","0","1","1","0","0","1","14","1","0","00","1","40 05:02.572","4","00","76 04:23.368","0","0","0","0","36415","3","0","0","N","0","0","0","4","36415","0","","1","01","N","N","0","","0","0","0","0","0","N","1454","0","2","0","0","0","0","0","1","0","1","N","","","","","","","","","","","","03","  ","","",""
"1540","2","0","0","0","0","0","0","0","0","1","0","","36","04","2018","2018043385","2","40.0371","-76.3135","1535","08","0","0","0","0","0","0","0","0","1","0","0","0","15","1","0","00","1","40 02:13.678","3","00","76 18:48.427","0","0","0","0","36301","0","0","0","N","0","0","0","1","36301","0","","6","09","N","N","0","","0","0","1","0","0","N","1534","0","3","0","0","0","0","0","3","0","3","N","","","","","","","","","","","","07","  ","","",""
"1625","2","0","0","0","0","0","0","0","0","1","0","","36","04","2018","2018043480","2","40.0541","-76.3977","1625","08","0","1","0","0","0","0","0","0","1","0","0","0","16","1","1","00","1","40 03:14.757","2","00","76 23:51.718","4","0","0","0","36214","0","0","0","N","0","0","0","4","36214","1","","1","09","N","N","0","","0","0","0","3","2","N","1620","1","2","0","0","0","0","0","3","0","2","N","","","","","","","","","","","","07","  ","","",""
"1801","1","0","0","0","0","0","0","0","0","1","0","","36","04","2018","2018043495","6","40.0734","-76.2867","1754","08","0","0","1","0","0","1","0","0","","0","0","0","17","1","0","00","0","40 04:24.301","","00","76 17:12.279","0","0","0","0","36101","0","0","0","","0","0","0","2","36101","0","","1","01","N","N","1","","0","0","0","0","0","","1721","0","2","0","0","0","0","0","3","0","2","N","","","","","","","","","","","","03","  ","","",""
"1946","2","0","0","0","0","0","0","0","0","4","0","","36","04","2018","2018043530","2","40.1093","-76.5074","1942","08","0","0","0","0","1","1","0","0","2","0","0","0","19","4","1","01","1","40 06:33.316","2","00","76 30:26.472","3","0","0","0","36413","0","0","0","N","0","0","0","3","36413","0","","1","09","N","N","0","","1","0","0","3","3","Y","1940","1","2","0","0","0","0","0","2","0","2","N","","","","","","","","","","","","03","  ","","",""
"2342","1","0","0","0","0","0","0","0","0","7","0","","36","04","2018","2018043537","1","40.2832","-76.1873","2336","08","0","0","0","0","0","0","0","0","1","0","0","0","23","2","0","02","1","40 16:59.504","3","00","76 11:14.388","0","0","0","0","36236","0","0","0","N","0","0","0","1","36408","0","","5","09","N","N","0","","0","0","0","3","3","N","2335","0","1","0","0","0","0","0","1","0","1","N","","","","","","","","","","","","07","  ","","",""
"1832","0","0","0","0","0","0","0","0","0","1","0","","36","04","2018","2018043560","2","40.1516","-76.2077","1830","08","0","0","0","0","0","1","0","0","1","0","0","0","18","1","2","01","2","40 09:05.718","5","00","76 12:27.612","3","0","0","0","36402","0","0","0","N","0","0","0","4","36402","0","","1","01","N","N","1","","2","0","1","0","0","Y","1828","2","2","0","0","0","0","0","2","0","2","N","","","","","","","","","","","","03","  ","","",""
"0852","2","0","0","0","0","0","0","0","0","1","0","","36","04","2018","2018043659","2","40.0522","-76.3084","0851","08","0","0","0","0","0","0","1","0","","0","0","0","08","5","1","01","0","40 03:07.752","","00","76 18:30.128","3","0","0","0","36301","0","0","0","N","0","0","0","2","36301","0","","1","09","N","N","0","","1","0","0","3","2","","0849","1","2","0","0","0","0","0","3","0","2","N","","","","","","","","","","","","07","  ","","",""
"1702","1","0","0","0","0","0","0","0","0","4","0","","36","04","2018","2018043636","5","40.101","-76.3574","1650","08","0","0","0","0","0","0","0","0","2","0","0","0","16","1","0","00","1","40 06:03.460","2","00","76 21:26.780","0","0","0","0","36406","0","0","0","N","0","0","0","1","36101","0","","2","01","N","N","0","","0","0","1","0","0","N","1646","0","2","0","0","0","0","0","3","0","2","N","","","","","","","","","","","","03","  ","","",""
"2305","3","0","0","0","0","0","0","0","0","4","0","","36","04","2018","2018043637","4","40.0431","-76.2871","2300","08","0","0","1","0","0","0","0","0","2","0","0","0","22","3","1","00","2","40 02:35.219","3","00","76 17:13.695","3","0","0","0","36220","0","0","0","","0","0","0","1","36101","0","","5","01","N","N","0","","1","0","0","0","0","Y","2258","1","3","0","0","1","0","0","3","0","3","N","","","","","","","","","","","","03","  ","","",""
"0501","1","0","0","0","0","0","0","0","0","7","0","","36","03","2018","2018043638","7","40.1513","-76.4865","0452","08","0","0","0","0","0","0","0","0","","0","0","0","04","2","0","00","0","40 09:04.551","","00","76 29:11.467","9","0","0","0","36230","0","0","0","N","0","0","0","1","36410","0","","5","09","N","N","0","","0","0","0","0","0","","0400","0","1","0","0","0","0","1","1","0","1","N","","","","","","","","","","","","03","  ","","",""
"1025","1","0","0","0","0","0","0","0","0","4","0","","36","04","2018","2018043639","6","40.1586","-76.391","1024","08","0","0","0","0","0","0","0","0","","0","0","0","10","1","0","02","0","40 09:30.992","","00","76 23:27.751","0","0","0","0","36410","0","0","0","N","0","0","0","2","36410","0","","1","01","N","N","1","","0","0","0","0","0","","1015","0","2","0","0","0","0","0","2","0","2","N","","","","","","","","","","","","03","  ","","",""
"0155","1","0","0","0","0","0","0","0","0","7","0","","36","04","2018","2018043640","7","40.1174","-76.4256","0138","08","0","0","0","0","0","0","0","0","1","0","0","0","01","2","0","00","1","40 07:02.510","6","00","76 25:32.196","0","0","0","0","36230","0","0","0","Y","0","0","0","1","36410","0","","4","01","N","N","0","","0","0","0","0","0","N","0135","0","1","0","0","0","0","0","1","0","1","N","","","","","","","","","","","","03","  ","","",""
"0755","0","0","0","0","0","0","0","0","0","7","0","","36","04","2018","2018043641","7","40.173","-76.4974","0747","08","0","0","0","0","0","0","0","0","","0","0","0","01","2","1","03","0","40 10:22.674","","00","76 29:50.540","8","0","0","0","36230","0","0","0","N","0","0","0","1","36410","0","","5","01","N","N","0","","0","0","1","0","0","","0100","1","1","0","0","0","1","0","1","0","1","N","","","","","","","","","","","","03","  ","","",""
"0602","1","0","0","0","0","0","0","0","0","7","0","","36","04","2018","2018043685","2","40.1449","-76.6102","0600","08","0","0","0","0","0","0","0","0","","0","0","0","06","3","0","00","0","40 08:41.785","","00","76 36:36.582","0","0","0","0","36407","0","0","0","N","0","0","0","1","36407","0","","1","01","N","N","0","","0","0","0","0","0","","0600","0","1","0","0","0","0","0","2","0","1","N","","","","","","","","","","","","03","  ","","",""
"1654","1","0","0","0","0","0","0","0","0","7","0","","36","04","2018","2018043695","2","40.0591","-76.4685","1652","08","1","0","0","0","0","0","0","0","1","0","0","0","16","1","0","00","2","40 03:32.627","6","00","76 28:06.489","0","0","0","0","36239","0","0","0","N","0","0","0","2","36239","0","","5","09","N","N","0","","0","0","0","0","0","Y","1650","0","1","0","0","0","0","0","3","0","1","N","","","","","","","","","","","","03","  ","","",""