"ARRIVAL_TM","AUTOMOBILE_COUNT","BELTED_DEATH_COUNT","BELTED_SUSP_SERIOUS_INJ_COUNT","BICYCLE_COUNT","BICYCLE_DEATH_COUNT","BICYCLE_SUSP_SERIOUS_INJ_COUNT","BUS_COUNT","CHLDPAS_DEATH_COUNT","CHLDPAS_SUSP_SERIOUS_INJ_COUNT","COLLISION_TYPE","COMM_VEH_COUNT","CONS_ZONE_SPD_LIM","COUNTY","CRASH_MONTH","CRASH_YEAR","CRN","DAY_OF_WEEK","DEC_LAT","DEC_LONG","DISPATCH_TM","DISTRICT","DRIVER_COUNT_16YR","DRIVER_COUNT_17YR","DRIVER_COUNT_18YR","DRIVER_COUNT_19YR","DRIVER_COUNT_20YR","DRIVER_COUNT_50_64YR","DRIVER_COUNT_65_74YR","DRIVER_COUNT_75PLUS","EST_HRS_CLOSED","FATAL_COUNT","HEAVY_TRUCK_COUNT","HORSE_BUGGY_COUNT","HOUR_OF_DAY","ILLUMINATION","INJURY_COUNT","INTERSECT_TYPE","LANE_CLOSED","LATITUDE","LN_CLOSE_DIR","LOCATION_TYPE","LONGITUDE","MAX_SEVERITY_LEVEL","MCYCLE_DEATH_COUNT","MCYCLE_SUSP_SERIOUS_INJ_COUNT","MOTORCYCLE_COUNT","MUNICIPALITY","NONMOTR_COUNT","NONMOTR_DEATH_COUNT","NONMOTR_SUSP_SERIOUS_INJ_COUNT","NTFY_HIWY_MAINT","PED_COUNT","PED_DEATH_COUNT","PED_SUSP_SERIOUS_INJ_COUNT","PERSON_COUNT","POLICE_AGCY","POSSIBLE_INJ_COUNT","RDWY_SURF_TYPE_CD","RELATION_TO_ROAD","ROAD_CONDITION","SCH_BUS_IND","SCH_ZONE_IND","SMALL_TRUCK_COUNT","SPEC_JURIS_CD","SUSP_MINOR_INJ_COUNT","SUSP_SERIOUS_INJ_COUNT","SUV_COUNT","TCD_FUNC_CD","TCD_TYPE","TFC_DETOUR_IND","TIME_OF_DAY","TOT_INJ_COUNT","TOTAL_UNITS","UNB_DEATH_COUNT","UNB_SUSP_SERIOUS_INJ_COUNT","UNBELTED_OCC_COUNT","UNK_INJ_DEG_COUNT","UNK_INJ_PER_COUNT","URBAN_RURAL","VAN_COUNT","VEHICLE_COUNT","WORK_ZONE_IND","WORK_ZONE_LOC","WORK_ZONE_TYPE","WORKERS_PRES","WZ_CLOSE_DETOUR","WZ_FLAGGER","WZ_LAW_OFFCR_IND","WZ_LN_CLOSURE","WZ_MOVING","WZ_OTHER","WZ_SHLDER_MDN","ROADWAY_CLEARED","WEATHER1","WEATHER2","WZ_WORKERS_INJ_KILLED","SECONDARY_CRASH","INTERSECTION_RELATED"
"1804","1","0","0","0","0","0","0","0","0","1","0","","36","04","2018","2018043824","2","40.1364","-76.2115","1754","08","0","0","0","0","0","0","0","0","","0","0","0","17","1","0","00","0","40 08:11.159","","00","76 12:41.359","0","0","0","0","36238","0","0","0","N","0","0","0","2","36238","0","","1","09","N","N","0","","0","0","1","0","0","N","1748","0","2","0","0","0","0","0","3","0","2","N","","","","","","","","","","","","03","  ","","",""
"1549","0","0","0","0","0","0","0","0","0","4","0","","36","04","2018","2018043834","3","40.0501","-76.3958","1546","08","0","0","0","0","0","1","1","0","1","0","0","0","15","1","1","00","1","40 03:00.202","3","07","76 23:44.914","3","0","0","0","36214","0","0","0","N","0","0","0","3","36214","0","","1","01","N","N","0","","1","0","1","0","0","N","1543","1","2","0","0","0","0","0","3","1","2","N","","","","","","","","","","","","03","  ","","",""
"0755","2","0","0","0","0","0","0","0","0","1","0","","36","04","2018","2018043840","3","40.0128","-76.3529","0745","08","0","0","0","1","0","0","0","0","2","0","0","0","07","1","1","00","2","40 00:45.944","6","00","76 21:10.267","3","0","0","0","36412","0","0","0","N","0","0","0","2","36412","0","","1","01","N","N","0","","1","0","0","0","0","Y","0745","1","2","0","0","0","0","0","3","0","2","N","","","","","","","","","","","","03","  ","","",""
"1850","1","0","0","0","0","0","0","0","0","0","0","","36","04","2018","2018044022","3","40.1256","-76.0867","1846","08","0","0","0","0","0","0","0","0","","0","0","0","18","1","0","00","0","40 07:32.009","","00","76 05:12.047","0","0","0","0","36209","0","0","0","N","0","0","0","1","36415","0","","5","01","N","N","0","","0","0","0","3","8","","1845","0","1","0","0","1","0","0","1","0","1","N","","","","","","","","","","","","03","  ","","",""
"2035","2","0","0","0","0","0","0","0","0","4","0","","36","04","2018","2018044090","4","40.06","-76.2775","2033","08","0","0","0","0","0","0","0","1","2","0","0","0","20","3","3","01","2","40 03:35.925","3","00","76 16:39.950","4","0","0","0","36101","0","0","0","","0","0","0","5","36101","3","","1","01","N","N","0","","0","0","0","3","2","N","2029","3","2","0","0","0","0","0","3","0","2","N","","","","","","","","","","","","03","  ","","",""
"0652","1","0","0","0","0","0","0","0","0","1","0","","36","04","2018","2018044091","5","40.078","-76.2823","0647","08","0","0","0","0","1","0","0","0","2","0","0","0","06","1","1","00","1","40 04:40.880","2","00","76 16:56.411","4","0","0","0","36101","0","0","0","","0","0","0","3","36101","1","","1","01","N","N","0","","0","0","1","0","0","N","0644","1","2","0","0","0","0","0","3","0","2","N","","","","","","","","","","","","03","  ","","",""
"1220","0","0","0","0","0","0","0","0","0","7","0","","36","04","2018","2018044092","2","40.0612","-76.2786","1214","08","0","0","0","0","0","0","0","0","","0","0","0","12","1","0","00","0","40 03:40.487","","00","76 16:43.061","0","0","0","0","36101","0","0","0","N","0","0","0","1","36101","0","","2","09","N","N","1","","0","0","0","0","0","","1208","0","1","0","0","0","0","0","3","0","1","N","","","","","","","","","","","","07","  ","","",""
"1327","2","0","0","0","0","0","0","0","0","1","0","","36","04","2018","2018044093","3","40.0852","-76.214","1324","08","0","0","0","0","0","1","0","0","2","0","0","0","13","1","2","00","1","40 05:06.592","6","00","76 12:50.447","4","0","0","0","36234","0","0","0","","0","0","0","2","36215","2","","1","01","N","N","0","","0","0","0","0","0","N","1323","2","2","0","0","0","0","0","1","0","2","N","","","","","","","","","","","","03","  ","","",""
"1508","3","0","0","0","0","0","0","0","0","1","0","","36","04","2018","2018044094","5","40.0555","-76.2168","1458","08","1","0","0","1","0","0","0","0","","0","0","0","14","1","0","00","0","40 03:19.637","","00","76 13:00.386","0","0","0","0","36215","0","0","0","","0","0","0","4","36215","0","","1","01","N","N","0","","0","0","0","0","0","","1458","0","3","0","0","0","0","0","1","0","3","N","","","","","","","","","","","","03","  ","","",""
"1528","0","0","0","0","0","0","0","0","0","1","0","","36","04","2018","2018044095","5","40.0401","-76.2348","1521","08","0","0","0","0","1","0","0","0","2","0","0","0","15","1","0","00","2","40 02:24.463","6","00","76 14:05.152","0","0","0","0","36215","0","0","0","","0","0","0","2","36215","0","","1","01","N","N","1","","0","0","1","0","0","Y","1519","0","2","0","0","0","0","0","1","0","2","N","","","","","","","","","","","","03","  ","","",""
"0944","0","0","0","0","0","0","0","0","0","1","0","","36","04","2018","2018044120","6","40.0441","-76.2981","0943","08","0","0","0","0","0","0","0","0","1","0","0","0","09","1","1","00","1","40 02:38.788","2","00","76 17:53.049","3","0","0","0","36301","0","0","0","N","0","0","0","1","36301","0","","6","01","N","N","1","","1","0","0","0","0","N","0943","1","2","0","0","0","0","0","3","1","2","N","","","","","","","","","","","","03","  ","","",""
"1046","1","0","0","0","0","0","0","0","0","4","0","","36","04","2018","2018044168","4","39.8951","-76.1729","1040","08","0","0","0","0","0","1","1","0","","0","0","0","10","1","0","00","0","39 53:42.484","","07","76 10:22.370","0","0","0","0","36416","0","0","0","N","0","0","0","3","36416","0","","1","01","","","0","","0","0","1","0","0","","1037","0","2","0","0","0","0","0","1","0","2","N","","","","","","","","","","","","03","  ","","",""
"1312","1","0","0","0","0","0","0","0","0","4","0","","36","04","2018","2018044228","4","40.0522","-76.3084","1306","08","0","0","0","0","0","0","0","1","2","0","0","0","13","1","3","01","2","40 03:07.740","1","00","76 18:30.230","3","0","0","0","36301","0","0","0","N","0","0","0","3","36301","1","","1","01","N","N","0","","2","0","1","3","2","Y","1306","3","2","0","0","0","0","0","3","0","2","N","","","","","","","","","","","","03","  ","","",""
"1939","3","0","0","0","0","0","0","0","0","4","0","","36","04","2018","2018044251","1","40.0408","-76.2935","1934","08","0","0","0","1","0","0","0","0","2","0","0","0","19","4","0","01","1","40 02:26.970","4","00","76 17:36.562","0","0","0","0","36301","0","0","0","N","0","0","0","2","36301","0","","1","01","N","N","0","","0","0","0","3","3","N","1927","0","3","0","0","0","0","0","3","0","3","N","","","","","","","","","","","","03","  ","","",""
"0721","0","0","0","0","0","0","0","0","0","7","0","","36","04","2018","2018044262","4","40.0195","-76.3411","0717","08","0","1","0","0","0","0","0","0","3","0","0","0","07","1","0","00","2","40 01:10.156","6","00","76 20:27.943","0","0","0","0","36220","0","0","0","N","0","0","0","1","36101","0","","5","01","N","N","1","","0","0","0","0","0","Y","0715","0","1","0","0","0","0","0","3","0","1","N","","","","","","","","","","","","03","  ","","",""
"1208","2","0","0","0","0","0","0","0","0","4","0","","36","04","2018","2018044263","3","40.0649","-76.3258","1206","08","0","0","0","0","0","1","0","0","3","0","0","0","11","1","0","00","1","40 03:53.631","2","00","76 19:33.048","0","0","0","0","36101","0","0","0","","0","0","0","3","36101","0","","1","09","N","N","0","","0","0","0","0","0","N","1144","0","2","0","0","0","0","0","3","0","2","N","","","","","","","","","","","","07","  ","","",""
"1325","0","0","0","0","0","0","0","0","0","1","0","","36","04","2018","2018044264","5","40.0761","-76.3371","1317","08","0","0","0","0","0","1","0","0","","0","0","0","12","1","0","00","0","40 04:33.841","","00","76 20:13.523","0","0","0","0","36101","0","0","0","","0","0","0","2","36101","0","","1","01","N","N","1","","0","0","1","0","0","","1250","0","2","0","0","0","0","0","3","0","2","N","","","","","","","","","","","","03","  ","","",""
"1814","3","0","0","0","0","0","0","0","0","1","0","","36","04","2018","2018044266","2","40.0694","-76.3071","1751","08","0","0","0","0","0","1","0","0","3","0","0","0","17","1","2","00","2","40 04:09.283","4","00","76 18:22.934","4","0","0","0","36101","0","0","0","N","0","0","0","5","36101","2","","1","01","N","N","0","","0","0","0","0","0","N","1750","2","3","0","0","0","0","0","3","0","3","N","","","","","","","","","","","","03","  ","","",""
"2005","1","0","0","0","0","0","0","0","0","4","1","","36","04","2018","2018044267","2","40.0689","-76.3305","1958","08","0","0","0","0","0","0","0","0","","0","1","0","19","3","1","02","0","40 04:07.514","","02","76 19:49.708","3","0","0","0","36101","0","0","0","N","0","0","0","2","36101","0","","1","01","N","N","0","","1","0","0","3","2","","1956","1","2","0","0","0","0","0","3","0","2","N","","","","","","","","","","","","03","  ","","",""
"1723","2","0","0","0","0","0","0","0","0","1","0","","36","04","2018","2018044268","3","40.0823","-76.3583","1713","08","0","0","0","0","0","1","0","0","2","0","0","0","17","1","0","00","2","40 04:56.303","4","00","76 21:29.719","0","0","0","0","36214","0","0","0","Y","0","0","0","3","36214","0","","1","01","N","N","0","","0","0","1","0","0","N","1700","0","3","0","0","0","0","0","3","0","3","N","","","","","","","","","","","","03","  ","","",""
"2117","0","0","0","0","0","0","0","0","0","4","0","","36","04","2018","2018044303","1","40.0435","-76.298","2117","08","0","0","1","1","0","0","0","0","2","0","0","0","21","3","3","01","2","40 02:36.501","7","00","76 17:52.632","3","0","0","0","36301","0","0","0","N","0","0","0","4","36301","0","","1","01","N","N","1","","3","0","2","3","2","N","2114","3","3","0","0","0","0","0","3","0","3","N","","","","","","","","","","","","03","  ","","",""
"1859","1","0","0","0","0","0","0","0","0","1","0","","36","04","2018","2018044320","4","40.2307","-76.0811","1856","08","0","0","0","0","0","1","0","0","1","0","0","0","18","1","0","00","2","40 13:50.643","5","07","76 04:52.020","0","0","0","0","36210","0","0","0","N","0","0","0","2","36210","0","","1","01","N","N","0","","0","0","1","0","0","Y","1856","0","2","0","0","0","0","0","1","0","2","N","","","","","","","","","","","","03","  ","","",""
"2123","1","0","0","0","0","0","0","0","0","7","0","","36","04","2018","2018044323","4","40.1844","-76.6009","2120","08","0","0","0","0","0","0","0","0","2","0","0","0","21","2","1","00","2","40 11:03.858","1","00","76 36:03.388","8","0","0","0","36225","0","0","0","N","0","0","0","1","36505","0","","5","01","N","N","0","","0","0","0","0","0","N","2119","1","1","0","0","0","1","0","2","0","1","N","","","","","","","","","","","","03","  ","","",""
"0614","1","0","0","0","0","0","0","0","0","4","0","","36","04","2018","2018044325","4","40.0366","-76.3033","0610","08","0","0","0","0","0","0","0","0","2","0","0","0","06","1","1","01","1","40 02:11.595","6","00","76 18:11.727","4","0","0","0","36301","0","0","0","N","0","0","0","2","36301","1","","1","01","N","N","0","","0","0","1","3","2","Y","0609","1","2","0","0","0","0","0","3","0","2","N","","","","","","","","","","","","03","  ","","",""
"0321","1","0","0","0","0","0","0","0","0","5","0","","36","04","2018","2018044396","7","40.0264","-76.3117","0316","08","0","0","0","0","0","0","0","0","1","0","0","0","03","3","0","00","1","40 01:34.969","6","00","76 18:41.992","9","0","0","0","36301","0","0","0","N","0","0","0","1","36301","0","","6","01","N","N","0","","0","0","1","0","0","N","0314","0","3","0","0","0","0","1","3","1","3","N","","","","","","","","","","","","03","  ","","",""
"1642","1","0","0","0","0","0","0","0","0","4","0","","36","04","2018","2018044399","3","40.1133","-76.4512","1633","08","0","0","0","1","0","0","0","0","1","0","0","0","16","1","0","01","1","40 06:47.876","3","00","76 27:04.154","0","0","0","0","36230","0","0","0","N","0","0","0","2","36410","0","","1","01","N","N","0","","0","0","1","3","2","N","1633","0","2","0","0","0","0","0","1","0","2","N","","","","","","","","","","","","03","  ","","",""
"1329","0","0","0","0","0","0","0","0","0","1","0","","36","04","2018","2018044413","6","40.0573","-76.3318","1326","08","0","0","0","0","0","0","0","1","2","0","0","0","13","1","1","00","1","40 03:26.219","4","00","76 19:54.488","3","0","0","1","36101","0","0","0","","0","0","0","3","36101","0","","1","01","N","N","0","","1","0","1","0","0","N","1323","1","2","0","0","0","0","0","3","0","2","N","","","","","","","","","","","","03","  ","","",""
"1225","1","0","0","0","0","0","0","0","0","5","0","","36","04","2018","2018044415","4","39.9758","-76.2752","1218","08","0","0","0","0","0","1","0","0","2","0","0","0","12","1","1","02","2","39 58:31.548","1","00","76 16:30.094","3","0","0","0","36240","0","0","0","N","0","0","0","2","36240","0","","1","01","N","N","0","","1","0","1","0","0","Y","1218","1","2","0","0","0","0","0","1","0","2","N","","","","","","","","","","","","03","  ","","",""
"1056","0","0","0","0","0","0","0","0","0","7","0","","36","04","2018","2018044430","4","39.9965","-76.3218","1051","08","0","0","0","0","0","0","0","1","2","0","0","0","10","1","1","00","1","39 59:47.280","2","00","76 19:18.438","4","0","0","0","36228","0","0","0","Y","0","0","0","1","36503","1","","2","01","N","N","0","","0","0","1","0","0","N","1038","1","1","0","0","0","0","0","1","0","1","N","","","","","","","","","","","","03","  ","","",""
"0638","2","0","0","0","0","0","0","0","0","5","0","","36","04","2018","2018044441","5","40.0277","-76.3123","0634","08","0","0","0","0","0","0","0","0","","0","0","0","06","1","0","00","0","40 01:39.843","","00","76 18:44.157","0","0","0","0","36301","0","0","0","N","0","0","0","1","36301","0","","1","09","N","N","0","","0","0","0","0","0","","0629","0","2","0","0","0","0","0","3","0","2","N","","","","","","","","","","","","07","  ","","",""
"1711","1","0","0","0","0","0","0","0","0","4","0","","36","04","2018","2018044462","4","40.0745","-76.4927","1654","08","0","0","0","0","0","0","1","0","","0","0","0","16","1","1","05","0","40 04:28.272","","00","76 29:33.812","3","0","0","0","36230","0","0","0","N","0","0","0","3","36410","0","","1","01","N","N","1","","1","0","0","2","3","N","1650","1","2","0","0","0","0","0","1","0","2","N","","","","","","","","","","","","03","  ","","",""
"1012","0","0","0","0","0","0","0","0","0","4","0","","36","04","2018","2018044479","5","40.0393","-76.3081","1006","08","0","0","0","0","0","1","0","0","","0","0","0","10","1","0","01","0","40 02:21.538","","00","76 18:29.063","0","0","0","0","36301","0","0","0","N","0","0","0","2","36301","0","","1","01","N","N","2","","0","0","0","3","2","N","1002","0","2","0","0","0","0","0","3","0","2","N","","","","","","","","","","","","03","  ","","",""
"1541","1","0","0","0","0","0","0","0","0","4","0","","36","03","2018","2018044510","6","40.2029","-76.0545","1513","08","0","0","1","0","0","1","0","0","2","0","0","0","15","1","0","02","1","40 12:10.467","1","00","76 03:16.135","0","0","0","0","36202","0","0","0","N","0","0","0","4","68J01","0","","1","01","N","N","1","","0","0","0","3","3","N","1510","0","2","0","0","0","0","0","1","0","2","N","","","","","","","","","","","","03","  ","","",""
"0955","2","0","0","0","0","0","0","0","0","4","0","","36","03","2018","2018044512","6","39.9456","-76.3378","0936","08","0","0","0","0","0","0","1","0","2","0","0","0","09","1","1","01","2","39 56:43.986","5","00","76 20:16.090","2","0","0","0","36206","0","0","0","N","0","0","0","2","68J01","0","","1","09","N","N","0","","0","1","0","3","3","Y","0925","1","2","0","0","0","0","0","1","0","2","N","","","","","","","","","","","","03","  ","","",""
"1954","0","0","0","0","0","0","0","0","0","4","0","","36","03","2018","2018044514","6","40.0272","-75.9541","1925","08","0","0","0","0","0","0","1","0","","0","0","0","19","1","0","01","0","40 01:38.006","","00","75 57:14.828","0","0","0","0","36232","0","0","0","N","0","0","0","3","68J01","0","","1","01","N","N","1","","0","0","0","3","3","","1924","0","2","0","0","0","0","0","1","1","2","N","","","","","","","","","","","","03","  ","","",""
"2134","0","0","0","0","0","0","0","0","0","1","0","","36","04","2018","2018044522","3","39.8623","-76.225","2127","08","0","0","0","0","0","0","0","1","","0","0","0","21","2","0","00","0","39 51:44.418","","00","76 13:30.052","0","0","0","0","36208","0","0","0","N","0","0","0","2","68J01","0","","1","09","N","N","0","","0","0","0","0","0","","2125","0","2","0","0","0","0","0","1","2","2","N","","","","","","","","","","","","05","  ","","",""
"1403","2","0","0","0","0","0","0","0","0","1","0","","36","04","2018","2018044526","7","39.9062","-76.1838","1338","08","0","0","1","0","0","0","0","0","2","0","0","0","13","1","1","00","1","39 54:22.328","2","00","76 11:01.640","3","0","0","0","36229","0","0","0","N","0","0","0","3","68J01","0","","1","01","N","N","0","","1","0","0","0","0","N","1335","1","2","0","0","0","0","0","1","0","2","N","","","","","","","","","","","","03","  ","","",""
"0615","2","0","0","0","0","0","0","0","0","4","0","","36","04","2018","2018044527","2","39.891","-76.2092","0551","08","0","0","0","0","0","0","0","1","","0","0","0","05","2","0","02","0","39 53:27.657","","07","76 12:32.950","0","0","0","0","36229","0","0","0","N","0","0","0","2","68J01","0","","1","01","N","N","0","","0","0","0","3","3","","0540","0","2","0","0","0","0","0","1","0","2","N","","","","","","","","","","","","03","  ","","",""
"0853","0","0","0","0","0","0","0","0","0","1","0","","36","04","2018","2018044528","2","39.9914","-76.0166","0831","08","0","0","0","0","0","0","0","0","1","0","0","0","08","1","0","01","1","39 59:29.214","3","00","76 00:59.722","0","0","0","0","36232","0","0","0","N","0","0","0","2","68J01","0","","1","01","N","N","0","","0","0","1","3","2","N","0827","0","2","0","0","0","0","0","1","1","2","N","","","","","","","","","","","","03","  ","","",""
"1155","1","0","0","0","0","0","0","0","0","1","0","","36","04","2018","2018044529","2","39.9829","-76.1603","1147","08","0","0","0","0","0","0","0","0","1","0","0","0","11","1","2","00","1","39 58:58.351","3","00","76 09:36.901","8","0","0","0","36233","0","0","0","N","0","0","0","4","68J01","0","","1","01","N","N","0","","0","0","1","0","0","N","1145","2","2","0","0","1","2","1","1","0","2","N","","","","","","","","","","","","03","  ","","",""
"1803","0","0","0","1","0","0","0","0","0","4","0","","36","04","2018","2018044531","2","40.1317","-75.9759","1746","08","0","0","1","0","0","0","0","0","","0","0","0","17","1","1","02","0","40 07:54.271","","00","75 58:33.234","3","0","0","0","36203","1","0","0","N","0","0","0","2","68J01","0","","1","09","N","N","1","","1","0","0","3","3","","1743","1","2","0","0","0","0","0","1","0","1","N","","","","","","","","","","","","10","  ","","",""
"1113","0","0","0","0","0","0","0","0","0","4","0","","36","04","2018","2018044535","5","40.0174","-76.0989","1108","08","0","0","0","0","0","0","0","0","2","0","0","1","11","1","1","02","2","40 01:02.596","5","00","76 05:56.133","8","0","0","0","36221","1","0","0","N","0","0","0","4","68J01","0","","1","01","N","N","0","","0","0","1","0","0","Y","1105","1","2","0","0","0","1","0","1","0","1","N","","","","","","","","","","","","03","  ","","",""
"1619","1","0","0","0","0","0","0","0","0","1","0","","36","04","2018","2018044540","6","40.0577","-75.9475","1601","08","0","1","0","0","0","0","0","0","2","0","0","0","15","1","0","00","1","40 03:27.880","2","00","75 56:50.820","0","0","0","0","36232","0","0","0","N","0","0","0","2","68J01","0","","1","01","N","N","0","","0","0","1","0","0","N","1559","0","2","0","0","0","0","0","1","0","2","N","","","","","","","","","","","","03","  ","","",""
"1709","1","0","0","0","0","0","0","0","0","1","0","","36","04","2018","2018044542","6","39.926","-76.1958","1709","08","0","1","0","0","0","0","0","0","","0","0","0","16","1","0","02","0","39 55:33.532","","00","76 11:44.963","0","0","0","0","36233","0","0","0","N","0","0","0","2","68J01","0","","1","01","N","N","0","","0","0","1","0","0","","1647","0","2","0","0","0","0","0","1","0","2","N","","","","","","","","","","","","03","  ","","",""
"0024","1","0","0","0","0","0","0","0","0","0","0","","36","04","2018","2018044543","7","40.1212","-75.9157","0006","08","0","0","0","1","0","0","0","0","2","0","0","0","00","2","0","00","2","40 07:16.284","5","00","75 54:56.362","0","0","0","0","36203","0","0","0","N","0","0","0","1","68J01","0","","1","01","N","N","0","","0","0","0","0","0","N","0005","0","1","0","0","0","0","0","1","0","1","N","","","","","","","","","","","","03","  ","","",""
"1331","1","0","0","0","0","0","0","0","0","4","0","","36","04","2018","2018044546","7","39.9781","-76.0001","1310","08","0","0","0","1","0","1","0","0","2","0","0","0","13","1","1","00","2","39 58:41.036","6","00","76 00:00.462","8","0","0","0","36231","0","0","0","N","0","0","0","2","68J01","0","","1","01","N","N","0","","0","0","1","0","0","Y","1309","1","2","0","0","1","1","0","1","0","2","N","","","","","","","","","","","","03","  ","","",""
"1358","2","0","0","0","0","0","0","0","0","2","0","","36","04","2018","2018044551","1","39.7941","-76.2219","1332","08","0","0","0","0","0","1","0","0","","0","0","0","13","1","0","01","0","39 47:38.821","","00","76 13:18.796","0","0","0","0","36208","0","0","0","N","0","0","0","2","68J01","0","","1","09","N","N","0","","0","0","0","3","3","","1301","0","2","0","0","0","0","0","1","0","2","N","","","","","","","","","","","","07","  ","","",""
"2049","1","0","0","0","0","0","0","0","0","9","0","","36","04","2018","2018044561","4","40.0105","-76.0579","2040","08","0","0","0","0","0","0","0","0","","0","0","0","20","2","1","00","0","40 00:37.770","","00","76 03:28.420","3","0","0","0","36232","0","0","0","N","0","0","0","2","68J01","0","","1","01","N","N","0","","1","0","0","0","0","","2035","1","1","0","0","0","0","0","1","0","1","N","","","","","","","","","","","","03","  ","","",""
"0527","1","0","0","0","0","0","0","0","0","7","0","","36","04","2018","2018044618","3","39.9943","-76.4596","0519","08","0","0","0","0","0","0","0","0","2","0","0","0","05","2","2","00","2","39 59:39.383","6","00","76 27:34.585","8","0","0","0","36223","0","0","0","","0","0","0","2","36223","0","","5","01","N","N","0","","0","0","0","0","0","Y","0517","2","1","0","0","0","2","0","1","0","1","N","","","","","","","","","","","","03","  ","","",""
"0047","1","0","0","0","0","0","0","0","0","7","0","","36","04","2018","2018044743","7","40.1019","-76.5609","0032","08","0","0","0","0","0","0","0","0","3","0","0","0","00","2","0","02","2","40 06:06.974","3","00","76 33:39.260","9","0","0","0","36211","0","0","0","Y","0","0","0","1","36504","0","","2","01","N","N","0","","0","0","0","0","0","Y","0020","0","1","0","0","0","0","1","1","0","1","N","","","","","","","","","","","","03","  ","","",""
"1538","1","0","0","0","0","0","0","0","0","1","0","","36","04","2018","2018044749","2","40.0753","-76.3086","1536","08","0","0","0","0","0","0","1","0","1","0","0","0","15","1","1","00","1","40 04:30.991","2","00","76 18:30.941","4","0","0","0","36101","0","0","0","N","0","0","0","2","36101","1","","2","01","N","N","1","","0","0","0","0","0","N","1531","1","2","0","0","0","0","0","3","0","2","N","","","","","","","","","","","","10","  ","","",""
"1519","1","0","0","0","0","0","0","0","0","1","0","","36","04","2018","2018044766","3","40.037","-76.4517","1519","08","0","0","0","0","0","2","0","0","1","0","0","0","15","1","1","00","1","40 02:13.112","4","00","76 27:06.171","3","0","0","0","36239","0","0","0","N","0","0","0","3","36239","0","","1","01","N","N","1","","1","0","0","0","0","N","1519","1","2","0","0","0","0","0","3","0","2","N","","","","","","","","","","","","03","  ","","",""
"2028","1","0","0","0","0","0","0","0","0","4","0","","36","04","2018","2018044792","5","40.1641","-76.1539","2024","08","0","0","0","0","1","0","0","0","1","0","0","0","20","3","0","00","1","40 09:51.128","4","07","76 09:15.491","0","0","0","0","36218","0","0","0","N","0","0","0","2","36408","0","","1","01","N","N","1","","0","0","0","3","2","N","2022","0","2","0","0","1","0","0","1","0","2","N","","","","","","","","","","","","03","  ","","",""
"2025","1","0","0","0","0","0","0","0","0","4","0","","36","03","2018","2018044814","6","40.0585","-76.5577","2020","08","0","0","0","0","1","0","1","0","3","0","0","0","20","2","0","01","2","40 03:30.758","7","00","76 33:27.597","0","0","0","0","36411","0","0","0","N","0","0","0","2","36504","0","","1","01","N","N","0","","0","0","1","3","3","Y","2018","0","2","0","0","0","0","0","1","0","2","N","","","","","","","","","","","","03","  ","","",""
"1210","2","0","0","0","0","0","0","0","0","1","0","","36","04","2018","2018044821","6","40.0447","-76.3633","1210","08","0","0","0","1","0","0","0","0","2","0","0","0","12","1","0","00","1","40 02:40.937","1","00","76 21:47.917","0","0","0","0","36214","0","0","0","N","0","0","0","3","36214","0","","1","01","N","N","0","","0","0","0","0","0","Y","1209","0","2","0","0","0","0","0","3","0","2","N","","","","","","","","","","","","03","  ","","",""
"1624","1","0","0","0","0","0","0","0","0","7","0","","36","03","2018","2018044834","7","40.0017","-76.087","1623","08","0","0","0","0","0","0","0","0","2","0","0","0","16","1","2","00","2","40 00:06.102","6","07","76 05:13.308","8","0","0","0","36226","0","0","0","N","0","0","0","2","68J01","0","","4","01","N","N","0","","0","0","0","0","0","N","1623","2","1","0","0","0","2","0","1","0","1","N","","","","","","","","","","","","03","  ","","",""
"1758","0","0","0","0","0","0","0","0","0","4","0","","36","04","2018","2018044839","5","39.897","-76.1779","1747","08","0","0","0","0","0","2","0","0","2","0","0","0","17","1","1","01","2","39 53:49.176","1","00","76 10:40.444","3","0","0","0","36229","0","0","0","N","0","0","0","2","68J01","0","","1","01","N","N","0","","1","0","2","0","0","N","1745","1","2","0","0","0","0","0","1","0","2","N","","","","","","","","","","","","03","  ","","",""
"0754","2","0","0","0","0","0","0","0","0","4","0","","36","04","2018","2018044841","4","40.08","-75.9447","0726","08","0","1","0","0","0","0","0","0","","0","0","0","07","1","0","02","0","40 04:47.884","","00","75 56:40.995","0","0","0","0","36232","0","0","0","N","0","0","0","2","68J01","0","","1","01","N","N","0","","0","0","0","9","3","","0718","0","2","0","0","0","0","0","1","0","2","N","","","","","","","","","","","","03","  ","","",""
"1117","0","0","0","0","0","0","0","0","0","1","0","","36","04","2018","2018044843","5","39.9089","-76.1218","1105","08","0","0","0","0","0","0","1","1","2","0","0","0","11","1","0","00","1","39 54:31.941","1","07","76 07:18.487","0","0","0","0","36216","0","0","0","N","0","0","0","3","68J01","0","","1","01","N","N","1","","0","0","0","0","0","N","1104","0","2","0","0","0","0","0","1","1","2","N","","","","","","","","","","","","03","  ","","",""
"1933","1","0","0","0","0","0","0","0","0","7","0","","36","04","2018","2018044939","6","40.2596","-76.1827","1924","08","0","0","0","1","0","0","0","0","","0","0","0","19","1","0","00","0","40 15:34.702","","00","76 10:57.727","0","0","0","0","36236","0","0","0","N","0","0","0","1","36408","0","","5","01","N","N","0","","0","0","0","0","0","","1924","0","1","0","0","0","0","0","1","0","1","N","","","","","","","","","","","","03","  ","","",""