"ARRIVAL_TM","AUTOMOBILE_COUNT","BELTED_DEATH_COUNT","BELTED_SUSP_SERIOUS_INJ_COUNT","BICYCLE_COUNT","BICYCLE_DEATH_COUNT","BICYCLE_SUSP_SERIOUS_INJ_COUNT","BUS_COUNT","CHLDPAS_DEATH_COUNT","CHLDPAS_SUSP_SERIOUS_INJ_COUNT","COLLISION_TYPE","COMM_VEH_COUNT","CONS_ZONE_SPD_LIM","COUNTY","CRASH_MONTH","CRASH_YEAR","CRN","DAY_OF_WEEK","DEC_LAT","DEC_LONG","DISPATCH_TM","DISTRICT","DRIVER_COUNT_16YR","DRIVER_COUNT_17YR","DRIVER_COUNT_18YR","DRIVER_COUNT_19YR","DRIVER_COUNT_20YR","DRIVER_COUNT_50_64YR","DRIVER_COUNT_65_74YR","DRIVER_COUNT_75PLUS","EST_HRS_CLOSED","FATAL_COUNT","HEAVY_TRUCK_COUNT","HORSE_BUGGY_COUNT","HOUR_OF_DAY","ILLUMINATION","INJURY_COUNT","INTERSECT_TYPE","LANE_CLOSED","LATITUDE","LN_CLOSE_DIR","LOCATION_TYPE","LONGITUDE","MAX_SEVERITY_LEVEL","MCYCLE_DEATH_COUNT","MCYCLE_SUSP_SERIOUS_INJ_COUNT","MOTORCYCLE_COUNT","MUNICIPALITY","NONMOTR_COUNT","NONMOTR_DEATH_COUNT","NONMOTR_SUSP_SERIOUS_INJ_COUNT","NTFY_HIWY_MAINT","PED_COUNT","PED_DEATH_COUNT","PED_SUSP_SERIOUS_INJ_COUNT","PERSON_COUNT","POLICE_AGCY","POSSIBLE_INJ_COUNT","RDWY_SURF_TYPE_CD","RELATION_TO_ROAD","ROAD_CONDITION","SCH_BUS_IND","SCH_ZONE_IND","SMALL_TRUCK_COUNT","SPEC_JURIS_CD","SUSP_MINOR_INJ_COUNT","SUSP_SERIOUS_INJ_COUNT","SUV_COUNT","TCD_FUNC_CD","TCD_TYPE","TFC_DETOUR_IND","TIME_OF_DAY","TOT_INJ_COUNT","TOTAL_UNITS","UNB_DEATH_COUNT","UNB_SUSP_SERIOUS_INJ_COUNT","UNBELTED_OCC_COUNT","UNK_INJ_DEG_COUNT","UNK_INJ_PER_COUNT","URBAN_RURAL","VAN_COUNT","VEHICLE_COUNT","WORK_ZONE_IND","WORK_ZONE_LOC","WORK_ZONE_TYPE","WORKERS_PRES","WZ_CLOSE_DETOUR","WZ_FLAGGER","WZ_LAW_OFFCR_IND","WZ_LN_CLOSURE","WZ_MOVING","WZ_OTHER","WZ_SHLDER_MDN","ROADWAY_CLEARED","WEATHER1","WEATHER2","WZ_WORKERS_INJ_KILLED","SECONDARY_CRASH","INTERSECTION_RELATED"
"1810","1","0","0","0","0","0","0","0","0","2","0","","36","04","2018","2018047440","7","40.1322","-76.1448","1804","08","0","0","0","0","0","0","0","0","2","0","0","0","18","1","1","00","1","40 07:55.964","6","00","76 08:41.448","8","0","0","0","36238","0","0","0","N","0","0","0","6","36238","0","","1","01","N","N","0","","0","0","0","0","0","N","1802","1","2","0","0","0","1","0","3","1","2","N","","","","","","","","","","","","03","  ","","",""
"0649","1","0","0","0","0","0","0","0","0","1","0","","36","04","2018","2018047443","6","40.1254","-76.466","0645","08","0","0","0","0","0","1","0","0","1","0","0","0","06","1","1","02","1","40 07:31.352","3","00","76 27:57.456","8","0","0","0","36230","0","0","0","N","0","0","0","2","36410","0","","1","09","N","N","0","","0","0","1","0","0","N","0642","1","2","0","0","0","1","0","1","0","2","N","","","","","","","","","","","","07","  ","","",""
"1027","2","0","0","0","0","0","0","0","0","4","0","","36","04","2018","2018047459","1","40.0431","-76.3022","1022","08","0","0","0","0","0","0","1","0","1","0","0","0","10","1","2","01","2","40 02:35.283","7","00","76 18:08.098","3","0","0","0","36301","0","0","0","N","0","0","0","3","36301","0","","1","01","N","N","0","","2","0","0","3","2","N","1021","2","2","0","0","0","0","0","3","0","2","N","","","","","","","","","","","","03","  ","","",""
"1718","1","0","0","0","0","0","0","0","0","7","0","","36","04","2018","2018047530","7","40.1523","-76.5986","1715","08","0","0","0","0","0","1","0","0","","0","0","0","17","1","0","02","0","40 09:08.251","","00","76 35:54.956","0","0","0","0","36407","0","0","0","N","0","0","0","1","36407","0","","5","09","N","N","0","","0","0","0","0","0","","1714","0","1","0","0","0","0","0","2","0","1","N","","","","","","","","","","","","07","  ","","",""
"1548","1","0","0","0","0","0","0","0","0","7","0","","36","04","2018","2018047551","5","40.1161","-76.0966","1542","08","0","0","0","0","0","0","0","0","","0","0","0","15","1","1","02","0","40 06:57.873","","00","76 05:47.937","3","0","0","0","36209","0","0","0","N","0","0","0","1","36415","0","","4","01","N","N","0","","1","0","0","0","0","","1538","1","1","0","0","0","0","0","1","0","1","N","","","","","","","","","","","","03","  ","","",""
"1652","0","0","0","0","0","0","0","0","0","7","0","","36","04","2018","2018047555","5","40.1397","-76.5505","1647","08","0","0","0","0","0","0","0","0","","0","0","0","16","1","0","00","0","40 08:23.067","","00","76 33:01.668","0","0","0","0","36225","0","0","0","N","0","0","0","1","36505","0","","5","01","N","N","1","","0","0","0","0","0","","1642","0","1","0","0","0","0","0","2","0","1","N","","","","","","","","","","","","03","  ","","",""
"0446","2","0","0","0","0","0","0","0","0","1","0","","36","04","2018","2018047687","2","40.034","-76.3162","0442","08","0","0","0","0","0","0","0","0","2","0","0","0","04","3","1","00","2","40 02:02.374","6","00","76 18:58.431","4","0","0","0","36301","0","0","0","","0","0","0","1","36301","1","","6","09","N","N","0","","0","0","1","0","0","Y","0441","1","3","0","0","0","0","0","3","0","3","N","","","","","","","","","","","","07","  ","","",""
"0710","1","0","0","0","0","0","0","0","0","7","0","","36","04","2018","2018047799","7","40.0091","-76.3076","0644","08","0","0","0","0","0","0","0","0","9","0","0","0","01","3","0","00","1","40 00:32.781","3","00","76 18:27.471","0","0","0","0","36220","0","0","0","N","0","0","0","1","36101","0","","4","09","N","N","0","","0","0","0","0","0","N","0100","0","1","0","0","0","0","0","3","0","1","N","","","","","","","","","","","","03","  ","","",""
"0935","0","0","0","0","0","0","0","0","0","7","0","","36","04","2018","2018047800","3","40.0632","-76.2815","0927","08","0","0","0","0","0","0","0","0","3","0","0","0","09","1","1","00","1","40 03:47.391","3","00","76 16:53.360","4","0","0","0","36101","0","0","0","","0","0","0","1","36101","1","","4","01","N","N","0","","0","0","1","0","0","Y","0925","1","1","0","0","0","0","0","3","0","1","N","","","","","","","","","","","","03","  ","","",""
"1628","1","0","0","1","0","0","0","0","0","4","0","","36","04","2018","2018047801","5","40.0392","-76.4285","1624","08","0","0","0","0","0","0","0","0","","0","0","0","16","1","1","01","0","40 02:21.024","","00","76 25:42.584","8","0","0","0","36414","1","0","0","N","0","0","0","2","36239","0","","1","01","N","N","0","","0","0","0","3","2","","1624","1","2","0","0","0","1","0","3","0","1","N","","","","","","","","","","","","03","  ","","",""
"1719","0","0","0","0","0","0","0","0","0","1","0","","36","04","2018","2018047802","7","40.0642","-76.2828","1719","08","0","0","0","0","0","0","0","0","","0","0","0","17","1","0","00","0","40 03:51.162","","00","76 16:58.083","0","0","0","0","36101","0","0","0","","0","0","0","3","36101","0","","1","09","N","N","0","","0","0","2","0","0","","1717","0","2","0","0","0","0","0","3","0","2","N","","","","","","","","","","","","07","  ","","",""
"1740","1","0","0","0","0","0","0","0","0","7","0","","36","04","2018","2018047851","7","40.0912","-76.5347","1733","08","0","0","0","0","0","0","0","0","2","0","0","0","17","1","1","00","2","40 05:28.407","5","00","76 32:04.793","3","0","0","0","36211","0","0","0","N","0","0","0","1","36504","0","","4","01","N","N","0","","1","0","0","0","0","Y","1725","1","1","0","0","0","0","0","1","0","1","N","","","","","","","","","","","","03","  ","","",""
"0355","0","0","0","0","0","0","0","0","0","7","0","","36","04","2018","2018047888","7","39.8952","-76.2403","0348","08","0","0","0","0","0","0","0","0","3","0","0","0","03","2","1","00","2","39 53:42.846","5","00","76 14:24.935","4","0","0","0","36229","0","0","0","N","0","0","0","1","68J01","1","","4","01","N","N","0","","0","0","1","0","0","Y","0327","1","1","0","0","0","0","0","1","0","1","N","","","","","","","","","","","","03","  ","","",""
"1856","1","0","0","0","0","0","0","0","0","1","0","","36","04","2018","2018047917","1","39.9918","-76.0186","1844","08","0","0","0","0","1","0","0","0","","0","0","0","18","1","0","00","0","39 59:30.459","","00","76 01:06.854","0","0","0","0","36232","0","0","0","N","0","0","0","2","68J01","0","","1","01","N","N","0","","0","0","1","0","0","","1843","0","2","0","0","0","0","0","1","0","2","N","","","","","","","","","","","","03","  ","","",""
"1310","1","0","0","0","0","0","0","0","0","1","0","","36","04","2018","2018047924","3","40.0056","-76.109","1251","08","0","0","0","1","0","0","0","1","","0","0","0","12","1","0","00","0","40 00:20.299","","00","76 06:32.251","0","0","0","0","36226","0","0","0","N","0","0","0","2","68J01","0","","1","01","N","N","1","","0","0","0","0","0","","1249","0","2","0","0","0","0","0","1","0","2","N","","","","","","","","","","","","03","  ","","",""
"0816","0","0","0","0","0","0","0","0","0","4","1","","36","04","2018","2018047931","4","40.0763","-76.5804","0814","08","0","0","0","0","0","0","1","0","1","0","1","0","08","1","0","01","1","40 04:34.604","4","00","76 34:49.324","0","0","0","0","36211","0","0","0","N","0","0","0","2","36504","0","","1","09","N","N","0","","0","0","0","3","3","N","0812","0","2","0","0","0","0","0","1","1","2","N","","","","","","","","","","","","07","  ","","",""
"1528","2","0","0","0","0","0","0","0","0","1","0","","36","04","2018","2018047942","2","40.1213","-76.0388","1523","08","0","0","0","0","0","1","0","0","2","0","0","0","15","1","1","02","2","40 07:16.519","6","00","76 02:19.591","8","0","0","0","36213","0","0","0","N","0","0","0","2","36213","0","","1","01","N","N","0","","0","0","0","3","2","Y","1521","1","2","0","0","0","1","0","1","0","2","N","","","","","","","","","","","","03","  ","","",""
"2137","0","0","0","0","0","0","0","0","0","7","0","","36","04","2018","2018047999","1","40.1173","-76.3994","2128","08","0","0","0","0","0","0","0","0","2","0","0","0","21","2","1","00","1","40 07:02.180","1","00","76 23:57.900","3","0","0","0","36214","0","0","0","N","0","0","0","1","36214","0","","4","01","N","N","0","","1","0","1","0","0","N","2120","1","1","0","0","0","0","0","3","0","1","N","","","","","","","","","","","","03","  ","","",""
"0122","2","0","0","0","0","0","0","0","0","4","0","","36","04","2018","2018048031","1","40.0387","-76.2993","0119","08","0","0","0","0","0","0","1","0","1","0","0","0","01","3","2","01","2","40 02:19.147","3","00","76 17:57.358","8","0","0","0","36301","0","0","0","N","0","0","0","5","36301","0","","1","01","N","N","0","","0","0","0","3","3","Y","0117","2","2","0","0","0","2","0","3","0","2","N","","","","","","","","","","","","03","  ","","",""
"1335","1","0","0","0","0","0","0","0","0","7","0","","36","04","2018","2018048037","5","40.1386","-76.2935","1331","08","0","0","0","0","0","0","1","0","1","0","0","0","13","1","0","00","1","40 08:19.057","1","00","76 17:36.709","9","0","0","0","36409","0","0","0","N","0","0","0","1","36409","0","","5","01","N","N","0","","0","0","0","0","0","Y","1331","0","1","0","0","0","0","1","3","0","1","N","","","","","","","","","","","","03","  ","","",""
"0010","2","0","0","0","0","0","0","0","0","7","0","","36","04","2018","2018048040","1","40.1679","-76.187","0009","08","0","0","0","0","0","0","0","0","2","0","0","0","00","2","0","00","1","40 10:04.536","4","00","76 11:13.318","0","0","0","0","36218","0","0","0","N","0","0","0","1","36408","0","","4","01","N","N","0","","0","0","1","0","0","N","0008","0","3","0","0","0","0","0","1","0","3","N","","","","","","","","","","","","03","  ","","",""
"0007","1","0","0","0","0","0","0","0","0","5","1","","36","03","2018","2018048079","6","40.0358","-76.2559","0002","08","0","0","0","0","0","0","0","0","4","0","1","0","23","2","1","00","2","40 02:08.720","6","00","76 15:21.389","2","0","0","0","36215","0","0","0","N","0","0","0","2","36215","0","","1","01","N","N","0","","0","1","0","0","0","Y","2359","1","2","0","1","2","0","0","1","0","2","N","","","","","","","","","","","","03","  ","","",""
"1530","2","0","0","0","0","0","0","0","0","1","0","","36","04","2018","2018048080","3","40.0403","-76.2447","1530","08","0","1","0","0","0","1","0","0","","0","0","0","15","1","1","02","0","40 02:25.198","","00","76 14:41.006","3","0","0","0","36215","0","0","0","","0","0","0","4","36215","0","","1","01","N","N","0","","1","0","0","0","0","","1528","1","2","0","0","0","0","0","1","0","2","N","","","","","","","","","","","","03","  ","","",""
"0638","1","0","0","0","0","0","0","0","0","7","0","","36","04","2018","2018048081","6","40.0398","-76.2205","0633","08","0","0","0","0","0","0","1","0","","0","0","0","06","5","0","00","0","40 02:23.328","","00","76 13:13.903","0","0","0","0","36215","0","0","0","","0","0","0","1","36215","0","","4","01","N","N","0","","0","0","0","0","0","","0633","0","1","0","0","1","0","0","1","0","1","N","","","","","","","","","","","","03","  ","","",""
"2139","1","0","0","0","0","0","0","0","0","6","0","","36","04","2018","2018048082","6","40.0139","-76.3779","2135","08","0","0","0","0","0","1","0","0","2","0","0","0","21","2","0","00","1","40 00:50.100","1","00","76 22:40.510","0","0","0","0","36223","0","0","0","N","0","0","0","2","36223","0","","1","01","N","N","0","","0","0","0","0","0","N","2133","0","2","0","0","0","0","0","1","1","2","N","","","","","","","","","","","","03","  ","","",""
"0918","1","0","0","0","0","0","0","0","0","8","0","","36","04","2018","2018048114","2","40.0334","-76.4631","0916","08","0","0","0","0","0","0","0","0","","0","0","0","08","1","1","00","0","40 02:00.255","","00","76 27:47.302","3","0","0","0","36239","1","0","0","N","1","0","0","2","36239","0","","1","01","N","N","0","","1","0","0","0","0","","0815","1","2","0","0","0","0","0","3","0","1","N","","","","","","","","","","","","03","  ","","",""
"0455","1","0","0","0","0","0","0","0","0","7","0","","36","04","2018","2018048123","6","40.1458","-76.1579","0452","08","0","0","0","0","0","0","0","0","","0","0","0","04","2","0","02","0","40 08:44.721","","00","76 09:28.454","0","0","0","0","36238","0","0","0","N","0","0","0","1","36238","0","","5","01","N","N","0","","0","0","0","0","0","N","0450","0","1","0","0","0","0","0","3","0","1","N","","","","","","","","","","","","03","  ","","",""
"1450","0","0","0","0","0","0","0","0","0","0","0","","36","05","2018","2018048192","3","40.0453","-76.4245","1444","08","0","0","0","0","0","1","0","0","1","0","0","0","14","1","1","07","1","40 02:41.818","3","00","76 25:34.653","8","0","0","1","36239","0","0","0","N","0","0","0","1","36239","0","","2","01","N","N","0","","0","0","0","3","2","N","1444","1","1","0","0","0","1","0","3","0","1","N","","","","","","","","","","","","03","  ","","",""
"0049","2","0","0","0","0","0","0","0","0","5","0","","36","04","2018","2018048279","1","40.0368","-76.2967","0046","08","0","0","0","0","0","0","0","0","2","0","0","0","00","3","0","00","2","40 02:12.395","4","00","76 17:48.246","0","0","0","0","36301","0","0","0","N","0","0","0","1","36301","0","","4","01","N","N","0","","0","0","2","0","0","N","0029","0","4","0","0","0","0","0","3","0","4","N","","","","","","","","","","","","03","  ","","",""
"2226","1","0","0","0","0","0","0","0","0","7","0","","36","05","2018","2018048283","3","40.1623","-76.3872","2223","08","0","0","0","0","0","1","0","0","","0","0","0","22","3","0","02","0","40 09:44.283","","00","76 23:13.876","0","0","0","0","36410","0","0","0","N","0","0","0","2","36410","0","","5","01","N","N","0","","0","0","0","3","6","","2200","0","1","0","0","0","0","0","2","0","1","N","","","","","","","","","","","","03","  ","","",""
"1201","1","0","0","0","0","0","0","0","0","6","0","","36","04","2018","2018048332","3","40.0718","-76.3183","1201","08","0","0","0","0","0","0","1","0","2","0","0","0","11","1","0","02","1","40 04:18.552","2","00","76 19:06.035","0","0","0","0","36101","0","0","0","","0","0","0","3","36101","0","","1","01","N","N","0","","0","0","2","0","0","N","1156","0","3","0","0","0","0","0","3","0","3","N","","","","","","","","","","","","03","  ","","",""
"2100","1","0","0","0","0","0","0","0","0","4","1","","36","04","2018","2018048333","1","40.1211","-76.2839","2053","08","0","0","0","0","0","0","0","1","3","0","1","0","20","2","1","00","2","40 07:15.800","5","07","76 17:02.000","4","0","0","0","36101","0","0","0","N","0","0","0","2","36101","1","","1","01","N","N","0","","0","0","0","0","0","Y","2050","1","2","0","0","0","0","0","3","0","2","N","","","","","","","","","","","","03","  ","","",""
"0700","0","0","0","0","0","0","0","0","0","7","0","","36","04","2018","2018048334","4","40.0669","-76.3044","0659","08","0","0","0","0","0","0","0","0","","0","0","0","06","5","1","01","0","40 04:00.689","","00","76 18:15.730","4","0","0","0","36101","0","0","0","","0","0","0","1","36101","1","","4","09","N","N","0","","0","0","1","3","2","","0653","1","1","0","0","0","0","0","3","0","1","N","","","","","","","","","","","","07","  ","","",""
"0935","0","0","0","0","0","0","0","0","0","0","0","","36","04","2018","2018048335","4","40.0806","-76.2782","0925","08","0","0","0","0","0","0","0","0","2","0","0","0","09","1","0","00","2","40 04:50.222","2","00","76 16:41.512","0","0","0","0","36101","0","0","0","","0","0","0","1","36101","0","","1","09","N","N","1","","0","0","0","0","0","N","0922","0","1","0","0","0","0","0","3","0","1","N","","","","","","","","","","","","07","  ","","",""
"1626","0","0","0","0","0","0","0","0","0","7","0","","36","04","2018","2018048336","2","40.1265","-76.3364","1620","08","0","0","0","0","0","0","0","0","","0","0","0","16","1","0","00","0","40 07:35.550","","00","76 20:11.160","0","0","0","0","36101","0","0","0","N","0","0","0","1","36101","0","","5","01","N","N","0","","0","0","1","0","0","","1616","0","1","0","0","0","0","0","3","0","1","N","","","","","","","","","","","","03","  ","","",""
"1333","1","0","0","0","0","0","0","0","0","2","0","","36","04","2018","2018048337","2","40.1127","-76.353","1326","08","0","0","0","1","0","0","0","1","2","0","0","0","13","1","2","00","2","40 06:45.620","6","00","76 21:10.630","4","0","0","0","36214","0","0","0","N","0","0","0","2","36214","2","","1","01","N","N","0","","0","0","1","0","0","Y","1324","2","2","0","0","0","0","0","3","0","2","N","","","","","","","","","","","","03","  ","","",""
"0911","0","0","0","0","0","0","0","0","0","4","1","","36","04","2018","2018048338","4","40.0187","-76.1739","0906","08","0","0","0","0","0","0","0","0","2","0","1","1","09","1","1","01","1","40 01:07.422","3","00","76 10:26.132","4","0","0","0","36215","1","0","0","N","0","0","0","2","36215","1","","1","09","N","N","0","","0","0","0","3","3","N","0904","1","2","0","0","0","0","0","1","0","1","N","","","","","","","","","","","","07","  ","","",""
"0836","1","0","0","0","0","0","0","0","0","1","0","","36","04","2018","2018048353","1","40.0273","-76.3037","0829","08","0","0","0","0","0","1","0","0","1","0","0","0","08","1","1","02","1","40 01:38.209","1","00","76 18:13.347","4","0","0","0","36301","0","0","0","N","0","0","0","2","36301","1","","1","01","N","N","0","","0","0","1","3","2","N","0822","1","2","0","0","0","0","0","3","0","2","N","","","","","","","","","","","","03","  ","","",""
"0934","1","0","0","0","0","0","0","0","0","4","0","","36","05","2018","2018048378","4","40.0431","-76.3022","0933","08","0","0","0","0","0","0","0","1","1","0","0","0","09","1","2","01","1","40 02:35.234","1","00","76 18:08.088","3","0","0","0","36301","0","0","0","N","0","0","0","2","36301","0","","1","01","N","N","1","","2","0","0","3","2","N","0933","2","2","0","0","0","0","0","3","0","2","N","","","","","","","","","","","","03","  ","","",""
"0945","1","0","0","0","0","0","0","0","0","4","0","","36","05","2018","2018048380","4","40.0631","-76.3509","0942","08","0","0","0","0","1","0","0","1","","0","0","0","09","1","0","00","0","40 03:47.000","","07","76 21:03.400","0","0","0","0","36214","0","0","0","N","0","0","0","2","36214","0","","1","01","N","N","0","","0","0","1","3","2","","0937","0","2","0","0","0","0","0","3","0","2","N","","","","","","","","","","","","03","  ","","",""
"1040","1","0","0","0","0","0","0","0","0","1","1","","36","05","2018","2018048386","4","40.1115","-76.356","1036","08","0","0","0","0","0","1","1","0","","0","1","0","10","1","1","02","0","40 06:41.494","","00","76 21:21.712","4","0","0","0","36214","0","0","0","N","0","0","0","2","36214","1","","1","01","N","N","0","","0","0","0","0","0","","1035","1","2","0","0","0","0","0","3","0","2","N","","","","","","","","","","","","03","  ","","",""
"2204","1","0","0","0","0","0","0","0","0","1","0","","36","04","2018","2018048433","1","39.9882","-75.98","2148","08","0","0","0","0","0","0","0","0","2","0","0","0","21","2","1","00","1","39 59:17.597","3","00","75 58:47.901","2","0","0","0","36232","0","0","0","N","0","0","0","2","68J01","0","","1","01","N","N","1","","0","1","0","0","0","N","2146","1","2","0","0","0","0","0","1","0","2","N","","","","","","","","","","","","03","  ","","",""
"1613","1","0","0","0","0","0","0","0","0","1","0","","36","05","2018","2018048474","3","40.0888","-76.3805","1613","08","0","0","0","0","0","0","0","0","","0","0","0","16","1","0","00","0","40 05:19.585","","00","76 22:49.636","0","0","0","0","36214","0","0","0","N","0","0","0","2","36214","0","","1","01","N","N","1","","0","0","0","0","0","","1613","0","2","0","0","0","0","0","3","0","2","N","","","","","","","","","","","","03","  ","","",""
"1132","0","0","0","1","0","1","0","0","0","4","0","","36","04","2018","2018048514","7","40.0886","-76.4516","1126","08","0","0","0","0","0","1","0","0","2","0","0","0","11","1","1","02","2","40 05:19.104","5","00","76 27:05.752","2","0","0","0","36239","1","0","1","N","0","0","0","3","36239","0","","1","01","N","N","0","","0","1","1","3","3","Y","1126","1","2","0","0","1","0","0","3","0","1","N","","","","","","","","","","","","03","  ","","",""
"0432","1","0","0","0","0","0","0","0","0","7","0","","36","04","2018","2018048521","5","40.1307","-76.562","0430","08","0","0","0","0","0","0","0","0","","0","0","0","04","2","0","00","0","40 07:50.456","","00","76 33:43.284","0","0","0","0","36225","0","0","0","N","0","0","0","1","36505","0","","5","01","","","0","","0","0","0","0","0","","0430","0","1","0","0","0","0","0","2","0","1","N","","","","","","","","","","","","03","  ","","",""
"1028","2","0","0","0","0","0","0","0","0","4","0","","36","04","2018","2018048543","5","39.9652","-76.3017","1025","08","0","0","0","0","0","0","1","0","2","0","0","0","10","1","0","01","1","39 57:54.787","7","00","76 18:06.236","0","0","0","0","36228","0","0","0","N","0","0","0","2","36503","0","","1","01","N","N","0","","0","0","0","3","3","Y","1025","0","2","0","0","0","0","0","1","0","2","N","","","","","","","","","","","","03","  ","","",""
"0923","1","0","0","0","0","0","0","0","0","5","0","","36","04","2018","2018048596","6","40.0275","-76.2218","0919","08","0","0","0","0","0","1","0","0","1","0","0","0","09","1","1","02","2","40 01:38.921","4","00","76 13:18.394","4","0","0","0","36215","0","0","0","","0","0","0","2","36215","1","","1","01","N","N","1","","0","0","0","3","2","N","0916","1","2","0","0","0","0","1","1","0","2","N","","","","","","","","","","","","03","  ","","",""
"0740","0","0","0","0","0","0","0","0","0","7","0","","36","04","2018","2018048649","5","39.9162","-76.2892","0724","08","0","0","0","0","1","0","0","0","1","0","0","0","07","1","1","00","1","39 54:58.260","3","00","76 17:21.180","8","0","0","0","36224","0","0","0","N","0","0","0","1","68J01","0","","4","01","N","N","0","","0","0","1","0","0","N","0719","1","1","0","0","0","1","0","1","0","1","N","","","","","","","","","","","","03","  ","","",""
"1213","2","0","0","0","0","0","0","0","0","4","0","","36","04","2018","2018048656","5","39.9703","-76.3569","1143","08","0","0","0","0","0","0","1","0","","0","0","0","11","1","0","00","0","39 58:13.230","","00","76 21:24.870","0","0","0","0","36206","0","0","0","N","0","0","0","3","68J01","0","","1","01","N","N","0","","0","0","0","0","0","","1134","0","2","0","0","0","0","0","1","0","2","N","","","","","","","","","","","","03","  ","","",""
"2332","0","0","0","0","0","0","0","0","0","7","0","","36","04","2018","2018048696","6","39.899","-76.3516","2332","08","0","0","0","0","0","0","0","0","2","0","0","0","23","2","1","00","2","39 53:56.440","5","00","76 21:05.785","3","0","0","1","36206","0","0","0","N","0","0","0","1","68J01","0","","4","08","N","N","0","","1","0","0","0","0","Y","2332","1","1","0","0","0","0","0","1","0","1","N","","","","","","","","","","","","03","  ","","",""
"0646","1","0","0","0","0","0","0","0","0","7","0","","36","04","2018","2018048703","7","40.127","-75.9081","0610","08","0","0","0","0","0","0","0","0","3","0","0","0","05","2","0","00","1","40 07:37.131","2","00","75 54:29.008","0","0","0","0","36203","0","0","0","N","0","0","0","1","68J01","0","","4","09","N","N","0","","0","0","0","0","0","N","0530","0","1","0","0","0","0","0","1","0","1","N","","","","","","","","","","","","05","  ","","",""
"0411","1","0","0","0","0","0","0","0","0","7","0","","36","04","2018","2018048735","1","39.9651","-76.1137","0355","08","0","0","0","0","0","0","0","0","","0","0","0","03","2","0","00","0","39 57:54.395","","00","76 06:49.487","0","0","0","0","36226","0","0","0","N","0","0","0","1","68J01","0","","4","01","N","N","0","","0","0","0","0","0","","0350","0","1","0","0","0","0","0","1","0","1","N","","","","","","","","","","","","03","  ","","",""
"1502","0","0","0","0","0","0","0","0","0","4","0","","36","04","2018","2018048763","2","39.8414","-76.0613","1435","08","0","0","0","0","0","0","0","0","2","0","0","0","14","1","3","01","1","39 50:29.050","5","00","76 03:40.665","3","0","0","0","36205","0","0","0","N","0","0","0","4","68J01","0","","1","01","N","N","0","","1","0","3","3","3","N","1427","3","3","0","0","0","2","0","1","0","3","N","","","","","","","","","","","","03","  ","","",""
"0855","1","0","0","0","0","0","0","0","0","2","0","","36","05","2018","2018048816","5","40.051","-76.3534","0852","08","0","0","0","0","0","0","0","0","2","0","0","0","08","1","0","01","1","40 03:03.625","1","00","76 21:12.345","0","0","0","0","36214","0","0","0","N","0","0","0","2","36214","0","","1","01","N","N","0","","0","0","1","3","2","Y","0850","0","2","0","0","0","0","0","3","0","2","N","","","","","","","","","","","","03","  ","","",""
"1444","1","0","0","0","0","0","0","0","0","1","0","","36","04","2018","2018048835","2","40.1428","-76.5569","1441","08","0","0","0","0","0","0","0","0","","0","0","0","14","1","1","00","0","40 08:33.954","","00","76 33:24.744","3","0","0","0","36225","0","0","0","N","0","0","0","2","36505","0","","1","01","N","N","1","","1","0","0","0","0","N","1430","1","2","0","0","0","0","1","2","0","2","N","","","","","","","","","","","","03","  ","","",""
"0845","0","0","0","0","0","0","0","0","0","4","0","","36","05","2018","2018048889","5","40.1827","-76.4639","0835","08","0","0","0","0","0","1","1","0","1","0","0","0","08","1","1","01","1","40 10:57.601","5","00","76 27:50.145","3","0","0","0","36230","0","0","0","Y","0","0","0","3","36410","0","","1","01","N","N","0","","1","0","1","3","3","Y","0835","1","2","0","0","0","0","0","1","1","2","N","","","","","","","","","","","","03","  ","","",""
"1654","2","0","0","0","0","0","0","0","0","1","0","","36","05","2018","2018048897","4","39.9883","-76.2734","1636","08","0","1","0","0","0","0","0","0","","0","0","0","16","1","1","02","0","39 59:17.730","","00","76 16:24.296","3","0","0","0","36240","0","0","0","N","0","0","0","3","36240","0","","1","01","N","N","0","","1","0","0","3","2","","1634","1","3","0","0","0","0","0","1","1","3","N","","","","","","","","","","","","03","  ","","",""
"2112","0","0","0","0","0","0","0","0","0","7","0","","36","05","2018","2018048898","4","40.1127","-76.0096","2109","08","0","0","0","0","0","0","0","0","","0","0","0","21","2","1","00","0","40 06:45.598","","00","76 00:34.460","3","0","0","1","36213","0","0","0","N","0","0","0","1","36213","0","","5","01","N","N","0","","1","0","0","0","0","","2108","1","1","0","0","0","0","0","1","0","1","N","","","","","","","","","","","","03","  ","","",""
"1606","0","0","0","0","0","0","0","0","0","4","0","","36","05","2018","2018048971","5","40.1328","-76.2182","1602","08","0","0","0","0","0","0","1","0","","0","0","0","15","1","0","00","0","40 07:58.202","","00","76 13:05.342","0","0","0","0","36238","0","0","0","N","0","0","0","2","36238","0","","1","01","N","N","0","","0","0","2","0","0","N","1557","0","2","0","0","0","0","0","3","0","2","N","","","","","","","","","","","","03","  ","","",""
"1630","1","0","0","0","0","0","0","0","0","1","0","","36","05","2018","2018049051","5","40.0369","-76.4552","1627","08","0","0","0","0","0","0","0","0","1","0","0","0","16","1","1","00","2","40 02:12.880","2","00","76 27:18.763","3","0","0","1","36239","0","0","0","N","0","0","0","2","36239","0","","1","01","N","N","0","","1","0","0","0","0","Y","1627","1","2","0","0","0","0","0","3","0","2","N","","","","","","","","","","","","03","  ","","",""