"ARRIVAL_TM","AUTOMOBILE_COUNT","BELTED_DEATH_COUNT","BELTED_SUSP_SERIOUS_INJ_COUNT","BICYCLE_COUNT","BICYCLE_DEATH_COUNT","BICYCLE_SUSP_SERIOUS_INJ_COUNT","BUS_COUNT","CHLDPAS_DEATH_COUNT","CHLDPAS_SUSP_SERIOUS_INJ_COUNT","COLLISION_TYPE","COMM_VEH_COUNT","CONS_ZONE_SPD_LIM","COUNTY","CRASH_MONTH","CRASH_YEAR","CRN","DAY_OF_WEEK","DEC_LAT","DEC_LONG","DISPATCH_TM","DISTRICT","DRIVER_COUNT_16YR","DRIVER_COUNT_17YR","DRIVER_COUNT_18YR","DRIVER_COUNT_19YR","DRIVER_COUNT_20YR","DRIVER_COUNT_50_64YR","DRIVER_COUNT_65_74YR","DRIVER_COUNT_75PLUS","EST_HRS_CLOSED","FATAL_COUNT","HEAVY_TRUCK_COUNT","HORSE_BUGGY_COUNT","HOUR_OF_DAY","ILLUMINATION","INJURY_COUNT","INTERSECT_TYPE","LANE_CLOSED","LATITUDE","LN_CLOSE_DIR","LOCATION_TYPE","LONGITUDE","MAX_SEVERITY_LEVEL","MCYCLE_DEATH_COUNT","MCYCLE_SUSP_SERIOUS_INJ_COUNT","MOTORCYCLE_COUNT","MUNICIPALITY","NONMOTR_COUNT","NONMOTR_DEATH_COUNT","NONMOTR_SUSP_SERIOUS_INJ_COUNT","NTFY_HIWY_MAINT","PED_COUNT","PED_DEATH_COUNT","PED_SUSP_SERIOUS_INJ_COUNT","PERSON_COUNT","POLICE_AGCY","POSSIBLE_INJ_COUNT","RDWY_SURF_TYPE_CD","RELATION_TO_ROAD","ROAD_CONDITION","SCH_BUS_IND","SCH_ZONE_IND","SMALL_TRUCK_COUNT","SPEC_JURIS_CD","SUSP_MINOR_INJ_COUNT","SUSP_SERIOUS_INJ_COUNT","SUV_COUNT","TCD_FUNC_CD","TCD_TYPE","TFC_DETOUR_IND","TIME_OF_DAY","TOT_INJ_COUNT","TOTAL_UNITS","UNB_DEATH_COUNT","UNB_SUSP_SERIOUS_INJ_COUNT","UNBELTED_OCC_COUNT","UNK_INJ_DEG_COUNT","UNK_INJ_PER_COUNT","URBAN_RURAL","VAN_COUNT","VEHICLE_COUNT","WORK_ZONE_IND","WORK_ZONE_LOC","WORK_ZONE_TYPE","WORKERS_PRES","WZ_CLOSE_DETOUR","WZ_FLAGGER","WZ_LAW_OFFCR_IND","WZ_LN_CLOSURE","WZ_MOVING","WZ_OTHER","WZ_SHLDER_MDN","ROADWAY_CLEARED","WEATHER1","WEATHER2","WZ_WORKERS_INJ_KILLED","SECONDARY_CRASH","INTERSECTION_RELATED"
"1948","1","0","0","0","0","0","0","0","0","1","0","","36","05","2018","2018049055","4","40.1537","-76.2066","1948","08","0","0","0","0","0","0","0","1","2","0","0","0","19","1","1","01","1","40 09:13.304","4","00","76 12:23.606","8","0","0","1","36402","0","0","0","N","0","0","0","3","36402","0","","1","01","N","N","0","","0","0","0","0","0","N","1945","1","2","0","0","0","1","0","2","0","2","N","","","","","","","","","","","","03","  ","","",""
"0446","1","0","0","0","0","0","0","0","0","4","0","","36","05","2018","2018049063","5","40.0395","-76.306","0442","08","0","0","0","0","0","0","0","0","2","0","0","0","04","5","1","01","1","40 02:22.325","1","00","76 18:21.503","3","0","0","0","36301","0","0","0","N","0","0","0","2","36301","0","","1","01","N","N","0","","1","0","1","3","2","N","0440","1","2","0","0","0","0","0","3","0","2","N","","","","","","","","","","","","03","  ","","",""
"1303","1","0","0","0","0","0","0","0","0","1","0","","36","05","2018","2018049074","4","40.0395","-76.306","1256","08","0","0","0","0","0","1","0","0","","0","0","0","12","1","1","01","0","40 02:22.225","","00","76 18:21.500","4","0","0","0","36301","0","0","0","N","0","0","0","2","36301","1","","1","01","N","N","0","","0","0","1","3","2","","1256","1","2","0","0","0","0","0","3","0","2","N","","","","","","","","","","","","03","  ","","",""
"0725","0","0","0","0","0","0","0","0","0","2","0","","36","05","2018","2018049105","6","40.0409","-76.5117","0718","08","0","0","0","0","1","0","0","0","2","0","0","0","07","1","0","00","1","40 02:27.293","1","00","76 30:42.135","0","0","0","0","36239","0","0","0","N","0","0","0","2","36239","0","","1","01","N","N","2","","0","0","0","0","0","N","0713","0","2","0","0","0","0","0","3","0","2","N","","","","","","","","","","","","03","  ","","",""
"1122","0","0","0","0","0","0","0","0","0","0","0","","36","03","2018","2018049153","7","40.0408","-76.065","1115","08","0","0","0","0","0","0","0","0","","0","0","0","11","1","1","00","0","40 02:26.700","","00","76 03:53.915","4","0","0","1","36209","0","0","0","N","0","0","0","1","68J01","1","","1","01","N","N","0","","0","0","0","0","0","","1111","1","1","0","0","0","0","0","1","0","1","N","","","","","","","","","","","","03","  ","","",""
"1023","1","0","0","0","0","0","0","0","0","7","0","","36","04","2018","2018049157","7","39.9256","-76.1995","1021","08","0","0","0","1","0","0","0","0","","0","0","0","09","5","0","00","0","39 55:32.120","","00","76 11:58.190","0","0","0","0","36229","0","0","0","N","0","0","0","1","68J01","0","","5","01","N","N","0","","0","0","0","0","0","","0916","0","1","0","0","0","0","0","1","0","1","N","","","","","","","","","","","","03","  ","","",""
"0112","0","0","0","0","0","0","0","0","0","7","0","","36","04","2018","2018049158","3","40.0101","-76.1262","0059","08","0","0","0","0","0","0","0","0","","0","0","0","00","3","0","00","0","40 00:36.220","","00","76 07:34.300","9","0","0","0","36226","0","0","0","N","0","0","0","1","68J01","0","","2","01","N","N","1","","0","0","0","0","0","","0058","0","1","0","0","1","0","1","1","0","1","N","","","","","","","","","","","","03","  ","","",""
"0734","0","0","0","0","0","0","0","0","0","7","0","","36","04","2018","2018049159","4","40.2283","-76.4625","0707","08","0","0","0","0","0","1","0","0","","0","0","0","07","1","1","00","0","40 13:41.714","","00","76 27:45.030","8","0","0","0","36230","0","0","0","N","0","0","0","1","68T06","0","","4","09","N","N","0","","0","0","1","0","0","","0707","1","1","0","0","0","1","0","1","0","1","N","","","","","","","","","","","","07","  ","","",""
"1753","1","0","0","0","0","0","0","0","0","4","0","","36","04","2018","2018049161","5","40.0272","-75.9541","1744","08","1","1","0","0","0","0","0","0","2","0","0","0","17","1","0","01","2","40 01:38.006","3","00","75 57:14.828","0","0","0","0","36232","0","0","0","N","0","0","0","2","68J01","0","","1","01","N","N","1","","0","0","0","3","3","N","1741","0","2","0","0","0","0","0","1","0","2","N","","","","","","","","","","","","03","  ","","",""
"1810","1","0","0","0","0","0","0","0","0","1","0","","36","04","2018","2018049163","2","39.9079","-76.1215","1747","08","0","0","0","1","0","0","1","0","","0","0","0","17","1","0","02","0","39 54:28.552","","00","76 07:17.494","0","0","0","0","36216","0","0","0","N","0","0","0","2","68J01","0","","1","01","N","N","0","","0","0","0","0","0","","1743","0","2","0","0","0","0","0","1","1","2","N","","","","","","","","","","","","03","  ","","",""
"0807","1","0","0","0","0","0","0","0","0","7","0","","36","05","2018","2018049164","3","39.9515","-76.1649","0802","08","0","0","0","0","0","0","0","0","","0","0","0","08","1","1","00","0","39 57:05.353","","00","76 09:53.623","3","0","0","0","36233","0","0","0","N","0","0","0","1","68J01","0","","4","01","N","N","0","","1","0","0","0","0","","0801","1","1","0","0","0","0","0","1","0","1","N","","","","","","","","","","","","03","  ","","",""
"1146","1","0","0","0","0","0","0","0","0","7","0","","36","05","2018","2018049176","6","40.04","-76.3016","1143","08","0","0","0","0","0","1","0","0","2","0","0","0","11","1","0","00","1","40 02:24.019","4","00","76 18:05.911","0","0","0","0","36301","0","0","0","N","0","0","0","1","36301","0","","5","01","N","N","0","","0","0","0","0","0","N","1140","0","1","0","0","0","0","0","3","0","1","N","","","","","","","","","","","","03","  ","","",""
"1351","6","0","0","0","0","0","0","0","0","7","0","","36","04","2018","2018049188","5","40.0444","-76.3089","1348","08","0","0","0","0","0","1","2","0","3","0","0","0","13","1","3","00","2","40 02:39.803","5","00","76 18:32.184","4","0","0","0","36301","0","0","0","N","0","0","0","7","36301","2","","5","01","N","N","0","","0","0","1","0","0","Y","1348","3","7","0","0","1","1","0","3","0","7","N","","","","","","","","","","","","03","  ","","",""
"1754","2","0","0","0","0","0","0","0","0","1","0","","36","05","2018","2018049193","3","40.0011","-76.3304","1754","08","0","0","0","0","0","0","0","0","2","0","0","0","17","1","2","00","2","40 00:04.136","6","00","76 19:49.440","3","0","0","0","36220","0","0","0","N","0","0","0","4","36412","0","","1","01","N","N","1","","2","0","0","3","2","Y","1750","2","3","0","0","0","0","0","3","0","3","N","","","","","","","","","","","","03","  ","","",""
"1500","2","0","0","0","0","0","0","0","0","1","0","","36","05","2018","2018049354","6","40.1173","-76.0511","1454","08","0","0","0","0","0","1","0","0","","0","0","0","14","1","0","00","0","40 07:02.395","","00","76 03:03.811","0","0","0","0","36213","0","0","0","N","0","0","0","2","36213","0","","1","01","N","N","0","","0","0","0","0","0","","1450","0","2","0","0","0","0","0","1","0","2","N","","","","","","","","","","","","03","  ","","",""
"2228","1","0","0","0","0","0","0","0","0","4","0","","36","04","2018","2018049382","3","40.0669","-76.3044","2225","08","0","0","1","0","0","0","0","0","2","0","0","0","22","3","3","01","2","40 04:00.689","6","00","76 18:15.730","4","0","0","0","36101","0","0","0","","0","0","0","4","36101","3","","1","09","N","N","0","","0","0","1","3","2","Y","2220","3","2","0","0","0","0","0","3","0","2","N","","","","","","","","","","","","07","  ","","",""
"0008","1","0","0","0","0","0","0","0","0","7","0","","36","04","2018","2018049383","1","40.0728","-76.2867","2359","08","0","0","0","0","1","0","0","0","2","0","0","0","23","2","1","00","1","40 04:22.048","1","00","76 17:12.045","8","0","0","0","36101","0","0","0","","0","0","0","1","36101","0","","5","01","N","N","0","","0","0","0","0","0","N","2356","1","1","0","0","0","1","0","3","0","1","N","","","","","","","","","","","","03","  ","","",""
"1716","2","0","0","0","0","0","0","0","0","1","0","","36","04","2018","2018049384","2","40.0688","-76.3054","1713","08","0","0","0","1","0","1","0","0","2","0","0","0","17","1","2","00","1","40 04:07.760","4","00","76 18:19.447","4","0","0","0","36101","0","0","0","","0","0","0","4","36101","2","","1","01","N","N","0","","0","0","0","0","0","N","1707","2","2","0","0","0","0","0","3","0","2","N","","","","","","","","","","","","03","  ","","",""
"2220","2","0","0","0","0","0","0","0","0","4","0","","36","04","2018","2018049385","2","40.0685","-76.3074","2219","08","0","0","0","0","0","1","0","0","2","0","0","0","22","3","1","01","1","40 04:06.527","1","00","76 18:26.750","4","0","0","0","36101","0","0","0","N","0","0","0","2","36101","1","","1","01","N","N","0","","0","0","0","3","2","N","2219","1","2","0","0","0","0","0","3","0","2","N","","","","","","","","","","","","03","  ","","",""
"1621","2","0","0","0","0","0","0","0","0","1","0","","36","05","2018","2018049386","3","40.0858","-76.2069","1612","08","0","0","0","0","0","0","0","0","2","0","0","0","16","1","0","00","1","40 05:08.737","4","00","76 12:25.013","0","0","0","0","36234","0","0","0","","0","0","0","6","36215","0","","1","01","N","N","0","","0","0","0","0","0","N","1612","0","3","0","0","0","0","0","1","1","3","N","","","","","","","","","","","","03","  ","","",""
"1244","2","0","0","0","0","0","0","0","0","1","0","","36","05","2018","2018049387","4","40.0395","-76.2067","1240","08","0","0","0","0","0","0","2","0","1","0","0","0","12","1","0","02","1","40 02:22.209","3","00","76 12:24.097","0","0","0","0","36215","0","0","0","","0","0","0","3","36215","0","","1","01","N","N","0","","0","0","0","0","0","N","1239","0","2","0","0","0","0","0","1","0","2","N","","","","","","","","","","","","03","  ","","",""
"0544","0","0","0","0","0","0","0","0","0","9","0","","36","05","2018","2018049388","3","40.0225","-76.3653","0539","08","0","0","0","1","0","0","0","0","","0","0","0","05","5","0","00","0","40 01:21.060","","00","76 21:55.040","0","0","0","0","36223","0","0","0","N","0","0","0","1","36223","0","","1","01","N","N","0","","0","0","1","0","0","","0539","0","1","0","0","0","0","0","1","0","1","N","","","","","","","","","","","","03","  ","","",""
"0028","0","0","0","0","0","0","0","0","0","7","0","","36","05","2018","2018049389","4","39.9894","-76.3598","0020","08","0","0","0","1","0","0","0","0","2","0","0","0","00","2","1","00","2","39 59:21.991","5","00","76 21:35.164","8","0","0","0","36223","0","0","0","N","0","0","0","1","36223","0","","5","01","N","N","1","","0","0","0","0","0","Y","0016","1","1","0","0","0","1","0","1","0","1","N","","","","","","","","","","","","03","  ","","",""
"0219","1","0","0","0","0","0","0","0","0","5","0","","36","04","2018","2018049408","1","40.0324","-76.5005","0218","08","0","0","0","0","0","0","0","0","","0","0","0","02","3","0","00","0","40 01:56.499","","00","76 30:01.777","0","0","0","0","36404","0","0","0","N","0","0","0","1","36404","0","","6","01","N","N","0","","0","0","3","0","0","","0214","0","4","0","0","0","0","0","3","0","4","N","","","","","","","","","","","","03","  ","","",""
"1720","1","0","0","0","0","0","0","0","0","4","0","","36","04","2018","2018049423","4","40.0379","-76.5042","1720","08","0","0","0","0","0","0","0","0","1","0","0","0","17","1","0","01","2","40 02:16.558","6","00","76 30:14.950","0","0","0","0","36404","0","0","0","N","0","0","0","2","36404","0","","1","01","N","N","0","","0","0","1","3","3","Y","1716","0","2","0","0","0","0","0","3","0","2","N","","","","","","","","","","","","03","  ","","",""
"0848","1","0","0","0","0","0","0","0","0","4","0","","36","05","2018","2018049437","7","40.1455","-76.6019","0847","08","0","0","0","0","0","0","0","0","2","0","0","0","08","1","0","02","2","40 08:43.770","7","00","76 36:06.713","0","0","0","0","36407","0","0","0","N","0","0","0","2","36407","0","","1","01","N","N","1","","0","0","0","3","2","Y","0846","0","2","0","0","0","0","0","2","0","2","N","","","","","","","","","","","","03","  ","","",""
"0819","2","0","0","0","0","0","0","0","0","1","0","","36","04","2018","2018049442","2","40.1671","-76.6068","0809","08","0","0","0","0","0","1","0","0","","0","0","0","08","1","1","00","0","40 10:01.547","","00","76 36:24.426","8","0","0","0","36225","0","0","0","N","0","0","0","2","36505","0","","1","01","N","N","0","","0","0","0","0","0","N","0800","1","2","0","0","0","1","0","2","0","2","N","","","","","","","","","","","","03","  ","","",""
"1021","1","0","0","0","0","0","0","0","0","4","0","","36","05","2018","2018049448","7","40.1285","-75.9963","1017","08","0","0","0","0","0","0","0","0","2","0","0","1","10","1","1","00","2","40 07:42.661","6","00","75 59:46.591","8","0","0","0","36213","1","0","0","N","0","0","0","2","36213","0","","1","01","N","N","0","","0","0","0","0","0","Y","1015","1","2","0","0","0","1","0","1","0","1","N","","","","","","","","","","","","03","  ","","",""
"1545","2","0","0","0","0","0","0","0","0","4","0","","36","04","2018","2018049492","2","40.1788","-76.6007","1538","08","0","0","0","0","0","0","0","0","","0","0","0","15","1","1","01","0","40 10:43.751","","02","76 36:02.498","8","0","0","0","36225","0","0","0","N","0","0","0","2","36505","0","","1","01","N","N","0","","0","0","0","3","2","N","1530","1","2","0","0","1","1","0","2","0","2","N","","","","","","","","","","","","03","  ","","",""
"1411","1","0","0","0","0","0","0","0","0","1","0","","36","05","2018","2018049503","7","40.1128","-76.062","1406","08","0","0","1","0","0","0","0","0","2","0","0","0","14","1","2","02","2","40 06:46.039","6","00","76 03:43.242","8","0","0","0","36213","0","0","0","N","0","0","0","3","36213","0","","1","01","N","N","0","","0","0","1","0","0","Y","1403","2","2","0","0","0","2","0","1","0","2","N","","","","","","","","","","","","03","  ","","",""
"0005","1","0","0","0","0","0","0","0","0","1","0","","36","05","2018","2018049508","7","40.0412","-76.441","0001","08","0","0","0","0","0","0","0","0","1","0","0","0","00","2","0","00","1","40 02:28.448","4","00","76 26:27.691","0","0","0","0","36239","0","0","0","N","0","0","0","2","36239","0","","1","01","N","N","0","","0","0","1","0","0","N","0001","0","2","0","0","0","0","0","3","0","2","N","","","","","","","","","","","","03","  ","","",""
"0332","1","0","0","0","0","0","0","0","0","7","0","","36","05","2018","2018049560","7","40.0317","-76.4553","0318","08","0","1","0","0","0","0","0","0","2","0","0","0","01","2","0","00","1","40 01:54.180","5","00","76 27:19.166","0","0","0","0","36239","0","0","0","N","0","0","0","2","36239","0","","5","01","N","N","0","","0","0","0","0","0","N","0158","0","1","0","0","0","0","0","3","0","1","N","","","","","","","","","","","","03","  ","","",""
"2229","1","0","0","0","0","0","0","0","0","7","0","","36","05","2018","2018049566","7","40.1902","-76.564","2221","08","0","0","0","0","0","0","0","0","1","0","0","0","22","2","0","00","2","40 11:24.886","4","00","76 33:50.240","0","0","0","0","36225","0","0","0","N","0","0","0","1","36505","0","","4","09","N","N","0","","0","0","0","0","0","N","2220","0","1","0","0","0","0","0","2","0","1","N","","","","","","","","","","","","07","  ","","",""
"2229","3","0","0","0","0","0","0","0","0","4","0","","36","05","2018","2018049631","6","40.1831","-76.1849","2224","08","0","0","0","0","0","0","0","0","1","0","0","0","22","3","0","00","1","40 10:59.264","6","00","76 11:05.502","0","0","0","0","36408","0","0","0","N","0","0","0","1","36408","0","","2","01","N","N","0","","0","0","0","0","0","N","2220","0","3","0","0","0","0","0","2","0","3","N","","","","","","","","","","","","03","  ","","",""
"1734","2","0","0","0","0","0","0","0","0","4","0","","36","05","2018","2018049633","6","40.0569","-76.3984","1720","08","0","0","0","1","0","0","0","0","1","0","0","0","17","1","0","00","1","40 03:24.770","2","07","76 23:54.140","0","0","0","0","36214","0","0","0","N","0","0","0","3","36214","0","","1","01","N","N","0","","0","0","0","0","0","N","1720","0","2","0","0","0","0","0","3","0","2","N","","","","","","","","","","","","03","  ","","",""
"1614","1","0","0","0","0","0","0","0","0","4","0","","36","05","2018","2018049675","6","40.0365","-76.4552","1610","08","1","0","0","0","0","0","0","0","2","0","0","0","16","1","0","00","1","40 02:11.397","5","07","76 27:18.710","0","0","0","0","36239","0","0","0","N","0","0","0","4","36239","0","","1","01","N","N","2","","0","0","0","0","0","Y","1601","0","3","0","0","0","0","0","3","0","3","N","","","","","","","","","","","","03","  ","","",""
"1047","1","0","0","0","0","0","0","0","0","7","0","","36","05","2018","2018049680","1","40.1233","-76.5445","1040","08","0","0","0","0","0","0","0","0","","0","0","0","10","1","1","00","0","40 07:23.943","","00","76 32:40.151","8","0","0","0","36225","0","0","0","Y","0","0","0","1","36505","0","","4","01","N","N","0","","0","0","0","0","0","N","1038","1","1","0","0","0","1","0","2","0","1","N","","","","","","","","","","","","03","  ","","",""
"2012","2","0","0","0","0","0","0","0","0","2","0","","36","05","2018","2018049755","7","40.0231","-76.2772","2006","08","0","0","1","0","0","0","0","0","2","0","0","0","20","2","3","00","2","40 01:23.033","6","00","76 16:37.807","8","0","0","0","36240","0","0","0","N","0","0","0","8","36240","0","","1","09","N","N","0","","0","0","0","0","0","Y","2006","3","2","0","0","0","3","0","1","0","2","N","","","","","","","","","","","","07","  ","","",""
"2224","1","0","0","0","0","0","0","0","0","4","0","","36","05","2018","2018049786","7","40.049","-76.3057","2223","08","0","0","0","0","0","0","0","0","1","0","0","0","22","3","2","01","1","40 02:56.518","2","00","76 18:20.618","8","0","0","0","36301","0","0","0","N","0","0","0","2","36301","0","","1","09","N","N","0","","0","0","1","3","3","N","2221","2","2","0","0","0","2","0","3","0","2","N","","","","","","","","","","","","07","  ","","",""
"2044","1","0","0","0","0","0","0","0","0","9","0","","36","05","2018","2018049812","1","40.0886","-76.2059","2034","08","0","0","0","0","0","0","0","0","1","0","0","0","20","2","0","00","1","40 05:19.007","6","00","76 12:21.112","0","0","0","0","36214","0","0","0","N","0","0","0","1","36214","0","","1","09","N","N","0","","0","0","0","0","0","Y","2030","0","1","0","0","0","0","0","3","0","1","N","","","","","","","","","","","","03","  ","","",""
"0043","4","0","0","0","0","0","0","0","0","5","0","","36","04","2018","2018049921","4","40.1553","-76.6052","0041","08","0","0","0","0","0","0","0","0","3","0","0","0","00","3","1","00","2","40 09:18.977","6","00","76 36:18.795","3","0","0","0","36407","0","0","0","N","0","0","0","1","36407","0","","6","01","N","N","0","","1","0","0","0","0","Y","0040","1","4","0","0","0","0","0","2","0","4","N","","","","","","","","","","","","03","  ","","",""
"1546","1","0","0","0","0","0","0","0","0","4","0","","36","05","2018","2018049932","3","40.0164","-76.3361","1539","08","0","0","0","1","0","0","0","0","2","0","0","0","15","1","0","02","1","40 00:58.935","2","00","76 20:09.945","0","0","0","0","36220","0","0","0","N","0","0","0","3","36101","0","","1","01","N","N","1","","0","0","0","0","0","N","1533","0","2","0","0","0","0","0","3","0","2","N","","","","","","","","","","","","03","  ","","",""
"1156","2","0","0","0","0","0","0","0","0","1","0","","36","05","2018","2018049933","3","40.0793","-76.2948","1154","08","0","0","0","0","0","0","0","0","","0","0","0","11","1","0","01","0","40 04:45.378","","00","76 17:41.179","0","0","0","0","36101","0","0","0","","0","0","0","4","36101","0","","1","01","N","N","0","","0","0","0","0","0","","1152","0","2","0","0","0","0","0","3","0","2","N","","","","","","","","","","","","03","  ","","",""
"1421","1","0","0","0","0","0","0","0","0","6","1","","36","05","2018","2018049934","6","40.1055","-76.2496","1416","08","0","0","0","0","0","1","0","0","2","0","1","0","14","1","1","00","2","40 06:19.820","5","00","76 14:58.420","4","0","0","0","36101","0","0","0","N","0","0","0","2","36101","1","","1","01","N","N","0","","0","0","0","0","0","N","1415","1","2","0","0","0","0","0","3","0","2","N","","","","","","","","","","","","03","  ","","",""
"1624","2","0","0","0","0","0","0","0","0","1","0","","36","05","2018","2018049935","6","40.0694","-76.3107","1612","08","0","0","0","0","0","0","1","0","","0","0","0","16","1","1","00","0","40 04:09.757","","00","76 18:38.617","3","0","0","0","36101","0","0","0","","0","0","0","5","36101","0","","1","01","N","N","0","","1","0","0","0","0","","1610","1","2","0","0","0","0","0","3","0","2","N","","","","","","","","","","","","03","  ","","",""
"1701","2","0","0","0","0","0","0","0","0","4","0","","36","05","2018","2018049937","6","40.0537","-76.3253","1701","08","0","0","0","0","0","0","0","0","","0","0","0","16","1","0","02","0","40 03:13.400","","00","76 19:31.003","0","0","0","0","36101","0","0","0","","0","0","0","3","36101","0","","1","01","N","N","0","","0","0","0","3","3","","1645","0","2","0","0","0","0","0","3","0","2","N","","","","","","","","","","","","03","  ","","",""
"1716","2","0","0","0","0","0","0","0","0","4","0","","36","05","2018","2018049938","6","40.0537","-76.3253","1716","08","0","0","0","0","0","0","0","0","","0","0","0","17","1","1","02","0","40 03:13.400","","00","76 19:31.003","4","0","0","0","36101","0","0","0","N","0","0","0","2","36101","1","","1","01","N","N","0","","0","0","0","3","3","","1716","1","2","0","0","0","0","0","3","0","2","N","","","","","","","","","","","","03","  ","","",""
"1220","0","0","0","0","0","0","0","0","0","4","0","","36","05","2018","2018049939","7","40.088","-76.329","1214","08","0","0","0","0","0","0","0","0","3","0","0","0","11","1","0","01","1","40 05:16.970","4","00","76 19:44.246","0","0","0","0","36101","0","0","0","N","0","0","0","4","36101","0","","1","01","N","N","0","","0","0","1","3","2","N","1148","0","2","0","0","0","0","0","3","1","2","N","","","","","","","","","","","","03","  ","","",""
"0941","0","0","0","0","0","0","0","0","0","1","0","","36","05","2018","2018049950","4","40.1461","-76.2306","0936","08","0","0","0","0","0","0","0","1","","0","0","0","09","1","1","02","0","40 08:45.913","","00","76 13:50.299","4","0","0","0","36235","0","0","0","N","0","0","0","2","36506","1","","1","01","N","N","0","","0","0","0","0","0","","0936","1","2","0","0","0","0","0","1","2","2","N","","","","","","","","","","","","03","  ","","",""
"0739","1","0","0","0","0","0","0","0","0","4","0","","36","05","2018","2018049977","2","40.1954","-76.2201","0731","08","0","0","0","0","0","0","0","0","2","0","0","0","07","1","0","01","1","40 11:43.281","2","00","76 13:12.352","0","0","0","0","36204","0","0","0","N","0","0","0","2","36506","0","","1","01","N","N","1","","0","0","0","3","3","Y","0731","0","2","0","0","0","0","0","1","0","2","N","","","","","","","","","","","","03","  ","","",""
"1216","0","0","0","0","0","0","0","0","0","6","0","","36","03","2018","2018050014","3","39.9241","-76.1929","1153","08","0","0","0","0","0","1","1","0","2","0","0","0","11","1","1","00","1","39 55:26.746","2","00","76 11:34.397","3","0","0","0","36233","0","0","0","N","0","0","0","2","68J01","0","","1","02","N","N","2","","1","0","0","0","0","N","1130","1","2","0","0","0","0","0","1","0","2","N","","","","","","","","","","","","10","  ","","",""
"0300","0","0","0","0","0","0","0","0","0","0","0","","36","04","2018","2018050042","7","40.1732","-75.9471","0236","08","0","0","0","0","0","0","0","0","","0","0","0","02","2","1","00","0","40 10:24.057","","00","75 56:47.578","3","0","0","0","36203","0","0","0","N","0","0","0","1","68T06","0","","4","01","N","N","0","","1","0","1","0","0","","0236","1","1","0","0","0","0","0","1","0","1","N","","","","","","","","","","","","03","  ","","",""
"1336","1","0","0","0","0","0","0","0","0","1","0","","36","04","2018","2018050046","3","39.9036","-76.2418","1336","08","0","0","0","0","0","0","0","1","","0","0","0","13","1","0","00","0","39 54:12.874","","00","76 14:30.606","0","0","0","0","36229","0","0","0","N","0","0","0","2","68J01","0","","1","01","N","N","0","","0","0","1","0","0","","1335","0","2","0","0","0","0","0","1","0","2","N","","","","","","","","","","","","03","  ","","",""
"0707","1","0","0","0","0","0","0","0","0","1","1","","36","05","2018","2018050060","5","40.0052","-76.1068","0654","08","0","0","0","0","0","0","1","0","","0","1","0","06","1","0","00","0","40 00:18.698","","00","76 06:24.344","0","0","0","0","36226","0","0","0","N","0","0","0","2","68J01","0","","1","01","N","N","0","","0","0","0","0","0","","0642","0","2","0","0","0","0","0","1","0","2","N","","","","","","","","","","","","03","  ","","",""
"1458","1","0","0","0","0","0","0","0","0","5","0","","36","05","2018","2018050066","6","39.8253","-76.0492","1435","08","0","0","0","0","0","0","0","0","","0","0","0","14","1","0","01","0","39 49:31.196","","00","76 02:57.237","0","0","0","0","36205","0","0","0","N","0","0","0","2","68J01","0","","1","01","N","N","1","","0","0","0","0","0","","1432","0","2","0","0","0","0","0","1","0","2","N","","","","","","","","","","","","03","  ","","",""
"0038","0","0","0","0","0","0","0","0","0","9","0","","36","05","2018","2018050079","1","40.2309","-76.3433","0023","08","0","0","0","0","0","1","0","0","","0","0","0","00","2","0","00","0","40 13:51.455","","00","76 20:33.808","0","0","0","0","36217","0","0","0","N","0","0","0","1","68T06","0","","1","09","N","N","1","","0","0","0","0","0","","0023","0","1","0","0","0","0","0","1","0","1","N","","","","","","","","","","","","07","  ","","",""
"1555","2","0","0","0","0","0","0","0","0","1","0","","36","05","2018","2018050110","3","40.165","-76.6426","1547","08","0","0","0","0","1","1","0","0","2","0","0","0","15","1","1","02","1","40 09:53.844","1","00","76 38:33.321","8","0","0","0","36237","0","0","0","N","0","0","0","2","36505","0","","1","01","N","N","0","","0","0","0","3","3","N","1545","1","2","0","0","1","1","0","1","0","2","N","","","","","","","","","","","","03","  ","","",""
"1350","1","0","0","0","0","0","0","0","0","5","1","","36","05","2018","2018050135","7","40.0984","-76.4099","1346","08","0","0","0","0","0","1","0","0","","0","1","0","13","1","0","00","0","40 05:54.316","","00","76 24:35.729","0","0","0","0","36214","0","0","0","N","0","0","0","1","36214","0","","1","01","N","N","0","","0","0","0","0","0","","1346","0","2","0","0","0","0","0","3","0","2","N","","","","","","","","","","","","03","  ","","",""
"0048","1","0","0","0","0","0","0","0","0","7","0","","36","04","2018","2018050137","7","40.1295","-76.3158","0044","08","0","0","0","0","0","0","0","0","9","0","0","0","00","2","2","00","2","40 07:46.287","6","00","76 18:56.735","4","0","0","0","36235","0","0","0","N","0","0","0","2","36506","2","","5","01","N","N","0","","0","0","0","0","0","Y","0044","2","1","0","0","0","0","0","1","0","1","N","","","","","","","","","","","","03","  ","","",""
"0048","2","0","0","0","0","0","0","0","0","4","0","","36","05","2018","2018050269","3","40.0497","-76.3099","0043","08","0","0","0","0","1","0","0","0","2","0","0","0","00","3","2","01","2","40 02:58.912","2","00","76 18:35.483","3","0","0","0","36301","0","0","0","N","0","0","0","2","36301","1","","1","01","","","0","","1","0","2","3","3","Y","0043","2","4","0","0","0","0","0","3","0","4","N","","","","","","","","","","","","03","  ","","",""