"ARRIVAL_TM","AUTOMOBILE_COUNT","BELTED_DEATH_COUNT","BELTED_SUSP_SERIOUS_INJ_COUNT","BICYCLE_COUNT","BICYCLE_DEATH_COUNT","BICYCLE_SUSP_SERIOUS_INJ_COUNT","BUS_COUNT","CHLDPAS_DEATH_COUNT","CHLDPAS_SUSP_SERIOUS_INJ_COUNT","COLLISION_TYPE","COMM_VEH_COUNT","CONS_ZONE_SPD_LIM","COUNTY","CRASH_MONTH","CRASH_YEAR","CRN","DAY_OF_WEEK","DEC_LAT","DEC_LONG","DISPATCH_TM","DISTRICT","DRIVER_COUNT_16YR","DRIVER_COUNT_17YR","DRIVER_COUNT_18YR","DRIVER_COUNT_19YR","DRIVER_COUNT_20YR","DRIVER_COUNT_50_64YR","DRIVER_COUNT_65_74YR","DRIVER_COUNT_75PLUS","EST_HRS_CLOSED","FATAL_COUNT","HEAVY_TRUCK_COUNT","HORSE_BUGGY_COUNT","HOUR_OF_DAY","ILLUMINATION","INJURY_COUNT","INTERSECT_TYPE","LANE_CLOSED","LATITUDE","LN_CLOSE_DIR","LOCATION_TYPE","LONGITUDE","MAX_SEVERITY_LEVEL","MCYCLE_DEATH_COUNT","MCYCLE_SUSP_SERIOUS_INJ_COUNT","MOTORCYCLE_COUNT","MUNICIPALITY","NONMOTR_COUNT","NONMOTR_DEATH_COUNT","NONMOTR_SUSP_SERIOUS_INJ_COUNT","NTFY_HIWY_MAINT","PED_COUNT","PED_DEATH_COUNT","PED_SUSP_SERIOUS_INJ_COUNT","PERSON_COUNT","POLICE_AGCY","POSSIBLE_INJ_COUNT","RDWY_SURF_TYPE_CD","RELATION_TO_ROAD","ROAD_CONDITION","SCH_BUS_IND","SCH_ZONE_IND","SMALL_TRUCK_COUNT","SPEC_JURIS_CD","SUSP_MINOR_INJ_COUNT","SUSP_SERIOUS_INJ_COUNT","SUV_COUNT","TCD_FUNC_CD","TCD_TYPE","TFC_DETOUR_IND","TIME_OF_DAY","TOT_INJ_COUNT","TOTAL_UNITS","UNB_DEATH_COUNT","UNB_SUSP_SERIOUS_INJ_COUNT","UNBELTED_OCC_COUNT","UNK_INJ_DEG_COUNT","UNK_INJ_PER_COUNT","URBAN_RURAL","VAN_COUNT","VEHICLE_COUNT","WORK_ZONE_IND","WORK_ZONE_LOC","WORK_ZONE_TYPE","WORKERS_PRES","WZ_CLOSE_DETOUR","WZ_FLAGGER","WZ_LAW_OFFCR_IND","WZ_LN_CLOSURE","WZ_MOVING","WZ_OTHER","WZ_SHLDER_MDN","ROADWAY_CLEARED","WEATHER1","WEATHER2","WZ_WORKERS_INJ_KILLED","SECONDARY_CRASH","INTERSECTION_RELATED"
"0830","1","0","0","0","0","0","0","0","0","4","0","","36","05","2018","2018050281","5","40.1885","-76.2258","0825","08","0","0","0","0","0","0","1","0","2","0","0","0","08","1","0","01","1","40 11:18.482","4","00","76 13:32.617","0","0","0","0","36218","0","0","0","N","0","0","0","2","36408","0","","1","01","N","N","0","","0","0","1","3","3","N","0824","0","2","0","0","0","0","0","1","0","2","N","","","","","","","","","","","","03","  ","","",""
"0726","0","0","0","0","0","0","0","0","0","7","0","","36","04","2018","2018050283","1","40.2446","-76.1433","0722","08","0","0","0","0","0","0","0","0","","0","0","0","00","2","0","00","0","40 14:40.685","","00","76 08:35.854","0","0","0","0","36236","0","0","0","Y","0","0","0","1","36408","0","","2","01","N","N","1","","0","0","0","0","0","","0030","0","1","0","0","0","0","0","1","0","1","N","","","","","","","","","","","","03","  ","","",""
"2123","2","0","0","0","0","0","0","0","0","4","0","","36","04","2018","2018050288","6","40.0398","-76.3039","2122","08","0","1","0","0","1","0","0","0","","0","0","0","21","3","0","01","0","40 02:23.108","","00","76 18:14.080","0","0","0","0","36301","0","0","0","N","0","0","0","4","36301","0","","1","01","N","N","0","","0","0","0","3","2","","2122","0","2","0","0","0","0","0","3","0","2","N","","","","","","","","","","","","03","  ","","",""
"1745","1","0","0","0","0","0","0","0","0","7","0","","36","05","2018","2018050307","4","40.07","-76.3154","1744","08","0","0","0","0","0","0","0","0","","0","0","0","17","1","1","00","0","40 04:12.135","","00","76 18:55.364","8","0","0","0","36101","0","0","0","","0","0","0","2","36101","0","","5","01","N","N","0","","0","0","0","0","0","","1740","1","1","0","0","0","1","0","3","0","1","N","","","","","","","","","","","","03","  ","","",""
"2125","1","0","0","0","0","0","0","0","0","9","0","","36","05","2018","2018050308","5","40.0689","-76.3043","2125","08","0","0","0","0","0","0","0","0","","0","0","0","21","3","0","00","0","40 04:07.973","","00","76 18:15.486","0","0","0","0","36101","0","0","0","","0","0","0","1","36101","0","","1","01","N","N","0","","0","0","0","0","0","","2120","0","1","0","0","0","0","0","3","0","1","N","","","","","","","","","","","","03","  ","","",""
"1436","1","0","0","0","0","0","0","0","0","1","0","","36","05","2018","2018050309","7","40.0761","-76.3087","1431","08","0","0","0","0","0","1","0","0","","0","0","0","14","1","2","02","0","40 04:33.882","","00","76 18:31.358","3","0","0","0","36101","0","0","0","","0","0","0","6","36101","1","","1","01","N","N","0","","1","0","1","0","0","","1429","2","2","0","0","0","0","0","3","0","2","N","","","","","","","","","","","","03","  ","","",""
"2055","1","0","0","0","0","0","0","0","0","4","0","","36","05","2018","2018050310","7","40.0695","-76.3311","2049","08","0","0","0","0","0","1","0","0","2","0","0","0","20","3","1","01","1","40 04:10.251","1","00","76 19:52.060","4","0","0","0","36101","0","0","0","","0","0","0","5","36101","1","","1","09","N","N","0","","0","0","1","3","2","N","2046","1","2","0","0","0","0","0","3","0","2","N","","","","","","","","","","","","03","  ","","",""
"1735","2","0","0","0","0","0","0","0","0","1","0","","36","05","2018","2018050311","1","40.0786","-76.2815","1729","08","0","1","0","0","0","1","0","0","2","0","0","0","17","1","2","00","1","40 04:42.790","2","00","76 16:53.373","8","0","0","0","36101","0","0","0","","0","0","0","6","36101","0","","1","09","N","N","0","","0","0","1","0","0","N","1721","2","3","0","0","0","2","0","3","0","3","N","","","","","","","","","","","","07","  ","","",""
"1245","0","0","0","0","0","0","0","0","0","0","1","","36","05","2018","2018050312","7","40.1221","-76.464","1235","08","0","0","0","0","0","0","1","0","","0","1","0","12","1","0","00","0","40 07:19.553","","00","76 27:50.415","0","0","0","0","36230","0","0","0","N","0","0","0","2","36410","0","","1","01","N","N","0","","0","0","1","0","0","","1230","0","2","0","0","0","0","0","1","0","2","N","","","","","","","","","","","","03","  ","","",""
"1835","2","0","0","0","0","0","0","0","0","1","0","","36","04","2018","2018050317","6","40.2079","-76.1392","1826","08","0","0","0","0","1","0","0","0","2","0","0","0","18","1","0","00","1","40 12:29.405","2","07","76 08:16.205","0","0","0","0","36210","0","0","0","N","0","0","0","3","36210","0","","1","01","N","N","0","","0","0","1","0","0","N","1825","0","3","0","0","0","0","0","1","0","3","N","","","","","","","","","","","","03","  ","","",""
"1441","2","0","0","0","0","0","0","0","0","1","0","","36","05","2018","2018050321","2","40.0587","-76.3643","1427","08","0","0","0","0","0","0","0","0","2","0","0","0","14","1","1","00","1","40 03:31.463","4","00","76 21:51.607","3","0","0","0","36214","0","0","0","N","0","0","0","2","36214","0","","1","01","N","N","0","","1","0","0","0","0","N","1422","1","2","0","0","0","0","0","3","0","2","N","","","","","","","","","","","","03","  ","","",""
"1526","1","0","0","0","0","0","0","0","0","7","0","","36","05","2018","2018050323","2","40.1364","-76.3495","1518","08","0","0","0","1","0","0","0","0","1","0","0","0","15","1","1","00","1","40 08:11.045","3","00","76 20:58.190","8","0","0","0","36227","0","0","0","N","0","0","0","1","36506","0","","2","01","N","N","0","","0","0","0","0","0","N","1516","1","1","0","0","0","1","0","1","0","1","N","","","","","","","","","","","","03","  ","","",""
"1131","0","0","0","0","0","0","0","0","0","4","0","","36","04","2018","2018050375","5","40.094","-76.5181","1116","08","0","0","0","0","0","2","0","0","2","0","0","0","11","1","0","02","1","40 05:38.439","1","00","76 31:05.135","0","0","0","0","36211","0","0","0","N","0","0","0","2","36504","0","","1","09","N","N","1","","0","0","0","3","3","N","1114","0","2","0","0","0","0","0","1","1","2","N","","","","","","","","","","","","07","  ","","",""
"0927","0","0","0","0","0","0","0","0","0","1","0","","36","05","2018","2018050440","2","40.2227","-76.2817","0905","08","0","0","0","0","0","0","0","0","","0","0","0","08","1","0","02","0","40 13:21.683","","00","76 16:54.147","0","0","0","0","36217","0","0","0","N","0","0","0","5","68J01","0","","1","01","N","N","0","","0","0","2","0","0","","0803","0","2","0","0","0","0","0","1","0","2","N","","","","","","","","","","","","03","  ","","",""
"1639","1","0","0","0","0","0","0","0","0","4","0","","36","05","2018","2018050474","4","40.0402","-76.2391","1637","08","0","0","0","0","0","1","0","0","3","0","0","0","16","1","2","01","1","40 02:24.730","7","00","76 14:20.844","3","0","0","0","36215","0","0","0","N","0","0","0","2","36215","0","","1","01","N","N","0","","2","0","1","3","2","Y","1637","2","2","0","0","0","0","0","1","0","2","N","","","","","","","","","","","","03","  ","","",""
"1651","1","0","0","0","0","0","0","0","0","4","0","","36","05","2018","2018050476","2","40.0128","-76.1437","1631","08","0","0","0","0","0","0","0","0","","0","0","0","16","1","0","00","0","40 00:46.058","","00","76 08:37.141","0","0","0","0","36215","0","0","0","N","0","0","0","3","36215","0","","1","01","N","N","0","","0","0","1","0","0","","1628","0","2","0","0","0","0","0","1","0","2","N","","","","","","","","","","","","03","  ","","",""
"1443","3","0","0","0","0","0","0","0","0","1","0","","36","05","2018","2018050491","5","40.0685","-76.3029","1438","08","0","0","0","0","0","0","1","0","2","0","0","0","14","1","0","00","1","40 04:06.491","1","00","76 18:10.333","0","0","0","0","36101","0","0","0","","0","0","0","5","36101","0","","1","01","N","N","0","","0","0","0","0","0","N","1436","0","3","0","0","0","0","0","3","0","3","N","","","","","","","","","","","","03","  ","","",""
"1639","2","0","0","0","0","0","0","0","0","1","0","","36","04","2018","2018050492","7","40.0554","-76.2685","1637","08","0","0","0","0","0","1","0","0","3","0","0","0","16","1","6","00","2","40 03:19.557","4","00","76 16:06.540","3","0","0","0","36215","0","0","0","N","0","0","0","10","36215","4","","1","09","N","N","1","","2","0","1","0","0","Y","1635","6","4","0","0","1","0","0","1","0","4","N","","","","","","","","","","","","07","  ","","",""
"1516","0","0","0","0","0","0","0","0","0","7","0","","36","04","2018","2018050493","2","40.0918","-76.1596","1510","08","0","0","0","0","0","0","1","0","1","0","0","0","15","1","1","01","1","40 05:30.461","4","00","76 09:34.657","4","0","0","1","36234","0","0","0","","0","0","0","2","36215","1","","4","01","N","N","0","","0","0","0","0","0","N","1507","1","2","0","0","0","0","0","1","1","2","N","","","","","","","","","","","","03","  ","","",""
"0832","1","0","0","0","0","0","0","0","0","1","0","","36","05","2018","2018050494","5","40.0403","-76.242","0828","08","0","0","0","0","0","1","0","0","2","0","0","0","08","1","1","00","2","40 02:24.958","3","00","76 14:31.211","8","0","0","0","36215","0","0","0","","0","0","0","2","36215","0","","1","01","N","N","1","","0","0","0","0","0","Y","0828","1","2","0","0","0","1","0","1","0","2","N","","","","","","","","","","","","03","  ","","",""
"1526","1","0","0","0","0","0","0","0","0","4","0","","36","05","2018","2018050495","7","40.0882","-76.1805","1524","08","0","0","0","0","0","2","0","0","1","0","0","0","15","1","2","00","1","40 05:17.657","5","00","76 10:49.763","4","0","0","0","36234","0","0","0","","0","0","0","3","36215","2","","1","01","N","N","1","","0","0","0","0","0","N","1518","2","2","0","0","0","0","0","1","0","2","N","","","","","","","","","","","","03","  ","","",""
"1605","2","0","0","0","0","0","0","0","0","1","0","","36","05","2018","2018050541","3","40.016","-76.3013","1555","08","0","0","0","0","0","0","0","0","2","0","0","0","15","1","0","00","1","40 00:57.765","1","00","76 18:04.648","0","0","0","0","36240","0","0","0","N","0","0","0","2","36240","0","","1","01","N","N","0","","0","0","0","0","0","N","1555","0","2","0","0","1","0","0","1","0","2","N","","","","","","","","","","","","03","  ","","",""
"0035","1","0","0","0","0","0","0","0","0","7","0","","36","04","2018","2018050570","1","40.0029","-76.3612","0035","08","0","0","0","0","0","0","0","0","2","0","0","0","00","3","0","00","2","40 00:10.587","5","00","76 21:40.187","0","0","0","0","36412","0","0","0","Y","0","0","0","1","36412","0","","5","01","N","N","0","","0","0","0","0","0","Y","0035","0","1","0","0","0","0","0","3","0","1","N","","","","","","","","","","","","03","  ","","",""
"1645","1","0","0","0","0","0","0","0","0","4","0","","36","05","2018","2018050659","1","40.0418","-76.2955","1645","08","0","0","0","0","1","1","0","0","1","0","0","0","16","1","0","00","1","40 02:30.536","1","00","76 17:43.953","0","0","0","0","36301","0","0","0","N","0","0","0","2","36301","0","","1","09","N","N","0","","0","0","1","0","0","N","1645","0","2","0","0","0","0","0","3","0","2","N","","","","","","","","","","","","07","  ","","",""
"1213","0","0","0","0","0","0","0","0","0","5","1","","36","05","2018","2018050661","6","40.0387","-76.3058","1207","08","0","0","0","0","0","1","0","0","","0","1","0","12","1","1","00","0","40 02:19.169","","00","76 18:20.930","8","0","0","0","36301","1","0","0","N","0","0","0","2","36301","0","","1","01","N","N","1","","0","0","0","0","0","","1205","1","2","0","0","0","1","0","3","0","2","N","","","","","","","","","","","","03","  ","","",""
"0715","0","0","0","0","0","0","0","0","0","1","0","","36","05","2018","2018050688","4","40.2343","-76.0794","0709","08","0","0","0","0","0","1","0","0","2","0","0","0","07","1","0","00","1","40 14:03.585","3","00","76 04:45.924","0","0","0","0","36210","0","0","0","N","0","0","0","3","36210","0","","1","01","N","N","1","","0","0","1","0","0","N","0702","0","3","0","0","1","0","0","1","1","3","N","","","","","","","","","","","","03","  ","","",""
"0736","1","0","0","0","0","0","0","0","0","5","0","","36","05","2018","2018050704","4","40.0453","-76.4242","0732","08","1","0","0","0","0","0","0","0","2","0","0","0","07","1","0","00","1","40 02:43.195","3","00","76 25:26.997","0","0","0","0","36239","0","0","0","Y","0","0","0","3","36239","0","","1","01","N","N","0","","0","0","1","0","0","N","0730","0","2","0","0","0","0","0","3","0","2","N","","","","","","","","","","","","03","  ","","",""
"1702","0","0","0","0","0","0","0","0","0","1","0","","36","04","2018","2018050705","3","40.0331","-76.3345","1700","08","0","0","0","0","0","1","0","0","2","0","0","0","16","1","1","02","2","40 01:59.174","7","00","76 20:04.045","8","0","0","0","36220","0","0","0","N","0","0","0","2","36101","0","","1","01","N","N","0","","0","0","2","3","3","Y","1657","1","2","0","0","0","1","0","3","0","2","N","","","","","","","","","","","","03","  ","","",""
"1152","1","0","0","0","0","0","0","0","0","7","1","","36","04","2018","2018050706","1","40.0682","-76.3022","1148","08","0","0","0","0","0","0","0","0","","0","1","0","11","1","0","00","0","40 04:05.527","","00","76 18:07.899","0","0","0","0","36101","0","0","0","N","0","0","0","2","36101","0","","1","01","N","N","0","","0","0","0","0","0","","1145","0","2","0","0","0","0","0","3","0","2","N","","","","","","","","","","","","03","  ","","",""
"0820","1","0","0","0","0","0","0","0","0","1","0","","36","05","2018","2018050707","4","40.0697","-76.2874","0809","08","0","0","0","0","0","0","0","0","","0","0","0","08","1","0","01","0","40 04:11.217","","00","76 17:15.243","0","0","0","0","36101","0","0","0","","0","0","0","2","36101","0","","1","01","N","N","0","","0","0","1","0","0","","0806","0","2","0","0","0","0","0","3","0","2","N","","","","","","","","","","","","03","  ","","",""
"0823","2","0","0","0","0","0","0","0","0","4","0","","36","05","2018","2018050708","4","40.1026","-76.3111","0821","08","0","0","0","0","0","0","0","0","","0","0","0","08","1","0","00","0","40 06:09.370","","00","76 18:40.060","0","0","0","0","36101","0","0","0","N","0","0","0","1","36101","0","","4","01","N","N","0","","0","0","0","0","0","","0818","0","2","0","0","0","0","0","3","0","2","N","","","","","","","","","","","","03","  ","","",""
"1419","1","0","0","0","0","0","0","0","0","4","1","","36","05","2018","2018050709","4","40.0792","-76.3465","1413","08","0","0","0","0","0","1","0","0","1","0","1","0","14","1","0","02","2","40 04:44.965","2","02","76 20:47.372","0","0","0","0","36101","0","0","0","N","0","0","0","2","36101","0","","1","01","N","N","0","","0","0","0","3","3","N","1409","0","2","0","0","0","0","0","3","0","2","N","","","","","","","","","","","","03","  ","","",""
"1742","2","0","0","0","0","0","0","0","0","4","0","","36","05","2018","2018050710","5","40.0606","-76.2768","1739","08","0","0","0","0","0","1","0","0","1","0","0","0","17","1","1","01","1","40 03:38.263","6","08","76 16:36.564","4","0","0","0","36101","0","0","0","","0","0","0","2","36101","1","","1","01","N","N","0","","0","0","0","3","2","Y","1737","1","2","0","0","0","0","0","3","0","2","N","","","","","","","","","","","","03","  ","","",""
"1151","0","0","0","0","0","0","0","0","0","1","0","","36","05","2018","2018050711","3","40.0517","-76.3248","1145","08","0","0","0","0","0","2","0","0","2","0","0","0","11","1","2","01","2","40 03:06.080","1","00","76 19:29.315","4","0","0","0","36101","0","0","0","N","0","0","0","3","36101","2","","1","01","N","N","0","","0","0","2","0","0","N","1141","2","3","0","0","0","0","0","3","1","3","N","","","","","","","","","","","","03","  ","","",""
"2242","1","0","0","0","0","0","0","0","0","7","0","","36","05","2018","2018050762","1","40.0089","-76.1151","2223","08","0","0","0","0","0","0","0","0","","0","0","0","21","2","1","00","0","40 00:31.900","","00","76 06:54.220","3","0","0","0","36226","0","0","0","N","0","0","0","1","68J01","0","","4","01","N","N","0","","1","0","0","0","0","","2149","1","1","0","0","1","0","0","1","0","1","N","","","","","","","","","","","","03","  ","","",""
"1737","1","0","0","0","0","0","0","0","0","0","0","","36","05","2018","2018050774","3","40.129","-75.9478","1714","08","0","0","0","0","0","0","0","0","","0","0","0","17","1","0","00","0","40 07:44.350","","00","75 56:51.940","0","0","0","0","36203","0","0","0","N","0","0","0","1","68J01","0","","4","01","N","N","0","","0","0","0","0","0","","1705","0","1","0","0","0","0","0","1","0","1","N","","","","","","","","","","","","03","  ","","",""
"0725","2","0","0","0","0","0","0","0","0","1","0","","36","05","2018","2018050789","4","39.8947","-76.1715","0720","08","0","0","0","0","0","0","0","0","1","0","0","0","07","1","0","01","1","39 53:40.821","2","00","76 10:17.488","0","0","0","0","36416","0","0","0","N","0","0","0","2","36416","0","","1","01","N","N","0","","0","0","0","3","2","N","0720","0","2","0","0","0","0","0","1","0","2","N","","","","","","","","","","","","03","  ","","",""
"1506","0","0","0","0","0","0","0","0","0","1","0","","36","05","2018","2018050800","4","40.2179","-76.0999","1458","08","0","0","0","0","0","0","0","0","","0","0","0","14","1","1","02","0","40 13:04.422","","00","76 05:59.492","3","0","0","0","36210","0","0","0","N","0","0","0","2","36210","0","","1","01","N","N","0","","1","0","1","3","3","","1457","1","2","0","0","0","0","0","1","1","2","N","","","","","","","","","","","","03","  ","","",""
"1003","0","0","0","0","0","0","0","0","0","7","0","","36","05","2018","2018050801","7","40.0615","-76.5586","1002","08","0","0","0","0","0","0","0","0","","0","0","0","10","1","0","10","0","40 03:41.533","","00","76 33:30.806","0","0","0","0","36211","0","0","0","N","0","0","0","1","36504","0","","5","01","N","N","1","","0","0","0","0","0","","1001","0","1","0","0","0","0","0","1","0","1","N","","","","","","","","","","","","03","  ","","",""
"1615","1","0","0","0","0","0","0","0","0","1","0","","36","04","2018","2018050815","6","40.0228","-76.193","1603","08","0","0","0","0","0","0","1","0","","0","0","0","16","1","0","00","0","40 01:22.186","","00","76 11:34.953","0","0","0","0","36215","0","0","0","N","0","0","0","2","36215","0","","1","01","N","N","0","","0","0","1","0","0","","1601","0","2","0","0","0","0","0","1","0","2","N","","","","","","","","","","","","03","  ","","",""
"2315","2","0","0","0","0","0","0","0","0","4","0","","36","05","2018","2018050839","7","40.1207","-76.3416","2309","08","0","0","1","0","0","1","0","0","","0","0","0","23","3","0","00","0","40 07:14.602","","00","76 20:29.785","0","0","0","0","36101","0","0","0","","0","0","0","3","36101","0","","1","09","N","N","0","","0","0","0","0","0","","2307","0","2","0","0","0","0","0","3","0","2","N","","","","","","","","","","","","07","  ","","",""
"1956","2","0","0","0","0","0","0","0","0","4","0","","36","05","2018","2018050861","7","40.0925","-76.6638","1951","08","1","0","0","0","1","0","0","0","2","0","0","0","19","1","1","01","2","40 05:33.143","5","00","76 39:49.645","8","0","0","0","36207","0","0","0","N","0","0","0","4","36504","0","","1","09","N","N","0","","0","0","0","3","3","N","1949","1","2","0","0","2","1","0","1","0","2","N","","","","","","","","","","","","07","  ","","",""
"1900","0","0","0","0","0","0","0","0","0","4","0","","36","05","2018","2018050900","5","40.0374","-76.3113","1858","08","0","0","0","0","0","0","0","0","1","0","0","0","18","1","1","00","2","40 02:14.474","3","00","76 18:40.820","2","0","1","1","36301","0","0","0","N","0","0","0","2","36301","0","","1","01","N","N","0","","0","1","1","0","0","N","1857","1","2","0","0","0","0","0","3","0","2","N","","","","","","","","","","","","03","  ","","",""
"0558","3","0","0","0","0","0","0","0","0","4","0","","36","05","2018","2018050969","2","40.0394","-76.2933","0556","08","0","0","0","0","0","0","0","0","1","0","0","0","05","1","0","01","1","40 02:21.963","1","00","76 17:35.707","0","0","0","0","36301","0","0","0","N","0","0","0","2","36301","0","","1","01","N","N","0","","0","0","0","3","3","N","0556","0","3","0","0","0","0","0","3","0","3","N","","","","","","","","","","","","03","  ","","",""
"1345","2","0","0","0","0","0","0","0","0","1","0","","36","04","2018","2018050990","2","40.1837","-76.191","1341","08","0","0","0","0","0","1","0","0","","0","0","0","13","1","1","00","0","40 11:01.449","","00","76 11:27.685","3","0","0","0","36408","0","0","0","N","0","0","0","2","36408","0","","1","01","N","N","0","","1","0","0","0","0","","1341","1","2","0","0","0","0","0","2","0","2","N","","","","","","","","","","","","03","  ","","",""
"1653","0","0","0","0","0","0","0","0","0","4","0","","36","05","2018","2018050998","4","40.2331","-76.0783","1647","08","0","0","0","0","0","0","0","0","2","0","0","0","16","1","2","01","2","40 13:59.165","2","00","76 04:42.021","2","0","1","1","36210","0","0","0","N","0","0","0","3","36210","0","","1","01","N","N","0","","1","1","1","3","2","Y","1645","2","2","0","0","0","0","0","1","0","2","N","","","","","","","","","","","","03","  ","","",""
"0850","2","0","0","0","0","0","0","0","0","1","0","","36","05","2018","2018051016","4","40.0638","-76.3245","0843","08","0","0","0","0","0","0","0","0","","0","0","0","08","1","0","00","0","40 03:51.361","","00","76 19:30.321","0","0","0","0","36301","0","0","0","N","0","0","0","3","36301","0","","1","01","N","N","0","","0","0","0","0","0","","0841","0","2","0","0","0","0","0","3","0","2","N","","","","","","","","","","","","03","  ","","",""
"1320","1","0","0","0","0","0","0","0","0","1","0","","36","05","2018","2018051056","2","40.1529","-76.6024","1318","08","0","0","0","0","0","0","1","1","1","0","0","0","13","1","1","01","1","40 09:10.440","1","00","76 36:08.626","3","0","0","0","36407","0","0","0","N","0","0","0","3","36407","0","","1","01","N","N","0","","1","0","1","3","2","N","1316","1","2","0","0","0","0","0","2","0","2","N","","","","","","","","","","","","03","  ","","",""
"1202","1","0","0","0","0","0","0","0","0","4","0","","36","04","2018","2018051082","5","40.0472","-76.1034","1129","08","0","1","0","0","0","0","1","0","1","0","0","0","11","1","1","00","1","40 02:50.000","1","07","76 06:12.400","3","0","0","0","36221","0","0","0","N","0","0","0","4","68J01","0","","1","01","N","N","0","","1","0","0","0","0","N","1121","1","2","0","0","0","0","0","1","1","2","N","","","","","","","","","","","","03","  ","","",""
"1221","0","0","0","0","0","0","0","0","0","4","0","","36","05","2018","2018051137","5","40.2448","-76.1041","1220","08","0","0","0","0","0","1","0","0","2","0","0","0","12","1","1","01","1","40 14:41.207","1","00","76 06:14.899","4","0","0","0","36210","0","0","0","N","0","0","0","2","36210","1","","1","01","N","N","0","","0","0","2","3","3","Y","1221","1","2","0","0","0","0","0","1","0","2","N","","","","","","","","","","","","03","  ","","",""
"1622","0","0","0","1","0","0","0","0","0","4","0","","36","05","2018","2018051152","5","40.0501","-76.3502","1619","08","0","0","0","0","0","0","1","0","1","0","0","0","16","1","1","00","2","40 03:00.518","5","00","76 21:00.763","3","0","0","0","36214","1","0","0","N","0","0","0","2","36214","0","","1","01","N","N","0","","1","0","1","0","0","Y","1615","1","2","0","0","0","0","0","3","0","1","N","","","","","","","","","","","","03","  ","","",""
"1605","1","0","0","0","0","0","0","0","0","1","0","","36","05","2018","2018051164","4","40.07","-76.245","1558","08","0","0","0","0","0","0","0","1","2","0","0","0","15","1","0","00","1","40 04:11.830","3","00","76 14:41.840","0","0","0","0","36215","0","0","0","N","0","0","0","3","36215","0","","1","01","N","N","0","","0","0","1","0","0","N","1556","0","2","0","0","0","0","0","1","0","2","N","","","","","","","","","","","","03","  ","","",""
"1300","0","0","0","0","0","0","0","0","0","8","0","","36","05","2018","2018051206","5","40.0345","-76.3156","1255","08","0","0","0","0","0","0","0","1","","0","0","0","12","1","1","01","0","40 02:04.060","","00","76 18:56.291","2","0","0","0","36301","1","0","1","N","1","0","1","3","36301","0","","1","01","N","N","0","","0","1","1","3","2","","1252","1","2","0","0","1","0","0","3","0","1","N","","","","","","","","","","","","03","  ","","",""
"1557","1","0","0","0","0","0","0","0","0","4","0","","36","05","2018","2018051213","1","40.083","-76.269","1552","08","0","0","0","1","0","1","0","0","2","0","0","0","15","1","0","01","1","40 04:58.889","7","00","76 16:08.446","0","0","0","0","36101","0","0","0","N","0","0","0","5","36101","0","","1","09","N","N","0","","0","0","0","3","3","N","1550","0","2","0","0","0","0","0","3","1","2","N","","","","","","","","","","","","07","  ","","",""
"1557","1","0","0","0","0","0","0","0","0","5","1","","36","05","2018","2018051214","3","40.0891","-76.3812","1556","08","0","0","0","0","0","0","0","0","1","0","1","0","15","1","0","00","1","40 05:20.861","3","00","76 22:52.425","0","0","0","0","36214","0","0","0","N","0","0","0","2","36214","0","","1","01","N","N","0","","0","0","0","0","0","N","1555","0","2","0","0","0","0","0","3","0","2","N","","","","","","","","","","","","03","  ","","",""
"1325","0","0","0","0","0","0","0","0","0","7","0","","36","05","2018","2018051230","5","40.1445","-76.1154","1318","08","0","0","0","0","0","0","0","0","2","0","0","0","13","1","0","00","1","40 08:40.263","3","00","76 06:55.297","0","0","0","0","36209","0","0","0","N","0","0","0","2","36415","0","","5","01","N","N","0","","0","0","1","0","0","N","1318","0","1","0","0","0","0","0","1","0","1","N","","","","","","","","","","","","03","  ","","",""
"1950","0","0","0","0","0","0","0","0","0","7","0","","36","05","2018","2018051258","5","40.1941","-76.1522","1948","08","0","0","1","0","0","0","0","0","2","0","0","0","19","1","0","00","1","40 11:38.922","2","00","76 09:07.996","0","0","0","0","36218","0","0","0","N","0","0","0","1","36408","0","","5","09","N","N","1","","0","0","0","0","0","N","1946","0","1","0","0","1","0","0","1","0","1","N","","","","","","","","","","","","07","  ","","",""
"2114","2","0","0","0","0","0","0","0","0","5","0","","36","05","2018","2018051263","5","40.167","-76.391","2110","08","0","0","0","0","0","0","0","0","2","0","0","0","21","3","0","00","1","40 10:01.362","1","00","76 23:27.704","0","0","0","0","36410","0","0","0","N","0","0","0","1","36410","0","","6","09","N","N","1","","0","0","0","0","0","N","2105","0","3","0","0","0","0","0","2","0","3","N","","","","","","","","","","","","03","  ","","",""
"1502","0","0","0","0","0","0","0","0","0","8","0","25","36","04","2018","2018051278","4","40.1628","-76.3968","9999","08","0","0","0","0","0","0","1","0","","0","0","0","99","1","1","01","0","40 09:45.946","","00","76 23:48.385","2","0","0","0","36410","1","0","1","N","1","0","1","2","36410","0","","1","01","N","N","1","","0","1","0","0","0","","9999","1","2","0","0","0","0","0","2","0","1","Y","4","2","Y","","","N","","","","","","03","  ","","",""
"2226","0","0","0","0","0","0","0","0","0","0","0","","36","04","2018","2018051288","5","39.8352","-76.0218","2204","08","0","0","0","0","0","0","0","0","2","0","0","0","21","2","1","00","2","39 50:06.630","6","00","76 01:18.320","3","0","0","0","36205","0","0","0","N","0","0","0","1","68J01","0","","1","2","N","N","0","","1","0","1","0","0","N","2157","1","1","0","0","0","0","0","1","0","1","N","","","","","","","","","","","","03","  ","","",""