"ARRIVAL_TM","AUTOMOBILE_COUNT","BELTED_DEATH_COUNT","BELTED_SUSP_SERIOUS_INJ_COUNT","BICYCLE_COUNT","BICYCLE_DEATH_COUNT","BICYCLE_SUSP_SERIOUS_INJ_COUNT","BUS_COUNT","CHLDPAS_DEATH_COUNT","CHLDPAS_SUSP_SERIOUS_INJ_COUNT","COLLISION_TYPE","COMM_VEH_COUNT","CONS_ZONE_SPD_LIM","COUNTY","CRASH_MONTH","CRASH_YEAR","CRN","DAY_OF_WEEK","DEC_LAT","DEC_LONG","DISPATCH_TM","DISTRICT","DRIVER_COUNT_16YR","DRIVER_COUNT_17YR","DRIVER_COUNT_18YR","DRIVER_COUNT_19YR","DRIVER_COUNT_20YR","DRIVER_COUNT_50_64YR","DRIVER_COUNT_65_74YR","DRIVER_COUNT_75PLUS","EST_HRS_CLOSED","FATAL_COUNT","HEAVY_TRUCK_COUNT","HORSE_BUGGY_COUNT","HOUR_OF_DAY","ILLUMINATION","INJURY_COUNT","INTERSECT_TYPE","LANE_CLOSED","LATITUDE","LN_CLOSE_DIR","LOCATION_TYPE","LONGITUDE","MAX_SEVERITY_LEVEL","MCYCLE_DEATH_COUNT","MCYCLE_SUSP_SERIOUS_INJ_COUNT","MOTORCYCLE_COUNT","MUNICIPALITY","NONMOTR_COUNT","NONMOTR_DEATH_COUNT","NONMOTR_SUSP_SERIOUS_INJ_COUNT","NTFY_HIWY_MAINT","PED_COUNT","PED_DEATH_COUNT","PED_SUSP_SERIOUS_INJ_COUNT","PERSON_COUNT","POLICE_AGCY","POSSIBLE_INJ_COUNT","RDWY_SURF_TYPE_CD","RELATION_TO_ROAD","ROAD_CONDITION","SCH_BUS_IND","SCH_ZONE_IND","SMALL_TRUCK_COUNT","SPEC_JURIS_CD","SUSP_MINOR_INJ_COUNT","SUSP_SERIOUS_INJ_COUNT","SUV_COUNT","TCD_FUNC_CD","TCD_TYPE","TFC_DETOUR_IND","TIME_OF_DAY","TOT_INJ_COUNT","TOTAL_UNITS","UNB_DEATH_COUNT","UNB_SUSP_SERIOUS_INJ_COUNT","UNBELTED_OCC_COUNT","UNK_INJ_DEG_COUNT","UNK_INJ_PER_COUNT","URBAN_RURAL","VAN_COUNT","VEHICLE_COUNT","WORK_ZONE_IND","WORK_ZONE_LOC","WORK_ZONE_TYPE","WORKERS_PRES","WZ_CLOSE_DETOUR","WZ_FLAGGER","WZ_LAW_OFFCR_IND","WZ_LN_CLOSURE","WZ_MOVING","WZ_OTHER","WZ_SHLDER_MDN","ROADWAY_CLEARED","WEATHER1","WEATHER2","WZ_WORKERS_INJ_KILLED","SECONDARY_CRASH","INTERSECTION_RELATED"
"1329","1","0","0","0","0","0","0","0","0","4","0","","36","04","2018","2018051290","7","39.8717","-76.2284","1327","08","0","0","0","0","0","0","1","0","","0","0","0","13","1","4","00","0","39 52:18.163","","07","76 13:42.196","4","0","0","0","36208","0","0","0","N","0","0","0","5","68J01","4","","1","01","N","N","0","","0","0","1","3","3","","1324","4","2","0","0","0","0","0","1","0","2","N","","","","","","","","","","","","03","  ","","",""
"2100","2","0","0","0","0","0","0","0","0","4","0","","36","04","2018","2018051291","4","39.8242","-76.204","2059","08","0","1","0","0","0","1","0","0","","0","0","0","20","2","1","01","0","39 49:27.254","","00","76 12:14.333","3","0","0","0","36208","0","0","0","N","0","0","0","2","68J01","0","","1","01","N","N","0","","1","0","0","0","0","","2055","1","2","0","0","0","0","0","1","0","2","N","","","","","","","","","","","","03","  ","","",""
"1547","1","0","0","0","0","0","0","0","0","4","0","","36","04","2018","2018051302","2","39.816","-76.1908","1529","08","0","0","0","0","0","0","0","0","","0","0","0","15","1","2","01","0","39 48:57.538","","00","76 11:26.733","4","0","0","0","36208","0","0","0","N","0","0","0","2","68J01","2","","1","01","N","N","0","","0","0","1","3","3","","1517","2","2","0","0","0","0","0","1","0","2","N","","","","","","","","","","","","03","  ","","",""
"0935","1","0","0","0","0","0","0","0","0","7","0","","36","05","2018","2018051312","7","39.9476","-76.0213","0926","08","0","0","1","0","0","0","0","0","2","0","0","0","09","1","0","00","1","39 56:51.448","6","00","76 01:16.803","0","0","0","0","36231","0","0","0","N","0","0","0","1","68J01","0","","4","01","N","N","0","","0","0","0","0","0","N","0910","0","1","0","0","1","0","0","1","0","1","N","","","","","","","","","","","","03","  ","","",""
"1609","0","0","0","0","0","0","1","0","0","1","1","","36","05","2018","2018051318","2","40.0115","-76.1375","1557","08","0","0","1","0","0","0","0","0","3","0","0","0","15","1","2","03","2","40 00:41.546","6","00","76 08:15.004","3","0","0","0","36226","0","0","0","N","0","0","0","38","68J01","0","","1","01","Y","N","0","","1","0","0","0","0","Y","1555","2","2","0","0","1","1","0","1","1","2","N","","","","","","","","","","","","03","  ","","",""
"1730","1","0","0","0","0","0","0","0","0","7","0","","36","05","2018","2018051321","4","39.9877","-76.0384","1453","08","0","0","0","0","0","0","0","1","","0","0","0","14","1","0","00","0","39 59:15.750","","00","76 02:18.330","0","0","0","0","36232","0","0","0","N","0","0","0","1","68J01","0","","4","01","N","N","0","","0","0","0","0","0","","1440","0","1","0","0","0","0","0","1","0","1","N","","","","","","","","","","","","03","  ","","",""
"2305","1","0","0","0","0","0","0","0","0","4","0","","36","05","2018","2018051338","5","40.097","-76.0998","2302","08","0","0","0","0","0","0","1","0","3","0","0","0","23","6","2","09","2","40 05:49.037","5","00","76 05:59.438","4","0","0","0","36415","0","0","0","N","0","0","0","2","36415","1","","1","01","N","N","0","","0","0","0","3","6","Y","2302","2","2","0","0","0","1","0","1","0","1","N","","","","","","","","","","","","03","  ","","",""
"1615","1","0","0","0","0","0","0","0","0","1","0","","36","05","2018","2018051349","4","40.0772","-76.3377","1608","08","0","0","1","1","0","0","0","0","","0","0","0","16","1","1","07","0","40 04:39.201","","02","76 20:16.161","4","0","0","0","36101","0","0","0","N","0","0","0","3","36101","1","","1","01","N","N","1","","0","0","0","3","4","","1600","1","2","0","0","0","0","0","3","0","2","N","","","","","","","","","","","","03","  ","","",""
"1701","0","0","0","0","0","0","0","0","0","7","0","","36","05","2018","2018051362","1","40.0682","-76.2894","1659","08","0","0","0","0","0","0","0","0","","0","0","0","16","1","0","00","0","40 04:05.637","","02","76 17:21.830","0","0","0","0","36101","0","0","0","N","0","0","0","1","36101","0","","5","09","N","N","1","","0","0","0","0","0","","1648","0","1","0","0","0","0","0","3","0","1","N","","","","","","","","","","","","07","  ","","",""
"1000","0","0","0","0","0","0","0","0","0","8","0","","36","05","2018","2018051395","3","40.0397","-76.2913","1000","08","0","0","0","0","0","1","0","0","","0","0","0","09","1","1","10","0","40 02:22.957","","00","76 17:28.796","3","0","0","0","36301","1","0","0","N","1","0","0","2","36301","0","","1","01","N","N","1","","1","0","0","3","2","","0925","1","2","0","0","0","0","0","3","0","1","N","","","","","","","","","","","","03","  ","","",""
"1639","1","0","0","0","0","0","0","0","0","8","0","","36","05","2018","2018051403","3","40.0296","-76.3231","1633","08","0","0","0","1","0","0","0","0","","0","0","0","16","1","1","01","0","40 01:46.727","","00","76 19:23.150","4","0","0","0","36301","1","0","0","N","1","0","0","2","36301","1","","1","01","N","N","0","","0","0","0","3","2","","1632","1","2","0","0","0","0","0","3","0","1","N","","","","","","","","","","","","03","  ","","",""
"0755","1","0","0","0","0","0","0","0","0","8","0","","36","05","2018","2018051406","6","40.0302","-76.2895","0751","08","0","0","1","0","0","0","0","0","1","0","0","0","07","1","1","00","2","40 01:48.670","2","00","76 17:22.182","8","0","0","0","36301","1","0","0","N","1","0","0","2","36301","0","","1","01","N","Y","0","","0","0","0","0","0","Y","0751","1","2","0","0","0","1","0","3","0","1","N","","","","","","","","","","","","03","  ","","",""
"1708","1","0","0","0","0","0","0","0","0","7","0","","36","05","2018","2018051427","5","40.1751","-76.1265","1704","08","0","0","0","0","0","0","0","0","","0","0","0","17","1","0","00","0","40 10:30.392","","00","76 07:35.387","0","0","0","0","36218","0","0","0","N","0","0","0","1","36408","0","","5","01","N","N","0","","0","0","0","0","0","","1704","0","1","0","0","0","0","0","1","0","1","N","","","","","","","","","","","","03","  ","","",""
"1132","1","0","0","0","0","0","0","0","0","4","0","","36","04","2018","2018051528","7","40.0451","-76.2903","1127","08","0","0","0","0","0","0","1","0","","0","0","0","11","1","1","01","0","40 02:42.385","","00","76 17:25.141","3","0","0","0","36301","0","0","0","N","0","0","0","2","36301","0","","1","01","N","N","0","","1","0","1","3","3","","1123","1","2","0","0","0","0","0","3","0","2","N","","","","","","","","","","","","03","  ","","",""
"1506","2","0","0","0","0","0","0","0","0","4","0","","36","04","2018","2018051520","2","40.0251","-76.3177","1459","08","0","0","0","0","0","0","0","0","2","0","0","0","14","1","1","01","1","40 01:30.485","1","00","76 19:03.655","8","0","0","0","36301","0","0","0","N","0","0","0","2","36301","0","","1","01","N","N","0","","0","0","0","3","3","N","1459","1","2","0","0","0","1","1","3","0","2","N","","","","","","","","","","","","03","  ","","",""
"0137","1","0","0","0","0","0","0","0","0","7","0","","36","05","2018","2018051540","7","40.0981","-76.2445","0133","08","0","0","1","0","0","0","0","0","","0","0","0","01","2","1","00","0","40 05:53.090","","00","76 14:40.310","3","0","0","0","36234","0","0","0","N","0","0","0","1","36215","0","","4","01","N","N","0","","1","0","0","0","0","","0131","1","1","0","0","1","0","0","1","0","1","N","","","","","","","","","","","","03","  ","","",""
"1536","2","0","0","0","0","0","0","0","0","4","0","","36","05","2018","2018051541","5","40.0378","-76.2707","1527","08","0","0","0","0","0","1","0","0","1","0","0","0","15","1","1","03","1","40 02:16.133","4","00","76 16:14.672","4","0","0","0","36215","0","0","0","N","0","0","0","3","36215","1","","1","01","N","N","1","","0","0","0","3","2","N","1524","1","3","0","0","0","0","0","1","0","3","N","","","","","","","","","","","","03","  ","","",""
"1610","2","0","0","0","0","0","0","0","0","4","0","","36","05","2018","2018051563","2","40.0402","-76.2996","1607","08","0","0","0","0","0","0","1","0","1","0","0","0","16","1","1","01","1","40 02:24.760","2","00","76 17:58.555","8","0","0","0","36301","0","0","0","N","0","0","0","4","36301","0","","1","01","N","N","0","","0","0","0","3","3","N","1605","1","2","0","0","0","1","0","3","0","2","N","","","","","","","","","","","","03","  ","","",""
"1746","2","0","0","0","0","0","0","0","0","1","0","","36","05","2018","2018051725","6","40.1614","-76.3078","1746","08","0","0","0","0","1","1","0","0","","0","0","0","17","1","0","00","0","40 09:41.137","","00","76 18:28.046","0","0","0","0","36409","0","0","0","N","0","0","0","2","36409","0","","1","01","N","N","0","","0","0","0","0","0","","1746","0","2","0","0","0","0","0","3","0","2","N","","","","","","","","","","","","03","  ","","",""
"1436","3","0","0","0","0","0","0","0","0","1","0","","36","04","2018","2018051731","2","40.0415","-76.3112","1435","08","0","0","0","0","0","0","0","0","2","0","0","0","14","1","2","00","2","40 02:29.531","5","00","76 18:40.210","3","0","0","0","36301","0","0","0","N","0","0","0","5","36301","0","","1","01","N","N","1","","2","0","1","0","0","Y","1435","2","5","0","0","0","0","0","3","0","5","N","","","","","","","","","","","","03","  ","","",""
"1415","2","0","0","0","0","0","0","0","0","4","0","","36","05","2018","2018051732","3","40.1328","-76.2182","1411","08","0","0","0","0","0","0","0","0","","0","0","0","14","1","1","00","0","40 07:58.202","","00","76 13:05.342","3","0","0","0","36238","0","0","0","N","0","0","0","2","36238","0","","1","01","N","N","0","","1","0","0","0","0","","1410","1","2","0","0","0","0","0","3","0","2","N","","","","","","","","","","","","03","  ","","",""
"1607","0","0","0","0","0","0","0","0","0","4","0","","36","05","2018","2018051735","3","40.1326","-76.218","1604","08","0","0","0","0","0","1","0","0","1","0","0","0","16","1","1","00","1","40 07:57.409","4","00","76 13:04.911","3","0","0","1","36238","0","0","0","N","0","0","0","2","36238","0","","1","01","N","N","0","","1","0","0","0","0","N","1601","1","2","0","0","0","0","0","3","1","2","N","","","","","","","","","","","","03","  ","","",""
"0655","1","0","0","0","0","0","0","0","0","7","0","","36","05","2018","2018051742","6","40.1628","-76.1517","0642","08","0","0","0","0","0","0","0","0","2","0","0","0","06","5","0","00","1","40 09:45.969","2","00","76 09:06.171","0","0","0","0","36238","0","0","0","Y","0","0","0","1","36238","0","","3","01","N","N","0","","0","0","0","0","0","N","0640","0","1","0","0","0","0","0","3","0","1","N","","","","","","","","","","","","03","  ","","",""
"1204","2","0","0","0","0","0","0","0","0","5","0","","36","05","2018","2018051746","6","40.1307","-76.2169","1159","08","0","0","1","0","0","1","0","0","2","0","0","0","11","1","0","00","1","40 07:50.559","4","00","76 13:00.815","0","0","0","0","36238","0","0","0","N","0","0","0","2","36238","0","","1","01","N","N","0","","0","0","0","0","0","N","1156","0","2","0","0","0","0","0","3","0","2","N","","","","","","","","","","","","03","  ","","",""
"1741","1","0","0","0","0","0","0","0","0","8","0","","36","05","2018","2018051755","5","40.0449","-76.305","1736","08","0","0","0","0","0","0","0","0","1","0","0","0","17","1","1","00","1","40 02:41.786","2","00","76 18:17.923","3","0","0","0","36301","1","0","0","N","1","0","0","2","36301","0","","1","01","N","N","0","","1","0","0","0","0","Y","1736","1","2","0","0","0","0","0","3","0","1","N","","","","","","","","","","","","03","  ","","",""
"1048","0","0","0","0","0","0","0","0","0","8","0","","36","05","2018","2018051770","2","40.017","-76.1651","1043","08","0","0","0","0","0","0","1","0","4","1","0","0","10","1","0","01","2","40 01:01.087","6","00","76 09:54.311","1","0","0","0","36215","1","1","0","N","1","1","0","2","36215","0","2","1","01","N","N","0","0","0","0","1","3","2","Y","1042","0","2","0","0","0","0","0","1","0","1","N","","","","","","","","","","","","03","  ","","",""
"1512","1","0","0","0","0","0","0","0","0","1","0","","36","05","2018","2018051813","5","40.1556","-76.6086","1509","08","0","0","0","0","0","1","0","0","1","0","0","0","15","1","1","01","1","40 09:20.038","2","00","76 36:31.087","3","0","0","0","36407","0","0","0","N","0","0","0","2","36407","0","","1","01","N","N","0","","1","0","1","0","0","N","1506","1","2","0","0","0","0","0","2","0","2","N","","","","","","","","","","","","03","  ","","",""
"1747","0","0","0","0","0","0","0","0","0","1","0","","36","05","2018","2018051839","3","40.0639","-76.2823","1741","08","0","0","0","1","0","1","0","0","2","0","0","0","17","1","0","00","1","40 03:49.866","4","00","76 16:56.179","0","0","0","0","36101","0","0","0","","0","0","0","2","36101","0","","1","01","N","N","1","","0","0","1","0","0","N","1733","0","2","0","0","0","0","0","3","0","2","N","","","","","","","","","","","","03","  ","","",""
"1156","1","0","0","0","0","0","0","0","0","1","0","","36","05","2018","2018051944","3","40.1059","-76.3062","1151","08","0","0","0","0","0","0","2","0","1","0","0","0","11","1","1","00","1","40 06:21.318","3","00","76 18:22.462","3","0","0","0","36101","0","0","0","N","0","0","0","3","36101","0","","1","01","N","N","0","","1","0","1","0","0","N","1135","1","2","0","0","0","0","0","3","0","2","N","","","","","","","","","","","","03","  ","","",""
"0930","1","0","0","0","0","0","0","0","0","4","0","","36","05","2018","2018051947","5","40.0695","-76.3311","0927","08","0","0","0","0","0","0","1","0","2","0","0","0","09","1","1","01","2","40 04:09.309","2","00","76 19:51.766","3","0","0","1","36101","0","0","0","","0","0","0","2","36101","0","","1","01","N","N","0","","1","0","0","3","2","Y","0925","1","2","0","0","0","0","0","3","0","2","N","","","","","","","","","","","","03","  ","","",""
"1632","2","0","0","0","0","0","0","0","0","4","0","","36","05","2018","2018051975","3","39.939","-76.2858","1632","08","0","0","0","0","0","0","0","1","2","0","0","0","16","1","1","01","1","39 56:20.521","2","00","76 17:08.750","4","0","0","0","36228","0","0","0","N","0","0","0","3","36503","1","","1","01","N","N","0","","0","0","0","3","3","N","1632","1","2","0","0","1","0","0","1","0","2","N","","","","","","","","","","","","03","  ","","",""
"1605","1","0","0","0","0","0","0","0","0","4","0","","36","05","2018","2018051981","6","40.037","-76.4552","1600","08","0","0","0","0","0","1","0","0","4","0","0","0","15","1","2","00","2","40 02:13.216","2","07","76 27:18.774","3","0","0","0","36239","0","0","0","N","0","0","0","2","36239","0","","1","01","N","N","0","","1","0","1","0","0","N","1554","2","2","0","0","1","1","0","3","0","2","N","","","","","","","","","","","","03","  ","","",""
"0710","2","0","0","0","0","0","0","0","0","1","0","","36","05","2018","2018051996","4","39.9953","-76.2319","0708","08","1","2","0","0","0","0","0","0","","0","0","0","07","1","0","00","0","39 59:43.090","","00","76 13:54.688","0","0","0","0","36240","0","0","0","Y","0","0","0","4","36240","0","","1","01","N","N","0","","0","0","1","0","0","","0700","0","3","0","0","0","0","0","1","0","3","N","","","","","","","","","","","","03","  ","","",""
"0925","2","0","0","0","0","0","0","0","0","4","0","","36","05","2018","2018051997","1","40.1329","-76.2182","0922","08","0","0","0","0","0","0","1","0","2","0","0","0","09","1","1","00","1","40 07:58.338","4","00","76 13:05.416","3","0","0","0","36238","0","0","0","N","0","0","0","3","36238","0","","1","01","N","N","0","","1","0","0","0","0","N","0921","1","2","0","0","0","0","0","3","0","2","N","","","","","","","","","","","","03","  ","","",""
"1404","1","0","0","0","0","0","0","0","0","4","0","","36","05","2018","2018052072","1","40.0723","-76.3669","1359","08","0","0","0","0","0","0","1","0","2","0","0","0","13","1","0","02","1","40 04:20.351","4","00","76 22:00.982","0","0","0","0","36214","0","0","0","N","0","0","0","4","36214","0","","1","09","N","N","0","","0","0","1","0","0","N","1357","0","2","0","0","0","0","0","3","0","2","N","","","","","","","","","","","","07","  ","","",""
"1215","0","0","0","0","0","0","0","0","0","7","0","","36","05","2018","2018052078","5","40.0024","-76.2929","1210","08","0","0","0","0","0","0","0","0","","0","0","0","12","1","1","00","0","40 00:08.740","","00","76 17:34.346","8","0","0","0","36240","0","0","0","Y","0","0","0","1","36240","0","","2","01","N","N","0","","0","0","1","0","0","","1200","1","1","0","0","0","1","0","1","0","1","N","","","","","","","","","","","","03","  ","","",""
"0901","1","0","0","0","0","0","0","0","0","7","0","","36","05","2018","2018052082","7","40.171","-76.3604","0858","08","0","0","0","0","1","0","0","0","2","0","0","0","08","1","1","00","2","40 10:15.611","6","00","76 21:37.363","4","0","0","0","36227","0","0","0","N","0","0","0","1","36506","1","","4","01","N","N","0","","0","0","0","0","0","Y","0858","1","1","0","0","0","0","0","1","0","1","N","","","","","","","","","","","","03","  ","","",""
"1407","2","0","0","0","0","0","0","0","0","1","0","","36","05","2018","2018052096","5","40.0378","-76.3074","1401","08","0","0","0","0","0","0","0","0","1","0","0","0","14","1","1","00","1","40 02:15.985","4","00","76 18:26.745","8","0","0","0","36301","0","0","0","N","0","0","0","3","36301","0","","1","01","N","N","0","","0","0","0","0","0","N","1400","1","2","0","0","0","1","0","3","0","2","N","","","","","","","","","","","","03","  ","","",""
"1532","1","0","0","0","0","0","0","0","0","4","0","","36","05","2018","2018052106","1","40.1761","-76.2249","1528","08","0","0","1","0","0","1","0","0","1","0","0","0","15","1","1","01","1","40 10:34.041","4","00","76 13:29.758","4","0","0","0","36218","0","0","0","N","0","0","0","6","36408","1","","1","01","N","N","0","","0","0","1","3","3","N","1526","1","2","0","0","0","0","0","1","0","2","N","","","","","","","","","","","","03","  ","","",""
"1947","0","0","0","0","0","0","0","0","0","7","1","","36","05","2018","2018052124","7","40.1611","-76.6343","1939","08","0","0","0","0","0","1","0","0","3","0","1","0","19","4","1","00","2","40 09:39.818","6","00","76 38:03.403","8","0","0","0","36237","0","0","0","N","0","0","0","1","36505","0","","4","09","N","N","0","","0","0","0","0","0","Y","1937","1","1","0","0","0","1","0","1","0","1","N","","","","","","","","","","","","03","  ","","",""
"1422","1","0","0","0","0","0","0","0","0","7","0","","36","05","2018","2018052125","7","40.0151","-76.2611","1416","08","0","0","0","0","0","0","0","0","1","0","0","0","14","1","0","00","2","40 00:54.229","3","00","76 15:40.066","0","0","0","0","36240","0","0","0","N","0","0","0","1","36240","0","","5","01","N","N","0","","0","0","0","0","0","Y","1415","0","1","0","0","0","0","0","1","0","1","N","","","","","","","","","","","","03","  ","","",""
"0220","0","0","0","0","0","0","0","0","0","4","0","","36","05","2018","2018052132","7","40.1721","-76.1826","0215","08","0","0","0","0","0","0","0","0","2","0","0","0","02","3","0","00","1","40 10:19.474","3","00","76 10:57.490","0","0","0","0","36408","0","0","0","N","0","0","0","2","36408","0","","1","09","N","N","2","","0","0","0","0","0","N","0214","0","2","0","0","0","0","0","2","0","2","N","","","","","","","","","","","","07","  ","","",""
"2253","2","0","0","0","0","0","0","0","0","4","0","","36","05","2018","2018052133","7","40.1102","-76.4888","2245","08","0","0","0","0","0","0","0","0","1","0","0","0","22","2","0","00","1","40 06:36.633","2","00","76 29:19.540","0","0","0","0","36413","0","0","0","N","0","0","0","2","36413","0","","5","09","","","0","","0","0","0","0","0","N","2245","0","2","0","0","0","0","0","2","0","2","N","","","","","","","","","","","","07","  ","","",""
"1859","1","0","0","0","0","0","0","0","0","4","0","","36","05","2018","2018052142","1","40.0591","-76.4629","1853","08","0","0","0","0","0","0","0","0","","0","0","0","18","1","1","03","0","40 03:32.814","","00","76 27:46.398","4","0","0","0","36239","0","0","0","N","0","0","0","4","36239","1","","1","09","N","N","0","","0","0","1","0","0","","1849","1","2","0","0","0","0","0","3","0","2","N","","","","","","","","","","","","07","  ","","",""
"1953","2","0","0","0","0","0","0","0","0","1","0","","36","05","2018","2018052146","5","40.0246","-76.3052","1951","08","0","0","0","0","0","0","0","0","1","0","0","0","19","4","0","00","1","40 01:28.479","1","00","76 18:18.807","0","0","0","0","36301","0","0","0","N","0","0","0","1","36301","0","","4","01","N","N","0","","0","0","0","0","0","N","1951","0","2","0","0","0","0","0","3","0","2","N","","","","","","","","","","","","03","  ","","",""
"0640","1","0","0","0","0","0","0","0","0","9","0","","36","05","2018","2018052232","7","40.1733","-75.9825","0629","08","0","0","0","0","0","0","0","0","","0","0","0","06","1","0","00","0","40 10:24.046","","00","75 58:57.073","0","0","0","0","36202","0","0","0","N","0","0","0","1","68T06","0","","1","01","N","N","0","","0","0","0","0","0","","0629","0","1","0","0","0","0","0","1","0","1","N","","","","","","","","","","","","03","  ","","",""
"0838","0","0","0","0","0","0","0","0","0","1","0","","36","05","2018","2018052262","6","40.1157","-76.3057","0837","08","0","0","0","0","0","0","1","0","1","0","0","0","08","1","2","00","1","40 06:56.564","5","00","76 18:20.375","3","0","0","0","36101","0","0","0","N","0","0","0","2","36101","0","","1","01","N","N","1","","2","0","1","0","0","N","0823","2","2","0","0","0","0","0","3","0","2","N","","","","","","","","","","","","03","  ","","",""
"2004","2","0","0","0","0","0","0","0","0","4","0","","36","05","2018","2018052264","6","40.0327","-76.3574","2002","08","1","0","0","0","0","1","0","0","2","0","0","0","20","1","2","01","1","40 01:57.896","3","00","76 21:26.528","3","0","0","0","36223","0","0","0","N","0","0","0","2","36223","1","","1","01","N","N","0","","1","0","0","3","3","N","2001","2","2","0","0","0","0","0","1","0","2","N","","","","","","","","","","","","03","  ","","",""
"1337","1","0","0","0","0","0","0","0","0","1","0","","36","05","2018","2018052272","5","40.0596","-76.2871","1335","08","0","0","0","0","0","0","0","0","","0","0","0","13","1","1","00","0","40 03:34.470","","00","76 17:13.600","4","0","0","0","36101","0","0","0","N","0","0","0","1","36101","1","","6","01","N","N","0","","0","0","1","0","0","","1331","1","2","0","0","0","0","0","3","0","2","N","","","","","","","","","","","","03","  ","","",""
"0714","1","0","0","0","0","0","0","0","0","1","0","","36","05","2018","2018052293","3","40.1776","-76.1806","0711","08","0","1","1","0","0","0","0","0","1","0","0","0","07","1","0","00","1","40 10:39.204","2","00","76 10:50.323","0","0","0","0","36408","0","0","0","N","0","0","0","2","36408","0","","1","01","N","N","1","","0","0","0","0","0","Y","0711","0","2","0","0","0","0","0","2","0","2","N","","","","","","","","","","","","03","  ","","",""
"1845","1","0","0","0","0","0","0","0","0","7","0","","36","05","2018","2018052295","5","40.1541","-76.5696","1841","08","0","0","0","0","0","0","0","0","2","0","0","0","18","1","2","00","1","40 09:14.669","4","00","76 34:10.442","3","0","0","0","36225","0","0","0","N","0","0","0","2","36505","0","","5","01","N","N","0","","2","0","0","0","0","N","1835","2","1","0","0","1","0","0","2","0","1","N","","","","","","","","","","","","03","  ","","",""
"1903","1","0","0","0","0","0","0","0","0","1","0","","36","05","2018","2018052354","5","40.1639","-76.5794","1858","08","0","0","0","0","0","0","0","0","2","0","0","0","18","1","0","02","2","40 09:50.074","3","00","76 34:45.669","0","0","0","0","36225","0","0","0","N","0","0","0","8","36505","0","","1","01","N","N","2","","0","0","0","0","0","Y","1845","0","3","0","0","0","0","0","2","0","3","N","","","","","","","","","","","","03","  ","","",""
"1354","1","0","0","0","0","0","1","0","0","4","1","","36","04","2018","2018052375","3","40.0388","-76.1446","1348","08","0","0","0","0","0","2","0","0","3","0","0","0","13","1","13","00","2","40 02:19.549","6","00","76 08:40.621","3","0","0","0","36221","0","0","0","N","0","0","0","60","68J01","0","","1","01","N","N","1","","13","0","1","0","0","Y","1347","13","4","0","0","0","0","0","1","0","4","N","","","","","","","","","","","","03","  ","","",""
"1207","0","0","0","0","0","0","0","0","0","7","0","","36","04","2018","2018052377","6","40.0073","-76.0056","1154","08","0","0","0","0","0","0","0","0","","0","0","0","11","1","0","00","0","40 00:26.252","","00","76 00:20.322","9","0","0","0","36232","0","0","0","N","0","0","0","1","68J01","0","","4","01","N","N","0","","0","0","1","0","0","","1148","0","1","0","0","0","0","1","1","0","1","N","","","","","","","","","","","","03","  ","","",""
"2231","0","0","0","0","0","0","0","0","0","7","0","","36","04","2018","2018052386","2","40.0171","-76.0224","2207","08","0","0","0","0","0","0","0","0","","0","0","0","21","2","0","00","0","40 01:01.430","","00","76 01:20.560","0","0","0","0","36232","0","0","0","N","0","0","0","1","68J01","0","","4","01","N","N","0","","0","0","1","0","0","","2151","0","1","0","0","0","0","0","1","0","1","N","","","","","","","","","","","","03","  ","","",""
"1617","0","0","0","0","0","0","0","0","0","7","0","","36","05","2018","2018052404","6","39.976","-76.0355","1607","08","0","0","0","0","0","0","0","0","","0","0","0","15","1","1","00","0","39 58:33.670","","00","76 02:07.920","4","0","0","0","36231","0","0","0","N","0","0","0","1","68J01","1","","4","01","N","N","0","","0","0","1","0","0","","1556","1","1","0","0","0","0","0","1","0","1","N","","","","","","","","","","","","03","  ","","",""
"1858","2","0","0","0","0","0","0","0","0","4","0","","36","05","2018","2018052414","3","39.8676","-76.0499","1846","08","0","0","0","0","0","0","1","1","","0","0","0","18","1","0","01","0","39 52:03.358","","00","76 02:59.470","0","0","0","0","36205","0","0","0","N","0","0","0","4","68J01","0","","1","01","N","N","0","","0","0","0","3","3","","1845","0","2","0","0","0","0","0","1","0","2","N","","","","","","","","","","","","03","  ","","",""
"0841","1","0","0","0","0","0","0","0","0","1","0","","36","05","2018","2018052419","4","40.0488","-76.1199","0833","08","0","0","1","0","0","0","1","0","","0","0","0","08","1","0","00","0","40 02:55.842","","00","76 07:11.659","0","0","0","0","36221","0","0","0","N","0","0","0","3","68J01","0","","1","01","N","N","0","","0","0","1","0","0","","0820","0","2","0","0","0","0","0","1","0","2","N","","","","","","","","","","","","03","  ","","",""
"0939","0","0","0","0","0","0","0","0","0","4","0","","36","05","2018","2018052420","4","40.0272","-75.9541","0928","08","0","0","0","0","0","0","1","1","2","0","0","0","09","1","2","01","2","40 01:38.006","7","00","75 57:14.828","2","0","1","1","36232","0","0","0","N","0","0","0","3","68J01","0","","1","01","N","N","1","","1","1","0","3","3","Y","0915","2","2","0","0","0","0","0","1","0","2","N","","","","","","","","","","","","03","  ","","",""