"ARRIVAL_TM","AUTOMOBILE_COUNT","BELTED_DEATH_COUNT","BELTED_SUSP_SERIOUS_INJ_COUNT","BICYCLE_COUNT","BICYCLE_DEATH_COUNT","BICYCLE_SUSP_SERIOUS_INJ_COUNT","BUS_COUNT","CHLDPAS_DEATH_COUNT","CHLDPAS_SUSP_SERIOUS_INJ_COUNT","COLLISION_TYPE","COMM_VEH_COUNT","CONS_ZONE_SPD_LIM","COUNTY","CRASH_MONTH","CRASH_YEAR","CRN","DAY_OF_WEEK","DEC_LAT","DEC_LONG","DISPATCH_TM","DISTRICT","DRIVER_COUNT_16YR","DRIVER_COUNT_17YR","DRIVER_COUNT_18YR","DRIVER_COUNT_19YR","DRIVER_COUNT_20YR","DRIVER_COUNT_50_64YR","DRIVER_COUNT_65_74YR","DRIVER_COUNT_75PLUS","EST_HRS_CLOSED","FATAL_COUNT","HEAVY_TRUCK_COUNT","HORSE_BUGGY_COUNT","HOUR_OF_DAY","ILLUMINATION","INJURY_COUNT","INTERSECT_TYPE","LANE_CLOSED","LATITUDE","LN_CLOSE_DIR","LOCATION_TYPE","LONGITUDE","MAX_SEVERITY_LEVEL","MCYCLE_DEATH_COUNT","MCYCLE_SUSP_SERIOUS_INJ_COUNT","MOTORCYCLE_COUNT","MUNICIPALITY","NONMOTR_COUNT","NONMOTR_DEATH_COUNT","NONMOTR_SUSP_SERIOUS_INJ_COUNT","NTFY_HIWY_MAINT","PED_COUNT","PED_DEATH_COUNT","PED_SUSP_SERIOUS_INJ_COUNT","PERSON_COUNT","POLICE_AGCY","POSSIBLE_INJ_COUNT","RDWY_SURF_TYPE_CD","RELATION_TO_ROAD","ROAD_CONDITION","SCH_BUS_IND","SCH_ZONE_IND","SMALL_TRUCK_COUNT","SPEC_JURIS_CD","SUSP_MINOR_INJ_COUNT","SUSP_SERIOUS_INJ_COUNT","SUV_COUNT","TCD_FUNC_CD","TCD_TYPE","TFC_DETOUR_IND","TIME_OF_DAY","TOT_INJ_COUNT","TOTAL_UNITS","UNB_DEATH_COUNT","UNB_SUSP_SERIOUS_INJ_COUNT","UNBELTED_OCC_COUNT","UNK_INJ_DEG_COUNT","UNK_INJ_PER_COUNT","URBAN_RURAL","VAN_COUNT","VEHICLE_COUNT","WORK_ZONE_IND","WORK_ZONE_LOC","WORK_ZONE_TYPE","WORKERS_PRES","WZ_CLOSE_DETOUR","WZ_FLAGGER","WZ_LAW_OFFCR_IND","WZ_LN_CLOSURE","WZ_MOVING","WZ_OTHER","WZ_SHLDER_MDN","ROADWAY_CLEARED","WEATHER1","WEATHER2","WZ_WORKERS_INJ_KILLED","SECONDARY_CRASH","INTERSECTION_RELATED"
"0953","1","0","0","0","0","0","0","0","0","1","0","","36","05","2018","2018052425","5","39.984","-76.0856","0946","08","0","0","0","0","0","0","0","0","1","0","1","0","09","1","0","00","1","39 59:02.324","4","00","76 05:08.045","0","0","0","0","36226","0","0","0","N","0","0","0","2","68J01","0","","1","01","N","N","0","","0","0","0","0","0","N","0942","0","2","0","0","0","0","0","1","0","2","N","","","","","","","","","","","","03","  ","","",""
"1737","0","0","0","0","0","0","0","0","0","1","0","","36","05","2018","2018052435","6","39.8768","-76.2202","1709","08","0","0","1","0","0","0","1","0","2","0","0","0","17","1","0","00","1","39 52:36.377","6","00","76 13:12.858","0","0","0","0","36212","0","0","0","N","0","0","0","4","68J01","0","","1","01","N","N","0","","0","0","2","0","0","Y","1707","0","2","0","0","0","0","0","1","0","2","N","","","","","","","","","","","","03","  ","","",""
"2140","1","0","0","0","0","0","0","0","0","1","0","","36","05","2018","2018052440","6","39.9047","-76.1831","2137","08","0","0","0","0","0","0","0","0","","0","0","0","21","2","1","01","0","39 54:16.952","","00","76 10:59.009","3","0","0","0","36229","0","0","0","N","0","0","0","5","68J01","0","","1","01","N","N","0","","1","0","1","0","0","","2134","1","2","0","0","1","0","0","1","0","2","N","","","","","","","","","","","","03","  ","","",""
"1741","0","0","0","0","0","0","0","0","0","4","0","","36","05","2018","2018052450","7","40.0392","-76.0644","1731","08","0","0","0","0","0","1","0","0","3","0","0","0","17","1","6","01","1","40 02:21.008","4","00","76 03:51.801","3","0","0","0","36234","0","0","0","N","0","0","0","7","68J01","1","","1","01","N","N","1","","5","0","1","3","3","N","1730","6","2","0","0","0","0","0","1","0","2","N","","","","","","","","","","","","03","  ","","",""
"1506","2","0","0","0","0","0","0","0","0","1","0","","36","05","2018","2018052479","2","40.1175","-76.0506","1502","08","0","2","0","0","0","0","0","0","","0","0","0","15","1","2","00","0","40 07:03.066","","00","76 03:02.221","3","0","0","0","36213","0","0","0","N","0","0","0","6","36213","0","","1","01","N","N","0","","1","0","0","0","0","","1500","2","2","0","0","0","1","0","1","0","2","N","","","","","","","","","","","","03","  ","","",""
"1805","1","0","0","0","0","0","0","0","0","7","0","","36","05","2018","2018052492","1","40.0485","-76.2548","1759","08","0","0","0","0","0","1","0","0","","0","0","0","17","1","1","07","0","40 02:54.600","","02","76 15:17.182","3","0","0","0","36215","0","0","0","N","0","0","0","1","36215","0","","5","09","N","N","0","","1","0","0","0","0","","1755","1","1","0","0","0","0","0","1","0","1","N","","","","","","","","","","","","03","  ","","",""
"2050","1","0","0","0","0","0","0","0","0","7","0","","36","05","2018","2018052493","2","40.0763","-76.2324","2044","08","0","0","0","0","0","0","0","0","2","0","0","0","20","2","0","02","2","40 04:34.615","6","00","76 13:56.485","0","0","0","0","36215","0","0","0","N","0","0","0","1","36215","0","","5","01","N","N","0","","0","0","0","0","0","Y","2043","0","1","0","0","0","0","0","1","0","1","N","","","","","","","","","","","","03","  ","","",""
"1609","0","0","0","0","0","0","0","0","0","4","0","","36","05","2018","2018052494","3","40.074","-76.2041","1609","08","0","0","0","0","0","0","2","0","1","0","0","0","15","1","5","02","2","40 04:26.574","7","00","76 12:14.922","4","0","0","0","36234","0","0","0","N","0","0","0","10","36215","5","","1","01","N","N","0","","0","0","1","3","3","N","1518","5","2","0","0","1","0","0","1","1","2","N","","","","","","","","","","","","03","  ","","",""
"1615","1","0","0","0","0","0","0","0","0","1","0","","36","05","2018","2018052495","6","40.0148","-76.1542","1606","08","0","0","1","0","0","0","0","0","","0","0","0","16","1","0","00","0","40 00:54.244","","00","76 09:19.404","0","0","0","0","36215","0","0","0","N","0","0","0","3","36215","0","","1","01","N","N","0","","0","0","1","0","0","","1605","0","2","0","0","0","0","0","1","0","2","N","","","","","","","","","","","","03","  ","","",""
"1115","3","0","0","0","0","0","0","0","0","1","0","","36","05","2018","2018052496","7","40.0815","-76.2366","1056","08","0","0","0","0","0","0","0","1","1","0","0","0","10","1","2","00","2","40 04:53.342","4","00","76 14:11.794","3","0","0","0","36234","0","0","0","N","0","0","0","4","36215","0","","1","01","N","N","0","","2","0","0","0","0","N","1054","2","3","0","0","0","0","0","1","0","3","N","","","","","","","","","","","","03","  ","","",""
"2125","0","0","0","0","0","0","0","0","0","1","0","","36","05","2018","2018052534","4","40.0351","-76.5083","2121","08","0","0","0","0","0","0","0","0","","0","0","0","21","3","0","00","0","40 02:06.369","","00","76 30:29.750","0","0","0","0","36404","0","0","0","N","0","0","0","1","36404","0","","6","01","N","N","1","","0","0","1","0","0","","2121","0","2","0","0","0","0","0","3","0","2","N","","","","","","","","","","","","03","  ","","",""
"2131","0","0","0","0","0","0","0","0","0","4","0","","36","05","2018","2018052566","5","40.065","-76.4445","2129","08","0","0","0","0","0","0","0","1","2","0","0","0","21","2","1","02","2","40 03:54.120","5","00","76 26:40.232","3","0","0","1","36239","0","0","0","N","0","0","0","2","36239","0","","1","01","N","N","1","","1","0","0","0","0","Y","2126","1","2","0","0","0","0","0","3","0","2","N","","","","","","","","","","","","03","  ","","",""
"2105","2","0","0","0","0","0","0","0","0","4","0","","36","05","2018","2018052572","4","40.0366","-76.3033","2101","08","0","0","0","0","0","0","0","0","","0","0","0","21","3","1","01","0","40 02:11.783","","00","76 18:11.766","3","0","0","0","36301","0","0","0","N","0","0","0","2","36301","0","","1","01","N","N","0","","1","0","0","3","2","","2101","1","2","0","0","0","0","0","3","0","2","N","","","","","","","","","","","","03","  ","","",""
"1841","2","0","0","0","0","0","0","0","0","4","0","","36","05","2018","2018052574","5","40.0487","-76.2989","1839","08","0","0","0","0","0","1","0","0","2","0","0","0","18","1","0","01","2","40 02:55.262","2","00","76 17:55.975","0","0","0","0","36301","0","0","0","N","0","0","0","2","36301","0","","1","01","N","N","0","","0","0","0","3","3","Y","1838","0","2","0","0","0","0","0","3","0","2","N","","","","","","","","","","","","03","  ","","",""
"1447","1","0","0","0","0","0","0","0","0","8","0","","36","05","2018","2018052689","1","40.1694","-76.1978","1440","08","0","0","0","0","0","0","0","0","","0","0","0","14","1","1","01","0","40 10:09.748","","00","76 11:51.952","3","0","0","0","36408","1","0","0","N","1","0","0","2","36408","0","","1","09","N","N","0","","1","0","0","3","2","","1415","1","2","0","0","0","0","0","2","0","1","N","","","","","","","","","","","","07","  ","","",""
"1448","1","0","0","0","0","0","0","0","0","2","0","","36","05","2018","2018052707","7","40.019","-76.3691","1447","08","0","0","0","0","0","0","1","0","1","0","0","0","14","1","2","01","2","40 01:08.536","5","00","76 22:08.918","4","0","0","0","36223","0","0","0","N","0","0","0","2","36223","2","","1","01","N","N","1","","0","0","0","3","3","Y","1445","2","2","0","0","0","0","0","1","0","2","N","","","","","","","","","","","","03","  ","","",""
"1314","2","0","0","0","0","0","0","0","0","4","0","","36","04","2018","2018052708","2","40.1888","-76.457","1311","08","0","0","0","0","0","1","0","0","","0","0","0","13","1","0","00","0","40 11:19.723","","00","76 27:25.064","0","0","0","0","36230","0","0","0","","0","0","0","2","36410","0","","1","01","N","N","0","","0","0","0","0","0","","1310","0","2","0","0","0","0","0","1","0","2","N","","","","","","","","","","","","03","  ","","",""
"1702","1","0","0","0","0","0","0","0","0","1","0","","36","05","2018","2018052732","3","40.1509","-76.2632","1659","08","0","0","0","0","0","2","0","0","1","0","0","0","16","1","0","00","1","40 09:03.155","4","00","76 15:47.360","0","0","0","0","36235","0","0","0","N","0","0","0","3","36506","0","","1","01","N","N","1","","0","0","0","0","0","N","1659","0","2","0","0","0","0","0","1","0","2","N","","","","","","","","","","","","03","  ","","",""
"0500","0","0","0","0","0","0","0","0","0","7","1","","36","05","2018","2018052742","7","40.036","-76.5222","0452","08","0","0","0","0","0","0","0","0","2","0","1","0","04","5","0","00","1","40 02:09.467","4","03","76 31:19.887","0","0","0","0","36239","0","0","0","N","0","0","0","2","36239","0","","2","01","N","N","0","","0","0","1","0","0","N","0452","0","2","0","0","0","0","0","3","0","2","N","","","","","","","","","","","","03","  ","","",""
"1936","1","0","0","0","0","0","0","0","0","4","0","","36","04","2018","2018052918","2","40.031","-76.2354","1934","08","0","0","0","0","0","0","0","0","1","0","0","0","19","1","1","01","2","40 01:50.123","4","00","76 14:03.641","4","0","0","0","36215","0","0","0","","0","0","0","3","36215","1","","1","01","N","N","0","","0","0","1","3","2","N","1934","1","2","0","0","0","0","0","1","0","2","N","","","","","","","","","","","","03","  ","","",""
"1543","1","0","0","0","0","0","0","0","0","4","0","","36","05","2018","2018053028","5","40.0579","-76.2948","1532","08","1","0","0","0","0","0","0","0","","0","0","0","15","1","0","00","0","40 03:28.290","","00","76 17:41.410","0","0","0","0","36101","0","0","0","N","0","0","0","2","36101","0","","1","01","N","Y","1","","0","0","0","0","0","","1525","0","2","0","0","0","0","0","3","0","2","N","","","","","","","","","","","","03","  ","","",""
"2035","1","0","0","0","0","0","0","0","0","5","1","","36","05","2018","2018053029","5","40.0707","-76.3203","2024","08","0","0","0","0","0","0","0","0","","0","1","0","07","1","0","00","0","40 04:14.364","","00","76 19:13.154","0","0","0","0","36101","0","0","0","N","0","0","0","2","36101","0","","1","09","N","N","0","","0","0","0","0","0","","0709","0","2","0","0","0","0","0","3","0","2","N","","","","","","","","","","","","07","  ","","",""
"1645","1","0","0","0","0","0","0","0","0","1","0","","36","05","2018","2018053030","2","40.0679","-76.2951","1642","08","0","0","0","0","0","1","0","0","","0","0","0","16","1","0","00","0","40 04:04.613","","00","76 17:42.475","0","0","0","0","36101","0","0","0","N","0","0","0","3","36101","0","","1","01","N","N","2","","0","0","0","0","0","","1639","0","3","0","0","0","0","0","3","0","3","N","","","","","","","","","","","","03","  ","","",""
"1204","1","0","0","0","0","0","0","0","0","1","0","","36","05","2018","2018053031","3","40.0812","-76.2934","1201","08","0","0","0","0","0","0","1","0","2","0","0","0","11","1","1","02","2","40 04:52.627","1","00","76 17:35.836","8","0","0","0","36101","0","0","0","N","0","0","0","2","36101","0","","1","01","N","N","0","","0","0","1","0","0","Y","1155","1","2","0","0","0","1","0","3","0","2","N","","","","","","","","","","","","03","  ","","",""
"1717","2","0","0","0","0","0","0","0","0","1","0","","36","04","2018","2018053044","2","40.0685","-76.3074","1715","08","0","0","0","0","0","0","0","0","2","0","0","0","16","1","0","01","1","40 04:06.527","3","00","76 18:26.750","0","0","0","0","36101","0","0","0","N","0","0","0","3","36101","0","","1","01","N","N","0","","0","0","1","0","0","N","1655","0","3","0","0","0","0","0","3","0","3","N","","","","","","","","","","","","03","  ","","",""
"1630","0","0","0","0","0","0","0","0","0","0","0","","36","05","2018","2018053102","5","40.1205","-76.5639","1628","08","0","0","0","0","0","1","0","0","1","0","0","0","16","1","0","00","1","40 07:13.782","5","00","76 33:49.892","0","0","0","0","36237","0","0","0","N","0","0","0","2","36505","0","","1","01","N","N","2","","0","0","0","0","0","Y","1620","0","2","0","0","0","0","0","1","0","2","N","","","","","","","","","","","","03","  ","","",""
"2106","1","0","0","0","0","0","0","0","0","4","0","","36","05","2018","2018053115","5","40.1399","-76.3827","2059","08","0","1","0","0","0","0","0","0","","0","0","0","20","3","1","01","0","40 08:23.771","","00","76 22:57.704","3","0","0","0","36227","0","0","0","N","0","0","0","6","36506","0","","1","01","N","N","1","","1","0","0","3","2","","2059","1","2","0","0","0","0","0","1","0","2","N","","","","","","","","","","","","03","  ","","",""
"1612","2","0","0","0","0","0","0","0","0","1","0","","36","05","2018","2018053174","2","40.135","-75.9559","1558","08","0","0","0","0","0","0","0","1","","0","0","0","15","1","2","00","0","40 08:05.823","","00","75 57:21.304","3","0","0","0","36203","0","0","0","N","0","0","0","3","68J01","0","","1","01","N","N","0","","2","0","0","0","0","","1554","2","2","0","0","0","0","0","1","0","2","N","","","","","","","","","","","","03","  ","","",""
"1433","0","0","0","0","0","0","0","0","0","8","0","","36","05","2018","2018053198","4","40.0384","-76.3013","1430","08","0","0","0","0","0","1","0","0","1","0","0","0","14","1","1","01","1","40 02:18.358","1","00","76 18:04.767","3","0","0","0","36301","1","0","0","N","1","0","0","2","36301","0","","1","09","N","N","0","","1","0","0","3","2","N","1430","1","2","0","0","0","0","0","3","1","1","N","","","","","","","","","","","","07","  ","","",""
"1526","2","0","0","0","0","0","0","0","0","4","0","","36","05","2018","2018053199","7","40.0511","-76.2239","1526","08","0","0","1","1","0","0","0","0","2","0","0","0","15","1","2","00","2","40 03:03.972","5","00","76 13:26.097","3","0","0","0","36234","0","0","0","N","0","0","0","2","36215","0","","1","01","N","N","0","","2","0","0","3","8","Y","1524","2","2","0","0","0","0","0","1","0","2","N","","","","","","","","","","","","03","  ","","",""
"2259","1","0","0","0","0","0","0","0","0","4","0","","36","05","2018","2018053219","4","40.1732","-76.3772","2256","08","0","0","0","0","0","1","0","0","1","0","0","0","22","3","0","01","1","40 10:23.502","3","00","76 22:37.897","0","0","0","0","36227","0","0","0","N","0","0","0","2","36506","0","","1","01","N","N","1","","0","0","0","3","2","Y","2256","0","2","0","0","0","0","0","1","0","2","N","","","","","","","","","","","","03","  ","","",""
"1903","1","0","0","0","0","0","0","0","0","7","0","","36","05","2018","2018053223","7","40.1474","-76.329","1858","08","0","1","0","0","0","0","0","0","","0","0","0","18","1","0","00","0","40 08:50.651","","00","76 19:44.308","0","0","0","0","36227","0","0","0","N","0","0","0","1","36506","0","","2","09","N","N","0","","0","0","0","0","0","","1858","0","1","0","0","0","0","0","1","0","1","N","","","","","","","","","","","","07","  ","","",""
"2051","0","0","0","0","0","0","0","0","0","7","0","","36","05","2018","2018053227","3","40.0319","-76.4909","2045","08","0","0","0","0","0","0","0","0","","0","0","0","20","3","0","00","0","40 01:54.949","","00","76 29:27.386","0","0","0","0","36404","0","0","0","N","0","0","0","1","36404","0","","5","01","N","N","1","","0","0","0","3","2","","2045","0","1","0","0","0","0","0","3","0","1","N","","","","","","","","","","","","03","  ","","",""
"1231","1","0","0","0","0","0","0","0","0","1","0","","36","05","2018","2018053235","1","40.0701","-76.2875","1225","08","0","0","0","0","0","1","0","0","1","0","0","0","12","1","1","00","1","40 04:12.434","2","00","76 17:15.085","4","0","0","0","36101","0","0","0","N","0","0","0","3","36101","1","","1","09","N","N","0","","0","0","1","0","0","N","1223","1","2","0","0","0","0","0","3","0","2","N","","","","","","","","","","","","07","  ","","",""
"1341","0","0","0","0","0","0","0","0","0","7","0","","36","05","2018","2018053236","1","40.1078","-76.3338","1339","08","1","0","0","0","0","0","0","0","","0","0","0","13","1","0","00","0","40 06:28.191","","00","76 20:01.652","0","0","0","0","36101","0","0","0","N","0","0","0","1","36101","0","","4","09","N","N","0","","0","0","1","0","0","","1328","0","1","0","0","0","0","0","3","0","1","N","","","","","","","","","","","","07","  ","","",""
"1620","0","0","0","0","0","0","0","0","0","4","0","","36","05","2018","2018053237","3","40.0891","-76.3049","1611","08","0","0","0","0","0","0","1","1","","0","0","0","16","1","0","00","0","40 05:20.657","","00","76 18:17.740","0","0","0","0","36101","0","0","0","N","0","0","0","3","36101","0","","1","01","N","N","0","","0","0","2","0","0","","1609","0","2","0","0","0","0","0","3","0","2","N","","","","","","","","","","","","03","  ","","",""
"1730","1","0","0","0","0","0","0","0","0","1","0","","36","05","2018","2018053238","3","40.1115","-76.356","1727","08","0","0","1","0","0","0","0","0","1","0","0","0","17","1","0","02","2","40 06:41.494","2","00","76 21:21.712","0","0","0","0","36214","0","0","0","N","0","0","0","2","36214","0","","1","09","N","N","1","","0","0","0","0","0","N","1720","0","2","0","0","0","0","0","3","0","2","N","","","","","","","","","","","","07","  ","","",""
"1654","1","0","0","0","0","0","0","0","0","1","0","","36","05","2018","2018053253","4","40.0182","-76.3524","1636","08","0","0","0","0","1","0","0","0","","0","0","0","16","1","0","00","0","40 01:05.565","","00","76 21:08.479","0","0","0","0","36101","0","0","0","N","0","0","0","2","36101","0","","1","01","N","N","1","","0","0","0","0","0","","1621","0","2","0","0","0","0","0","3","0","2","N","","","","","","","","","","","","03","  ","","",""
"1234","1","0","0","0","0","0","0","0","0","1","0","","36","05","2018","2018053254","6","40.1257","-76.2968","1228","08","0","0","0","0","0","1","1","0","2","0","0","0","12","1","3","00","2","40 07:32.610","6","07","76 17:48.420","3","0","0","0","36101","0","0","0","N","0","0","0","3","36101","2","","1","01","N","N","0","","1","0","2","0","0","N","1226","3","3","0","0","0","0","0","3","0","3","N","","","","","","","","","","","","03","  ","","",""
"1333","0","0","0","0","0","0","0","0","0","4","1","35","36","05","2018","2018053255","7","40.0595","-76.3346","1318","08","0","0","0","0","0","0","0","0","2","0","1","0","13","1","0","00","2","40 03:34.367","6","07","76 20:04.638","0","0","0","0","36101","0","0","0","N","0","0","0","2","36101","0","","1","01","N","N","0","","0","0","1","0","0","N","1315","0","2","0","0","0","0","0","3","0","2","Y","4","1","U","N","N","N","N","N","N","Y","","03","  ","","",""
"1753","0","0","0","0","0","0","0","0","0","7","0","","36","05","2018","2018053289","4","40.149","-76.1789","1748","08","0","0","0","0","0","0","0","0","2","0","0","0","17","1","0","00","1","40 08:56.333","1","00","76 10:43.974","0","0","0","0","36238","0","0","0","Y","0","0","0","3","36238","0","","3","09","N","N","0","","0","0","1","0","0","N","1746","0","1","0","0","0","0","0","3","0","1","N","","","","","","","","","","","","07","  ","","",""
"1803","2","0","0","0","0","0","0","0","0","4","0","","36","05","2018","2018053294","4","39.9991","-76.2647","1759","08","0","0","0","0","0","1","0","1","","0","0","0","17","1","0","02","0","39 59:56.924","","00","76 15:52.767","0","0","0","0","36240","0","0","0","N","0","0","0","2","36240","0","","1","09","N","N","0","","0","0","0","3","3","","1751","0","2","0","0","0","0","0","1","0","2","N","","","","","","","","","","","","07","  ","","",""
"2233","0","0","0","0","0","0","0","0","0","5","1","","36","05","2018","2018053309","3","40.1228","-76.2221","2227","08","0","0","0","0","0","0","0","0","","0","1","0","22","2","0","00","0","40 07:22.090","","00","76 13:19.472","0","0","0","0","36238","0","0","0","N","0","0","0","1","36238","0","","2","01","N","N","0","","0","0","0","0","0","","2224","0","2","0","0","0","0","0","3","1","2","N","","","","","","","","","","","","03","  ","","",""
"2153","1","0","0","0","0","0","0","0","0","7","0","","36","05","2018","2018053327","4","40.1556","-76.0563","2150","08","0","0","0","0","1","0","0","0","3","0","0","0","21","2","1","00","2","40 09:20.123","6","00","76 03:22.729","2","0","0","0","36213","0","0","0","N","0","0","0","1","36213","0","","5","09","N","N","0","","0","1","0","0","0","Y","2148","1","1","0","1","1","0","0","1","0","1","N","","","","","","","","","","","","07","  ","","",""
"0158","2","0","0","0","0","0","0","0","0","5","0","","36","04","2018","2018053332","4","40.0471","-76.303","0152","08","0","0","0","0","0","0","0","0","2","0","0","0","01","3","0","00","2","40 02:49.644","1","00","76 18:10.920","9","0","0","0","36301","0","0","0","N","0","0","0","1","36301","0","","4","09","N","N","1","","0","0","1","0","0","N","0148","0","4","0","0","0","0","1","3","0","4","N","","","","","","","","","","","","07","  ","","",""
"2149","1","0","0","0","0","0","0","0","0","1","0","","36","05","2018","2018053450","6","39.9858","-76.2836","2144","08","0","0","0","1","0","0","0","0","","0","0","0","21","3","0","01","0","39 59:09.292","","00","76 17:01.207","0","0","0","0","36240","0","0","0","N","0","0","0","2","36240","0","","1","01","N","N","0","","0","0","1","3","2","","2140","0","2","0","0","0","0","0","1","0","2","N","","","","","","","","","","","","03","  ","","",""
"1809","1","0","0","0","0","0","0","0","0","1","0","","36","05","2018","2018053424","4","40.0702","-76.3553","1801","08","0","0","0","0","0","1","0","0","","0","0","0","17","1","0","02","0","40 04:12.719","","00","76 21:19.027","0","0","0","0","36214","0","0","0","N","0","0","0","2","36214","0","","1","09","N","N","1","","0","0","0","0","0","","1758","0","2","0","0","0","0","0","3","0","2","N","","","","","","","","","","","","07","  ","","",""
"0749","1","0","0","0","0","0","0","0","0","1","1","","36","05","2018","2018053434","4","40.0925","-76.3492","0738","08","0","0","0","0","0","1","0","0","1","0","1","0","07","1","0","00","1","40 05:33.175","2","00","76 20:57.240","0","0","0","0","36214","0","0","0","N","0","0","0","2","36214","0","","1","01","N","N","0","","0","0","0","0","0","N","0735","0","2","0","0","0","0","0","3","0","2","N","","","","","","","","","","","","07","  ","","",""
"2008","2","0","0","0","0","0","0","0","0","4","0","","36","05","2018","2018053436","7","40.025","-76.3302","2003","08","0","0","0","0","0","0","0","0","","0","0","0","20","4","2","00","0","40 01:30.113","","00","76 19:48.779","3","0","0","0","36220","0","0","0","N","0","0","0","2","36101","0","","1","09","N","N","0","","2","0","0","0","0","","2000","2","2","0","0","1","0","0","3","0","2","N","","","","","","","","","","","","07","  ","","",""
"0627","2","0","0","0","0","0","0","0","0","1","0","","36","04","2018","2018053452","7","40.1454","-76.117","0620","08","0","0","0","0","0","0","1","1","","0","0","0","06","1","0","01","0","40 08:43.597","","00","76 07:01.050","0","0","0","0","36209","0","0","0","N","0","0","0","3","36415","0","","1","01","N","N","1","","0","0","0","3","2","","0618","0","3","0","0","0","0","0","1","0","3","N","","","","","","","","","","","","05","  ","","",""
"1629","0","0","0","0","0","0","0","0","0","7","0","","36","05","2018","2018053488","4","40.0741","-76.3709","1626","08","0","0","0","0","0","0","0","0","2","0","0","0","16","1","1","01","1","40 04:26.901","4","00","76 22:15.317","4","0","0","0","36214","0","0","0","N","0","0","0","4","36214","1","","5","09","N","N","0","","0","0","1","3","2","N","1626","1","1","0","0","0","0","0","3","0","1","N","","","","","","","","","","","","07","  ","","",""
"1141","0","0","0","0","0","0","0","0","0","4","0","","36","05","2018","2018053506","4","40.037","-76.5057","1137","08","0","0","0","0","0","0","0","0","2","0","0","0","11","1","0","01","1","40 02:13.074","1","00","76 30:20.502","0","0","0","0","36404","0","0","0","N","0","0","0","2","36404","0","","1","09","N","N","0","","0","0","2","3","3","N","1130","0","2","0","0","0","0","0","3","0","2","N","","","","","","","","","","","","07","  ","","",""
"0758","1","0","0","0","0","0","0","0","0","4","0","","36","05","2018","2018053542","5","40.161","-76.3857","0749","08","0","0","1","0","1","0","0","0","1","0","0","0","07","1","0","02","1","40 09:39.744","2","00","76 23:08.664","0","0","0","0","36410","0","0","0","N","0","0","0","2","36410","0","","1","09","N","N","0","","0","0","1","3","3","N","0748","0","2","0","0","0","0","0","2","0","2","N","","","","","","","","","","","","03","  ","","",""
"1106","1","0","0","0","0","0","0","0","0","7","0","","36","04","2018","2018053546","1","40.0996","-76.0853","1059","08","0","0","0","0","0","0","0","0","","0","0","0","10","1","1","00","0","40 05:58.384","","00","76 05:07.100","2","0","0","0","36415","0","0","0","N","0","0","0","3","36415","0","","4","01","N","N","0","","0","1","0","0","0","","1055","1","1","0","0","0","0","0","1","0","1","N","","","","","","","","","","","","03","  ","","",""
"1819","2","0","0","0","0","0","0","0","0","5","0","","36","05","2018","2018053624","4","40.1433","-76.5951","1818","08","0","0","0","0","0","0","0","0","1","0","0","0","18","1","0","00","2","40 08:35.714","6","00","76 35:42.491","0","0","0","0","36407","0","0","0","N","0","0","0","3","36407","0","","1","09","N","N","0","","0","0","0","0","0","N","1818","0","2","0","0","0","0","0","2","0","2","N","","","","","","","","","","","","07","  ","","",""
"0645","2","0","0","0","0","0","0","0","0","4","0","","36","05","2018","2018053635","6","40.1138","-76.2451","0629","08","0","0","0","0","0","1","0","0","","0","0","0","06","1","0","02","0","40 06:49.628","","00","76 14:42.364","0","0","0","0","36101","0","0","0","N","0","0","0","2","36101","0","","1","01","N","N","0","","0","0","0","3","3","","0626","0","2","0","0","0","0","0","3","0","2","N","","","","","","","","","","","","03","  ","","",""
"0845","1","0","0","0","0","0","0","0","0","4","0","","36","05","2018","2018053636","4","40.0567","-76.2929","0837","08","0","0","0","0","0","1","0","0","","0","0","0","07","1","0","01","0","40 03:24.062","","00","76 17:34.321","0","0","0","0","36101","0","0","0","N","0","0","0","2","36101","0","","1","09","N","N","0","","0","0","1","3","3","","0759","0","2","0","0","0","0","0","3","0","2","N","","","","","","","","","","","","07","  ","","",""
"1606","2","0","0","0","0","0","0","0","0","1","0","","36","05","2018","2018053637","4","40.0691","-76.3087","1600","08","0","0","0","0","0","1","0","0","","0","0","0","15","1","1","00","0","40 04:08.752","","00","76 18:31.472","4","0","0","0","36101","0","0","0","N","0","0","0","3","36101","1","","1","09","N","N","0","","0","0","0","0","0","","1558","1","2","0","0","0","0","0","3","0","2","N","","","","","","","","","","","","07","  ","","",""
"1415","2","0","0","0","0","0","0","0","0","1","0","","36","05","2018","2018053638","1","40.0376","-76.2675","1415","08","0","0","0","0","0","0","1","0","1","0","0","0","14","1","2","00","1","40 02:15.293","4","00","76 16:03.165","3","0","0","0","36215","0","0","0","N","0","0","0","3","36215","0","","1","01","N","N","0","","2","0","0","0","0","Y","1415","2","2","0","0","0","0","0","1","0","2","N","","","","","","","","","","","","03","  ","","",""
"1630","2","0","0","0","0","0","0","0","0","1","0","","36","05","2018","2018053639","1","40.0343","-76.1975","1628","08","0","0","0","0","0","0","0","0","","0","0","0","16","1","0","00","0","40 02:03.488","","07","76 11:50.914","0","0","0","0","36215","0","0","0","N","0","0","0","4","36215","0","","1","01","N","N","0","","0","0","0","0","0","","1628","0","2","0","0","0","0","0","1","0","2","N","","","","","","","","","","","","03","  ","","",""