"ARRIVAL_TM","AUTOMOBILE_COUNT","BELTED_DEATH_COUNT","BELTED_SUSP_SERIOUS_INJ_COUNT","BICYCLE_COUNT","BICYCLE_DEATH_COUNT","BICYCLE_SUSP_SERIOUS_INJ_COUNT","BUS_COUNT","CHLDPAS_DEATH_COUNT","CHLDPAS_SUSP_SERIOUS_INJ_COUNT","COLLISION_TYPE","COMM_VEH_COUNT","CONS_ZONE_SPD_LIM","COUNTY","CRASH_MONTH","CRASH_YEAR","CRN","DAY_OF_WEEK","DEC_LAT","DEC_LONG","DISPATCH_TM","DISTRICT","DRIVER_COUNT_16YR","DRIVER_COUNT_17YR","DRIVER_COUNT_18YR","DRIVER_COUNT_19YR","DRIVER_COUNT_20YR","DRIVER_COUNT_50_64YR","DRIVER_COUNT_65_74YR","DRIVER_COUNT_75PLUS","EST_HRS_CLOSED","FATAL_COUNT","HEAVY_TRUCK_COUNT","HORSE_BUGGY_COUNT","HOUR_OF_DAY","ILLUMINATION","INJURY_COUNT","INTERSECT_TYPE","LANE_CLOSED","LATITUDE","LN_CLOSE_DIR","LOCATION_TYPE","LONGITUDE","MAX_SEVERITY_LEVEL","MCYCLE_DEATH_COUNT","MCYCLE_SUSP_SERIOUS_INJ_COUNT","MOTORCYCLE_COUNT","MUNICIPALITY","NONMOTR_COUNT","NONMOTR_DEATH_COUNT","NONMOTR_SUSP_SERIOUS_INJ_COUNT","NTFY_HIWY_MAINT","PED_COUNT","PED_DEATH_COUNT","PED_SUSP_SERIOUS_INJ_COUNT","PERSON_COUNT","POLICE_AGCY","POSSIBLE_INJ_COUNT","RDWY_SURF_TYPE_CD","RELATION_TO_ROAD","ROAD_CONDITION","SCH_BUS_IND","SCH_ZONE_IND","SMALL_TRUCK_COUNT","SPEC_JURIS_CD","SUSP_MINOR_INJ_COUNT","SUSP_SERIOUS_INJ_COUNT","SUV_COUNT","TCD_FUNC_CD","TCD_TYPE","TFC_DETOUR_IND","TIME_OF_DAY","TOT_INJ_COUNT","TOTAL_UNITS","UNB_DEATH_COUNT","UNB_SUSP_SERIOUS_INJ_COUNT","UNBELTED_OCC_COUNT","UNK_INJ_DEG_COUNT","UNK_INJ_PER_COUNT","URBAN_RURAL","VAN_COUNT","VEHICLE_COUNT","WORK_ZONE_IND","WORK_ZONE_LOC","WORK_ZONE_TYPE","WORKERS_PRES","WZ_CLOSE_DETOUR","WZ_FLAGGER","WZ_LAW_OFFCR_IND","WZ_LN_CLOSURE","WZ_MOVING","WZ_OTHER","WZ_SHLDER_MDN","ROADWAY_CLEARED","WEATHER1","WEATHER2","WZ_WORKERS_INJ_KILLED","SECONDARY_CRASH","INTERSECTION_RELATED"
"0544","1","0","0","0","0","0","0","0","0","4","0","","36","05","2018","2018053640","2","40.0187","-76.1739","0543","08","0","0","0","0","0","0","0","0","2","0","0","0","05","5","2","01","2","40 01:07.422","6","00","76 10:26.132","4","0","0","0","36215","0","0","0","N","0","0","0","2","36215","2","","1","09","N","N","0","","0","0","1","3","3","N","0540","2","2","0","0","0","0","0","1","0","2","N","","","","","","","","","","","","07","05","","",""
"1012","1","0","0","0","0","0","0","0","0","1","3","","36","05","2018","2018053641","4","40.0306","-76.2345","1011","08","0","0","0","0","0","2","0","1","2","0","3","0","10","1","0","00","1","40 01:50.203","3","00","76 14:04.085","0","0","0","0","36215","0","0","0","N","0","0","0","5","36215","0","","1","09","N","N","0","","0","0","0","0","0","N","1010","0","4","0","0","0","0","0","1","0","4","N","","","","","","","","","","","","07","  ","","",""
"1427","2","0","0","0","0","0","0","0","0","2","0","","36","05","2018","2018053642","4","40.0843","-76.2239","1420","08","0","0","0","0","0","1","0","0","","0","0","0","14","1","0","01","0","40 05:03.562","","00","76 13:25.981","0","0","0","0","36234","0","0","0","N","0","0","0","2","36215","0","","1","09","N","N","0","","0","0","0","3","2","","1420","0","2","0","0","0","0","0","1","0","2","N","","","","","","","","","","","","07","  ","","",""
"1606","1","0","0","0","0","0","0","0","0","7","0","","36","05","2018","2018053643","4","40.0909","-76.1692","1600","08","0","0","1","0","0","0","0","0","3","0","0","0","15","1","1","00","2","40 05:27.206","6","00","76 10:09.145","3","0","0","0","36234","0","0","0","N","0","0","0","1","36215","0","","4","09","N","N","0","","1","0","0","0","0","N","1559","1","1","0","0","0","0","0","1","0","1","N","","","","","","","","","","","","07","  ","","",""
"1902","1","0","0","0","0","0","0","0","0","4","0","","36","05","2018","2018053646","7","40.0309","-76.5041","1859","08","0","0","1","0","0","0","0","0","1","0","0","0","18","1","1","01","1","40 01:51.326","6","00","76 30:14.655","3","0","0","0","36404","0","0","0","N","0","0","0","6","36404","0","","1","09","N","N","0","","1","0","1","3","3","N","1859","1","2","0","0","0","0","0","3","0","2","N","","","","","","","","","","","","07","  ","","",""
"2016","0","0","0","0","0","0","0","0","0","8","0","","36","04","2018","2018053657","7","40.0378","-76.2707","2013","08","0","0","0","0","0","1","0","0","2","0","0","0","20","3","1","10","2","40 02:16.133","6","07","76 16:14.672","3","0","0","0","36215","1","0","0","","1","0","0","2","36215","0","","5","09","N","N","0","","1","0","1","0","0","N","2012","1","2","0","0","0","0","0","1","0","1","N","","","","","","","","","","","","07","  ","","",""
"0957","1","0","0","0","0","0","0","0","0","1","0","","36","05","2018","2018053658","4","40.0232","-76.3624","0957","08","0","0","0","0","2","0","0","0","","0","0","0","09","1","0","00","0","40 01:23.689","","00","76 21:44.530","0","0","0","0","36223","0","0","0","","0","0","0","2","36223","0","","1","01","N","N","0","","0","0","1","0","0","","0950","0","2","0","0","0","0","0","1","0","2","N","","","","","","","","","","","","03","  ","","",""
"0756","1","0","0","0","0","0","0","0","0","3","0","","36","05","2018","2018053659","3","40.0426","-76.3114","0749","08","0","0","0","0","0","0","0","0","","0","0","0","07","5","0","00","0","40 02:33.380","","00","76 18:41.000","0","0","0","0","36301","0","0","0","N","0","0","0","2","36301","0","","1","01","N","N","0","","0","0","1","0","0","","0730","0","2","0","0","0","0","0","3","0","2","N","","","","","","","","","","","","03","  ","","",""
"0458","1","0","0","0","0","0","0","0","0","0","0","","36","05","2018","2018053681","5","40.0733","-76.0714","0451","08","0","0","0","0","0","0","0","0","","0","0","0","04","2","0","00","0","40 04:23.752","","00","76 04:17.053","0","0","0","0","36209","0","0","0","N","0","0","0","1","36415","0","","5","09","N","N","0","","0","0","0","0","0","","0451","0","1","0","0","0","0","0","1","0","1","N","","","","","","","","","","","","07","  ","","",""
"1802","1","0","0","0","0","0","0","0","0","4","0","","36","05","2018","2018053706","7","40.071","-76.326","1705","08","0","0","0","0","0","1","0","0","3","0","1","0","17","1","1","00","1","40 04:15.635","4","03","76 19:33.466","3","0","0","0","36101","0","0","0","Y","0","0","0","2","36301","0","","1","01","N","N","0","","1","0","0","0","0","N","1705","1","3","0","0","0","0","0","3","0","2","N","","","","","","","","","","","","03","  ","","",""
"1435","2","0","0","0","0","0","0","0","0","5","0","","36","05","2018","2018053715","4","40.0437","-76.3068","1424","08","0","0","0","0","0","0","0","1","","0","0","0","14","1","0","00","0","40 02:37.155","","00","76 18:24.371","0","0","0","0","36301","0","0","0","N","0","0","0","2","36301","0","","1","09","N","N","0","","0","0","0","0","0","","1417","0","2","0","0","0","0","0","3","0","2","N","","","","","","","","","","","","07","  ","","",""
"1854","0","0","0","0","0","0","0","0","0","1","0","","36","05","2018","2018053725","5","39.9922","-76.2857","1843","08","0","0","0","0","0","1","0","0","","0","0","0","18","1","1","00","0","39 59:31.844","","00","76 17:08.659","8","0","0","0","36240","0","0","0","N","0","0","0","3","36240","0","","1","01","N","N","0","","0","0","2","3","2","","1841","1","2","0","0","0","1","0","1","0","2","N","","","","","","","","","","","","03","  ","","",""
"1522","1","0","0","0","0","0","0","0","0","7","0","","36","05","2018","2018053776","4","40.1893","-76.1854","1518","08","0","0","0","1","0","0","0","0","1","0","0","0","15","1","0","00","1","40 11:21.650","4","00","76 11:07.579","0","0","0","0","36408","0","0","0","N","0","0","0","1","36408","0","","5","01","N","N","0","","0","0","0","0","0","N","1516","0","1","0","0","0","0","0","2","0","1","N","","","","","","","","","","","","03","  ","","",""
"1952","0","0","0","0","0","0","0","0","0","4","0","","36","05","2018","2018053780","5","40.1873","-76.1844","1950","08","1","0","0","0","0","0","0","0","2","0","0","0","19","4","4","01","2","40 11:14.281","1","00","76 11:03.894","3","0","0","0","36408","0","0","0","N","0","0","0","7","36408","1","","1","01","N","N","0","","3","0","1","3","2","Y","1948","4","2","0","0","0","0","0","2","1","2","N","","","","","","","","","","","","03","  ","","",""
"0327","1","0","0","0","0","0","0","0","0","7","0","","36","05","2018","2018053791","5","40.0536","-76.309","0320","08","0","0","0","0","0","0","0","0","1","0","0","0","03","3","0","00","1","40 03:12.959","4","00","76 18:32.246","0","0","0","0","36101","0","0","0","N","0","0","0","1","36101","0","","4","09","N","N","0","","0","0","0","0","0","N","0319","0","1","0","0","0","0","0","3","0","1","N","","","","","","","","","","","","07","  ","","",""
"1215","1","0","0","0","0","0","0","0","0","4","0","","36","05","2018","2018053811","5","40.0522","-76.3084","1207","08","0","0","0","0","0","2","0","0","2","0","0","0","12","1","1","01","2","40 03:07.752","1","00","76 18:30.128","4","0","0","0","36301","0","0","0","N","0","0","0","2","36301","1","","1","01","N","N","1","","0","0","0","3","2","Y","1205","1","2","0","0","0","0","0","3","0","2","N","","","","","","","","","","","","03","  ","","",""
"1830","2","0","0","0","0","0","0","0","0","4","0","","36","05","2018","2018053868","6","40.1266","-76.3051","1824","08","0","0","0","0","0","1","0","0","2","0","0","0","18","1","4","01","1","40 07:35.600","6","00","76 18:18.296","8","0","0","0","36235","0","0","0","N","0","0","0","5","36506","0","","1","01","N","N","0","","0","0","0","3","2","Y","1822","4","2","0","0","1","4","0","1","0","2","N","","","","","","","","","","","","03","  ","","",""
"1850","1","0","0","0","0","0","0","0","0","4","0","","36","05","2018","2018053869","3","40.2039","-76.2064","1846","08","0","0","0","0","0","1","0","0","2","0","0","0","18","1","0","02","1","40 12:13.876","1","00","76 12:22.966","0","0","0","0","36204","0","0","0","N","0","0","0","2","36506","0","","1","01","N","N","1","","0","0","0","3","3","N","1846","0","2","0","0","0","0","0","1","0","2","N","","","","","","","","","","","","03","  ","","",""
"1314","1","0","0","0","0","0","0","0","0","4","0","","36","05","2018","2018053929","3","40.0416","-76.512","1311","08","0","0","0","0","0","1","0","1","","0","0","0","13","1","0","00","0","40 02:29.849","","00","76 30:43.235","0","0","0","0","36239","0","0","0","N","0","0","0","3","36239","0","","1","01","N","N","1","","0","0","0","0","0","","1311","0","2","0","0","0","0","0","3","0","2","N","","","","","","","","","","","","03","  ","","",""
"1742","1","0","0","0","0","0","0","0","0","4","0","","36","05","2018","2018053954","4","40.088","-76.2604","1725","08","0","0","0","1","0","1","0","0","","0","0","0","17","1","0","00","0","40 05:16.900","","00","76 15:37.300","0","0","0","0","36101","0","0","0","N","0","0","0","2","36101","0","","1","01","N","N","0","","0","0","1","0","0","","1720","0","2","0","0","0","0","0","3","0","2","N","","","","","","","","","","","","03","  ","","",""
"1848","1","0","0","0","0","0","0","0","0","5","1","","36","05","2018","2018053955","5","40.0691","-76.3078","1847","08","0","0","0","0","0","0","0","0","","0","1","0","18","1","1","00","0","40 04:08.923","","00","76 18:27.999","3","0","0","0","36101","0","0","0","N","0","0","0","2","36101","0","","1","09","N","N","0","","1","0","0","0","0","","1842","1","2","0","0","0","0","0","3","0","2","N","","","","","","","","","","","","07","  ","","",""
"0935","0","0","0","0","0","0","0","0","0","1","1","","36","05","2018","2018053956","3","40.1082","-76.4349","0925","08","0","0","0","0","0","1","0","0","1","0","1","0","09","1","2","00","1","40 06:29.431","4","00","76 26:05.669","3","0","0","0","36214","0","0","0","N","0","0","0","6","36214","0","","1","01","N","N","0","","2","0","0","0","0","Y","0920","2","2","0","0","0","0","0","3","1","2","N","","","","","","","","","","","","03","  ","","",""
"1814","1","0","0","0","0","0","0","0","0","7","0","","36","05","2018","2018053957","3","40.2138","-76.4302","1804","08","0","0","0","0","1","0","0","0","1","0","0","0","18","1","1","00","1","40 12:49.582","5","00","76 25:48.545","4","0","0","0","36230","0","0","0","N","0","0","0","1","36410","1","","5","09","N","N","0","","0","0","0","0","0","N","1804","1","1","0","0","0","0","0","1","0","1","N","","","","","","","","","","","","07","  ","","",""
"1835","1","1","0","0","0","0","0","0","0","4","0","","36","05","2018","2018054302","5","39.9876","-76.2766","1830","08","0","0","0","0","0","0","0","1","2","1","0","0","18","1","1","01","1","39 59:15.198","7","00","76 16:35.769","1","0","0","0","36240","0","0","0","N","0","0","0","5","36240","0","2","1","01","N","N","0","0","1","0","0","3","2","N","1826","1","2","0","0","0","0","1","1","1","2","N","","","","","","","","","","","","03","  ","","",""
"2034","2","0","0","0","0","0","0","0","0","4","0","","36","05","2018","2018054307","7","40.0346","-76.3072","2031","08","0","0","0","0","0","1","0","0","","0","0","0","20","3","0","01","0","40 02:04.495","","00","76 18:25.758","0","0","0","0","36301","0","0","0","N","0","0","0","2","36301","0","","1","01","N","N","0","","0","0","0","3","3","","2021","0","2","0","0","0","0","0","3","0","2","N","","","","","","","","","","","","03","  ","","",""
"0221","0","0","0","0","0","0","0","0","0","7","0","","36","05","2018","2018054373","7","40.0382","-76.4593","0220","08","0","0","0","0","0","0","0","0","1","0","0","0","02","2","0","00","1","40 02:17.567","3","00","76 27:33.447","0","0","0","0","36239","0","0","0","Y","0","0","0","1","36239","0","","3","09","N","N","1","","0","0","0","0","0","N","0218","0","1","0","0","0","0","0","3","0","1","N","","","","","","","","","","","","07","  ","","",""
"1451","2","0","0","0","0","0","0","0","0","1","0","","36","05","2018","2018054385","3","40.1061","-76.3212","1446","08","0","0","1","0","0","0","0","0","","0","0","0","14","1","1","00","0","40 06:21.823","","00","76 19:15.556","3","0","0","0","36101","0","0","0","N","0","0","0","3","36101","0","","1","01","N","N","0","","1","0","1","3","2","","1440","1","3","0","0","0","0","0","3","0","3","N","","","","","","","","","","","","03","  ","","",""
"1621","0","0","0","0","0","0","0","0","0","1","0","","36","05","2018","2018054386","6","40.0563","-76.3303","1615","08","0","0","0","0","0","1","0","0","","0","0","0","16","1","1","00","0","40 03:22.820","","00","76 19:49.180","3","0","0","0","36101","0","0","0","N","0","0","0","3","36101","0","","1","01","N","N","2","","1","0","0","0","0","","1607","1","2","0","0","0","0","0","3","0","2","N","","","","","","","","","","","","03","  ","","",""
"1500","3","0","0","0","0","0","0","0","0","1","0","","36","05","2018","2018054399","3","40.0064","-76.3464","1459","08","0","2","1","0","0","0","0","0","1","0","0","0","14","1","0","00","1","40 00:23.051","3","00","76 20:46.989","0","0","0","0","36412","0","0","0","N","0","0","0","3","36412","0","","1","01","N","N","0","","0","0","0","0","0","N","1456","0","3","0","0","0","0","0","3","0","3","N","","","","","","","","","","","","03","  ","","",""
"1735","0","0","0","0","0","0","0","0","0","7","0","","36","05","2018","2018054410","3","40.0528","-76.4936","1729","08","0","0","0","0","0","1","0","0","3","0","0","0","17","1","1","00","2","40 03:10.082","6","00","76 29:36.950","8","0","0","0","36239","0","0","0","N","0","0","0","1","36239","0","","4","01","N","N","0","","0","0","1","0","0","Y","1727","1","1","0","0","0","1","0","3","0","1","N","","","","","","","","","","","","03","  ","","",""
"0846","1","0","0","0","0","0","0","0","0","7","0","","36","05","2018","2018054427","7","40.2389","-76.1013","0843","08","0","0","0","0","0","0","0","0","2","0","0","0","08","1","0","10","2","40 14:19.960","6","00","76 06:04.712","0","0","0","0","36210","0","0","0","N","0","0","0","1","36210","0","","5","09","N","N","0","","0","0","0","0","0","N","0841","0","1","0","0","0","0","0","1","0","1","N","","","","","","","","","","","","07","  ","","",""
"2035","1","0","0","0","0","0","0","0","0","7","0","","36","05","2018","2018054431","4","40.1208","-76.5696","2029","08","0","0","0","0","0","0","0","0","4","0","0","0","20","2","2","00","2","40 07:14.831","6","00","76 34:10.490","4","0","0","0","36211","0","0","0","N","0","0","0","2","36504","2","","2","09","N","N","0","","0","0","0","0","0","Y","2022","2","1","0","0","0","0","0","1","0","1","N","","","","","","","","","","","","07","  ","","",""
"1528","2","0","0","0","0","0","0","0","0","1","0","","36","05","2018","2018054435","2","40.0609","-76.568","1523","08","0","0","0","0","0","0","0","0","2","0","0","0","15","1","1","01","1","40 03:39.357","5","00","76 34:04.694","3","0","0","0","36211","0","0","0","N","0","0","0","3","36504","0","","1","01","N","N","0","","1","0","0","3","2","N","1523","1","2","0","0","0","0","0","1","0","2","N","","","","","","","","","","","","03","  ","","",""
"1103","1","0","0","0","0","0","0","0","0","1","0","","36","05","2018","2018054446","7","40.0436","-76.5129","1055","08","0","0","0","0","0","0","1","0","1","0","0","0","10","1","1","02","1","40 02:37.138","1","00","76 30:46.552","3","0","0","0","36239","0","0","0","N","0","0","0","4","36239","0","","1","09","N","N","1","","1","0","0","3","3","N","1054","1","2","0","0","0","0","0","3","0","2","N","","","","","","","","","","","","07","  ","","",""
"0731","0","0","0","0","0","0","0","0","0","4","0","","36","05","2018","2018054496","6","40.1789","-76.1775","0729","08","0","0","0","0","0","2","0","0","","0","0","0","07","1","0","01","0","40 10:43.896","","00","76 10:39.023","0","0","0","0","36408","0","0","0","N","0","0","0","3","36408","0","","1","09","N","N","0","","0","0","2","3","2","","0727","0","2","0","0","0","0","0","2","0","2","N","","","","","","","","","","","","03","  ","","",""
"1720","0","0","0","0","0","0","0","0","0","1","0","","36","05","2018","2018054518","3","40.0573","-76.2817","1625","08","0","0","0","0","0","1","0","0","","0","0","0","16","1","0","00","0","40 03:26.228","","00","76 16:54.142","0","0","0","0","36101","0","0","0","N","0","0","0","2","36101","0","","1","01","N","N","2","","0","0","0","0","0","","1625","0","2","0","0","0","0","0","3","0","2","N","","","","","","","","","","","","03","  ","","",""
"1627","1","0","0","0","0","0","0","0","0","6","0","","36","05","2018","2018054523","7","40.1754","-76.1734","1624","08","1","0","0","0","0","0","0","0","","0","0","0","16","1","0","00","0","40 10:31.415","","00","76 10:24.365","0","0","0","0","36408","0","0","0","N","0","0","0","8","36408","0","","1","09","N","N","0","","0","0","0","0","0","","1622","0","2","0","0","0","0","0","2","1","2","N","","","","","","","","","","","","07","05","","",""
"2317","1","0","0","0","0","0","0","0","0","7","0","","36","05","2018","2018054589","6","40.1638","-76.3951","2311","08","0","0","0","0","0","1","0","0","","0","0","0","23","3","0","05","0","40 09:49.597","","00","76 23:42.519","0","0","0","0","36410","0","0","0","N","0","0","0","1","36410","0","","3","09","N","N","0","","0","0","1","0","0","","2310","0","2","0","0","0","0","0","2","0","2","N","","","","","","","","","","","","07","  ","","",""
"1645","1","0","0","0","0","0","0","0","0","7","0","","36","05","2018","2018054655","4","40.0696","-76.3123","1638","08","0","0","0","0","0","0","0","0","2","0","0","0","16","1","1","00","2","40 04:10.546","3","00","76 18:44.344","3","0","0","0","36101","0","0","0","N","0","0","0","1","36101","0","","4","01","N","N","0","","1","0","0","0","0","N","1636","1","2","0","0","0","0","0","3","0","1","N","","","","","","","","","","","","03","  ","","",""
"2316","1","0","0","0","0","0","0","0","0","7","0","","36","05","2018","2018054656","6","40.068","-76.2945","2315","08","0","0","0","0","0","0","0","0","2","0","0","0","23","3","1","00","1","40 04:04.659","3","00","76 17:40.303","4","0","0","0","36101","0","0","0","N","0","0","0","1","36101","1","","3","09","N","N","0","","0","0","0","0","0","N","2313","1","1","0","0","0","0","0","3","0","1","N","","","","","","","","","","","","07","  ","","",""
"1238","1","0","0","0","0","0","0","0","0","4","0","","36","05","2018","2018054657","7","40.0624","-76.3531","1229","08","0","0","0","0","0","1","0","0","2","0","0","0","12","1","2","02","2","40 03:44.492","6","00","76 21:11.066","3","0","0","0","36214","0","0","0","N","0","0","0","2","36214","0","","1","09","N","N","0","","2","0","1","3","3","Y","1227","2","2","0","0","1","0","0","3","0","2","N","","","","","","","","","","","","07","  ","","",""
"2220","0","0","0","0","0","0","0","0","0","4","0","","36","05","2018","2018054666","7","40.0822","-76.3943","2217","08","0","1","0","0","0","0","0","0","3","0","0","0","22","2","2","02","2","40 04:55.880","6","00","76 23:39.602","4","0","0","0","36214","0","0","0","N","0","0","0","3","36214","2","","1","09","N","N","0","","0","0","2","3","3","Y","2215","2","2","0","0","0","0","0","3","0","2","N","","","","","","","","","","","","07","  ","","",""
"1827","2","0","0","0","0","0","0","0","0","4","0","","36","05","2018","2018054673","6","40.1774","-76.6013","1819","08","1","0","0","0","0","0","0","0","1","0","0","0","18","1","0","02","1","40 10:38.510","1","02","76 36:04.686","0","0","0","0","36225","0","0","0","N","0","0","0","2","36505","0","","1","01","N","N","0","","0","0","0","0","0","N","1814","0","2","0","0","1","0","0","2","0","2","N","","","","","","","","","","","","03","  ","","",""
"1138","2","0","0","0","0","0","0","0","0","1","0","","36","05","2018","2018054681","7","40.2636","-76.138","1113","08","0","0","0","0","0","2","0","0","","0","0","0","11","1","0","00","0","40 15:48.873","","00","76 08:16.645","0","0","0","0","36236","0","0","0","N","0","0","0","2","36408","0","","1","09","N","N","0","","0","0","0","0","0","","1113","0","2","0","0","0","0","0","1","0","2","N","","","","","","","","","","","","07","  ","","",""
"1539","0","0","0","0","0","0","0","0","0","4","0","","36","05","2018","2018054699","7","40.114","-76.5207","1537","08","0","0","0","0","0","0","0","0","2","0","0","0","15","1","0","01","1","40 06:50.558","3","00","76 31:14.611","0","0","0","0","36413","0","0","0","N","0","0","0","2","36413","0","","1","09","N","N","1","","0","0","1","3","2","Y","1535","0","2","0","0","0","0","0","2","0","2","N","","","","","","","","","","","","03","  ","","",""
"1646","2","0","0","0","0","0","0","0","0","1","0","","36","05","2018","2018054703","7","40.0379","-76.3062","1644","08","0","0","1","0","0","0","0","0","","0","0","0","16","1","2","00","0","40 02:16.449","","00","76 18:22.427","3","0","0","0","36301","0","0","0","N","0","0","0","5","36301","0","","1","09","N","N","0","","2","0","0","0","0","","1643","2","2","0","0","0","0","0","3","0","2","N","","","","","","","","","","","","03","  ","","",""
"1106","1","0","0","0","0","0","0","0","0","7","0","","36","05","2018","2018054758","1","40.1406","-76.2028","1102","08","0","0","1","0","0","0","0","0","2","0","0","0","10","1","0","00","1","40 08:26.207","2","00","76 12:10.197","0","0","0","0","36238","0","0","0","Y","0","0","0","1","36238","0","","3","01","N","N","0","","0","0","0","0","0","N","1056","0","1","0","0","0","0","0","3","0","1","N","","","","","","","","","","","","03","  ","","",""
"1700","0","0","0","0","0","0","0","0","0","1","0","","36","05","2018","2018054775","1","40.0434","-76.3023","1700","08","0","0","0","0","0","2","0","0","1","0","0","0","16","1","0","00","2","40 02:36.282","1","00","76 18:08.305","0","0","0","0","36301","0","0","0","N","0","0","0","7","36301","0","","1","01","N","N","0","","0","0","3","0","0","Y","1657","0","4","0","0","0","0","0","3","1","4","N","","","","","","","","","","","","03","  ","","",""
"1112","1","0","0","0","0","0","0","0","0","1","0","","36","05","2018","2018054780","2","40.1399","-76.3035","1107","08","0","0","0","0","0","1","0","1","","0","0","0","11","1","0","00","0","40 08:23.742","","00","76 18:12.605","9","0","0","0","36235","0","0","0","N","0","0","0","2","36506","0","","1","01","N","N","0","","0","0","1","0","0","","1107","0","2","0","0","0","0","1","1","0","2","N","","","","","","","","","","","","03","  ","","",""
"1503","1","0","0","0","0","0","0","0","0","1","0","","36","05","2018","2018054823","5","40.109","-76.49","1500","08","0","1","0","0","0","0","1","0","","0","0","0","15","1","0","00","0","40 06:32.354","","03","76 29:24.033","0","0","0","0","36413","0","0","0","N","0","0","0","2","36413","0","","1","01","N","N","1","","0","0","0","0","0","","1500","0","2","0","0","0","0","0","2","0","2","N","","","","","","","","","","","","03","  ","","",""
"2258","3","0","0","0","0","0","0","0","0","4","0","","36","05","2018","2018054828","1","40.0509","-76.3037","2255","08","0","0","0","0","0","0","0","0","2","0","0","0","22","3","0","00","2","40 03:03.101","1","00","76 18:13.494","0","0","0","0","36301","0","0","0","N","0","0","0","1","36301","0","","1","01","N","N","0","","0","0","0","0","0","Y","2253","0","3","0","0","0","0","0","3","0","3","N","","","","","","","","","","","","03","  ","","",""
"2200","2","0","0","0","0","0","0","0","0","4","0","","36","05","2018","2018054901","6","40.1053","-76.431","2153","08","0","0","1","0","0","0","0","0","1","0","0","0","21","2","1","02","1","40 06:19.042","5","02","76 25:51.072","8","0","0","0","36214","0","0","0","N","0","0","0","3","36214","0","","7","09","N","N","0","","0","0","0","3","3","N","2150","1","2","0","0","0","1","0","3","0","2","N","","","","","","","","","","","","07","  ","","",""
"0529","1","0","0","0","0","0","0","0","0","9","0","","36","05","2018","2018054924","6","40.1499","-76.1761","0519","08","0","0","0","0","0","0","0","0","","0","0","0","05","5","0","00","0","40 08:59.463","","00","76 10:34.012","0","0","0","0","36238","0","0","0","N","0","0","0","1","36238","0","","1","01","N","N","0","","0","0","0","0","0","","0516","0","1","0","0","0","0","0","3","0","1","N","","","","","","","","","","","","03","  ","","",""
"0748","1","0","0","0","0","0","0","0","0","1","0","","36","05","2018","2018054942","2","40.1129","-76.5043","0745","08","0","0","0","0","0","0","0","0","1","0","0","0","07","1","0","02","1","40 06:46.564","3","00","76 30:15.365","0","0","0","0","36413","0","0","0","N","0","0","0","2","36413","0","","1","01","N","N","1","","0","0","0","0","0","N","0744","0","2","0","0","0","0","0","2","0","2","N","","","","","","","","","","","","03","  ","","",""
"1718","1","0","0","0","0","0","0","0","0","7","0","","36","05","2018","2018054962","4","40.063","-76.5455","1712","08","0","0","0","0","0","0","0","0","","0","0","0","17","1","0","00","0","40 03:46.662","","00","76 32:43.848","0","0","0","0","36211","0","0","0","N","0","0","0","4","36504","0","","2","01","N","N","0","","0","0","0","0","0","","1710","0","1","0","0","0","0","0","1","0","1","N","","","","","","","","","","","","03","  ","","",""
"1644","0","0","0","0","0","0","0","0","0","7","0","","36","05","2018","2018055014","5","40.2284","-76.3608","1627","08","0","0","0","0","0","0","0","0","","0","0","0","16","1","1","00","0","40 13:42.292","","00","76 21:38.819","8","0","0","0","36227","0","0","0","N","0","0","0","1","68T06","0","","4","01","N","N","0","","0","0","1","0","0","","1627","1","1","0","0","0","1","0","1","0","1","N","","","","","","","","","","","","03","  ","","",""
"1614","1","0","0","0","0","0","0","0","0","6","1","","36","05","2018","2018055098","4","40.1814","-76.5855","1544","08","0","0","0","0","0","0","0","0","","0","1","0","15","1","0","00","0","40 10:53.082","","00","76 35:07.637","0","0","0","0","36225","0","0","0","N","0","0","0","2","36505","0","","1","09","N","N","0","","0","0","0","0","0","N","1540","0","2","0","0","0","0","0","2","0","2","N","","","","","","","","","","","","07","  ","","",""
"1735","1","0","0","0","0","0","0","0","0","4","0","","36","05","2018","2018055122","4","40.0755","-76.3086","1729","08","0","0","0","0","0","0","0","0","2","0","0","0","17","1","0","00","2","40 04:31.994","2","07","76 18:31.084","0","0","0","0","36101","0","0","0","N","0","0","0","2","36101","0","","1","01","N","N","0","","0","0","1","0","0","N","1725","0","2","0","0","0","0","0","3","0","2","N","","","","","","","","","","","","03","  ","","",""
"2311","2","0","0","0","0","0","0","0","0","1","0","","36","05","2018","2018055123","7","40.0618","-76.2758","2311","08","0","0","0","1","0","0","0","0","2","0","0","0","23","3","0","00","1","40 03:42.513","3","00","76 16:32.940","0","0","0","0","36101","0","0","0","N","0","0","0","3","36101","0","","1","09","N","N","0","","0","0","0","0","0","N","2311","0","2","0","0","0","0","0","3","0","2","N","","","","","","","","","","","","07","  ","","",""
"1611","0","0","0","0","0","0","0","0","0","5","1","","36","05","2018","2018055124","3","40.0223","-76.1925","1601","08","0","0","0","0","0","1","0","0","2","0","1","0","15","1","0","00","1","40 01:20.377","3","00","76 11:33.040","0","0","0","0","36215","0","0","0","N","0","0","0","3","36215","0","","1","01","N","N","0","","0","0","0","0","0","N","1558","0","2","0","0","0","0","0","1","1","2","N","","","","","","","","","","","","03","  ","","",""