"ARRIVAL_TM","AUTOMOBILE_COUNT","BELTED_DEATH_COUNT","BELTED_SUSP_SERIOUS_INJ_COUNT","BICYCLE_COUNT","BICYCLE_DEATH_COUNT","BICYCLE_SUSP_SERIOUS_INJ_COUNT","BUS_COUNT","CHLDPAS_DEATH_COUNT","CHLDPAS_SUSP_SERIOUS_INJ_COUNT","COLLISION_TYPE","COMM_VEH_COUNT","CONS_ZONE_SPD_LIM","COUNTY","CRASH_MONTH","CRASH_YEAR","CRN","DAY_OF_WEEK","DEC_LAT","DEC_LONG","DISPATCH_TM","DISTRICT","DRIVER_COUNT_16YR","DRIVER_COUNT_17YR","DRIVER_COUNT_18YR","DRIVER_COUNT_19YR","DRIVER_COUNT_20YR","DRIVER_COUNT_50_64YR","DRIVER_COUNT_65_74YR","DRIVER_COUNT_75PLUS","EST_HRS_CLOSED","FATAL_COUNT","HEAVY_TRUCK_COUNT","HORSE_BUGGY_COUNT","HOUR_OF_DAY","ILLUMINATION","INJURY_COUNT","INTERSECT_TYPE","LANE_CLOSED","LATITUDE","LN_CLOSE_DIR","LOCATION_TYPE","LONGITUDE","MAX_SEVERITY_LEVEL","MCYCLE_DEATH_COUNT","MCYCLE_SUSP_SERIOUS_INJ_COUNT","MOTORCYCLE_COUNT","MUNICIPALITY","NONMOTR_COUNT","NONMOTR_DEATH_COUNT","NONMOTR_SUSP_SERIOUS_INJ_COUNT","NTFY_HIWY_MAINT","PED_COUNT","PED_DEATH_COUNT","PED_SUSP_SERIOUS_INJ_COUNT","PERSON_COUNT","POLICE_AGCY","POSSIBLE_INJ_COUNT","RDWY_SURF_TYPE_CD","RELATION_TO_ROAD","ROAD_CONDITION","SCH_BUS_IND","SCH_ZONE_IND","SMALL_TRUCK_COUNT","SPEC_JURIS_CD","SUSP_MINOR_INJ_COUNT","SUSP_SERIOUS_INJ_COUNT","SUV_COUNT","TCD_FUNC_CD","TCD_TYPE","TFC_DETOUR_IND","TIME_OF_DAY","TOT_INJ_COUNT","TOTAL_UNITS","UNB_DEATH_COUNT","UNB_SUSP_SERIOUS_INJ_COUNT","UNBELTED_OCC_COUNT","UNK_INJ_DEG_COUNT","UNK_INJ_PER_COUNT","URBAN_RURAL","VAN_COUNT","VEHICLE_COUNT","WORK_ZONE_IND","WORK_ZONE_LOC","WORK_ZONE_TYPE","WORKERS_PRES","WZ_CLOSE_DETOUR","WZ_FLAGGER","WZ_LAW_OFFCR_IND","WZ_LN_CLOSURE","WZ_MOVING","WZ_OTHER","WZ_SHLDER_MDN","ROADWAY_CLEARED","WEATHER1","WEATHER2","WZ_WORKERS_INJ_KILLED","SECONDARY_CRASH","INTERSECTION_RELATED"
"1646","1","0","0","0","0","0","0","0","0","1","0","","36","05","2018","2018055125","4","40.0776","-76.2592","1635","08","0","0","0","0","1","0","0","0","2","0","0","0","16","1","2","00","2","40 04:39.219","4","03","76 15:32.955","3","0","0","0","36215","0","0","0","N","0","0","0","4","36215","0","","1","01","N","N","0","","2","0","0","0","0","N","1633","2","2","0","0","0","0","0","1","1","2","N","","","","","","","","","","","","03","  ","","",""
"1652","1","0","0","0","0","0","0","0","0","6","0","","36","04","2018","2018055149","1","40.0219","-76.1901","1647","08","0","0","0","0","0","0","0","0","2","0","0","0","16","1","1","00","1","40 01:18.914","4","00","76 11:24.520","3","0","0","0","36215","0","0","0","N","0","0","0","5","36215","0","","1","01","N","N","0","","1","0","1","0","0","N","1646","1","2","0","0","1","0","0","1","0","2","N","","","","","","","","","","","","03","  ","","",""
"0319","0","0","0","0","0","0","0","0","0","7","0","","36","05","2018","2018055168","6","40.2608","-76.098","0316","08","0","0","0","0","0","0","0","0","","0","0","0","03","2","0","00","0","40 15:38.754","","00","76 05:52.631","0","0","0","0","36210","0","0","0","N","0","0","0","1","36210","0","","5","01","N","N","1","","0","0","1","0","0","","0312","0","2","0","0","0","0","0","1","0","2","N","","","","","","","","","","","","03","  ","","",""
"1846","1","0","0","0","0","0","0","0","0","6","1","","36","05","2018","2018055182","2","40.2832","-76.1873","1840","08","0","0","0","0","0","0","0","0","3","0","1","0","18","1","2","02","2","40 16:59.504","6","00","76 11:14.388","4","0","0","0","36236","0","0","0","N","0","0","0","3","36408","2","","1","01","N","N","0","","0","0","0","3","3","Y","1839","2","2","0","0","0","0","0","1","0","2","N","","","","","","","","","","","","03","  ","","",""
"2109","2","0","0","0","0","0","0","0","0","4","0","","36","05","2018","2018055295","2","40.0382","-76.3537","2104","08","0","0","0","0","0","0","1","0","1","0","0","0","21","3","0","02","2","40 02:17.395","6","00","76 21:13.417","0","0","0","0","36214","0","0","0","N","0","0","0","3","36214","0","","1","01","N","N","0","","0","0","0","3","3","Y","2100","0","2","0","0","0","0","0","3","0","2","N","","","","","","","","","","","","03","  ","","",""
"0325","1","0","0","0","0","0","0","0","0","7","0","","36","05","2018","2018055302","1","40.0685","-76.2708","0319","08","0","0","1","0","0","0","0","0","2","0","0","0","03","3","1","00","1","40 04:06.706","3","00","76 16:14.893","4","0","0","0","36101","0","0","0","N","0","0","0","1","36101","1","","4","09","N","N","0","","0","0","0","0","0","N","0316","1","1","0","0","0","0","0","3","0","1","N","","","","","","","","","","","","03","  ","","",""
"0227","0","0","0","0","0","0","0","0","0","7","0","","36","05","2018","2018055303","1","40.2069","-76.4781","0213","08","0","0","0","0","0","0","0","0","","0","0","0","02","2","0","00","0","40 12:24.858","","00","76 28:41.101","0","0","0","0","36230","0","0","0","N","0","0","0","1","36410","0","","5","09","N","N","1","","0","0","0","0","0","","0213","0","1","0","0","0","0","0","1","0","1","N","","","","","","","","","","","","05","  ","","",""
"1559","1","0","0","0","0","0","0","0","0","4","0","","36","05","2018","2018055308","6","40.1607","-76.4","1559","08","0","0","0","0","0","1","0","0","2","0","0","0","15","1","2","02","2","40 09:38.669","7","00","76 24:00.175","3","0","0","0","36410","0","0","0","N","0","0","0","3","36410","0","","1","01","N","N","0","","2","0","1","3","3","Y","1535","2","2","0","0","0","0","0","2","0","2","N","","","","","","","","","","","","03","  ","","",""
"1446","1","0","0","0","0","0","0","0","0","1","0","","36","05","2018","2018055328","2","40.1515","-76.2495","1445","08","0","0","0","0","0","2","0","0","1","0","0","0","14","1","1","00","1","40 09:05.451","4","00","76 14:58.366","4","0","0","0","36235","0","0","0","N","0","0","0","8","36506","1","","1","01","N","N","0","","0","0","3","0","0","N","1445","1","4","0","0","0","0","0","1","0","4","N","","","","","","","","","","","","03","  ","","",""
"1715","1","0","0","0","0","0","0","0","0","1","0","","36","04","2018","2018055452","7","40.0448","-76.324","1712","08","0","0","0","0","0","0","0","0","1","0","0","0","17","4","0","00","1","40 02:41.129","1","00","76 19:26.288","0","0","0","0","36301","0","0","0","N","0","0","0","1","36301","0","","6","09","N","N","0","","0","0","0","0","0","N","1712","0","2","0","0","0","0","0","3","1","2","N","","","","","","","","","","","","07","  ","","",""
"1816","1","0","0","0","0","0","0","0","0","4","0","","36","05","2018","2018055495","6","40.0948","-76.6378","1810","08","0","0","0","0","0","1","0","0","","0","0","0","18","1","0","00","0","40 05:41.203","","00","76 38:15.961","0","0","0","0","36207","0","0","0","N","0","0","0","1","36504","0","","6","09","N","N","0","","0","0","1","0","0","N","1806","0","2","0","0","0","0","0","1","0","2","N","","","","","","","","","","","","03","  ","","",""
"1421","1","0","0","0","0","0","0","0","0","5","1","","36","05","2018","2018055499","2","40.037","-76.3153","1416","08","0","0","0","0","0","1","0","0","1","0","1","0","14","1","3","00","1","40 02:13.039","3","00","76 18:54.903","4","0","0","0","36301","0","0","0","N","0","0","0","5","36301","3","","1","01","N","N","0","","0","0","0","0","0","Y","1414","3","2","0","0","0","0","0","3","0","2","N","","","","","","","","","","","","03","  ","","",""
"1126","1","0","0","0","0","0","0","0","0","4","0","","36","05","2018","2018055571","3","40.1084","-76.5031","1124","08","0","0","0","0","0","0","0","1","1","0","0","0","11","1","3","01","2","40 06:30.096","6","00","76 30:11.083","3","0","0","0","36413","0","0","0","N","0","0","0","5","36413","2","","1","09","N","N","0","","1","0","1","3","3","Y","1122","3","2","0","0","1","0","0","2","0","2","N","","","","","","","","","","","","07","  ","","",""
"2137","0","0","0","0","0","0","0","0","0","8","0","","36","05","2018","2018055575","7","40.0395","-76.306","2137","08","0","0","0","0","0","0","0","0","1","0","0","0","21","3","1","01","1","40 02:22.325","4","00","76 18:21.503","3","0","0","0","36301","1","0","0","N","1","0","0","2","36301","0","","1","01","N","N","1","","1","0","0","3","2","N","2136","1","2","0","0","0","0","0","3","0","1","N","","","","","","","","","","","","03","  ","","",""
"1920","2","0","0","0","0","0","0","0","0","4","0","","36","05","2018","2018055590","4","40.0507","-76.3081","1914","08","0","0","0","0","0","0","0","0","1","0","0","0","18","1","0","00","1","40 03:02.661","1","00","76 18:29.151","0","0","0","0","36301","0","0","0","N","0","0","0","1","36301","0","","4","09","N","N","0","","0","0","0","0","0","N","1855","0","2","0","0","0","0","0","3","0","2","N","","","","","","","","","","","","07","  ","","",""
"1547","1","0","0","0","0","0","0","0","0","1","0","","36","05","2018","2018055591","3","40.0316","-76.4793","1544","08","0","0","0","0","0","0","0","0","","0","0","0","15","1","1","00","0","40 01:53.659","","00","76 28:45.425","8","0","0","0","36239","0","0","0","N","0","0","0","4","36239","0","","1","09","","","0","","0","0","1","0","0","","1544","1","2","0","0","0","1","0","3","0","2","N","","","","","","","","","","","","03","  ","","",""
"1737","4","0","0","0","0","0","0","0","0","1","0","","36","05","2018","2018055598","6","40.0558","-76.2692","1730","08","0","2","0","0","0","0","0","0","","0","0","0","17","1","0","00","0","40 03:20.795","","00","76 16:09.064","0","0","0","0","36215","0","0","0","N","0","0","0","4","36215","0","","1","01","N","N","0","","0","0","0","0","0","","1727","0","4","0","0","0","0","0","1","0","4","N","","","","","","","","","","","","03","  ","","",""
"1641","0","0","0","0","0","0","0","0","0","1","0","","36","05","2018","2018055611","3","40.1491","-76.2089","1634","08","0","0","0","0","0","0","1","1","","0","0","0","16","1","2","00","0","40 08:56.770","","00","76 12:32.089","3","0","0","0","36238","0","0","0","N","0","0","0","5","36238","1","","1","01","N","N","1","","1","0","0","0","0","","1633","2","2","0","0","0","0","0","3","1","2","N","","","","","","","","","","","","03","  ","","",""
"2107","2","1","1","0","0","0","0","0","0","2","0","","36","05","2018","2018055654","4","40.2202","-76.1304","2104","08","0","0","0","1","0","0","0","0","4","1","0","0","21","2","1","00","2","40 13:12.625","6","00","76 07:49.453","1","0","0","0","36210","0","0","0","N","0","0","0","2","36210","0","2","1","09","N","N","0","0","0","1","0","0","0","Y","2102","1","2","0","0","0","0","0","1","0","2","N","","","","","","","","","","","","07","  ","","",""
"2137","2","0","0","0","0","0","0","0","0","2","0","","36","05","2018","2018055664","1","40.0916","-76.1296","2133","08","0","0","2","0","0","0","0","0","2","0","0","0","21","2","2","02","2","40 05:29.599","6","00","76 07:46.401","3","0","0","0","36209","0","0","0","N","0","0","0","3","36415","0","","1","01","N","N","0","","2","0","0","3","3","Y","2133","2","2","0","0","0","0","0","1","0","2","N","","","","","","","","","","","","03","  ","","",""
"1743","0","0","0","0","0","0","0","0","0","1","0","","36","05","2018","2018055681","2","40.254","-76.0857","1737","08","0","0","0","0","0","0","0","1","","0","0","0","17","1","0","02","0","40 15:14.497","","00","76 05:08.370","0","0","0","0","36210","0","0","0","N","0","0","0","2","36210","0","","1","01","N","N","1","","0","0","1","0","0","","1735","0","2","0","0","0","0","0","1","0","2","N","","","","","","","","","","","","03","  ","","",""
"1938","1","0","0","0","0","0","0","0","0","6","0","","36","05","2018","2018055765","5","40.0264","-76.3055","1922","08","0","0","0","0","0","1","0","0","2","0","0","0","19","1","0","01","1","40 01:35.078","2","00","76 18:19.941","0","0","0","0","36301","0","0","0","N","0","0","0","3","36301","0","","1","01","N","N","1","","0","0","0","3","2","N","1922","0","2","0","0","0","0","0","3","0","2","N","","","","","","","","","","","","03","  ","","",""
"1127","0","0","0","0","0","0","0","0","0","7","0","","36","05","2018","2018055857","4","40.1147","-76.0325","1125","08","0","0","0","0","0","1","0","0","1","0","0","0","11","1","1","00","1","40 06:52.953","1","00","76 01:56.940","3","0","0","0","36213","0","0","0","N","0","0","0","1","36213","0","","4","01","N","N","1","","1","0","0","0","0","N","1120","1","1","0","0","1","0","0","1","0","1","N","","","","","","","","","","","","03","  ","","",""
"0757","0","0","0","0","0","0","0","0","0","4","0","","36","05","2018","2018055959","5","40.0752","-76.2972","0755","08","0","0","0","0","0","1","0","0","1","0","0","0","07","1","0","02","1","40 04:30.591","2","00","76 17:49.962","0","0","0","0","36101","0","0","0","N","0","0","0","2","36101","0","","2","09","N","N","0","","0","0","2","0","0","N","0750","0","2","0","0","0","0","0","3","0","2","N","","","","","","","","","","","","03","  ","","",""
"1318","2","0","0","0","0","0","0","0","0","4","0","","36","05","2018","2018055960","5","40.0534","-76.3104","1314","08","0","0","0","0","0","1","1","0","","0","0","0","13","1","1","02","0","40 03:12.161","","00","76 18:37.315","4","0","0","0","36101","0","0","0","N","0","0","0","2","36101","1","","1","01","N","N","0","","0","0","0","3","2","","1312","1","2","0","0","0","0","0","3","0","2","N","","","","","","","","","","","","03","  ","","",""
"1540","2","0","0","0","0","0","0","0","0","1","0","","36","05","2018","2018055961","5","40.0703","-76.3013","1539","08","0","0","0","0","0","0","1","0","1","0","0","0","15","1","1","00","1","40 04:12.969","2","00","76 18:04.751","3","0","0","0","36101","0","0","0","N","0","0","0","3","36101","0","","1","09","N","N","0","","1","0","0","0","0","N","1538","1","2","0","0","0","0","0","3","0","2","N","","","","","","","","","","","","03","  ","","",""
"1446","2","0","0","0","0","0","0","0","0","1","0","","36","05","2018","2018055962","1","40.0773","-76.3088","1443","08","0","0","0","0","0","0","1","0","2","0","0","0","14","1","0","00","2","40 04:38.272","1","00","76 18:31.782","0","0","0","0","36101","0","0","0","N","0","0","0","4","36101","0","","1","01","N","N","0","","0","0","1","0","0","N","1439","0","3","0","0","0","0","0","3","0","3","N","","","","","","","","","","","","03","  ","","",""
"0602","1","0","0","1","0","0","0","0","0","4","0","","36","05","2018","2018055963","4","40.0827","-76.3872","0559","08","0","0","0","0","0","0","0","0","","0","0","0","05","5","1","00","0","40 04:57.600","","07","76 23:13.893","3","0","0","0","36214","1","0","0","N","0","0","0","2","36214","0","","2","09","N","N","0","","1","0","0","0","0","","0555","1","2","0","0","0","0","0","3","0","1","N","","","","","","","","","","","","07","05","","",""
"1200","0","0","0","0","0","0","0","0","0","1","1","","36","05","2018","2018056049","4","40.2351","-76.3039","1150","08","0","0","0","0","0","1","1","0","3","0","1","0","11","1","3","00","2","40 14:06.378","4","00","76 18:12.113","8","0","0","0","36217","0","0","0","N","0","0","0","4","68T06","0","","1","01","N","N","0","","0","0","1","0","0","N","1140","3","2","0","0","1","3","0","1","0","2","N","","","","","","","","","","","","03","  ","","",""
"1155","1","0","0","0","0","0","0","0","0","7","0","","36","05","2018","2018056062","1","40.2229","-76.0936","1150","08","0","0","0","1","0","0","0","0","","0","0","0","11","1","0","00","0","40 13:22.984","","00","76 05:38.658","0","0","0","0","36210","0","0","0","N","0","0","0","2","68T06","0","","5","09","N","N","0","","0","0","0","0","0","","1149","0","1","0","0","0","0","0","1","0","1","N","","","","","","","","","","","","07","  ","","",""
"2233","0","0","0","0","0","0","0","0","0","7","0","","36","05","2018","2018056066","1","40.2281","-76.4642","2022","08","0","0","0","0","0","0","0","0","2","0","0","0","20","2","1","00","1","40 13:41.265","4","00","76 27:51.006","8","0","0","0","36230","0","0","0","N","0","0","0","1","68T06","0","","5","09","N","N","0","","0","0","0","0","0","N","2021","1","1","0","0","1","1","0","1","1","1","N","","","","","","","","","","","","07","  ","","",""
"0422","1","0","0","0","0","0","0","0","0","8","0","","36","05","2018","2018056114","7","40.043","-76.3032","0422","08","0","0","0","0","0","0","0","0","","0","0","0","04","3","1","00","0","40 02:34.871","","00","76 18:11.637","8","0","0","0","36301","1","0","0","N","1","0","0","2","36301","0","","1","01","N","N","0","","0","0","0","0","0","","0422","1","2","0","0","0","1","1","3","0","1","N","","","","","","","","","","","","03","  ","","",""
"1400","1","0","0","0","0","0","0","0","0","1","0","","36","05","2018","2018056125","4","40.068","-76.3043","1357","08","0","0","0","1","0","1","0","0","","0","0","0","13","1","2","00","0","40 04:04.930","","00","76 18:15.318","4","0","0","0","36101","0","0","0","N","0","0","0","4","36101","2","","1","01","N","N","1","","0","0","1","0","0","","1353","2","3","0","0","0","0","0","3","0","3","N","","","","","","","","","","","","03","  ","","",""
"1839","1","0","0","0","0","0","0","0","0","7","0","","36","05","2018","2018056126","7","40.0866","-76.2687","1832","08","0","0","0","0","0","0","0","0","","0","0","0","18","1","1","00","0","40 05:11.592","","00","76 16:07.235","4","0","0","0","36101","0","0","0","N","0","0","0","1","36101","1","","5","09","N","N","0","","0","0","0","0","0","","1829","1","1","0","0","0","0","0","3","0","1","N","","","","","","","","","","","","05","  ","","",""
"0953","1","0","2","0","0","0","0","0","0","4","0","","36","05","2018","2018056188","5","40.2192","-76.1045","0950","08","0","0","0","0","0","0","1","1","2","0","0","0","09","1","2","00","1","40 13:09.015","5","00","76 06:16.120","2","0","0","0","36210","0","0","0","N","0","0","0","2","36210","0","","1","01","N","N","0","","0","2","1","0","0","N","0949","2","2","0","0","0","0","0","1","0","2","N","","","","","","","","","","","","03","  ","","",""
"1719","2","0","0","0","0","0","0","0","0","5","0","","36","05","2018","2018056194","4","40.0318","-76.2987","1712","08","0","0","0","0","0","0","0","0","2","0","0","0","17","1","1","00","2","40 01:54.470","4","00","76 17:55.412","3","0","0","0","36301","0","0","0","N","0","0","0","1","36301","0","","1","01","N","N","1","","1","0","0","0","0","Y","1709","1","3","0","0","0","0","0","3","0","3","N","","","","","","","","","","","","03","  ","","",""
"0644","2","0","0","0","0","0","0","0","0","1","0","","36","05","2018","2018056283","5","40.0327","-76.4652","0641","08","0","0","0","0","0","0","0","0","2","0","0","0","06","1","0","02","1","40 01:57.569","6","00","76 27:54.670","0","0","0","0","36239","0","0","0","N","0","0","0","4","36239","0","","1","01","N","N","0","","0","0","1","0","0","Y","0635","0","3","0","0","0","0","0","3","0","3","N","","","","","","","","","","","","03","  ","","",""
"2058","1","0","0","0","0","0","0","0","0","7","0","","36","05","2018","2018056284","3","40.1055","-76.1842","2044","08","0","0","1","0","0","0","0","0","","0","0","0","20","2","0","00","0","40 06:19.889","","03","76 11:03.076","0","0","0","0","36238","0","0","0","N","0","0","0","1","36238","0","","4","01","N","N","0","","0","0","0","0","0","","2043","0","1","0","0","0","0","0","3","0","1","N","","","","","","","","","","","","03","  ","","",""
"2007","0","0","0","0","0","0","0","0","0","7","0","","36","05","2018","2018056286","4","40.2298","-76.0703","2006","08","0","0","0","0","0","1","0","0","1","0","0","0","20","1","0","00","1","40 13:47.317","3","00","76 04:13.235","0","0","0","0","36210","0","0","0","N","0","0","0","1","36210","0","","2","01","N","N","1","","0","0","0","0","0","N","2006","0","1","0","0","0","0","0","1","0","1","N","","","","","","","","","","","","03","  ","","",""
"1726","0","0","0","0","0","0","0","0","0","4","0","","36","05","2018","2018056320","4","40.0976","-76.3529","1723","08","0","0","0","0","0","0","0","0","2","0","0","0","17","1","0","01","2","40 05:51.320","1","00","76 21:10.387","0","0","0","0","36406","0","0","0","N","0","0","0","2","36101","0","","1","01","N","N","0","","0","0","2","3","3","N","1721","0","2","0","0","0","0","0","3","0","2","N","","","","","","","","","","","","03","  ","","",""
"1343","1","0","0","0","0","0","0","0","0","4","0","","36","05","2018","2018056321","5","40.0941","-76.3119","1336","08","0","0","0","0","0","1","0","0","","0","0","0","13","1","1","01","0","40 05:38.605","","00","76 18:42.660","3","0","0","0","36101","0","0","0","N","0","0","0","2","36101","0","","1","09","N","N","0","","1","0","1","3","3","","1330","1","2","0","0","0","0","0","3","0","2","N","","","","","","","","","","","","03","  ","","",""
"1553","0","0","0","0","0","0","0","0","0","5","0","","36","05","2018","2018056332","5","40.1353","-76.2118","1551","08","0","0","0","0","0","1","0","0","","0","0","0","15","1","1","00","0","40 08:07.143","","00","76 12:42.635","8","0","0","1","36238","0","0","0","N","0","0","0","3","36238","0","","2","01","N","N","1","","0","0","0","0","0","","1550","1","2","0","0","0","1","0","3","0","2","N","","","","","","","","","","","","03","  ","","",""
"2029","0","0","0","0","0","0","0","0","0","7","0","","36","05","2018","2018056385","5","40.222","-76.4323","2022","08","0","0","0","0","0","0","0","0","2","0","0","0","20","1","0","00","1","40 13:19.128","1","00","76 25:56.103","0","0","0","0","36230","0","0","0","N","0","0","0","2","36410","0","","5","01","N","N","0","","0","0","0","0","0","N","2020","0","1","0","0","1","0","0","1","1","1","N","","","","","","","","","","","","03","  ","","",""
"2339","1","0","0","0","0","0","0","0","0","7","0","","36","05","2018","2018056437","5","40.1587","-76.1879","2336","08","0","0","0","0","0","1","0","0","","0","0","0","23","2","0","02","0","40 09:31.467","","00","76 11:16.476","0","0","0","0","36402","0","0","0","N","0","0","0","1","36402","0","","5","01","N","N","0","","0","0","0","3","3","","2328","0","1","0","0","0","0","0","2","0","1","N","","","","","","","","","","","","03","  ","","",""
"1639","2","0","0","0","0","0","0","0","0","1","0","","36","05","2018","2018056451","4","40.0282","-76.3342","1637","08","0","0","0","0","0","0","1","0","2","0","0","0","16","1","0","00","1","40 01:41.380","2","00","76 20:03.220","0","0","0","0","36220","0","0","0","N","0","0","0","2","36101","0","","1","01","N","N","0","","0","0","0","0","0","N","1636","0","2","0","0","0","0","0","3","0","2","N","","","","","","","","","","","","03","  ","","",""
"1330","1","0","0","0","0","0","0","0","0","1","0","","36","05","2018","2018056452","4","40.0562","-76.3301","1330","08","0","0","0","1","0","0","0","0","","0","0","0","13","1","0","00","0","40 03:22.220","","00","76 19:48.182","0","0","0","0","36101","0","0","0","N","0","0","0","2","36101","0","","1","01","N","N","0","","0","0","1","0","0","","1330","0","2","0","0","0","0","0","3","0","2","N","","","","","","","","","","","","03","  ","","",""
"1712","0","0","0","0","0","0","0","0","0","7","0","","36","05","2018","2018056453","4","40.0761","-76.3371","1708","08","0","0","0","0","0","1","0","0","1","0","0","0","17","1","0","00","1","40 04:34.390","3","03","76 20:14.775","0","0","0","0","36101","0","0","0","N","0","0","0","7","36101","0","","3","01","N","N","1","","0","0","2","0","0","N","1705","0","3","0","0","0","0","0","3","0","3","N","","","","","","","","","","","","03","  ","","",""
"0517","1","0","0","0","0","0","0","0","0","7","0","","36","05","2018","2018056454","4","40.0981","-76.409","0509","08","0","0","0","0","1","0","0","0","","0","0","0","05","2","1","00","0","40 05:53.312","","00","76 24:32.532","2","0","0","0","36214","0","0","0","N","0","0","0","1","36214","0","","4","01","N","N","0","","0","1","0","0","0","","0507","1","1","0","1","1","0","0","3","0","1","N","","","","","","","","","","","","03","  ","","",""
"2316","0","0","0","0","0","0","0","0","0","9","0","","36","05","2018","2018056469","5","40.1791","-76.6024","2312","08","0","0","0","0","0","0","0","0","","0","0","0","23","2","0","00","0","40 10:44.634","","00","76 36:08.680","0","0","0","0","36225","0","0","0","N","0","0","0","1","36505","0","","1","01","","","0","","0","0","1","0","0","","2312","0","1","0","0","0","0","0","2","0","1","N","","","","","","","","","","","","03","  ","","",""
"1858","1","0","0","0","0","0","0","0","0","7","0","","36","05","2018","2018056473","5","40.2234","-76.2201","1848","08","0","1","0","0","0","0","0","0","2","0","0","0","18","1","1","00","1","40 13:24.129","5","00","76 13:12.400","3","0","0","0","36204","0","0","0","N","0","0","0","1","36506","0","","5","01","N","N","0","","1","0","0","0","0","Y","1848","1","1","0","0","0","0","0","1","0","1","N","","","","","","","","","","","","03","  ","","",""
"1433","1","0","0","0","0","0","0","0","0","2","0","","36","05","2018","2018056480","3","40.1663","-76.3081","1428","08","0","0","0","0","0","0","1","0","1","0","0","0","14","1","0","01","2","40 09:58.611","3","00","76 18:29.129","0","0","0","0","36235","0","0","0","N","0","0","0","2","36506","0","","1","01","N","N","1","","0","0","0","3","2","Y","1428","0","2","0","0","0","0","0","1","0","2","N","","","","","","","","","","","","03","  ","","",""
"2041","2","0","0","0","0","0","0","0","0","1","0","","36","05","2018","2018056508","6","40.0654","-76.3149","2039","08","0","0","0","0","0","1","0","0","3","0","0","0","20","2","1","02","2","40 03:55.401","2","00","76 18:53.945","3","0","0","0","36101","0","0","0","N","0","0","0","5","36101","0","","1","01","N","N","0","","1","0","0","3","2","Y","2036","1","3","0","0","1","0","0","3","1","3","N","","","","","","","","","","","","03","  ","","",""
"1804","0","0","0","0","0","0","0","0","0","1","0","","36","05","2018","2018056569","5","40.018","-76.1701","1759","08","0","0","0","0","0","0","0","0","2","0","0","0","17","1","2","00","1","40 01:04.689","3","00","76 10:12.316","8","0","0","0","36215","0","0","0","N","0","0","0","4","36215","0","","1","01","N","N","0","","0","0","1","0","0","N","1755","2","2","0","0","0","2","0","1","1","2","N","","","","","","","","","","","","03","  ","","",""
"1209","1","0","0","0","0","0","0","0","0","7","0","","36","04","2018","2018056586","2","40.0436","-76.2862","1158","08","0","0","1","0","0","0","0","0","","0","0","0","11","1","0","00","0","40 02:37.015","","00","76 17:10.383","0","0","0","0","36220","0","0","0","N","0","0","0","1","36101","0","","5","01","N","N","0","","0","0","0","0","0","","1146","0","1","0","0","0","0","0","3","0","1","N","","","","","","","","","","","","03","  ","","",""
"2016","0","0","0","0","0","0","0","0","0","1","0","","36","05","2018","2018056648","6","40.1063","-76.3544","2010","08","0","0","0","0","0","0","1","0","2","0","0","0","20","3","1","01","1","40 06:22.809","2","00","76 21:16.002","3","0","0","0","36406","0","0","0","N","0","0","0","2","36101","0","","1","01","N","N","0","","1","0","1","3","2","N","2010","1","2","0","0","0","0","0","3","1","2","N","","","","","","","","","","","","03","  ","","",""
"2025","1","0","0","0","0","0","0","0","0","1","0","","36","05","2018","2018056649","7","40.0875","-76.2848","2019","08","0","0","1","0","0","0","0","0","","0","0","0","20","3","0","00","0","40 05:15.016","","00","76 17:05.217","0","0","0","0","36101","0","0","0","N","0","0","0","4","36101","0","","1","09","N","N","0","","0","0","1","0","0","","2018","0","2","0","0","0","0","0","3","0","2","N","","","","","","","","","","","","07","  ","","",""
"1127","1","0","0","0","0","0","0","0","0","4","0","","36","05","2018","2018056650","3","40.0679","-76.3034","1123","08","0","0","0","0","0","1","1","0","2","0","0","0","11","1","0","01","1","40 04:04.574","2","00","76 18:12.893","0","0","0","0","36101","0","0","0","N","0","0","0","3","36101","0","","1","09","N","N","0","","0","0","2","3","2","N","1123","0","3","0","0","0","0","0","3","0","3","N","","","","","","","","","","","","07","  ","","",""
"0759","2","0","0","0","0","0","0","0","0","1","0","","36","05","2018","2018056668","6","40.1854","-76.4092","0753","08","0","0","0","0","0","0","0","0","1","0","0","0","07","1","0","00","1","40 11:07.583","1","00","76 24:33.042","0","0","0","0","36230","0","0","0","N","0","0","0","2","36410","0","","1","01","N","N","0","","0","0","0","0","0","N","0745","0","2","0","0","0","0","0","1","0","2","N","","","","","","","","","","","","03","  ","","",""
"0854","0","0","0","0","0","0","0","0","0","1","1","","36","05","2018","2018056710","7","40.1828","-76.6073","0845","08","0","0","0","0","0","2","0","0","","0","1","0","08","1","0","00","0","40 10:58.178","","00","76 36:26.340","0","0","0","0","36225","0","0","0","N","0","0","0","5","36505","0","","1","01","N","N","0","","0","0","1","0","0","","0840","0","2","0","0","0","0","0","2","0","2","N","","","","","","","","","","","","03","  ","","",""
"1732","1","0","0","0","0","0","0","0","0","7","0","","36","05","2018","2018056735","5","40.1611","-76.5848","1730","08","0","0","1","0","0","0","0","0","1","0","0","0","17","1","0","00","1","40 09:40.091","3","00","76 35:05.412","0","0","0","0","36407","0","0","0","Y","0","0","0","1","36407","0","","4","01","N","N","0","","0","0","0","0","0","N","1729","0","1","0","0","0","0","0","2","0","1","N","","","","","","","","","","","","03","  ","","",""