"ARRIVAL_TM","AUTOMOBILE_COUNT","BELTED_DEATH_COUNT","BELTED_SUSP_SERIOUS_INJ_COUNT","BICYCLE_COUNT","BICYCLE_DEATH_COUNT","BICYCLE_SUSP_SERIOUS_INJ_COUNT","BUS_COUNT","CHLDPAS_DEATH_COUNT","CHLDPAS_SUSP_SERIOUS_INJ_COUNT","COLLISION_TYPE","COMM_VEH_COUNT","CONS_ZONE_SPD_LIM","COUNTY","CRASH_MONTH","CRASH_YEAR","CRN","DAY_OF_WEEK","DEC_LAT","DEC_LONG","DISPATCH_TM","DISTRICT","DRIVER_COUNT_16YR","DRIVER_COUNT_17YR","DRIVER_COUNT_18YR","DRIVER_COUNT_19YR","DRIVER_COUNT_20YR","DRIVER_COUNT_50_64YR","DRIVER_COUNT_65_74YR","DRIVER_COUNT_75PLUS","EST_HRS_CLOSED","FATAL_COUNT","HEAVY_TRUCK_COUNT","HORSE_BUGGY_COUNT","HOUR_OF_DAY","ILLUMINATION","INJURY_COUNT","INTERSECT_TYPE","LANE_CLOSED","LATITUDE","LN_CLOSE_DIR","LOCATION_TYPE","LONGITUDE","MAX_SEVERITY_LEVEL","MCYCLE_DEATH_COUNT","MCYCLE_SUSP_SERIOUS_INJ_COUNT","MOTORCYCLE_COUNT","MUNICIPALITY","NONMOTR_COUNT","NONMOTR_DEATH_COUNT","NONMOTR_SUSP_SERIOUS_INJ_COUNT","NTFY_HIWY_MAINT","PED_COUNT","PED_DEATH_COUNT","PED_SUSP_SERIOUS_INJ_COUNT","PERSON_COUNT","POLICE_AGCY","POSSIBLE_INJ_COUNT","RDWY_SURF_TYPE_CD","RELATION_TO_ROAD","ROAD_CONDITION","SCH_BUS_IND","SCH_ZONE_IND","SMALL_TRUCK_COUNT","SPEC_JURIS_CD","SUSP_MINOR_INJ_COUNT","SUSP_SERIOUS_INJ_COUNT","SUV_COUNT","TCD_FUNC_CD","TCD_TYPE","TFC_DETOUR_IND","TIME_OF_DAY","TOT_INJ_COUNT","TOTAL_UNITS","UNB_DEATH_COUNT","UNB_SUSP_SERIOUS_INJ_COUNT","UNBELTED_OCC_COUNT","UNK_INJ_DEG_COUNT","UNK_INJ_PER_COUNT","URBAN_RURAL","VAN_COUNT","VEHICLE_COUNT","WORK_ZONE_IND","WORK_ZONE_LOC","WORK_ZONE_TYPE","WORKERS_PRES","WZ_CLOSE_DETOUR","WZ_FLAGGER","WZ_LAW_OFFCR_IND","WZ_LN_CLOSURE","WZ_MOVING","WZ_OTHER","WZ_SHLDER_MDN","ROADWAY_CLEARED","WEATHER1","WEATHER2","WZ_WORKERS_INJ_KILLED","SECONDARY_CRASH","INTERSECTION_RELATED"
"0849","2","0","0","0","0","0","0","0","0","4","0","","36","05","2018","2018056744","7","40.0251","-76.3039","0830","08","0","0","0","0","0","0","0","0","1","0","0","0","08","1","0","05","1","40 01:30.378","4","00","76 18:14.198","0","0","0","0","36301","0","0","0","N","0","0","0","2","36301","0","","1","01","N","N","0","","0","0","0","3","3","N","0823","0","2","0","0","0","0","0","3","0","2","N","","","","","","","","","","","","03","  ","","",""
"1518","1","0","0","0","0","0","0","0","0","4","0","","36","05","2018","2018056762","7","40.1584","-76.6054","1517","08","0","0","0","0","0","1","0","0","2","0","0","0","15","1","2","01","2","40 09:30.344","7","00","76 36:19.519","3","0","0","0","36407","0","0","0","N","0","0","0","5","36407","0","","1","01","N","N","1","","2","0","0","3","3","Y","1516","2","2","0","0","2","0","0","2","0","2","N","","","","","","","","","","","","03","  ","","",""
"1606","1","0","0","0","0","0","0","0","0","7","0","","36","05","2018","2018056764","7","40.1283","-76.4522","1601","08","0","0","0","0","0","0","1","0","2","0","0","0","15","1","0","01","1","40 07:41.886","3","00","76 27:07.849","0","0","0","0","36230","0","0","0","N","0","0","0","1","36410","0","","2","01","N","N","0","","0","0","0","3","2","Y","1555","0","1","0","0","0","0","0","1","0","1","N","","","","","","","","","","","","03","  ","","",""
"1815","1","0","0","0","0","0","0","0","0","1","0","","36","05","2018","2018056810","7","40.2276","-76.0664","1813","08","0","0","0","1","0","0","0","0","2","0","0","0","18","1","0","00","1","40 13:39.435","4","00","76 03:59.079","0","0","0","0","36210","0","0","0","N","0","0","0","3","36210","0","","1","01","N","N","1","","0","0","0","0","0","N","1815","0","2","0","0","0","0","0","1","0","2","N","","","","","","","","","","","","03","  ","","",""
"1510","1","0","0","0","0","0","0","0","0","1","0","","36","05","2018","2018056858","6","40.106","-76.4296","1505","08","0","0","0","0","0","0","0","1","","0","0","0","15","1","0","00","0","40 06:21.724","","00","76 25:46.575","0","0","0","0","36214","0","0","0","N","0","0","0","4","36214","0","","1","01","N","N","0","","0","0","1","0","0","","1505","0","2","0","0","0","0","0","3","0","2","N","","","","","","","","","","","","03","  ","","",""
"1116","1","0","0","0","0","0","0","0","0","5","1","","36","05","2018","2018056862","4","40.0888","-76.3051","1116","08","0","0","0","0","0","0","0","0","1","0","1","0","11","1","0","03","1","40 05:19.752","1","00","76 18:18.261","0","0","0","0","36101","0","0","0","N","0","0","0","2","36101","0","","1","09","N","N","0","","0","0","0","3","2","N","1115","0","2","0","0","0","0","0","3","0","2","N","","","","","","","","","","","","07","  ","","",""
"0918","1","0","0","0","0","0","0","0","0","7","0","","36","05","2018","2018056897","7","40.1631","-76.2486","0913","08","0","0","0","0","0","0","1","0","","0","0","0","09","1","0","02","0","40 09:47.214","","00","76 14:54.974","0","0","0","0","36235","0","0","0","N","0","0","0","1","36506","0","","5","01","N","N","0","","0","0","0","3","3","","0913","0","1","0","0","0","0","0","1","0","1","N","","","","","","","","","","","","03","  ","","",""
"2304","1","0","0","0","0","0","0","0","0","1","0","","36","04","2018","2018056904","4","40.0435","-76.3216","2301","08","0","0","0","0","0","0","0","0","2","0","0","0","22","3","0","00","1","40 02:36.476","3","00","76 19:17.660","0","0","0","0","36301","0","0","0","N","0","0","0","1","36301","0","","6","01","N","N","0","","0","0","1","0","0","N","2259","0","2","0","0","0","0","0","3","0","2","N","","","","","","","","","","","","03","  ","","",""
"1142","0","0","0","0","0","0","0","0","0","1","0","90","36","05","2018","2018056933","6","39.985","-76.2801","1140","08","0","0","0","0","0","1","0","0","","0","0","0","11","1","0","00","0","39 59:06.087","","00","76 16:48.217","0","0","0","0","36240","0","0","0","N","0","0","0","2","36240","0","","1","01","N","","0","","0","0","2","3","3","","1138","0","2","0","0","0","0","0","1","0","2","Y","1","2","Y","","","N","","","","Y","","03","  ","","",""
"1945","1","0","0","0","0","0","0","0","0","7","0","","36","05","2018","2018056985","5","40.226","-76.1455","1940","08","0","0","0","0","0","0","0","0","","0","0","0","19","1","0","00","0","40 13:33.575","","00","76 08:43.796","0","0","0","0","36405","0","0","0","N","0","0","0","2","36210","0","","5","01","N","N","0","","0","0","0","0","0","","1937","0","1","0","0","0","0","0","1","0","1","N","","","","","","","","","","","","03","  ","","",""
"0402","1","0","0","0","0","0","0","0","0","7","0","","36","05","2018","2018056988","1","40.187","-76.0987","0357","08","0","1","0","0","0","0","0","0","","0","0","0","03","2","0","00","0","40 11:13.052","","00","76 05:55.217","0","0","0","0","36210","0","0","0","N","0","0","0","1","36210","0","","5","09","N","N","0","","0","0","0","0","0","","0343","0","1","0","0","0","0","0","1","0","1","N","","","","","","","","","","","","07","  ","","",""
"2309","1","0","0","0","0","0","0","0","0","9","0","","36","05","2018","2018057042","3","40.1255","-76.4521","2305","08","0","0","0","0","0","0","0","0","","0","0","0","23","2","0","00","0","40 07:31.960","","00","76 27:07.710","0","0","0","0","36230","0","0","0","N","0","0","0","1","36410","0","","1","01","N","N","0","","0","0","0","0","0","","2305","0","1","0","0","0","0","0","1","0","1","N","","","","","","","","","","","","03","  ","","",""
"1845","0","0","0","0","0","0","0","0","0","7","0","","36","05","2018","2018057090","6","40.161","-76.3857","1830","08","0","0","0","0","0","0","0","0","1","0","0","0","18","1","0","02","1","40 09:39.744","1","00","76 23:08.664","0","0","0","0","36410","0","0","0","N","0","0","0","1","36410","0","","2","01","N","N","0","","0","0","1","3","3","N","1830","0","1","0","0","0","0","0","2","0","1","N","","","","","","","","","","","","03","  ","","",""
"2030","1","0","0","0","0","0","0","0","0","7","0","","36","05","2018","2018057093","7","40.1321","-76.4935","2011","08","0","0","0","0","0","0","1","0","","0","0","0","20","1","0","00","0","40 07:55.520","","03","76 29:36.766","0","0","0","0","36230","0","0","0","N","0","0","0","2","36410","0","","2","01","N","N","0","","0","0","0","0","0","","2011","0","1","0","0","0","0","0","1","0","1","N","","","","","","","","","","","","03","  ","","",""
"1804","0","0","0","0","0","0","0","0","0","4","0","","36","05","2018","2018057102","1","40.114","-76.5207","1801","08","0","0","0","0","0","0","0","0","","0","0","0","18","1","0","01","0","40 06:50.558","","00","76 31:14.611","0","0","0","0","36413","0","0","0","N","0","0","0","2","36413","0","","1","01","","","0","","0","0","2","3","2","","1801","0","2","0","0","2","0","0","2","0","2","N","","","","","","","","","","","","03","  ","","",""
"2316","1","0","0","0","0","0","0","0","0","7","0","","36","05","2018","2018057128","5","40.2015","-76.1989","2311","08","0","0","0","0","0","0","0","0","1","0","0","0","23","2","0","00","1","40 12:05.337","5","00","76 11:56.030","0","0","0","0","36218","0","0","0","N","0","0","0","1","36408","0","","2","01","N","N","0","","0","0","0","0","0","Y","2311","0","1","0","0","0","0","0","1","0","1","N","","","","","","","","","","","","03","  ","","",""
"0950","2","0","0","0","0","0","0","0","0","6","0","","36","05","2018","2018057159","2","39.9954","-76.2047","0946","08","0","0","0","0","0","1","0","0","2","0","0","0","09","1","0","00","2","39 59:43.458","5","03","76 12:16.772","0","0","0","0","36240","0","0","0","Y","0","0","0","2","36240","0","","1","01","N","N","0","","0","0","0","0","0","Y","0938","0","2","0","0","0","0","0","1","0","2","N","","","","","","","","","","","","03","  ","","",""
"0213","0","0","0","0","0","0","0","0","0","0","0","","36","05","2018","2018057163","7","39.9042","-76.2727","0207","08","0","0","0","0","0","0","0","0","","0","0","0","02","3","1","02","0","39 54:15.044","","00","76 16:21.835","2","0","0","0","36229","0","0","0","N","0","0","0","1","68J01","0","","1","01","N","N","0","","0","1","0","3","3","","0205","1","1","0","0","0","0","0","1","0","1","N","","","","","","","","","","","","03","  ","","",""
"1456","0","0","0","0","0","0","0","0","0","4","0","","36","05","2018","2018057204","2","39.9679","-76.3224","1449","08","0","1","0","0","0","0","0","0","3","0","0","0","14","1","2","01","2","39 58:04.314","3","00","76 19:20.496","4","0","0","0","36228","0","0","0","N","0","0","0","2","36503","1","","1","01","N","N","0","","0","0","1","2","3","Y","1448","2","2","0","0","0","1","0","1","1","2","N","","","","","","","","","","","","03","  ","","",""
"1112","1","0","0","0","0","0","0","0","0","4","0","","36","05","2018","2018057206","2","39.975","-76.2719","1106","08","0","0","0","0","0","1","0","1","","0","0","0","11","1","0","01","0","39 58:29.964","","00","76 16:18.911","0","0","0","0","36240","0","0","0","N","0","0","0","2","36240","0","","1","01","N","N","1","","0","0","0","3","3","","1104","0","2","0","0","0","0","0","1","0","2","N","","","","","","","","","","","","03","  ","","",""
"1119","0","0","0","0","0","0","0","0","0","4","0","","36","05","2018","2018057215","6","40.047","-76.3926","1117","08","0","0","0","0","0","2","0","0","3","0","0","0","11","1","1","02","2","40 02:49.052","5","00","76 23:33.291","2","0","1","1","36214","0","0","0","N","0","0","0","3","36214","0","","1","01","N","N","0","","0","1","1","0","0","Y","1117","1","2","0","0","0","0","0","3","0","2","N","","","","","","","","","","","","03","  ","","",""
"1611","1","0","0","0","0","0","0","0","0","4","0","","36","05","2018","2018057216","7","40.0373","-76.4082","1544","08","0","1","0","0","0","0","0","0","1","0","0","0","15","1","1","01","2","40 02:14.323","5","00","76 24:29.659","3","0","0","0","36223","0","0","0","N","0","0","0","2","36223","0","","1","09","N","N","0","","1","0","1","3","2","Y","1539","1","2","0","0","0","0","0","1","0","2","N","","","","","","","","","","","","03","  ","","",""
"1820","1","0","0","0","0","0","0","0","0","4","0","","36","05","2018","2018057242","2","40.1315","-76.1479","1807","08","0","0","1","0","0","0","0","0","","0","0","0","18","1","1","01","0","40 07:53.254","","00","76 08:52.441","4","0","0","0","36238","0","0","0","N","0","0","0","3","36238","1","","1","01","N","N","1","","0","0","0","3","3","","1805","1","2","0","0","2","0","0","3","0","2","N","","","","","","","","","","","","03","  ","","",""
"0953","1","0","0","0","0","0","0","0","0","1","0","","36","05","2018","2018057269","1","40.1571","-76.3073","0951","08","0","0","0","0","0","0","1","0","1","0","0","0","09","1","0","02","1","40 09:25.725","4","00","76 18:26.279","0","0","0","0","36409","0","0","0","N","0","0","0","5","36409","0","","1","01","N","N","0","","0","0","1","3","2","N","0950","0","2","0","0","0","0","0","3","0","2","N","","","","","","","","","","","","03","  ","","",""
"2000","2","0","0","0","0","0","0","0","0","4","0","","36","05","2018","2018057290","5","40.0397","-76.2913","1954","08","1","0","0","0","0","0","0","0","5","1","0","0","19","3","2","01","2","40 02:22.957","7","00","76 17:28.796","1","0","0","0","36301","0","0","0","N","0","0","0","5","36301","0","2","1","01","N","N","0","0","1","1","1","3","2","Y","1917","2","3","0","0","0","0","0","3","0","3","N","","","","","","","","","","","","03","  ","","",""
"0424","0","0","0","0","0","0","0","0","0","7","2","","36","05","2018","2018057313","7","40.1584","-76.5757","0409","08","0","0","0","0","0","0","0","0","","0","2","0","04","5","0","00","0","40 09:30.372","","00","76 34:32.345","0","0","0","0","36225","0","0","0","N","0","0","0","5","36505","0","","1","01","N","N","1","","0","0","0","0","0","","0400","0","3","0","0","0","0","0","2","0","3","N","","","","","","","","","","","","03","  ","","",""
"2302","1","0","0","0","0","0","0","0","0","4","0","","36","05","2018","2018057326","4","40.018","-76.3252","2301","08","0","0","1","0","0","0","0","0","2","0","0","0","22","2","2","00","2","40 01:04.780","5","00","76 19:30.570","3","0","0","0","36220","0","0","0","N","0","0","0","2","36101","1","","4","01","N","N","0","","1","0","1","0","0","Y","2257","2","2","0","0","0","0","0","3","0","2","N","","","","","","","","","","","","03","  ","","",""
"1053","2","0","0","0","0","0","0","0","0","4","0","","36","05","2018","2018057332","5","40.1737","-76.3384","1051","08","0","0","0","0","1","0","1","0","","0","0","0","10","1","2","01","0","40 10:25.198","","00","76 20:18.137","4","0","0","0","36227","0","0","0","N","0","0","0","2","36506","2","","1","01","N","N","0","","0","0","0","0","0","","1051","2","2","0","0","0","0","0","1","0","2","N","","","","","","","","","","","","03","  ","","",""
"1734","0","0","0","0","0","0","0","0","0","7","0","","36","05","2018","2018057364","4","40.0198","-76.1795","1730","08","0","0","0","0","0","1","0","0","1","0","0","0","17","1","1","00","2","40 01:11.426","3","00","76 10:46.330","3","0","0","0","36301","0","0","0","N","0","0","0","1","36301","0","","3","01","N","N","1","","1","0","0","0","0","Y","1729","1","1","0","0","0","0","0","3","0","1","N","","","","","","","","","","","","03","  ","","",""
"1733","2","0","0","0","0","0","0","0","0","2","0","","36","05","2018","2018057382","5","40.0687","-76.3429","1725","08","0","0","0","0","0","1","1","0","2","0","0","0","17","1","0","01","2","40 04:07.251","5","00","76 20:34.310","0","0","0","0","36301","0","0","0","N","0","0","0","3","36301","0","","1","01","N","N","0","","0","0","0","3","2","Y","1723","0","2","0","0","0","0","0","3","0","2","N","","","","","","","","","","","","03","  ","","",""
"0747","2","0","0","0","0","0","0","0","0","5","0","","36","04","2018","2018057400","4","40.2241","-76.0652","0725","08","0","0","0","0","0","1","0","0","","0","0","0","07","1","0","00","0","40 13:26.907","","00","76 03:54.547","0","0","0","0","36202","0","0","0","N","0","0","0","2","68J01","0","","1","01","N","N","0","","0","0","0","0","0","","0719","0","2","0","0","0","0","0","1","0","2","N","","","","","","","","","","","","03","  ","","",""
"0117","1","0","0","0","0","0","0","0","0","7","0","","36","04","2018","2018057402","5","39.8849","-76.2341","0107","08","0","0","0","0","0","0","0","0","","0","0","0","01","2","0","00","0","39 53:05.645","","00","76 14:02.698","0","0","0","0","36229","0","0","0","N","0","0","0","1","68J01","0","","2","01","N","N","0","","0","0","0","0","0","","0105","0","1","0","0","0","0","0","1","0","1","N","","","","","","","","","","","","03","  ","","",""
"2219","1","0","0","0","0","0","0","0","0","7","0","","36","04","2018","2018057406","5","40.0857","-75.9876","2203","08","0","0","0","0","0","0","0","0","3","0","0","0","21","2","1","00","2","40 05:08.670","6","00","75 59:15.510","3","0","0","0","36232","0","0","0","N","0","0","0","2","68J01","0","","4","01","N","N","0","","1","0","0","0","0","N","2158","1","1","0","0","1","0","1","1","0","1","N","","","","","","","","","","","","03","  ","","",""
"1721","0","0","0","0","0","0","0","0","0","2","0","","36","05","2018","2018057409","1","40.0092","-75.9812","1710","08","0","0","0","0","0","0","0","0","3","0","0","0","17","1","1","00","2","40 00:33.050","5","00","75 58:52.190","8","0","0","0","36232","0","0","0","N","0","0","0","3","68J01","0","","1","09","N","N","1","","0","0","1","0","0","Y","1701","1","2","0","0","0","1","0","1","0","2","N","","","","","","","","","","","","03","  ","","",""
"1026","0","0","0","0","0","0","0","0","0","4","0","","36","05","2018","2018057422","4","40.0523","-76.1013","1013","08","0","0","0","0","0","0","0","2","2","0","0","0","10","1","0","02","1","40 03:08.244","6","00","76 06:04.852","0","0","0","0","36221","0","0","0","N","0","0","0","2","68J01","0","","1","09","N","N","1","","0","0","1","3","3","Y","1010","0","2","0","0","0","0","0","1","0","2","N","","","","","","","","","","","","07","  ","","",""
"1602","1","0","0","0","0","0","0","0","0","2","0","","36","05","2018","2018057423","4","39.9707","-76.1465","1544","08","0","0","0","0","0","1","0","0","","0","0","0","15","1","0","01","0","39 58:14.512","","00","76 08:48.451","0","0","0","0","36233","0","0","0","N","0","0","0","4","68J01","0","","1","09","N","N","1","","0","0","0","3","3","","1540","0","2","0","0","0","0","0","1","0","2","N","","","","","","","","","","","","07","  ","","",""
"0641","1","0","0","0","0","0","0","0","0","7","0","","36","05","2018","2018057427","5","40.0176","-76.06","0624","08","0","0","0","0","0","0","0","0","","0","0","0","06","1","0","00","0","40 01:03.254","","00","76 03:36.094","0","0","0","0","36232","0","0","0","Y","0","0","0","1","68J01","0","","4","09","N","N","0","","0","0","0","0","0","","0623","0","1","0","0","0","0","0","1","0","1","N","","","","","","","","","","","","07","  ","","",""
"1630","1","0","0","0","0","0","0","0","0","7","0","","36","05","2018","2018057429","5","39.9474","-76.3396","1603","08","0","1","0","0","0","0","0","0","2","0","0","0","16","1","1","00","2","39 56:50.470","6","00","76 20:22.520","3","0","0","0","36206","0","0","0","N","0","0","0","1","68J01","0","","4","09","N","N","0","","1","0","0","0","0","Y","1600","1","1","0","0","0","0","0","1","0","1","N","","","","","","","","","","","","03","  ","","",""
"1816","1","0","0","0","0","0","0","0","0","1","0","","36","05","2018","2018057430","5","39.9914","-76.0166","1808","08","0","0","0","0","0","1","0","0","3","0","0","0","18","1","0","02","2","39 59:29.214","4","00","76 00:59.722","0","0","0","0","36232","0","0","0","N","0","0","0","8","68J01","0","","1","01","N","N","1","","0","0","1","3","2","N","1805","0","4","0","0","0","0","0","1","1","4","N","","","","","","","","","","","","03","  ","","",""
"1924","1","0","0","0","0","0","0","0","0","4","0","","36","05","2018","2018057431","5","39.9479","-76.2301","1907","08","0","0","0","0","0","0","0","0","3","0","0","0","19","1","1","05","1","39 56:52.261","2","00","76 13:48.292","3","0","0","0","36233","0","0","0","N","0","0","0","2","68J01","0","","1","01","N","N","0","","1","0","1","3","3","N","1905","1","2","0","0","0","0","0","1","0","2","N","","","","","","","","","","","","03","  ","","",""
"0653","0","0","0","0","0","0","0","0","0","7","0","","36","05","2018","2018057432","6","39.9429","-76.3718","0630","08","0","0","0","0","0","0","0","0","3","0","0","0","06","5","0","00","2","39 56:34.575","5","00","76 22:18.387","0","0","0","0","36206","0","0","0","N","0","0","0","1","68J01","0","","9","09","N","N","0","","0","0","1","0","0","Y","0622","0","1","0","0","0","0","0","1","0","1","N","","","","","","","","","","","","05","  ","","",""
"0743","0","0","0","0","0","0","0","0","0","7","0","","36","05","2018","2018057435","7","39.9607","-76.092","0727","08","0","0","0","0","0","0","0","0","","0","0","0","07","1","0","00","0","39 57:38.661","","00","76 05:31.231","0","0","0","0","36201","0","0","0","N","0","0","0","1","68J01","0","","4","09","N","N","1","","0","0","0","0","0","","0720","0","1","0","0","0","0","0","1","0","1","N","","","","","","","","","","","","07","  ","","",""
"1734","1","0","0","0","0","0","0","0","0","1","0","","36","05","2018","2018057445","4","40.1273","-75.9076","1712","08","0","0","0","0","0","0","0","0","2","0","0","0","17","1","0","00","1","40 07:38.174","2","00","75 54:27.316","0","0","0","0","36203","0","0","0","N","0","0","0","2","68J01","0","","1","01","N","N","1","","0","0","0","0","0","N","1707","0","2","0","0","0","0","0","1","0","2","N","","","","","","","","","","","","03","  ","","",""
"0646","1","0","0","0","0","0","0","0","0","1","0","","36","05","2018","2018057457","6","39.9945","-76.0291","0629","08","0","0","0","0","0","0","0","0","2","0","0","0","06","1","0","01","1","39 59:40.111","2","00","76 01:44.529","0","0","0","0","36232","0","0","0","N","0","0","0","2","68J01","0","","1","01","N","N","0","","0","0","1","3","2","N","0623","0","2","0","0","0","0","0","1","0","2","N","","","","","","","","","","","","03","  ","","",""
"1749","0","0","0","0","0","0","0","0","0","7","0","","36","05","2018","2018057491","2","39.8665","-76.1517","1748","08","0","0","1","0","0","0","0","0","","0","0","0","17","1","0","00","0","39 51:59.416","","00","76 09:06.298","0","0","0","0","36212","0","0","0","N","0","0","0","1","68J01","0","","4","01","N","N","1","","0","0","0","0","0","","1746","0","1","0","0","0","0","0","1","0","1","N","","","","","","","","","","","","03","  ","","",""
"1504","1","0","0","0","0","0","0","0","0","4","1","","36","05","2018","2018057532","4","40.0144","-76.3267","1458","08","0","0","0","0","0","0","0","0","","0","1","0","14","1","0","02","0","40 00:51.749","","00","76 19:36.106","0","0","0","0","36220","0","0","0","N","0","0","0","3","36101","0","","1","01","N","N","0","","0","0","0","3","3","","1451","0","2","0","0","0","0","0","3","0","2","N","","","","","","","","","","","","03","  ","","",""
"1924","1","0","0","0","0","0","0","0","0","2","0","","36","05","2018","2018057533","2","40.0657","-76.3482","1920","08","0","0","0","0","0","1","0","0","2","0","0","0","19","1","3","02","2","40 03:56.701","6","00","76 20:53.381","3","0","0","0","36101","0","0","0","N","0","0","0","3","36214","0","","1","01","N","N","1","","2","0","0","3","2","Y","1920","3","2","0","0","1","1","0","3","0","2","N","","","","","","","","","","","","03","  ","","",""
"0726","0","0","0","0","0","0","0","0","0","7","0","","36","05","2018","2018057534","6","40.0394","-76.2035","0726","08","0","0","0","0","1","0","0","0","","0","0","0","07","1","0","00","0","40 02:21.959","","00","76 12:12.545","0","0","0","0","36215","0","0","0","N","0","0","0","1","36215","0","","4","09","N","N","0","","0","0","1","0","0","","0723","0","1","0","0","0","0","0","1","0","1","N","","","","","","","","","","","","03","  ","","",""
"1832","1","0","0","0","0","0","0","0","0","1","0","","36","05","2018","2018057733","2","40.2171","-76.118","1829","08","0","0","0","0","0","1","0","0","2","0","0","0","18","1","2","01","1","40 13:01.603","1","00","76 07:04.862","3","0","0","0","36210","0","0","0","N","0","0","0","2","36210","0","","1","01","N","N","1","","2","0","0","3","2","Y","1828","2","2","0","0","0","0","0","1","0","2","N","","","","","","","","","","","","03","  ","","",""
"2059","0","0","0","0","0","0","0","0","0","7","0","","36","05","2018","2018057896","3","40.1679","-76.112","2051","08","1","0","0","0","0","0","0","0","2","0","0","0","20","2","0","00","2","40 10:04.561","5","00","76 06:43.277","0","0","0","0","36218","0","0","0","N","0","0","0","2","36408","0","","5","01","N","N","1","","0","0","0","0","0","Y","2045","0","1","0","0","0","0","0","1","0","1","N","","","","","","","","","","","","03","  ","","",""
"0817","2","0","0","0","0","0","0","0","0","1","0","","36","05","2018","2018057902","3","40.0249","-76.3304","0816","08","0","0","0","0","0","1","0","0","","0","0","0","08","1","0","00","0","40 01:29.514","","00","76 19:49.504","0","0","0","0","36220","0","0","0","N","0","0","0","3","36101","0","","1","01","N","N","0","","0","0","1","0","0","","0813","0","3","0","0","0","0","0","3","0","3","N","","","","","","","","","","","","03","  ","","",""
"0608","0","0","0","0","0","0","0","0","0","8","0","","36","05","2018","2018057903","7","40.038","-76.3482","0603","08","0","0","0","0","0","0","0","0","","0","0","0","02","3","1","00","0","40 02:16.945","","00","76 20:53.466","2","0","0","0","36223","1","0","1","N","1","0","1","2","36223","0","","2","09","N","N","0","","0","1","1","0","0","","0230","1","2","0","0","0","0","0","1","0","1","N","","","","","","","","","","","","07","  ","","",""
"1414","0","0","0","0","0","0","0","0","0","7","0","","36","05","2018","2018057928","7","40.149","-76.6301","1410","08","0","0","0","0","0","0","0","0","2","0","0","0","14","1","0","00","1","40 08:56.306","1","00","76 37:48.356","0","0","0","0","36237","0","0","0","N","0","0","0","1","36505","0","","5","01","N","N","1","","0","0","0","0","0","N","1400","0","1","0","0","0","0","0","1","0","1","N","","","","","","","","","","","","03","  ","","",""
"1301","1","0","0","0","0","0","0","0","0","4","0","","36","05","2018","2018057988","4","40.2338","-76.1305","1259","08","0","0","0","0","0","1","0","0","","0","0","0","12","1","0","01","0","40 14:01.602","","00","76 07:49.956","0","0","0","0","36405","0","0","0","N","0","0","0","2","36210","0","","1","01","N","N","0","","0","0","1","3","3","","1257","0","2","0","0","0","0","0","1","0","2","N","","","","","","","","","","","","03","  ","","",""
"1024","1","0","0","0","0","0","0","0","0","4","0","","36","05","2018","2018058095","2","40.0685","-76.3029","1019","08","0","0","0","0","0","0","0","0","2","0","0","0","10","1","1","01","1","40 04:06.603","1","00","76 18:11.024","4","0","0","0","36101","0","0","0","N","0","0","0","2","36101","1","","1","01","N","N","0","","0","0","1","3","2","N","1019","1","2","0","0","0","0","0","3","0","2","N","","","","","","","","","","","","03","  ","","",""
"0845","2","0","0","0","0","0","0","0","0","1","0","","36","05","2018","2018058096","6","40.0808","-76.3492","0836","08","0","0","0","0","0","1","0","0","","0","0","0","08","1","0","00","0","40 04:50.853","","00","76 20:57.114","0","0","0","0","36214","0","0","0","N","0","0","0","2","36214","0","","1","01","N","N","0","","0","0","0","0","0","","0833","0","2","0","0","0","0","0","3","0","2","N","","","","","","","","","","","","03","  ","","",""
"1641","1","0","0","0","0","0","0","0","0","1","0","","36","05","2018","2018058097","6","40.0572","-76.3964","1635","08","0","0","0","0","0","0","0","0","","0","0","0","16","1","1","00","0","40 03:26.055","","00","76 23:47.180","3","0","0","0","36214","0","0","0","N","0","0","0","10","36214","0","","1","01","N","N","1","","1","0","1","0","0","","1635","1","3","0","0","0","0","0","3","0","3","N","","","","","","","","","","","","03","  ","","",""
"2342","1","0","0","0","0","0","0","0","0","9","0","","36","05","2018","2018058098","3","40.1066","-76.431","2334","08","0","0","0","0","0","0","0","0","2","0","0","0","23","2","0","00","1","40 06:23.810","4","00","76 25:51.770","0","0","0","0","36214","0","0","0","N","0","0","0","1","36214","0","","1","01","N","N","0","","0","0","0","0","0","N","2331","0","1","0","0","0","0","0","3","0","1","N","","","","","","","","","","","","03","  ","","",""
"1120","0","0","0","0","0","0","0","0","0","1","0","","36","05","2018","2018058099","2","40.0918","-76.1597","1112","08","0","0","0","0","0","1","0","0","","0","0","0","11","1","0","01","0","40 05:30.450","","00","76 09:34.785","0","0","0","0","36234","0","0","0","N","0","0","0","3","36215","0","","1","01","N","N","1","","0","0","1","0","0","","1110","0","2","0","0","0","0","0","1","0","2","N","","","","","","","","","","","","03","  ","","",""