"ARRIVAL_TM","AUTOMOBILE_COUNT","BELTED_DEATH_COUNT","BELTED_SUSP_SERIOUS_INJ_COUNT","BICYCLE_COUNT","BICYCLE_DEATH_COUNT","BICYCLE_SUSP_SERIOUS_INJ_COUNT","BUS_COUNT","CHLDPAS_DEATH_COUNT","CHLDPAS_SUSP_SERIOUS_INJ_COUNT","COLLISION_TYPE","COMM_VEH_COUNT","CONS_ZONE_SPD_LIM","COUNTY","CRASH_MONTH","CRASH_YEAR","CRN","DAY_OF_WEEK","DEC_LAT","DEC_LONG","DISPATCH_TM","DISTRICT","DRIVER_COUNT_16YR","DRIVER_COUNT_17YR","DRIVER_COUNT_18YR","DRIVER_COUNT_19YR","DRIVER_COUNT_20YR","DRIVER_COUNT_50_64YR","DRIVER_COUNT_65_74YR","DRIVER_COUNT_75PLUS","EST_HRS_CLOSED","FATAL_COUNT","HEAVY_TRUCK_COUNT","HORSE_BUGGY_COUNT","HOUR_OF_DAY","ILLUMINATION","INJURY_COUNT","INTERSECT_TYPE","LANE_CLOSED","LATITUDE","LN_CLOSE_DIR","LOCATION_TYPE","LONGITUDE","MAX_SEVERITY_LEVEL","MCYCLE_DEATH_COUNT","MCYCLE_SUSP_SERIOUS_INJ_COUNT","MOTORCYCLE_COUNT","MUNICIPALITY","NONMOTR_COUNT","NONMOTR_DEATH_COUNT","NONMOTR_SUSP_SERIOUS_INJ_COUNT","NTFY_HIWY_MAINT","PED_COUNT","PED_DEATH_COUNT","PED_SUSP_SERIOUS_INJ_COUNT","PERSON_COUNT","POLICE_AGCY","POSSIBLE_INJ_COUNT","RDWY_SURF_TYPE_CD","RELATION_TO_ROAD","ROAD_CONDITION","SCH_BUS_IND","SCH_ZONE_IND","SMALL_TRUCK_COUNT","SPEC_JURIS_CD","SUSP_MINOR_INJ_COUNT","SUSP_SERIOUS_INJ_COUNT","SUV_COUNT","TCD_FUNC_CD","TCD_TYPE","TFC_DETOUR_IND","TIME_OF_DAY","TOT_INJ_COUNT","TOTAL_UNITS","UNB_DEATH_COUNT","UNB_SUSP_SERIOUS_INJ_COUNT","UNBELTED_OCC_COUNT","UNK_INJ_DEG_COUNT","UNK_INJ_PER_COUNT","URBAN_RURAL","VAN_COUNT","VEHICLE_COUNT","WORK_ZONE_IND","WORK_ZONE_LOC","WORK_ZONE_TYPE","WORKERS_PRES","WZ_CLOSE_DETOUR","WZ_FLAGGER","WZ_LAW_OFFCR_IND","WZ_LN_CLOSURE","WZ_MOVING","WZ_OTHER","WZ_SHLDER_MDN","ROADWAY_CLEARED","WEATHER1","WEATHER2","WZ_WORKERS_INJ_KILLED","SECONDARY_CRASH","INTERSECTION_RELATED"
"2111","1","0","0","0","0","0","0","0","0","4","0","","36","05","2018","2018058100","3","40.1105","-76.4988","2110","08","0","0","1","0","0","0","0","0","1","0","0","0","21","3","0","01","1","40 06:37.638","5","00","76 29:55.849","0","0","0","0","36413","0","0","0","N","0","0","0","2","36413","0","","1","01","N","N","1","","0","0","0","3","3","N","2108","0","2","0","0","0","0","0","2","0","2","N","","","","","","","","","","","","03","  ","","",""
"0556","1","0","0","0","0","0","0","0","0","1","0","","36","05","2018","2018058101","4","40.1024","-76.5227","0553","08","0","0","0","0","0","0","0","0","3","0","0","0","05","5","1","02","2","40 06:08.768","5","00","76 31:21.555","3","0","0","0","36413","0","0","0","N","0","0","0","2","36413","0","","1","09","N","N","0","","1","0","1","3","3","Y","0551","1","2","0","0","0","0","0","2","0","2","N","","","","","","","","","","","","05","  ","","",""
"2208","0","0","0","0","0","0","0","0","0","1","0","","36","05","2018","2018058258","4","40.1586","-76.2041","2208","08","0","0","0","0","0","1","0","0","1","0","0","0","22","3","1","01","1","40 09:31.136","1","00","76 12:14.809","4","0","0","0","36402","0","0","0","N","0","0","0","3","36402","1","","1","01","N","N","0","","0","0","2","3","3","N","2206","1","2","0","0","0","0","0","2","0","2","N","","","","","","","","","","","","03","  ","","",""
"1634","2","0","0","0","0","0","0","0","0","1","0","","36","05","2018","2018058266","6","40.089","-76.3808","1629","08","0","0","0","0","0","2","0","0","2","0","0","0","16","1","1","00","1","40 05:20.553","4","00","76 22:50.761","3","0","0","0","36214","0","0","0","N","0","0","0","6","36214","0","","1","01","N","N","0","","1","0","2","0","0","N","1629","1","5","0","0","0","0","0","3","1","5","N","","","","","","","","","","","","03","  ","","",""
"1053","0","0","0","0","0","0","0","0","0","9","0","","36","05","2018","2018058336","4","40.2091","-76.0245","1047","08","0","0","0","0","0","0","0","0","","0","0","0","10","1","0","00","0","40 12:33.488","","00","76 01:30.495","0","0","0","0","36202","0","0","0","N","0","0","0","1","68T06","0","","1","01","N","N","0","","0","0","1","0","0","","1047","0","1","0","0","0","0","0","1","0","1","N","","","","","","","","","","","","03","  ","","",""
"1556","1","0","0","0","0","0","0","0","0","7","0","","36","05","2018","2018058354","6","40.0446","-76.2756","1540","08","0","0","0","0","1","0","0","0","1","0","0","0","15","1","1","00","1","40 02:40.390","4","00","76 16:32.070","4","0","0","0","36220","0","0","0","N","0","0","0","2","36101","1","","4","01","N","N","0","","0","0","0","0","0","N","1531","1","1","0","0","0","0","0","3","0","1","N","","","","","","","","","","","","03","  ","","",""
"0545","0","0","0","0","0","0","0","0","0","9","0","","36","05","2018","2018058355","3","40.023","-76.3699","0540","08","0","0","0","0","0","1","0","0","","0","0","0","05","5","0","00","0","40 01:22.920","","00","76 22:11.560","0","0","0","0","36223","0","0","0","N","0","0","0","1","36223","0","","1","09","N","N","0","","0","0","1","0","0","","0538","0","1","0","0","0","0","0","1","0","1","N","","","","","","","","","","","","03","  ","","",""
"1349","1","0","0","0","0","0","0","0","0","1","0","","36","05","2018","2018058356","3","40.0062","-76.3742","1340","08","0","0","0","0","0","0","0","0","","0","0","0","13","1","1","00","0","40 00:22.268","","07","76 22:27.831","3","0","0","0","36223","0","0","0","N","0","0","0","7","36223","0","","1","09","N","N","0","","1","0","1","0","0","","1340","1","2","0","0","2","0","0","1","0","2","N","","","","","","","","","","","","03","  ","","",""
"1557","0","0","0","0","0","0","0","0","0","6","0","","36","05","2018","2018058357","6","39.9874","-76.408","1545","08","0","0","0","0","1","0","1","0","2","0","0","0","15","1","0","02","2","39 59:14.492","7","00","76 24:28.957","0","0","0","0","36223","0","0","0","N","0","0","0","2","36223","0","","1","01","N","N","1","","0","0","1","3","3","Y","1543","0","2","0","0","0","0","0","1","0","2","N","","","","","","","","","","","","03","  ","","",""
"1109","1","0","0","0","0","0","0","0","0","7","0","","36","05","2018","2018058372","7","40.1162","-76.6491","1101","08","1","0","0","0","0","0","0","0","2","0","0","0","10","1","1","00","1","40 06:58.402","2","00","76 38:56.694","4","0","0","0","36237","0","0","0","N","0","0","0","1","36505","1","","5","09","N","N","0","","0","0","0","0","0","Y","1056","1","1","0","0","0","0","0","1","0","1","N","","","","","","","","","","","","07","  ","","",""
"1836","3","0","0","0","0","0","0","0","0","1","0","","36","05","2018","2018058436","6","40.0424","-76.3094","1832","08","0","0","0","0","0","0","0","0","1","0","0","0","18","1","1","00","1","40 02:32.717","4","00","76 18:33.698","3","0","0","0","36301","0","0","0","N","0","0","0","5","36301","0","","1","01","N","N","0","","1","0","0","0","0","N","1831","1","3","0","0","0","0","0","3","0","3","N","","","","","","","","","","","","03","  ","","",""
"1244","0","0","0","0","0","0","0","0","0","4","1","","36","04","2018","2018058461","6","40.0342","-76.0013","1241","08","0","0","0","0","0","2","0","0","3","0","1","0","12","1","1","01","2","40 02:02.942","7","00","76 00:04.667","8","0","0","0","36232","0","0","0","Y","0","0","0","2","68J01","0","","1","01","N","N","1","","0","0","0","3","3","Y","1239","1","2","0","0","0","1","0","1","0","2","N","","","","","","","","","","","","03","  ","","",""
"0743","0","0","0","0","0","0","0","0","0","0","1","","36","04","2018","2018058462","7","39.7296","-76.1728","0709","08","0","0","0","0","0","0","0","0","","0","1","0","06","8","0","00","0","39 43:46.710","","00","76 10:22.000","0","0","0","0","36219","0","0","0","N","0","0","0","1","68J01","0","","4","09","N","N","0","","0","0","0","0","0","","0632","0","1","0","0","0","0","0","1","0","1","N","","","","","","","","","","","","05","  ","","",""
"0255","1","0","1","0","0","0","0","0","0","7","0","","36","05","2018","2018058678","2","39.9763","-76.2736","0249","08","0","0","1","0","0","0","0","0","2","0","0","0","02","3","1","00","2","39 58:34.816","6","00","76 16:25.005","2","0","0","0","36240","0","0","0","N","0","0","0","1","36240","0","","4","01","N","N","0","","0","1","0","0","0","Y","0249","1","1","0","0","0","0","0","1","0","1","N","","","","","","","","","","","","03","  ","","",""
"1750","1","0","0","0","0","0","0","0","0","7","0","","36","05","2018","2018058697","5","40.1513","-76.165","1743","08","0","0","0","0","0","0","0","0","2","0","0","0","17","1","1","00","1","40 09:04.595","2","00","76 09:53.992","3","0","0","0","36238","0","0","0","N","0","0","0","1","36238","0","","5","01","N","N","0","","1","0","0","0","0","N","1741","1","1","0","0","0","0","0","3","0","1","N","","","","","","","","","","","","03","  ","","",""
"2246","0","0","0","0","0","0","0","0","0","7","0","","36","05","2018","2018058719","5","40.0353","-76.5259","2237","08","0","0","0","0","0","1","0","0","2","0","0","0","22","2","1","00","1","40 02:06.933","4","03","76 31:33.155","8","0","0","0","36404","0","0","0","Y","0","0","0","1","36239","0","","4","09","N","N","0","","0","0","1","0","0","N","2232","1","1","0","0","0","1","0","3","0","1","N","","","","","","","","","","","","07","  ","","",""
"1715","1","0","0","0","0","0","0","0","0","2","0","","36","05","2018","2018058722","7","40.0315","-76.48","1712","08","0","0","0","0","0","0","0","0","1","0","0","0","17","1","1","02","1","40 01:53.466","3","00","76 28:47.993","8","0","0","1","36404","0","0","0","N","0","0","0","5","36404","0","","1","01","N","N","0","","0","0","0","0","0","N","1711","1","2","0","0","3","1","0","3","0","2","N","","","","","","","","","","","","03","  ","","",""
"0828","1","0","0","0","0","0","0","0","0","7","0","","36","04","2018","2018058730","2","39.8649","-76.1022","0801","08","0","0","0","0","1","0","0","0","","0","0","0","07","1","0","01","0","39 51:53.611","","00","76 06:07.830","0","0","0","0","36205","0","0","0","N","0","0","0","1","68J01","0","","5","01","N","N","0","","0","0","0","0","0","","0758","0","1","0","0","0","0","0","1","0","1","N","","","","","","","","","","","","03","  ","","",""
"1953","1","0","0","0","0","0","0","0","0","7","0","","36","05","2018","2018058758","2","39.9421","-76.2582","1953","08","0","1","0","0","0","0","0","0","2","0","0","0","19","4","0","02","1","39 56:31.579","1","00","76 15:29.413","0","0","0","0","36229","0","0","0","Y","0","0","0","1","68J01","0","","4","01","N","N","0","","0","0","0","0","0","N","1953","0","1","0","0","0","0","0","1","0","1","N","","","","","","","","","","","","03","  ","","",""
"2151","1","0","0","0","0","0","0","0","0","9","0","","36","05","2018","2018058776","7","39.9245","-76.1934","2136","08","0","0","0","0","0","1","0","0","2","0","0","0","21","2","0","00","1","39 55:28.052","1","00","76 11:36.223","0","0","0","0","36233","0","0","0","N","0","0","0","3","68J01","0","","1","09","N","N","0","","0","0","0","0","0","N","2136","0","1","0","0","0","0","0","1","0","1","N","","","","","","","","","","","","07","05","","",""
"0537","0","0","0","0","0","0","0","0","0","0","1","","36","05","2018","2018058785","4","39.9165","-76.1879","0522","08","0","0","0","0","0","0","0","0","3","0","1","0","05","5","1","02","2","39 54:59.289","6","00","76 11:16.582","3","0","0","0","36229","0","0","0","N","0","0","0","1","68J01","0","","4","01","N","N","0","","1","0","0","0","0","Y","0512","1","1","0","0","1","0","0","1","0","1","N","","","","","","","","","","","","03","  ","","",""
"0014","1","0","0","0","0","0","0","0","0","7","0","","36","05","2018","2018058814","2","39.9731","-76.0555","0007","08","0","0","0","0","0","0","0","0","2","0","0","0","00","2","3","00","1","39 58:23.200","3","00","76 03:19.790","3","0","0","0","36226","0","0","0","N","0","0","0","3","68J01","1","","4","01","N","N","0","","2","0","0","0","0","N","0005","3","1","0","0","0","0","0","1","0","1","N","","","","","","","","","","","","05","  ","","",""
"0033","1","0","0","0","0","0","0","0","0","1","0","","36","05","2018","2018058828","4","40.2058","-76.0191","0028","08","0","0","0","0","0","0","0","0","","0","0","0","00","3","0","00","0","40 12:21.052","","00","76 01:08.723","9","0","0","0","36202","0","0","0","N","0","0","0","2","68T06","0","","1","01","N","N","0","","0","0","1","0","0","","0015","0","2","0","0","0","0","1","1","0","2","N","","","","","","","","","","","","03","  ","","",""
"2250","1","0","0","0","0","0","0","0","0","1","0","","36","05","2018","2018058844","4","40.0469","-76.3162","2247","08","0","0","0","0","0","0","0","0","","0","0","0","22","3","0","00","0","40 02:48.729","","00","76 18:58.450","0","0","0","0","36301","0","0","0","N","0","0","0","1","36301","0","","6","01","N","N","0","","0","0","0","0","0","","2208","0","2","0","0","0","0","0","3","1","2","N","","","","","","","","","","","","03","  ","","",""
"2238","1","0","0","0","0","0","0","0","0","7","0","","36","05","2018","2018058846","1","40.1877","-76.5848","2233","08","0","1","0","0","0","0","0","0","","0","0","0","22","2","0","00","0","40 11:15.542","","00","76 35:05.118","0","0","0","0","36225","0","0","0","N","0","0","0","1","36505","0","","5","09","N","N","0","","0","0","0","0","0","","2225","0","1","0","0","0","0","0","2","0","1","N","","","","","","","","","","","","07","  ","","",""
"1417","0","0","0","0","0","0","0","0","0","1","0","","36","05","2018","2018058853","5","40.0492","-76.3627","1403","08","0","0","0","0","0","1","0","0","","0","0","0","14","1","0","00","0","40 02:57.160","","00","76 21:45.602","0","0","0","0","36214","0","0","0","N","0","0","0","3","36214","0","","1","01","N","N","1","","0","0","0","0","0","","1400","0","2","0","0","0","0","0","3","1","2","N","","","","","","","","","","","","03","  ","","",""
"1703","0","0","0","0","0","0","0","0","0","1","0","","36","05","2018","2018058864","3","40.1102","-76.476","1659","08","0","0","0","0","0","2","0","0","","0","0","0","16","1","0","00","0","40 06:36.563","","07","76 28:33.466","0","0","0","0","36413","0","0","0","N","0","0","0","2","36413","0","","2","01","N","N","0","","0","0","2","0","0","","1659","0","2","0","0","0","0","0","2","0","2","N","","","","","","","","","","","","03","  ","","",""
"1653","2","0","0","0","0","0","0","0","0","1","0","","36","05","2018","2018058880","3","40.0538","-76.5207","1648","08","0","0","0","0","0","1","0","0","2","0","0","0","16","1","1","03","1","40 03:13.740","5","00","76 31:14.638","3","0","0","0","36239","0","0","0","N","0","0","0","4","36239","0","","1","01","N","N","0","","1","0","0","0","0","Y","1643","1","2","0","0","0","0","0","3","0","2","N","","","","","","","","","","","","03","  ","","",""
"1100","2","0","0","0","0","0","0","0","0","4","0","","36","05","2018","2018058890","5","40.1469","-76.603","1057","08","0","0","0","0","0","0","1","0","1","0","0","0","10","1","0","01","1","40 08:48.953","1","00","76 36:10.704","0","0","0","0","36407","0","0","0","N","0","0","0","2","36407","0","","1","01","","N","0","","0","0","0","3","2","N","1055","0","2","0","0","0","0","0","2","0","2","N","","","","","","","","","","","","03","  ","","",""
"1251","2","0","0","0","0","0","0","0","0","4","0","","36","05","2018","2018059060","4","40.0554","-76.3983","1245","08","0","0","0","0","0","1","0","0","2","0","0","0","12","1","0","01","1","40 03:19.364","3","00","76 23:53.869","0","0","0","0","36214","0","0","0","N","0","0","0","2","36214","0","","1","01","N","N","0","","0","0","0","3","2","N","1240","0","2","0","0","0","0","0","3","0","2","N","","","","","","","","","","","","03","  ","","",""
"1822","0","0","0","0","0","0","0","0","0","9","0","","36","05","2018","2018059061","6","40.0451","-76.2698","1814","08","0","0","0","0","0","0","0","0","","0","0","0","18","1","1","00","0","40 02:42.298","","00","76 16:11.392","3","0","0","0","36215","0","0","0","N","0","0","0","1","36215","0","","1","01","N","N","0","","1","0","1","0","0","","1809","1","1","0","0","0","0","0","1","0","1","N","","","","","","","","","","","","03","  ","","",""
"1446","0","0","0","0","0","0","0","0","0","8","0","","36","06","2018","2018059129","6","40.1522","-76.6064","1445","08","0","0","0","0","0","0","0","0","2","0","0","0","14","1","1","01","2","40 09:07.933","7","00","76 36:23.172","3","0","0","0","36407","1","0","0","N","1","0","0","2","36407","0","","1","01","N","N","0","","1","0","1","0","0","Y","1443","1","2","0","0","0","0","0","2","0","1","N","","","","","","","","","","","","03","  ","","",""
"0059","1","0","0","0","0","0","0","0","0","7","0","","36","06","2018","2018059225","7","40.0473","-76.412","0050","08","0","0","0","1","0","0","0","0","2","0","0","0","00","2","0","00","1","40 02:50.240","4","00","76 24:43.274","0","0","0","0","36239","0","0","0","Y","0","0","0","5","36239","0","","3","09","N","N","0","","0","0","0","0","0","N","0041","0","1","0","0","0","0","0","3","0","1","N","","","","","","","","","","","","07","  ","","",""
"1138","0","0","0","0","0","0","0","0","0","1","0","","36","05","2018","2018059231","5","40.0191","-76.3422","1138","08","0","0","0","0","1","0","0","0","2","0","0","0","11","1","2","00","2","40 01:08.909","6","00","76 20:31.932","8","0","0","0","36220","0","0","0","N","0","0","0","2","36101","0","","1","01","N","N","0","","0","0","2","0","0","Y","1123","2","2","0","0","0","2","0","3","0","2","N","","","","","","","","","","","","03","  ","","",""
"2222","3","0","0","0","0","0","0","0","0","5","0","","36","05","2018","2018059276","4","40.0373","-76.3117","2222","08","0","0","0","1","0","0","0","0","1","0","0","0","22","3","1","00","2","40 02:14.337","4","00","76 18:42.102","4","0","0","0","36301","0","0","0","N","0","0","0","1","36301","1","","1","01","N","N","0","","0","0","1","0","0","Y","2218","1","4","0","0","1","0","0","3","0","4","N","","","","","","","","","","","","03","  ","","",""
"1058","0","0","0","0","0","0","0","0","0","2","0","","36","06","2018","2018059299","7","40.0434","-76.3157","1054","08","0","0","0","0","0","0","0","0","2","0","0","0","10","1","0","01","2","40 02:36.355","4","00","76 18:56.386","0","0","0","0","36301","0","0","0","N","0","0","0","3","36301","0","","1","01","N","N","0","","0","0","1","3","3","Y","1053","0","2","0","0","0","0","0","3","1","2","N","","","","","","","","","","","","03","  ","","",""
"0820","3","0","0","0","0","0","0","0","0","1","0","","36","05","2018","2018059302","3","40.027","-76.3037","0818","08","0","0","0","0","0","1","0","0","1","0","0","0","08","1","2","00","1","40 01:37.188","1","00","76 18:13.148","3","0","0","0","36301","0","0","0","N","0","0","0","4","36301","0","","1","01","N","N","0","","2","0","0","0","0","Y","0813","2","3","0","0","0","0","0","3","0","3","N","","","","","","","","","","","","03","  ","","",""
"1044","0","0","0","0","0","0","0","0","0","4","0","","36","06","2018","2018059361","7","40.1575","-76.2047","1044","08","0","0","0","0","0","1","0","0","3","0","0","0","10","1","1","01","2","40 09:27.092","7","00","76 12:17.018","3","0","0","0","36402","0","0","0","N","0","0","0","5","36402","0","","1","01","N","N","1","","1","0","2","3","2","Y","1042","1","3","0","0","0","0","0","2","0","3","N","","","","","","","","","","","","03","  ","","",""
"1444","1","0","0","0","0","0","0","0","0","4","0","","36","06","2018","2018059381","6","40.029","-76.3241","1434","08","0","0","0","0","0","0","0","0","","0","0","0","14","1","0","00","0","40 01:44.542","","07","76 19:26.724","0","0","0","0","36220","0","0","0","N","0","0","0","4","36101","0","","1","01","N","N","0","","0","0","1","0","0","","1430","0","2","0","0","0","0","0","3","0","2","N","","","","","","","","","","","","03","  ","","",""
"2244","2","0","0","0","0","0","0","0","0","4","0","","36","05","2018","2018059382","7","40.0606","-76.2768","2239","08","0","0","0","0","0","0","0","0","2","0","0","0","22","3","2","01","2","40 03:38.263","4","00","76 16:36.564","3","0","0","0","36101","0","0","0","N","0","0","0","2","36101","1","","1","09","N","N","0","","1","0","0","3","2","N","2235","2","2","0","0","0","0","0","3","0","2","N","","","","","","","","","","","","05","  ","","",""
"0730","1","0","0","0","0","0","0","0","0","5","0","","36","06","2018","2018059383","6","40.0596","-76.2872","0725","08","0","0","0","0","0","0","0","0","","0","0","0","07","1","0","00","0","40 03:34.430","","00","76 17:13.860","0","0","0","0","36101","0","0","0","N","0","0","0","1","36101","0","","6","01","N","N","0","","0","0","0","0","0","","0700","0","2","0","0","0","0","0","3","1","2","N","","","","","","","","","","","","03","  ","","",""
"1244","2","0","0","0","0","0","0","0","0","1","0","","36","06","2018","2018059398","6","40.1298","-76.1188","1239","08","0","0","0","0","0","0","0","0","2","0","0","0","12","1","1","00","1","40 07:47.267","2","07","76 07:07.515","8","0","0","0","36209","0","0","0","N","0","0","0","2","36415","0","","1","01","N","N","0","","0","0","0","0","0","N","1239","1","2","0","0","0","1","0","1","0","2","N","","","","","","","","","","","","03","  ","","",""
"1719","1","0","0","0","0","0","0","0","0","1","0","","36","05","2018","2018059493","5","40.0608","-76.3597","1712","08","0","0","0","0","0","0","0","1","2","0","0","0","17","1","1","00","2","40 03:38.947","4","00","76 21:33.983","4","0","0","0","36214","0","0","0","N","0","0","0","2","36214","1","","1","01","N","N","0","","0","0","1","0","0","N","1700","1","2","0","0","0","0","0","3","0","2","N","","","","","","","","","","","","03","  ","","",""
"1116","1","0","0","0","0","0","0","0","0","4","0","","36","06","2018","2018059533","7","39.8986","-76.1593","1111","08","0","0","1","0","0","0","0","0","1","0","0","0","11","1","0","01","2","39 53:54.870","7","00","76 09:33.620","0","0","0","0","36416","0","0","0","N","0","0","0","3","36416","0","","1","01","N","N","0","","0","0","1","3","3","N","1109","0","2","0","0","0","0","0","1","0","2","N","","","","","","","","","","","","03","  ","","",""
"0901","2","0","0","0","0","0","0","0","0","1","0","","36","06","2018","2018059554","7","40.1455","-76.6375","0855","08","0","1","0","0","0","0","0","1","1","0","0","0","08","1","0","02","2","40 08:43.820","6","00","76 38:15.037","0","0","0","0","36237","0","0","0","N","0","0","0","3","36505","0","","1","01","N","N","0","","0","0","0","3","3","Y","0845","0","2","0","0","0","0","0","1","0","2","N","","","","","","","","","","","","03","  ","","",""
"1741","1","0","0","0","0","0","0","0","0","4","0","","36","05","2018","2018059555","2","39.8972","-76.1636","1738","08","0","0","0","0","0","1","0","0","1","0","0","0","17","1","0","01","1","39 53:50.061","1","00","76 09:48.155","9","0","0","0","36416","0","0","0","N","0","0","0","2","36416","0","","1","01","N","N","1","","0","0","0","3","3","N","1737","0","2","0","0","0","0","1","1","0","2","N","","","","","","","","","","","","03","  ","","",""
"1241","0","0","1","0","0","0","0","0","0","4","0","","36","06","2018","2018059626","1","40.2609","-76.1141","1237","08","0","0","0","0","0","0","1","1","2","0","0","0","12","1","3","01","1","40 15:39.288","1","00","76 06:50.920","2","0","0","0","36210","0","0","0","N","0","0","0","3","36210","0","","1","01","N","N","0","","2","1","1","3","3","N","1235","3","2","0","0","0","0","0","1","1","2","N","","","","","","","","","","","","03","  ","","",""
"1428","1","0","0","0","0","0","0","0","0","4","0","","36","05","2018","2018059655","1","40.1903","-76.1744","1424","08","0","0","0","0","0","0","1","0","2","0","0","0","14","1","1","00","1","40 11:25.228","4","00","76 10:27.789","8","0","0","0","36408","0","0","0","N","0","0","0","2","36408","0","","1","01","N","N","0","","0","0","1","0","0","N","1424","1","2","0","0","0","1","0","2","0","2","N","","","","","","","","","","","","03","  ","","",""
"2223","1","0","0","0","0","0","0","0","0","8","0","","36","06","2018","2018059680","6","40.0612","-76.5377","2223","08","0","0","0","0","0","0","0","0","4","0","0","0","22","2","1","00","2","40 03:40.482","5","00","76 32:15.867","2","0","0","0","36411","1","0","1","N","1","0","1","2","36504","0","","1","01","N","N","0","","0","1","0","0","0","Y","2218","1","2","0","0","0","0","0","1","0","1","N","","","","","","","","","","","","03","  ","","",""
"2255","1","0","0","0","0","0","0","0","0","7","0","","36","06","2018","2018059692","7","40.144","-76.6447","2252","08","0","1","0","0","0","0","0","0","","0","0","0","22","2","0","00","0","40 08:38.577","","00","76 38:40.917","0","0","0","0","36237","0","0","0","N","0","0","0","2","36505","0","","5","09","N","N","0","","0","0","0","0","0","N","2250","0","1","0","0","0","0","0","1","0","1","N","","","","","","","","","","","","07","  ","","",""
"1140","0","0","0","0","0","0","0","0","0","1","0","","36","05","2018","2018059696","5","40.1899","-76.1934","1136","08","0","0","0","0","0","1","0","0","","0","0","0","11","1","1","00","0","40 11:23.520","","00","76 11:36.383","3","0","0","0","36408","0","0","0","N","0","0","0","2","36408","0","","1","01","N","N","0","","1","0","1","0","0","","1134","1","2","0","0","1","0","0","2","1","2","N","","","","","","","","","","","","03","  ","","",""
"2034","0","0","0","0","0","0","0","0","0","0","0","","36","06","2018","2018059700","7","40.1948","-76.148","2030","08","0","0","0","0","0","0","0","0","","0","0","0","20","4","1","00","0","40 11:41.384","","00","76 08:52.963","3","0","0","1","36218","0","0","0","N","0","0","0","1","36408","0","","1","09","N","N","0","","1","0","0","0","0","","2028","1","1","0","0","0","0","0","1","0","1","N","","","","","","","","","","","","07","  ","","",""
"2338","2","0","0","0","0","0","0","0","0","4","0","","36","05","2018","2018059702","3","40.0377","-76.3078","2338","08","0","0","1","0","0","0","0","0","1","0","0","0","23","3","0","01","1","40 02:15.851","2","00","76 18:28.000","0","0","0","0","36301","0","0","0","N","0","0","0","1","36301","0","","1","01","N","N","0","","0","0","0","3","2","N","2338","0","2","0","0","0","0","0","3","0","2","N","","","","","","","","","","","","03","  ","","",""
"0838","1","0","0","0","0","0","0","0","0","7","0","","36","05","2018","2018059735","7","40.2455","-76.18","0827","08","0","0","0","0","0","0","0","0","","0","0","0","08","1","0","00","0","40 14:43.705","","00","76 10:49.808","0","0","0","0","36236","0","0","0","N","0","0","0","1","68T06","0","","4","09","N","N","0","","0","0","0","0","0","","0825","0","1","0","0","0","0","0","1","0","1","N","","","","","","","","","","","","07","  ","","",""
"1045","1","0","0","0","0","0","0","0","0","7","0","","36","05","2018","2018059737","7","40.2433","-76.1536","1038","08","0","0","0","0","0","0","0","0","","0","0","0","10","1","1","00","0","40 14:36.472","","00","76 09:15.628","3","0","0","0","36236","0","0","0","N","0","0","0","1","68T06","0","","2","09","N","N","0","","1","0","0","0","0","","1035","1","1","0","0","0","0","0","1","0","1","N","","","","","","","","","","","","07","  ","","",""
"0713","0","0","0","0","0","0","0","0","0","9","0","","36","05","2018","2018059750","7","40.2099","-76.0358","0710","08","0","0","0","0","0","0","0","0","","0","0","0","07","1","0","00","0","40 12:35.645","","00","76 02:11.909","0","0","0","0","36202","0","0","0","N","0","0","0","1","68T06","0","","1","01","N","N","0","","0","0","1","0","0","","0708","0","1","0","0","0","0","0","1","0","1","N","","","","","","","","","","","","03","  ","","",""
"1450","0","0","0","0","0","0","0","0","0","7","0","","36","06","2018","2018059769","6","40.245","-76.1708","1430","08","0","0","0","0","0","0","0","0","2","0","0","0","14","1","1","00","1","40 14:42.037","4","00","76 10:14.959","8","0","0","0","36236","0","0","0","N","0","0","0","1","68T06","0","","4","01","N","N","0","","0","0","1","0","0","N","1430","1","1","0","0","0","1","0","1","0","1","N","","","","","","","","","","","","03","  ","","",""
"1814","2","0","0","0","0","0","0","0","0","1","0","","36","06","2018","2018059786","1","40.2413","-76.1745","1806","08","0","0","0","0","0","0","0","0","","0","0","0","18","1","1","01","0","40 14:28.829","","00","76 10:28.030","4","0","0","0","36236","0","0","0","N","0","0","0","4","36408","1","","1","09","N","N","0","","0","0","0","3","3","","1804","1","2","0","0","0","0","0","1","0","2","N","","","","","","","","","","","","07","  ","","",""
"1746","0","0","0","0","0","0","0","0","0","0","0","","36","06","2018","2018059803","6","40.0357","-76.2809","1740","08","0","0","0","0","0","0","0","0","2","0","0","0","17","1","1","00","1","40 02:08.350","4","00","76 16:51.130","2","0","1","1","36220","0","0","0","N","0","0","0","1","36101","0","","4","01","N","N","0","","0","1","0","0","0","N","1738","1","1","0","0","0","0","0","3","0","1","N","","","","","","","","","","","","03","  ","","",""
"0856","1","0","0","0","0","0","0","0","0","1","1","","36","05","2018","2018059804","3","40.0761","-76.3373","0853","08","0","0","0","0","0","0","1","0","2","0","1","0","08","1","0","00","1","40 04:34.133","2","01","76 20:14.215","0","0","0","0","36101","0","0","0","N","0","0","0","2","36101","0","","1","01","N","N","0","","0","0","0","0","0","N","0844","0","2","0","0","0","0","0","3","0","2","N","","","","","","","","","","","","03","  ","","",""