"ARRIVAL_TM","AUTOMOBILE_COUNT","BELTED_DEATH_COUNT","BELTED_SUSP_SERIOUS_INJ_COUNT","BICYCLE_COUNT","BICYCLE_DEATH_COUNT","BICYCLE_SUSP_SERIOUS_INJ_COUNT","BUS_COUNT","CHLDPAS_DEATH_COUNT","CHLDPAS_SUSP_SERIOUS_INJ_COUNT","COLLISION_TYPE","COMM_VEH_COUNT","CONS_ZONE_SPD_LIM","COUNTY","CRASH_MONTH","CRASH_YEAR","CRN","DAY_OF_WEEK","DEC_LAT","DEC_LONG","DISPATCH_TM","DISTRICT","DRIVER_COUNT_16YR","DRIVER_COUNT_17YR","DRIVER_COUNT_18YR","DRIVER_COUNT_19YR","DRIVER_COUNT_20YR","DRIVER_COUNT_50_64YR","DRIVER_COUNT_65_74YR","DRIVER_COUNT_75PLUS","EST_HRS_CLOSED","FATAL_COUNT","HEAVY_TRUCK_COUNT","HORSE_BUGGY_COUNT","HOUR_OF_DAY","ILLUMINATION","INJURY_COUNT","INTERSECT_TYPE","LANE_CLOSED","LATITUDE","LN_CLOSE_DIR","LOCATION_TYPE","LONGITUDE","MAX_SEVERITY_LEVEL","MCYCLE_DEATH_COUNT","MCYCLE_SUSP_SERIOUS_INJ_COUNT","MOTORCYCLE_COUNT","MUNICIPALITY","NONMOTR_COUNT","NONMOTR_DEATH_COUNT","NONMOTR_SUSP_SERIOUS_INJ_COUNT","NTFY_HIWY_MAINT","PED_COUNT","PED_DEATH_COUNT","PED_SUSP_SERIOUS_INJ_COUNT","PERSON_COUNT","POLICE_AGCY","POSSIBLE_INJ_COUNT","RDWY_SURF_TYPE_CD","RELATION_TO_ROAD","ROAD_CONDITION","SCH_BUS_IND","SCH_ZONE_IND","SMALL_TRUCK_COUNT","SPEC_JURIS_CD","SUSP_MINOR_INJ_COUNT","SUSP_SERIOUS_INJ_COUNT","SUV_COUNT","TCD_FUNC_CD","TCD_TYPE","TFC_DETOUR_IND","TIME_OF_DAY","TOT_INJ_COUNT","TOTAL_UNITS","UNB_DEATH_COUNT","UNB_SUSP_SERIOUS_INJ_COUNT","UNBELTED_OCC_COUNT","UNK_INJ_DEG_COUNT","UNK_INJ_PER_COUNT","URBAN_RURAL","VAN_COUNT","VEHICLE_COUNT","WORK_ZONE_IND","WORK_ZONE_LOC","WORK_ZONE_TYPE","WORKERS_PRES","WZ_CLOSE_DETOUR","WZ_FLAGGER","WZ_LAW_OFFCR_IND","WZ_LN_CLOSURE","WZ_MOVING","WZ_OTHER","WZ_SHLDER_MDN","ROADWAY_CLEARED","WEATHER1","WEATHER2","WZ_WORKERS_INJ_KILLED","SECONDARY_CRASH","INTERSECTION_RELATED"
"1617","2","0","0","0","0","0","0","0","0","4","0","","36","06","2018","2018059805","6","40.079","-76.2971","1615","08","0","0","1","0","0","0","0","0","2","0","0","0","16","1","1","00","2","40 04:44.400","4","00","76 17:49.440","3","0","0","0","36101","0","0","0","N","0","0","0","4","36101","0","","1","01","N","N","0","","1","0","1","0","0","Y","1613","1","3","0","0","0","0","0","3","0","3","N","","","","","","","","","","","","03","  ","","",""
"1449","1","0","0","0","0","0","0","0","0","4","0","","36","06","2018","2018059806","1","40.049","-76.3735","1440","08","0","0","0","0","0","0","0","1","2","0","0","0","14","1","0","01","1","40 02:56.511","3","00","76 22:24.628","0","0","0","0","36214","0","0","0","N","0","0","0","4","36214","0","","1","09","N","N","0","","0","0","1","3","3","N","1439","0","2","0","0","0","0","0","3","0","2","N","","","","","","","","","","","","03","  ","","",""
"0355","1","0","0","0","0","0","0","0","0","0","0","","36","06","2018","2018059807","7","40.0123","-76.3929","0344","08","0","0","0","0","0","0","0","0","","0","0","0","03","2","0","00","0","40 00:44.107","","00","76 23:34.595","0","0","0","0","36223","0","0","0","N","0","0","0","1","36223","0","","1","09","N","N","0","","0","0","0","0","0","","0329","0","1","0","0","0","0","0","1","0","1","N","","","","","","","","","","","","03","  ","","",""
"0651","0","0","0","0","0","0","0","0","0","6","0","","36","06","2018","2018059829","2","40.2332","-76.0877","0647","08","0","0","1","0","0","1","0","0","2","0","0","0","06","1","0","00","1","40 13:59.360","3","00","76 05:15.837","0","0","0","0","36210","0","0","0","N","0","0","0","2","36210","0","","1","09","N","N","1","","0","0","1","0","0","N","0640","0","2","0","0","1","0","0","1","0","2","N","","","","","","","","","","","","03","  ","","",""
"1234","1","0","0","0","0","0","0","0","0","1","0","","36","05","2018","2018059991","1","40.2164","-76.4328","1227","08","0","0","0","0","0","2","0","0","1","0","0","0","12","1","1","01","1","40 12:59.206","2","00","76 25:58.223","3","0","0","0","36230","0","0","0","N","0","0","0","3","36410","0","","1","01","N","N","0","","1","0","0","0","0","N","1222","1","2","0","0","0","0","0","1","1","2","N","","","","","","","","","","","","03","  ","","",""
"1711","0","0","0","0","0","0","0","0","0","4","0","","36","05","2018","2018059995","5","40.1897","-76.4136","1706","08","0","0","0","0","0","0","0","0","1","0","0","0","17","1","0","00","1","40 11:22.791","1","00","76 24:48.918","0","0","0","0","36230","0","0","0","N","0","0","0","2","36410","0","","1","01","N","N","1","","0","0","1","0","0","N","1701","0","2","0","0","0","0","0","1","0","2","N","","","","","","","","","","","","03","  ","","",""
"2214","1","0","0","0","0","0","0","0","0","1","0","","36","06","2018","2018060007","7","40.017","-76.1651","2208","08","0","0","1","0","0","0","0","0","","0","0","0","22","3","1","01","0","40 01:01.087","","00","76 09:54.311","3","0","0","0","36215","0","0","0","N","0","0","0","3","36215","0","","1","09","N","N","0","","1","0","1","3","2","","2206","1","2","0","0","0","0","0","1","0","2","N","","","","","","","","","","","","07","  ","","",""
"1555","2","0","0","0","0","0","0","0","0","6","0","","36","06","2018","2018060014","6","40.2353","-76.2508","1545","08","0","0","0","0","0","0","0","0","1","0","0","0","15","1","0","00","1","40 14:07.115","3","00","76 15:02.739","0","0","0","0","36204","0","0","0","N","0","0","0","2","36506","0","","1","01","N","N","0","","0","0","0","0","0","N","1545","0","2","0","0","0","0","0","1","0","2","N","","","","","","","","","","","","03","  ","","",""
"2210","1","0","0","0","0","0","0","0","0","2","0","","36","05","2018","2018060044","7","40.1655","-76.1596","2207","08","0","1","1","0","0","0","0","0","","0","0","0","22","3","0","01","0","40 09:55.667","","00","76 09:34.569","0","0","0","0","36218","0","0","0","N","0","0","0","4","36408","0","","1","01","N","N","1","","0","0","0","3","2","","2205","0","2","0","0","0","0","0","1","0","2","N","","","","","","","","","","","","03","  ","","",""
"1306","1","0","0","0","0","0","0","0","0","4","0","","36","05","2018","2018060053","5","40.1657","-76.4064","1259","08","0","0","0","0","0","0","0","0","2","0","0","0","12","1","0","01","1","40 09:56.447","1","00","76 24:22.952","0","0","0","0","36230","0","0","0","N","0","0","0","3","36410","0","","1","01","N","N","0","","0","0","1","0","0","Y","1255","0","2","0","0","0","0","0","1","0","2","N","","","","","","","","","","","","03","  ","","",""
"2012","1","0","0","0","0","0","0","0","0","4","0","","36","06","2018","2018060083","2","40.049","-76.3735","2008","08","0","0","1","1","0","0","0","0","","0","0","0","20","4","0","01","0","40 02:56.511","","00","76 22:24.628","0","0","0","0","36214","0","0","0","N","0","0","0","3","36214","0","","1","01","N","N","0","","0","0","1","3","3","","2007","0","2","0","0","0","0","0","3","0","2","N","","","","","","","","","","","","03","  ","","",""
"0058","0","0","0","0","0","0","0","0","0","1","0","","36","05","2018","2018060097","4","40.0305","-76.3227","0058","08","0","0","0","0","0","0","0","0","1","0","0","0","00","3","0","00","2","40 01:49.916","5","00","76 19:21.727","0","0","0","0","36301","0","0","0","N","0","0","0","1","36301","0","","2","01","N","N","0","","0","0","2","0","0","Y","0058","0","2","0","0","0","0","0","3","0","2","N","","","","","","","","","","","","03","  ","","",""
"2337","2","0","0","0","0","0","0","0","0","1","0","","36","05","2018","2018060203","7","40.1645","-76.1557","2333","08","0","0","0","0","0","0","0","0","2","0","0","0","23","3","2","00","1","40 09:52.423","3","00","76 09:21.467","3","0","0","1","36218","0","0","0","N","0","0","0","6","36408","0","","1","01","N","N","0","","2","0","0","0","0","N","2332","2","3","0","0","0","0","0","1","0","3","N","","","","","","","","","","","","03","  ","","",""
"1233","1","0","0","0","0","0","0","0","0","1","0","","36","05","2018","2018060215","4","40.0436","-76.3068","1222","08","0","0","0","0","0","0","0","0","2","0","0","0","12","1","0","00","2","40 02:36.940","1","00","76 18:24.330","0","0","0","0","36301","0","0","0","N","0","0","0","4","36301","0","","1","01","N","N","0","","0","0","1","0","0","N","1220","0","2","0","0","0","0","0","3","0","2","N","","","","","","","","","","","","03","  ","","",""
"0939","0","0","0","0","0","0","0","0","0","7","0","","36","06","2018","2018060258","2","40.1693","-76.303","0936","08","0","0","0","0","0","0","0","0","2","0","0","0","09","1","1","02","2","40 10:09.415","7","00","76 18:10.645","2","0","1","1","36235","0","0","0","N","0","0","0","1","36506","0","","2","01","N","N","0","","0","1","0","0","0","Y","0936","1","1","0","0","0","0","0","1","0","1","N","","","","","","","","","","","","03","  ","","",""
"1246","1","0","0","0","0","0","0","0","0","7","0","","36","06","2018","2018060284","2","40.1763","-76.5984","1211","08","0","0","0","0","0","0","0","0","2","0","0","0","12","1","0","07","1","40 10:34.758","4","00","76 35:54.281","0","0","0","0","36225","0","0","0","Y","0","0","0","1","36505","0","","2","01","N","N","0","","0","0","0","0","0","N","1211","0","2","0","0","0","0","0","2","0","1","N","","","","","","","","","","","","03","  ","","",""
"1204","2","0","0","0","0","0","0","0","0","4","0","","36","05","2018","2018060370","6","40.0385","-76.3262","1159","08","0","0","0","0","0","0","0","0","2","0","0","0","11","1","1","02","1","40 02:18.470","1","00","76 19:34.452","8","0","0","0","36220","0","0","0","N","0","0","0","3","36101","0","","1","01","N","N","0","","0","0","0","3","3","Y","1158","1","2","0","0","0","1","0","3","0","2","N","","","","","","","","","","","","03","  ","","",""
"1818","1","0","0","0","0","0","0","0","0","4","0","","36","05","2018","2018060371","6","40.0441","-76.2836","1811","08","0","0","0","0","0","0","0","0","1","0","0","0","18","1","0","01","1","40 02:38.911","4","00","76 17:01.053","0","0","0","0","36220","0","0","0","N","0","0","0","4","36101","0","","1","01","N","N","0","","0","0","1","3","3","N","1808","0","2","0","0","0","0","0","3","0","2","N","","","","","","","","","","","","03","  ","","",""
"0917","0","0","0","0","0","0","0","0","0","4","1","","36","05","2018","2018060372","4","40.0261","-76.3268","0917","08","0","0","0","0","0","1","0","1","","0","1","0","09","1","0","00","0","40 01:34.030","","00","76 19:36.360","0","0","0","0","36220","0","0","0","N","0","0","0","2","36101","0","","1","01","N","N","0","","0","0","1","0","0","","0917","0","2","0","0","0","0","0","3","0","2","N","","","","","","","","","","","","03","  ","","",""
"1155","0","0","0","0","0","0","0","0","0","4","0","","36","05","2018","2018060373","5","40.0486","-76.3343","1149","08","0","0","0","0","0","1","0","0","2","0","0","0","11","1","2","01","2","40 02:54.945","7","00","76 20:03.328","8","0","0","0","36220","0","0","0","N","0","0","0","2","36101","0","","1","01","N","N","0","","0","0","1","3","3","Y","1147","2","2","0","0","0","2","0","3","1","2","N","","","","","","","","","","","","03","  ","","",""
"0708","0","0","0","0","0","0","0","0","0","9","1","","36","05","2018","2018060374","6","40.0684","-76.3034","0706","08","0","0","0","0","0","0","0","0","2","0","1","0","07","1","1","00","1","40 04:06.136","3","00","76 18:12.176","2","0","0","0","36101","0","0","0","N","0","0","0","1","36101","0","","2","01","N","N","0","","0","1","1","0","0","N","0704","1","2","0","0","0","0","0","3","0","2","N","","","","","","","","","","","","03","  ","","",""
"0739","1","0","0","0","0","0","0","0","0","1","0","","36","05","2018","2018060375","6","40.0696","-76.3124","0717","08","0","0","0","0","0","0","0","0","","0","0","0","07","1","0","00","0","40 04:10.609","","00","76 18:44.802","0","0","0","0","36101","0","0","0","N","0","0","0","3","36101","0","","1","01","N","N","0","","0","0","1","0","0","","0712","0","2","0","0","0","0","0","3","0","2","N","","","","","","","","","","","","03","  ","","",""
"0755","2","0","0","0","0","0","0","0","0","1","0","","36","05","2018","2018060376","6","40.072","-76.3275","0743","08","0","0","0","0","0","0","0","0","2","0","0","0","07","1","0","00","1","40 04:19.133","3","00","76 19:38.962","0","0","0","0","36101","0","0","0","N","0","0","0","4","36101","0","","1","01","N","N","0","","0","0","2","0","0","N","0718","0","4","0","0","0","0","0","3","0","4","N","","","","","","","","","","","","03","  ","","",""
"1626","1","0","0","0","0","0","0","0","0","1","0","","36","05","2018","2018060377","4","40.0606","-76.2768","1623","08","0","0","0","0","0","0","0","0","1","0","0","0","16","1","0","07","1","40 03:38.104","1","02","76 16:36.712","0","0","0","0","36101","0","0","0","N","0","0","0","2","36101","0","","1","01","N","N","0","","0","0","1","3","4","N","1623","0","2","0","0","0","0","0","3","0","2","N","","","","","","","","","","","","03","  ","","",""
"1218","1","0","0","0","0","0","0","0","0","1","0","","36","05","2018","2018060378","5","40.0651","-76.344","1157","08","0","0","0","0","0","1","0","0","","0","0","0","11","1","1","02","0","40 03:54.808","","00","76 20:38.156","3","0","0","0","36101","0","0","0","N","0","0","0","2","36101","0","","1","01","N","N","0","","1","0","0","0","0","","1152","1","2","0","0","0","0","0","3","1","2","N","","","","","","","","","","","","03","  ","","",""
"1532","0","0","0","0","0","0","0","0","0","1","0","","36","05","2018","2018060379","5","40.0748","-76.3366","1526","08","0","0","0","0","0","0","1","1","2","0","0","0","15","1","1","07","1","40 04:27.533","2","02","76 20:10.879","8","0","0","0","36101","0","0","0","N","0","0","0","3","36101","0","","1","01","N","N","1","","0","0","1","3","4","N","1520","1","2","0","0","0","1","0","3","0","2","N","","","","","","","","","","","","03","  ","","",""
"1640","1","0","0","0","0","0","0","0","0","1","0","","36","05","2018","2018060380","5","40.0634","-76.3404","1633","08","0","0","0","0","0","0","0","0","","0","0","0","16","1","0","00","0","40 03:47.905","","00","76 20:25.989","0","0","0","0","36101","0","0","0","N","0","0","0","2","36101","0","","1","01","N","N","0","","0","0","1","0","0","","1629","0","2","0","0","0","0","0","3","0","2","N","","","","","","","","","","","","03","  ","","",""
"2140","2","0","0","0","0","0","0","0","0","4","0","","36","05","2018","2018060381","5","40.0606","-76.2768","2135","08","0","0","0","1","0","0","0","0","1","0","0","0","21","3","1","01","1","40 03:38.398","4","02","76 16:37.304","4","0","0","0","36101","0","0","0","N","0","0","0","3","36101","1","","1","09","N","N","0","","0","0","0","3","2","N","2128","1","2","0","0","0","0","0","3","0","2","N","","","","","","","","","","","","07","  ","","",""
"0449","0","0","0","0","0","0","0","0","0","4","0","","36","06","2018","2018060382","6","40.0685","-76.3074","0449","08","0","0","0","0","0","0","0","0","2","0","0","0","04","3","0","01","1","40 04:06.527","3","00","76 18:26.750","0","0","0","0","36101","0","0","0","N","0","0","0","2","36101","0","","1","09","N","N","1","","0","0","1","3","2","Y","0448","0","2","0","0","0","0","0","3","0","2","N","","","","","","","","","","","","03","  ","","",""
"1906","1","0","0","0","0","0","0","0","0","7","0","","36","06","2018","2018060399","2","40.0063","-76.2481","1900","08","1","0","0","0","0","0","0","0","2","0","0","0","18","1","1","00","1","40 00:22.802","5","00","76 14:53.204","4","0","0","0","36240","0","0","0","N","0","0","0","1","36240","1","","5","01","N","N","0","","0","0","0","0","0","Y","1858","1","1","0","0","0","0","0","1","0","1","N","","","","","","","","","","","","03","  ","","",""
"0030","1","0","0","0","0","0","0","0","0","7","0","","36","03","2018","2018060402","6","40.0229","-76.3048","0023","08","0","0","0","0","0","0","0","0","","0","0","0","00","3","0","03","0","40 01:22.498","","00","76 18:17.073","0","0","0","0","36220","0","0","0","","0","0","0","1","36101","0","","4","01","N","N","0","","0","0","0","0","0","","0023","0","1","0","0","0","0","0","3","0","1","N","","","","","","","","","","","","03","  ","","",""
"1517","1","0","0","0","0","0","0","0","0","4","0","","36","05","2018","2018060414","2","40.0019","-76.2456","1510","08","0","0","1","0","1","0","0","0","2","0","0","0","15","1","1","01","1","40 00:06.681","7","00","76 14:44.073","8","0","0","0","36240","0","0","0","N","0","0","0","2","36240","0","","1","01","N","N","0","","0","0","1","3","3","Y","1510","1","2","0","0","0","1","0","1","0","2","N","","","","","","","","","","","","03","  ","","",""
"1616","1","0","0","0","0","0","0","0","0","7","0","","36","06","2018","2018060427","2","40.0136","-76.263","1605","08","0","0","0","0","0","0","0","0","2","0","0","0","16","1","0","00","2","40 00:49.023","2","00","76 15:46.820","0","0","0","0","36240","0","0","0","N","0","0","0","2","36240","0","","5","01","N","N","0","","0","0","0","0","0","N","1604","0","1","0","0","0","0","0","1","0","1","N","","","","","","","","","","","","03","  ","","",""
"1900","2","0","0","0","0","0","0","0","0","2","0","","36","05","2018","2018060435","6","40.0784","-76.5087","1850","08","0","0","0","0","0","0","1","0","3","0","0","0","18","1","2","00","2","40 04:42.365","6","03","76 30:31.345","3","0","0","0","36211","0","0","0","N","0","0","0","2","36504","0","","1","01","N","N","0","","1","0","0","0","0","Y","1845","2","2","0","0","0","1","0","1","0","2","N","","","","","","","","","","","","03","  ","","",""
"0155","1","0","0","0","0","0","0","0","0","7","0","","36","05","2018","2018060507","3","40.1744","-75.9619","0134","08","0","0","0","0","0","0","0","0","","0","0","0","01","2","0","00","0","40 10:27.209","","00","75 57:40.920","0","0","0","0","36203","0","0","0","N","0","0","0","1","68T06","0","","5","01","N","N","0","","0","0","0","0","0","","0133","0","1","0","0","0","0","0","1","0","1","N","","","","","","","","","","","","03","  ","","",""
"0416","1","0","0","0","0","0","0","0","0","9","0","","36","06","2018","2018060554","1","40.2369","-76.2756","0353","08","0","0","0","1","0","0","0","0","","0","0","0","03","2","0","00","0","40 14:12.889","","00","76 16:31.489","0","0","0","0","36204","0","0","0","N","0","0","0","1","68T06","0","","1","01","N","N","0","","0","0","0","0","0","","0353","0","1","0","0","0","0","0","1","0","1","N","","","","","","","","","","","","03","  ","","",""
"1558","1","0","0","0","0","0","0","0","0","7","0","99","36","06","2018","2018060578","2","40.0388","-76.3048","1521","08","0","0","0","0","0","1","0","0","","0","0","0","15","1","2","02","0","40 02:19.773","","00","76 18:17.377","3","0","0","0","36301","2","0","0","N","2","0","0","3","36301","0","","1","01","N","N","0","","2","0","0","0","0","","1513","2","3","0","0","0","0","0","3","0","1","Y","5","1","Y","Y","","N","","","","","","03","  ","","",""
"0501","3","0","0","0","0","0","0","0","0","1","0","","36","05","2018","2018060579","5","40.0417","-76.2623","0455","08","0","0","0","0","0","0","0","0","","0","0","0","04","5","0","10","0","40 02:30.001","","00","76 15:44.207","0","0","0","0","36301","0","0","0","N","0","0","0","1","36301","0","","1","01","N","N","0","","0","0","0","0","0","","0455","0","3","0","0","1","0","0","3","0","3","N","","","","","","","","","","","","03","  ","","",""
"0850","1","0","0","0","0","0","0","0","0","4","0","","36","05","2018","2018060586","6","40.0378","-76.3637","0846","08","0","0","0","0","0","0","0","0","","0","0","0","08","1","0","01","0","40 02:16.155","","00","76 21:49.258","0","0","0","0","36223","0","0","0","N","0","0","0","4","36223","0","","1","01","N","N","0","","0","0","0","3","3","","0840","0","2","0","0","0","0","0","1","1","2","N","","","","","","","","","","","","03","  ","","",""
"1502","1","0","0","0","0","0","0","0","0","2","0","","36","05","2018","2018060587","4","40.0373","-76.4082","1451","08","0","0","0","0","0","0","0","0","1","0","0","0","14","1","0","01","2","40 02:14.323","1","00","76 24:29.659","0","0","0","0","36223","0","0","0","N","0","0","0","3","36223","0","","1","01","N","N","0","","0","0","1","3","2","Y","1451","0","2","0","0","0","0","0","1","0","2","N","","","","","","","","","","","","03","  ","","",""
"1550","1","0","0","0","0","0","0","0","0","4","0","","36","05","2018","2018060588","5","39.9829","-76.1793","1547","08","0","0","0","0","0","0","0","0","","0","0","0","15","1","0","00","0","39 58:58.304","","00","76 10:45.518","0","0","0","0","36417","0","0","0","N","0","0","0","1","36417","0","","6","01","N","N","0","","0","0","2","0","0","","1547","0","3","0","0","0","0","0","1","0","3","N","","","","","","","","","","","","03","  ","","",""
"1844","1","0","2","0","0","0","0","0","0","4","0","","36","05","2018","2018060683","5","40.0745","-76.4927","1832","08","0","0","0","0","0","1","0","1","2","0","0","0","18","1","3","05","2","40 04:28.272","5","00","76 29:33.812","2","0","0","0","36230","0","0","0","N","0","0","0","3","36410","0","","1","01","N","N","0","","1","2","1","3","3","Y","1830","3","2","0","0","0","0","0","1","0","2","N","","","","","","","","","","","","03","  ","","",""
"0630","0","0","0","0","0","0","0","0","0","9","0","","36","05","2018","2018060726","7","40.2173","-76.0791","0624","08","0","0","0","0","0","1","0","0","","0","0","0","06","5","0","00","0","40 13:02.334","","00","76 04:44.886","0","0","0","0","36210","0","0","0","N","0","0","0","2","68T06","0","","1","01","N","N","0","","0","0","1","0","0","","0624","0","1","0","0","0","0","0","1","0","1","N","","","","","","","","","","","","03","  ","","",""
"1712","0","0","0","0","0","0","0","0","0","4","0","","36","06","2018","2018060758","6","40.133","-76.1129","1709","08","0","0","0","0","0","1","1","0","1","0","0","0","17","1","0","01","2","40 07:58.926","5","00","76 06:46.330","0","0","0","0","36209","0","0","0","N","0","0","0","2","36415","0","","1","01","N","N","1","","0","0","1","3","3","Y","1709","0","2","0","0","0","0","0","1","0","2","N","","","","","","","","","","","","03","  ","","",""
"1730","2","0","0","0","0","0","0","0","0","1","0","","36","06","2018","2018060759","3","40.0902","-76.5206","1728","08","0","0","0","0","0","1","0","0","2","0","0","0","17","1","1","00","1","40 05:24.684","6","00","76 31:14.107","8","0","0","0","36211","0","0","0","N","0","0","0","2","36504","0","","1","01","N","N","0","","0","0","0","0","0","N","1725","1","2","0","0","0","1","0","1","0","2","N","","","","","","","","","","","","03","  ","","",""
"2255","2","0","0","0","0","0","0","0","0","4","0","","36","06","2018","2018060911","6","40.0491","-76.3057","2243","08","0","0","1","0","0","1","0","0","","0","0","0","22","3","0","01","0","40 02:56.626","","00","76 18:20.639","0","0","0","0","36301","0","0","0","N","0","0","0","3","36301","0","","1","09","N","N","0","","0","0","0","3","3","","2203","0","2","0","0","0","0","0","3","0","2","N","","","","","","","","","","","","07","  ","","",""
"0555","3","0","0","0","0","0","0","0","0","1","0","","36","06","2018","2018060905","7","40.0521","-76.3084","0551","08","0","0","0","0","0","0","0","0","2","0","0","0","05","1","0","00","1","40 03:07.484","1","00","76 18:30.076","0","0","0","0","36301","0","0","0","N","0","0","0","1","36301","0","","6","01","N","Y","0","","0","0","0","0","0","N","0534","0","3","0","0","0","0","0","3","0","3","N","","","","","","","","","","","","03","  ","","",""
"1705","1","0","0","0","0","0","0","0","0","1","0","","36","06","2018","2018060910","4","40.1666","-76.1635","1659","08","0","0","0","1","1","0","0","0","","0","0","0","16","1","0","00","0","40 09:59.585","","00","76 09:48.689","0","0","0","0","36408","0","0","0","N","0","0","0","3","36408","0","","1","01","N","N","0","","0","0","1","0","0","","1655","0","2","0","0","0","0","0","2","0","2","N","","","","","","","","","","","","03","  ","","",""
"0746","2","0","0","0","0","0","0","0","0","1","0","","36","06","2018","2018060941","5","40.1148","-76.5015","0730","08","0","0","0","0","0","0","0","1","","0","0","0","07","1","0","00","0","40 06:53.406","","00","76 30:05.469","0","0","0","0","36225","0","0","0","N","0","0","0","2","36505","0","","1","01","N","N","0","","0","0","0","0","0","N","0720","0","2","0","0","0","0","0","2","0","2","N","","","","","","","","","","","","03","  ","","",""
"1537","2","0","0","0","0","0","0","0","0","4","0","","36","06","2018","2018060976","4","40.0392","-76.4311","1526","08","0","0","0","0","0","0","0","0","2","0","0","0","15","1","0","01","1","40 02:20.937","7","00","76 25:51.794","0","0","0","0","36414","0","0","0","N","0","0","0","3","36239","0","","1","01","N","N","0","","0","0","0","3","2","N","1524","0","2","0","0","0","0","0","3","0","2","N","","","","","","","","","","","","03","  ","","",""
"2228","2","0","0","0","0","0","0","0","0","4","0","","36","05","2018","2018060980","1","40.132","-76.2158","2224","08","0","0","0","0","0","0","0","0","","0","0","0","22","3","0","02","0","40 07:55.207","","00","76 12:56.736","0","0","0","0","36238","0","0","0","N","0","0","0","2","36238","0","","1","01","N","N","0","","0","0","0","3","3","N","2224","0","2","0","0","0","0","0","3","0","2","N","","","","","","","","","","","","03","  ","","",""
"1712","0","0","0","0","0","0","0","0","0","7","0","","36","03","2018","2018061152","7","40.12","-75.9171","1538","08","0","0","0","0","0","0","0","0","1","0","0","0","15","1","0","00","1","40 07:11.924","2","00","75 55:01.647","0","0","0","0","36203","0","0","0","N","0","0","0","1","68J01","0","","4","01","N","N","0","","0","0","1","0","0","N","1535","0","1","0","0","0","0","0","1","0","1","N","","","","","","","","","","","","03","  ","","",""
"2300","1","0","0","0","0","0","0","0","0","7","0","","36","05","2018","2018061159","4","39.8581","-76.1392","2232","08","0","0","0","0","0","0","0","0","","0","0","0","22","2","0","00","0","39 51:29.080","","00","76 08:21.230","0","0","0","0","36212","0","0","0","N","0","0","0","1","68J01","0","","4","01","N","N","0","","0","0","0","0","0","","2232","0","1","0","0","0","0","0","1","0","1","N","","","","","","","","","","","","03","  ","","",""
"2129","1","0","0","0","0","0","0","0","0","4","0","","36","06","2018","2018061197","7","40.1128","-76.5156","2129","08","0","0","0","0","0","1","0","0","1","0","0","0","21","3","0","01","1","40 06:46.097","2","00","76 30:56.102","0","0","0","0","36413","0","0","0","N","0","0","0","4","36413","0","","1","09","N","N","1","","0","0","0","3","2","N","2128","0","2","0","0","0","0","0","2","0","2","N","","","","","","","","","","","","07","  ","","",""
"1424","1","0","0","0","0","0","0","0","0","4","0","","36","06","2018","2018061202","4","39.9751","-76.2473","1420","08","0","0","0","0","0","0","1","0","","0","0","0","14","1","1","01","0","39 58:30.378","","00","76 14:50.447","3","0","0","0","36240","0","0","0","N","0","0","0","3","36240","0","","1","01","N","N","0","","1","0","1","3","2","","1417","1","2","0","0","0","0","0","1","0","2","N","","","","","","","","","","","","03","  ","","",""
"1745","0","0","0","0","0","0","0","0","0","1","0","","36","05","2018","2018061209","3","40.0696","-76.312","1739","08","0","0","0","0","0","0","0","0","","0","0","0","17","1","1","00","0","40 04:10.406","","00","76 18:43.328","4","0","0","0","36101","0","0","0","N","0","0","0","4","36101","1","","1","01","N","N","0","","0","0","2","0","0","","1734","1","2","0","0","0","0","0","3","0","2","N","","","","","","","","","","","","03","  ","","",""
"1932","2","0","0","0","0","0","0","0","0","4","0","","36","05","2018","2018061210","3","40.0606","-76.2768","1930","08","0","0","0","0","0","0","1","0","2","0","0","0","19","1","1","01","1","40 03:38.263","4","02","76 16:36.564","3","0","0","0","36101","0","0","0","N","0","0","0","2","36101","0","","1","01","N","N","0","","1","0","0","3","2","N","1928","1","2","0","0","0","0","0","3","0","2","N","","","","","","","","","","","","03","  ","","",""
"0653","0","0","0","0","0","0","0","0","0","4","0","","36","05","2018","2018061228","6","40.042","-76.2977","0649","08","0","0","0","0","0","0","0","0","","0","0","0","06","1","1","01","0","40 02:31.214","","00","76 17:51.648","3","0","0","0","36301","0","0","0","N","0","0","0","2","36301","0","","1","01","N","N","0","","1","0","1","3","2","","0649","1","2","0","0","0","0","0","3","1","2","N","","","","","","","","","","","","03","  ","","",""
"1111","0","0","0","0","0","0","0","0","0","4","0","","36","05","2018","2018061245","4","40.0515","-76.3039","1108","08","0","0","0","0","0","0","1","0","2","0","0","0","11","1","1","01","1","40 03:05.223","3","00","76 18:13.881","3","0","0","1","36301","0","0","0","N","0","0","0","2","36301","0","","1","01","N","N","0","","1","0","1","3","2","N","1108","1","2","0","0","0","0","0","3","0","2","N","","","","","","","","","","","","03","  ","","",""
"1354","0","0","0","0","0","0","0","0","0","4","0","","36","06","2018","2018061251","3","40.1737","-76.3384","1347","08","0","0","0","0","0","1","0","0","1","0","0","0","13","1","1","01","1","40 10:25.198","6","00","76 20:18.137","8","0","0","0","36227","0","0","0","N","0","0","0","2","36506","0","","1","01","N","N","0","","0","0","2","3","3","Y","1347","1","2","0","0","0","1","0","1","0","2","N","","","","","","","","","","","","03","  ","","",""