"ARRIVAL_TM","AUTOMOBILE_COUNT","BELTED_DEATH_COUNT","BELTED_SUSP_SERIOUS_INJ_COUNT","BICYCLE_COUNT","BICYCLE_DEATH_COUNT","BICYCLE_SUSP_SERIOUS_INJ_COUNT","BUS_COUNT","CHLDPAS_DEATH_COUNT","CHLDPAS_SUSP_SERIOUS_INJ_COUNT","COLLISION_TYPE","COMM_VEH_COUNT","CONS_ZONE_SPD_LIM","COUNTY","CRASH_MONTH","CRASH_YEAR","CRN","DAY_OF_WEEK","DEC_LAT","DEC_LONG","DISPATCH_TM","DISTRICT","DRIVER_COUNT_16YR","DRIVER_COUNT_17YR","DRIVER_COUNT_18YR","DRIVER_COUNT_19YR","DRIVER_COUNT_20YR","DRIVER_COUNT_50_64YR","DRIVER_COUNT_65_74YR","DRIVER_COUNT_75PLUS","EST_HRS_CLOSED","FATAL_COUNT","HEAVY_TRUCK_COUNT","HORSE_BUGGY_COUNT","HOUR_OF_DAY","ILLUMINATION","INJURY_COUNT","INTERSECT_TYPE","LANE_CLOSED","LATITUDE","LN_CLOSE_DIR","LOCATION_TYPE","LONGITUDE","MAX_SEVERITY_LEVEL","MCYCLE_DEATH_COUNT","MCYCLE_SUSP_SERIOUS_INJ_COUNT","MOTORCYCLE_COUNT","MUNICIPALITY","NONMOTR_COUNT","NONMOTR_DEATH_COUNT","NONMOTR_SUSP_SERIOUS_INJ_COUNT","NTFY_HIWY_MAINT","PED_COUNT","PED_DEATH_COUNT","PED_SUSP_SERIOUS_INJ_COUNT","PERSON_COUNT","POLICE_AGCY","POSSIBLE_INJ_COUNT","RDWY_SURF_TYPE_CD","RELATION_TO_ROAD","ROAD_CONDITION","SCH_BUS_IND","SCH_ZONE_IND","SMALL_TRUCK_COUNT","SPEC_JURIS_CD","SUSP_MINOR_INJ_COUNT","SUSP_SERIOUS_INJ_COUNT","SUV_COUNT","TCD_FUNC_CD","TCD_TYPE","TFC_DETOUR_IND","TIME_OF_DAY","TOT_INJ_COUNT","TOTAL_UNITS","UNB_DEATH_COUNT","UNB_SUSP_SERIOUS_INJ_COUNT","UNBELTED_OCC_COUNT","UNK_INJ_DEG_COUNT","UNK_INJ_PER_COUNT","URBAN_RURAL","VAN_COUNT","VEHICLE_COUNT","WORK_ZONE_IND","WORK_ZONE_LOC","WORK_ZONE_TYPE","WORKERS_PRES","WZ_CLOSE_DETOUR","WZ_FLAGGER","WZ_LAW_OFFCR_IND","WZ_LN_CLOSURE","WZ_MOVING","WZ_OTHER","WZ_SHLDER_MDN","ROADWAY_CLEARED","WEATHER1","WEATHER2","WZ_WORKERS_INJ_KILLED","SECONDARY_CRASH","INTERSECTION_RELATED"
"1526","0","0","0","0","0","0","0","0","0","1","0","","36","06","2018","2018061287","2","40.1622","-76.3977","1521","08","0","0","1","0","0","0","1","0","1","0","0","0","15","1","0","00","1","40 09:43.915","4","00","76 23:51.743","0","0","0","0","36230","0","0","0","N","0","0","0","3","36410","0","","1","01","N","N","1","","0","0","1","0","0","N","1521","0","3","0","0","0","0","0","1","1","3","N","","","","","","","","","","","","03","  ","","",""
"0233","0","0","0","0","0","0","0","0","0","8","0","","36","06","2018","2018061339","7","40.0989","-76.0901","0226","08","0","0","0","0","0","1","0","0","1","0","0","0","02","6","1","01","1","40 05:56.086","7","00","76 05:24.223","8","0","0","0","36415","1","0","0","N","1","0","0","2","36415","0","","1","09","N","N","0","","0","0","1","3","3","Y","0226","1","2","0","0","0","1","0","1","0","1","N","","","","","","","","","","","","07","  ","","",""
"1657","0","0","0","0","0","0","0","0","0","7","0","","36","06","2018","2018061370","5","40.1096","-76.4148","1654","08","0","0","0","0","0","0","1","0","2","0","0","0","16","1","1","00","2","40 06:34.640","5","00","76 24:53.300","3","0","0","0","36214","0","0","0","N","0","0","0","2","36214","0","","5","01","N","N","1","","1","0","1","0","0","Y","1653","1","2","0","0","0","0","0","3","0","2","N","","","","","","","","","","","","03","  ","","",""
"1739","2","0","0","0","0","0","0","0","0","4","0","","36","06","2018","2018061371","5","40.0719","-76.3904","1736","08","0","0","0","0","0","0","0","0","2","0","0","0","17","1","0","01","1","40 04:18.681","4","00","76 23:25.274","0","0","0","0","36214","0","0","0","N","0","0","0","3","36214","0","","1","01","N","N","0","","0","0","0","3","2","N","1735","0","2","0","0","0","0","0","3","0","2","N","","","","","","","","","","","","03","  ","","",""
"0736","1","0","0","0","0","0","0","0","0","1","0","","36","05","2018","2018061372","3","40.1241","-76.4713","0735","08","0","1","0","0","0","1","0","0","","0","0","0","07","1","0","00","0","40 07:26.735","","00","76 28:16.659","0","0","0","0","36230","0","0","0","N","0","0","0","2","36410","0","","1","09","N","N","1","","0","0","0","0","0","","0730","0","2","0","0","0","0","0","1","0","2","N","","","","","","","","","","","","05","  ","","",""
"1420","2","0","0","0","0","0","0","0","0","4","0","","36","06","2018","2018061404","6","40.0424","-76.2938","1359","08","0","0","0","0","0","2","0","0","1","0","0","0","13","1","1","01","2","40 02:32.780","1","00","76 17:37.618","3","0","0","0","36301","0","0","0","N","0","0","0","2","36301","0","","1","01","N","N","0","","1","0","0","3","2","Y","1359","1","2","0","0","0","0","0","3","0","2","N","","","","","","","","","","","","03","  ","","",""
"0825","1","0","0","0","0","0","0","0","0","6","0","","36","03","2018","2018061455","5","40.0656","-76.0182","0759","08","0","0","0","0","0","1","0","0","","0","0","0","07","1","0","00","0","40 03:56.309","","00","76 01:05.536","0","0","0","0","36232","0","0","0","N","0","0","0","2","68J01","0","","1","07","N","N","0","","0","0","1","0","0","","0745","0","2","0","0","0","0","0","1","0","2","N","","","","","","","","","","","","03","  ","","",""
"0940","2","0","0","0","0","0","0","0","0","4","0","","36","03","2018","2018061456","5","39.9978","-76.056","0914","08","0","0","0","0","0","0","0","0","","0","0","0","09","1","1","01","0","39 59:51.989","","00","76 03:21.643","3","0","0","0","36232","0","0","0","N","0","0","0","2","68J01","0","","1","09","N","N","0","","1","0","0","3","3","","0907","1","2","0","0","0","0","0","1","0","2","N","","","","","","","","","","","","03","  ","","",""
"1326","1","0","0","0","0","0","0","0","0","4","0","","36","03","2018","2018061457","6","39.9914","-76.0213","1326","08","0","0","0","1","0","0","0","0","","0","0","0","13","1","0","00","0","39 59:28.947","","07","76 01:16.615","0","0","0","0","36232","0","0","0","N","0","0","0","2","68J01","0","","1","01","N","N","0","","0","0","1","0","0","","1325","0","2","0","0","0","0","0","1","0","2","N","","","","","","","","","","","","03","  ","","",""
"1551","1","0","0","0","0","0","0","0","0","7","0","","36","03","2018","2018061458","6","39.9903","-76.0098","1548","08","0","0","0","0","0","0","0","0","","0","0","0","15","1","1","00","0","39 59:25.230","","00","76 00:35.197","8","0","0","0","36232","0","0","0","N","0","0","0","1","68J01","0","","4","01","N","N","0","","0","0","0","0","0","","1546","1","1","0","0","0","1","0","1","0","1","N","","","","","","","","","","","","03","  ","","",""
"0830","1","1","2","0","0","0","0","0","0","2","0","","36","05","2018","2018061461","2","40.1437","-75.9278","0806","08","0","0","0","0","0","0","0","1","4","1","0","0","07","1","2","00","2","40 08:37.285","6","00","75 55:40.149","1","0","0","0","36203","0","0","0","N","0","0","0","3","68J01","0","2","1","01","N","N","0","0","0","2","1","0","0","Y","0758","2","2","0","0","0","0","0","1","0","2","N","","","","","","","","","","","","03","  ","","",""
"1751","1","0","0","0","0","0","0","0","0","5","1","","36","05","2018","2018061462","3","40.0388","-76.1443","1744","08","0","0","0","0","0","1","0","0","","0","1","0","17","1","0","00","0","40 02:19.529","","00","76 08:39.325","0","0","0","0","36221","0","0","0","N","0","0","0","2","68J01","0","","2","01","N","N","0","","0","0","0","3","3","","1743","0","2","0","0","0","0","0","1","0","2","N","","","","","","","","","","","","03","  ","","",""
"1108","2","0","0","0","0","0","0","0","0","1","0","","36","05","2018","2018061463","2","40.0384","-76.1075","1043","08","0","0","0","1","0","0","0","1","","0","0","0","10","1","0","00","0","40 02:18.263","","07","76 06:26.851","0","0","0","0","36221","0","0","0","N","0","0","0","3","68J01","0","","1","01","N","N","0","","0","0","0","0","0","","1043","0","2","0","0","0","0","0","1","0","2","N","","","","","","","","","","","","03","  ","","",""
"1715","0","0","0","0","0","0","0","0","0","7","1","","36","05","2018","2018061464","4","40.0238","-76.0713","1702","08","0","0","0","0","0","1","0","0","3","0","1","0","16","1","1","00","2","40 01:25.685","5","00","76 04:16.612","8","0","0","0","36234","0","0","0","Y","0","0","0","1","68J01","0","","4","01","N","N","0","","0","0","0","0","0","Y","1650","1","1","0","0","0","1","0","1","0","1","N","","","","","","","","","","","","03","  ","","",""
"1520","0","0","0","0","0","0","0","0","0","7","1","","36","05","2018","2018061465","5","39.9849","-76.0513","1505","08","0","0","0","0","0","1","0","0","2","0","1","0","15","1","0","00","1","39 59:05.758","6","00","76 03:04.631","0","0","0","0","36232","0","0","0","N","0","0","0","1","68J01","0","","5","01","N","N","0","","0","0","0","0","0","N","1501","0","1","0","0","0","0","0","1","0","1","N","","","","","","","","","","","","03","  ","","",""
"1253","0","0","0","0","0","0","0","0","0","9","0","","36","05","2018","2018061468","7","39.8219","-76.0467","1227","08","0","0","0","0","0","0","0","1","","0","0","0","12","1","1","00","0","39 49:19.001","","00","76 02:48.183","3","0","0","0","36205","0","0","0","N","0","0","0","1","68J01","0","","1","01","N","N","0","","1","0","1","0","0","","1225","1","1","0","0","0","0","0","1","0","1","N","","","","","","","","","","","","03","  ","","",""
"1032","1","0","0","0","0","0","0","0","0","7","0","","36","05","2018","2018061470","5","40.2147","-76.0584","1017","08","0","0","0","0","1","0","0","0","2","0","0","0","10","1","1","00","1","40 12:53.001","1","00","76 03:30.414","3","0","0","0","36202","0","0","0","N","0","0","0","1","68J01","0","","4","01","N","N","0","","1","0","0","0","0","N","1014","1","1","0","0","0","0","0","1","0","1","N","","","","","","","","","","","","03","  ","","",""
"1120","1","0","0","0","0","0","0","0","0","4","0","","36","06","2018","2018061475","1","40.2213","-76.019","1111","08","0","0","0","0","0","0","0","0","2","0","0","0","11","1","1","02","1","40 13:16.663","4","00","76 01:08.340","3","0","0","0","36202","0","0","0","N","0","0","0","4","68J01","0","","1","01","N","N","0","","1","0","1","3","3","N","1107","1","2","0","0","0","0","0","1","0","2","N","","","","","","","","","","","","03","  ","","",""
"0058","2","0","0","0","0","0","0","0","0","1","0","","36","06","2018","2018061491","7","40.0628","-76.367","0054","08","0","0","0","0","0","0","0","0","","0","0","0","00","2","0","00","0","40 03:46.026","","00","76 22:01.092","0","0","0","0","36214","0","0","0","N","0","0","0","1","36214","0","","1","01","N","N","0","","0","0","0","0","0","","0052","0","2","0","0","0","0","0","3","0","2","N","","","","","","","","","","","","03","  ","","",""
"1346","1","0","0","0","0","0","0","0","0","7","0","","36","06","2018","2018061481","5","40.2139","-76.058","1328","08","0","0","0","1","0","0","0","0","","0","0","0","13","1","0","00","0","40 12:50.030","","00","76 03:28.811","0","0","0","0","36202","0","0","0","N","0","0","0","1","68J01","0","","4","01","N","N","0","","0","0","0","0","0","","1327","0","1","0","0","0","0","0","1","0","1","N","","","","","","","","","","","","03","  ","","",""
"2138","2","0","0","0","0","0","0","0","0","2","0","","36","01","2018","2018061486","6","39.9269","-76.1971","2112","08","0","0","0","0","0","0","0","0","","0","0","0","21","2","0","00","0","39 55:36.892","","00","76 11:49.697","0","0","0","0","36233","0","0","0","N","0","0","0","1","68J01","0","","4","01","N","N","2","","0","0","0","0","0","","2110","0","6","0","0","0","0","0","1","2","6","N","","","","","","","","","","","","03","  ","","",""
"1643","0","0","0","0","0","0","0","0","0","5","0","","36","05","2018","2018061532","5","40.043","-76.2879","1543","08","0","0","0","0","0","1","0","0","","0","0","0","15","1","0","01","0","40 02:34.960","","00","76 17:16.322","0","0","0","0","36301","0","0","0","N","0","0","0","3","36301","0","","1","01","N","N","1","","0","0","1","3","2","N","1543","0","2","0","0","0","0","0","3","0","2","N","","","","","","","","","","","","03","  ","","",""
"1054","2","0","0","0","0","0","0","0","0","1","0","","36","06","2018","2018061535","3","40.1298","-76.2165","1048","08","0","0","0","0","0","0","0","2","","0","0","0","10","1","0","00","0","40 07:47.189","","02","76 12:59.499","0","0","0","0","36238","0","0","0","N","0","0","0","2","36238","0","","1","01","N","N","0","","0","0","0","3","2","","1045","0","2","0","0","0","0","0","3","0","2","N","","","","","","","","","","","","03","  ","","",""
"0702","2","0","0","0","0","0","0","0","0","4","0","","36","06","2018","2018061540","6","40.1253","-76.2143","0658","08","0","0","0","0","0","0","0","1","","0","0","0","06","1","0","01","0","40 07:31.012","","00","76 12:51.319","0","0","0","0","36238","0","0","0","N","0","0","0","2","36238","0","","1","01","N","N","0","","0","0","0","3","2","","0655","0","2","0","0","0","0","0","3","0","2","N","","","","","","","","","","","","03","  ","","",""
"0831","2","0","0","0","0","0","0","0","0","0","0","","36","05","2018","2018061542","4","40.133","-76.1129","0825","08","0","0","0","0","0","0","0","0","","0","0","0","08","1","0","01","0","40 07:58.926","","00","76 06:46.330","0","0","0","0","36209","0","0","0","N","0","0","0","2","36415","0","","5","01","N","N","0","","0","0","0","3","2","N","0824","0","2","0","0","0","0","0","1","0","2","N","","","","","","","","","","","","03","  ","","",""
"1105","2","0","0","0","0","0","0","0","0","4","0","","36","06","2018","2018061551","6","40.1028","-76.0775","1059","08","0","0","0","0","0","0","1","0","1","0","0","0","10","1","1","01","1","40 06:09.921","3","00","76 04:39.151","4","0","0","0","36415","0","0","0","N","0","0","0","3","36415","1","","1","01","N","N","0","","0","0","0","3","3","Y","1056","1","2","0","0","0","0","0","1","0","2","N","","","","","","","","","","","","03","  ","","",""
"1430","2","0","0","0","0","0","0","0","0","4","0","","36","06","2018","2018061565","6","40.2125","-76.3604","1418","08","0","0","0","0","0","0","0","1","1","0","0","0","14","1","0","01","1","40 12:45.104","5","00","76 21:37.375","0","0","0","0","36227","0","0","0","N","0","0","0","2","36506","0","","1","01","N","N","0","","0","0","0","0","0","N","1416","0","2","0","0","0","0","0","1","0","2","N","","","","","","","","","","","","03","  ","","",""
"1058","2","0","0","0","0","0","0","0","0","5","0","","36","06","2018","2018061574","7","40.0522","-76.2963","1057","08","0","0","0","0","0","0","0","0","1","0","0","0","10","1","0","00","1","40 03:08.015","3","00","76 17:46.588","0","0","0","0","36301","0","0","0","N","0","0","0","1","36301","0","","1","01","N","N","0","","0","0","1","0","0","N","1056","0","3","0","0","0","0","0","3","0","3","N","","","","","","","","","","","","03","  ","","",""
"1010","1","0","0","0","0","0","0","0","0","1","0","","36","06","2018","2018061586","7","40.1659","-76.1811","1007","08","0","0","0","0","0","0","1","0","1","0","0","1","10","1","0","00","1","40 09:57.184","4","00","76 10:51.978","0","0","0","0","36218","3","0","0","N","0","0","0","4","36408","0","","1","01","N","N","0","","0","0","0","0","0","N","1007","0","2","0","0","0","0","0","1","0","1","N","","","","","","","","","","","","03","  ","","",""
"1204","0","0","0","0","0","0","0","0","0","5","0","","36","06","2018","2018061597","6","40.0351","-76.4977","1204","08","0","0","0","1","0","0","0","0","","0","0","0","12","1","0","00","0","40 02:06.342","","00","76 29:51.897","0","0","0","0","36404","0","0","0","N","0","0","0","3","36404","0","","1","01","N","N","0","","0","0","2","0","0","N","1204","0","2","0","0","0","0","0","3","0","2","N","","","","","","","","","","","","03","  ","","",""
"1509","1","0","0","0","0","0","0","0","0","4","0","","36","06","2018","2018061598","6","40.1663","-76.3964","1501","08","0","0","0","0","0","1","1","0","","0","0","0","15","1","1","01","0","40 09:58.539","","00","76 23:47.130","8","0","0","0","36410","0","0","0","N","0","0","0","2","36410","0","","1","01","N","N","0","","0","0","1","3","3","","1501","1","2","0","0","0","1","0","2","0","2","N","","","","","","","","","","","","03","  ","","",""
"1410","0","0","0","0","0","0","0","0","0","7","0","","36","06","2018","2018061621","2","40.0436","-76.2862","1358","08","0","0","0","0","0","0","0","0","2","0","0","0","13","1","0","00","1","40 02:37.094","3","00","76 17:10.307","0","0","0","0","36101","0","0","0","N","0","0","0","1","36101","0","","2","01","N","N","0","","0","0","1","0","0","N","1325","0","1","0","0","0","0","0","3","0","1","N","","","","","","","","","","","","03","  ","","",""
"1006","1","0","0","0","0","0","0","0","0","4","0","","36","06","2018","2018061622","3","40.0664","-76.2721","1001","08","0","0","0","0","0","0","1","0","2","0","0","0","10","1","0","00","1","40 03:59.142","3","00","76 16:19.586","0","0","0","0","36101","0","0","0","N","0","0","0","4","36101","0","","1","01","N","N","0","","0","0","1","0","0","N","1000","0","2","0","0","0","0","0","3","0","2","N","","","","","","","","","","","","03","  ","","",""
"1539","1","0","0","0","0","0","0","0","0","1","0","","36","06","2018","2018061623","3","40.0786","-76.3271","1534","08","0","0","0","0","0","3","0","0","","0","0","0","15","1","0","00","0","40 04:43.133","","00","76 19:37.632","0","0","0","0","36101","0","0","0","N","0","0","0","3","36101","0","","1","01","N","N","2","","0","0","0","0","0","","1530","0","3","0","0","0","0","0","3","0","3","N","","","","","","","","","","","","03","  ","","",""
"1136","1","0","0","0","0","0","0","0","0","4","0","","36","06","2018","2018061627","7","40.1628","-76.1499","1132","08","0","0","0","0","0","1","0","0","2","0","0","0","11","1","1","01","1","40 09:46.485","7","00","76 08:59.308","4","0","0","0","36218","0","0","0","N","0","0","0","2","36408","1","","1","01","N","N","0","","0","0","1","3","2","N","1130","1","2","0","0","1","0","0","1","0","2","N","","","","","","","","","","","","03","  ","","",""
"2103","2","0","0","0","0","0","0","0","0","2","0","","36","05","2018","2018061652","3","40.0397","-76.2913","2055","08","0","0","0","0","0","0","1","0","","0","0","0","20","3","1","01","0","40 02:22.957","","00","76 17:28.796","3","0","0","0","36301","0","0","0","N","0","0","0","2","36301","0","","1","01","N","N","0","","1","0","0","3","2","","2037","1","2","0","0","0","0","0","3","0","2","N","","","","","","","","","","","","03","  ","","",""
"1901","0","0","0","0","0","0","0","0","0","8","0","","36","06","2018","2018061658","7","40.0301","-76.4965","1858","08","0","0","0","0","0","0","0","0","2","0","0","0","18","1","1","00","2","40 01:48.414","5","00","76 29:47.518","2","0","0","0","36404","1","0","1","N","1","0","1","2","36404","0","","1","01","N","N","0","","0","1","1","0","0","Y","1856","1","2","0","0","0","0","0","3","0","1","N","","","","","","","","","","","","03","  ","","",""
"1535","0","0","0","0","0","0","0","0","0","7","0","","36","04","2018","2018061668","2","39.9662","-76.36","1443","08","0","0","0","0","0","1","0","0","","0","0","0","21","2","0","00","0","39 57:58.355","","00","76 21:35.835","0","0","0","0","36206","0","0","0","N","0","0","0","2","68J01","0","","4","01","N","N","0","","0","0","0","0","0","","2100","0","1","0","0","1","0","0","1","1","1","N","","","","","","","","","","","","03","  ","","",""
"2309","1","0","0","0","0","0","0","0","0","7","0","","36","05","2018","2018061689","3","40.0255","-76.075","2258","08","0","0","1","0","0","0","0","0","3","0","0","0","22","2","1","00","2","40 01:31.714","6","00","76 04:30.113","3","0","0","0","36234","0","0","0","N","0","0","0","1","68J01","0","","4","01","N","N","0","","1","0","0","0","0","Y","2253","1","1","0","0","0","0","0","1","0","1","N","","","","","","","","","","","","03","  ","","",""
"1149","0","0","0","0","0","0","0","0","0","1","1","","36","05","2018","2018061691","4","39.9434","-76.2102","1143","08","0","0","0","0","0","0","0","0","2","0","1","0","11","1","1","00","1","39 56:36.326","2","00","76 12:36.684","3","0","0","0","36233","0","0","0","N","0","0","0","2","68J01","0","","1","01","N","N","0","","1","0","0","0","0","N","1140","1","2","0","0","0","0","0","1","1","2","N","","","","","","","","","","","","03","  ","","",""
"1539","0","0","0","0","0","0","0","0","0","7","1","","36","06","2018","2018061701","3","40.1906","-75.9588","1500","08","0","0","0","0","0","0","0","0","3","0","0","0","14","1","0","00","1","40 11:26.290","2","00","75 57:31.520","0","0","0","0","36202","0","0","0","N","0","0","0","1","68J01","0","","4","09","N","N","1","","0","0","0","0","0","N","1451","0","1","0","0","0","0","0","1","0","1","N","","","","","","","","","","","","03","  ","","",""
"0925","1","0","0","0","0","0","0","0","0","4","1","","36","06","2018","2018061715","6","39.9933","-76.029","0917","08","0","0","0","0","0","0","0","0","2","0","1","0","09","1","1","01","1","39 59:35.937","7","00","76 01:44.572","8","0","0","0","36232","0","0","0","N","0","0","0","2","68J01","0","","1","01","N","N","0","","0","0","0","3","2","N","0916","1","2","0","0","0","1","0","1","0","2","N","","","","","","","","","","","","03","  ","","",""
"2232","1","0","0","0","0","0","0","0","0","7","0","","36","06","2018","2018061728","7","40.1239","-76.1736","2224","08","0","0","0","0","1","0","0","0","","0","0","0","22","2","0","00","0","40 07:26.041","","00","76 10:24.823","0","0","0","0","36238","0","0","0","N","0","0","0","1","36238","0","","5","01","N","N","0","","0","0","0","0","0","","2222","0","1","0","0","0","0","0","3","0","1","N","","","","","","","","","","","","03","  ","","",""
"0106","1","0","0","0","0","0","0","0","0","7","0","","36","06","2018","2018061734","7","40.0377","-76.3012","0102","08","0","0","0","1","0","0","0","0","2","0","0","0","01","3","0","00","2","40 02:15.707","3","00","76 18:04.240","0","0","0","0","36301","0","0","0","N","0","0","0","1","36301","0","","2","01","N","N","0","","0","0","1","0","0","Y","0102","0","2","0","0","1","0","0","3","0","2","N","","","","","","","","","","","","03","  ","","",""
"1440","2","0","0","0","0","0","0","0","0","1","0","","36","06","2018","2018061742","2","40.0613","-76.3541","1430","08","0","0","0","0","0","1","0","0","","0","0","0","14","1","0","00","0","40 03:40.619","","00","76 21:14.766","0","0","0","0","36214","0","0","0","N","0","0","0","3","36214","0","","1","01","N","N","0","","0","0","0","0","0","","1430","0","2","0","0","0","0","0","3","0","2","N","","","","","","","","","","","","03","  ","","",""
"0730","2","0","0","0","0","0","0","0","0","4","0","","36","05","2018","2018061759","5","40.0424","-76.2938","0730","08","0","0","0","0","0","0","1","0","2","0","0","0","07","1","3","01","2","40 02:32.780","7","00","76 17:37.618","3","0","0","0","36301","0","0","0","N","0","0","0","3","36301","1","","1","01","N","N","0","","2","0","0","3","3","Y","0730","3","2","0","0","0","0","0","3","0","2","N","","","","","","","","","","","","03","  ","","",""
"1330","0","0","0","0","0","0","0","0","0","7","0","","36","06","2018","2018061775","4","40.1446","-76.6001","1325","08","0","0","0","0","0","0","0","0","2","0","0","0","13","1","1","00","1","40 08:40.550","2","00","76 36:00.482","4","0","0","0","36407","0","0","0","N","0","0","0","1","36407","1","","5","01","N","N","1","","0","0","0","0","0","Y","1325","1","1","0","0","0","0","0","2","0","1","N","","","","","","","","","","","","03","  ","","",""
"0834","1","0","0","0","0","0","0","0","0","9","0","","36","06","2018","2018061808","5","39.9902","-76.2476","0828","08","0","0","0","0","0","1","0","0","","0","0","0","08","1","1","02","0","39 59:24.762","","00","76 14:51.227","4","0","0","0","36240","0","0","0","N","0","0","0","1","36240","1","","1","01","N","N","0","","0","0","0","0","0","","0825","1","1","0","0","0","0","0","1","0","1","N","","","","","","","","","","","","03","  ","","",""
"1056","1","0","0","0","0","0","0","0","0","4","0","","36","06","2018","2018061816","5","39.9813","-76.282","1051","08","0","0","0","0","0","0","1","1","2","0","0","0","10","1","1","01","1","39 58:57.477","6","00","76 16:57.162","3","0","0","0","36240","0","0","0","N","0","0","0","2","36240","0","","1","01","N","N","0","","1","0","0","3","3","N","1050","1","2","0","0","0","0","0","1","1","2","N","","","","","","","","","","","","03","  ","","",""
"2359","1","0","0","0","0","0","0","0","0","7","0","","36","05","2018","2018061824","5","40.2452","-76.1725","2357","08","0","0","0","0","1","0","0","0","","0","0","0","23","2","0","00","0","40 14:42.749","","00","76 10:20.990","0","0","0","0","36236","0","0","0","N","0","0","0","1","36408","0","","5","09","N","N","0","","0","0","0","0","0","","2350","0","1","0","0","0","0","0","1","0","1","N","","","","","","","","","","","","07","  ","","",""
"1519","0","0","0","0","0","0","0","0","0","4","0","","36","06","2018","2018061840","6","40.0709","-76.3176","1516","08","0","0","0","0","0","1","0","0","2","0","0","0","15","1","3","01","2","40 04:15.219","2","00","76 19:04.188","3","0","0","0","36101","0","0","0","N","0","0","0","3","36101","0","","1","01","N","N","0","","3","0","2","3","2","Y","1510","3","2","0","0","0","0","0","3","0","2","N","","","","","","","","","","","","03","  ","","",""
"1702","1","0","0","0","0","0","0","0","0","4","1","","36","06","2018","2018061861","6","40.1034","-76.4349","1657","08","0","0","0","0","0","0","0","0","2","0","1","0","16","1","1","02","2","40 06:12.364","5","00","76 26:05.688","3","0","0","0","36239","0","0","0","N","0","0","0","4","36239","0","","1","01","N","N","0","","1","0","0","3","3","Y","1653","1","2","0","0","0","0","0","3","0","2","N","","","","","","","","","","","","03","  ","","",""
"1753","1","0","0","0","0","0","0","0","0","0","0","","36","06","2018","2018061867","1","40.2431","-76.1027","1748","08","0","0","1","0","0","0","0","0","1","0","0","0","17","4","0","00","1","40 14:35.014","3","00","76 06:09.757","0","0","0","0","36210","0","0","0","N","0","0","0","1","36210","0","","2","09","N","N","0","","0","0","0","0","0","N","1748","0","1","0","0","0","0","0","1","0","1","N","","","","","","","","","","","","07","  ","","",""
"2138","0","0","0","0","0","0","0","0","0","7","0","","36","06","2018","2018061908","1","40.1462","-76.1869","2127","08","0","0","0","0","1","0","0","0","3","0","0","0","21","2","0","00","1","40 08:46.330","2","00","76 11:12.791","0","0","0","0","36238","0","0","0","Y","0","0","0","2","36238","0","","3","09","N","N","1","","0","0","0","0","0","N","2126","0","1","0","0","0","0","0","3","0","1","N","","","","","","","","","","","","07","  ","","",""
"0248","1","0","0","0","0","0","0","0","0","7","0","","36","05","2018","2018061918","7","40.0826","-76.5001","0239","08","0","0","0","0","0","0","0","0","3","0","0","0","02","6","0","00","2","40 04:57.262","6","00","76 30:00.512","9","0","0","0","36230","0","0","0","N","0","0","0","1","36410","0","","5","01","N","N","0","","0","0","0","0","0","Y","0233","0","1","0","0","1","0","1","1","0","1","N","","","","","","","","","","","","03","  ","","",""
"0328","1","0","0","0","0","0","0","0","0","7","0","","36","06","2018","2018061920","1","40.1715","-76.1762","0325","08","0","0","0","0","0","0","0","0","2","0","0","0","03","3","2","00","1","40 10:17.516","3","00","76 10:34.230","8","0","0","0","36408","0","0","0","N","0","0","0","2","36408","0","","5","09","N","N","1","","0","0","0","0","0","N","0324","2","2","0","0","0","2","0","2","0","2","N","","","","","","","","","","","","07","  ","","",""
"2116","1","0","0","0","0","0","0","0","0","8","0","","36","06","2018","2018061923","6","40.0416","-76.3019","2115","08","0","0","0","0","0","0","1","0","2","0","0","0","21","3","1","01","2","40 02:29.665","3","00","76 18:06.967","8","0","0","0","36301","1","0","0","N","1","0","0","2","36301","0","","1","01","N","N","0","","0","0","0","3","2","Y","2114","1","2","0","0","0","1","0","3","0","1","N","","","","","","","","","","","","03","  ","","",""
"0037","2","0","0","0","0","0","0","0","0","9","0","","36","06","2018","2018061935","1","40.0852","-76.2709","0031","08","0","0","0","0","0","0","1","0","3","0","0","0","00","2","0","00","1","40 05:06.552","2","00","76 16:15.313","0","0","0","0","36101","0","0","0","N","0","0","0","4","36101","0","","1","01","N","N","0","","0","0","0","0","0","N","0029","0","2","0","0","0","0","0","3","0","2","N","","","","","","","","","","","","03","  ","","",""
"2115","1","0","0","0","0","0","0","0","0","0","0","","36","06","2018","2018061936","1","40.0852","-76.2875","2110","08","0","0","1","0","0","0","0","0","","0","0","0","21","2","0","00","0","40 05:01.478","","00","76 17:23.103","0","0","0","0","36101","0","0","0","N","0","0","0","1","36101","0","","1","09","N","N","0","","0","0","0","0","0","","2106","0","1","0","0","1","0","0","3","0","1","N","","","","","","","","","","","","07","  ","","",""
"0730","1","0","0","0","0","0","0","0","0","7","0","","36","06","2018","2018061937","5","40.0491","-76.3627","0723","08","0","0","1","0","0","0","0","0","","0","0","0","07","1","0","00","0","40 02:56.809","","00","76 21:45.654","0","0","0","0","36214","0","0","0","N","0","0","0","1","36214","0","","2","01","N","N","0","","0","0","0","0","0","","0723","0","1","0","0","0","0","0","3","0","1","N","","","","","","","","","","","","03","  ","","",""