"ARRIVAL_TM","AUTOMOBILE_COUNT","BELTED_DEATH_COUNT","BELTED_SUSP_SERIOUS_INJ_COUNT","BICYCLE_COUNT","BICYCLE_DEATH_COUNT","BICYCLE_SUSP_SERIOUS_INJ_COUNT","BUS_COUNT","CHLDPAS_DEATH_COUNT","CHLDPAS_SUSP_SERIOUS_INJ_COUNT","COLLISION_TYPE","COMM_VEH_COUNT","CONS_ZONE_SPD_LIM","COUNTY","CRASH_MONTH","CRASH_YEAR","CRN","DAY_OF_WEEK","DEC_LAT","DEC_LONG","DISPATCH_TM","DISTRICT","DRIVER_COUNT_16YR","DRIVER_COUNT_17YR","DRIVER_COUNT_18YR","DRIVER_COUNT_19YR","DRIVER_COUNT_20YR","DRIVER_COUNT_50_64YR","DRIVER_COUNT_65_74YR","DRIVER_COUNT_75PLUS","EST_HRS_CLOSED","FATAL_COUNT","HEAVY_TRUCK_COUNT","HORSE_BUGGY_COUNT","HOUR_OF_DAY","ILLUMINATION","INJURY_COUNT","INTERSECT_TYPE","LANE_CLOSED","LATITUDE","LN_CLOSE_DIR","LOCATION_TYPE","LONGITUDE","MAX_SEVERITY_LEVEL","MCYCLE_DEATH_COUNT","MCYCLE_SUSP_SERIOUS_INJ_COUNT","MOTORCYCLE_COUNT","MUNICIPALITY","NONMOTR_COUNT","NONMOTR_DEATH_COUNT","NONMOTR_SUSP_SERIOUS_INJ_COUNT","NTFY_HIWY_MAINT","PED_COUNT","PED_DEATH_COUNT","PED_SUSP_SERIOUS_INJ_COUNT","PERSON_COUNT","POLICE_AGCY","POSSIBLE_INJ_COUNT","RDWY_SURF_TYPE_CD","RELATION_TO_ROAD","ROAD_CONDITION","SCH_BUS_IND","SCH_ZONE_IND","SMALL_TRUCK_COUNT","SPEC_JURIS_CD","SUSP_MINOR_INJ_COUNT","SUSP_SERIOUS_INJ_COUNT","SUV_COUNT","TCD_FUNC_CD","TCD_TYPE","TFC_DETOUR_IND","TIME_OF_DAY","TOT_INJ_COUNT","TOTAL_UNITS","UNB_DEATH_COUNT","UNB_SUSP_SERIOUS_INJ_COUNT","UNBELTED_OCC_COUNT","UNK_INJ_DEG_COUNT","UNK_INJ_PER_COUNT","URBAN_RURAL","VAN_COUNT","VEHICLE_COUNT","WORK_ZONE_IND","WORK_ZONE_LOC","WORK_ZONE_TYPE","WORKERS_PRES","WZ_CLOSE_DETOUR","WZ_FLAGGER","WZ_LAW_OFFCR_IND","WZ_LN_CLOSURE","WZ_MOVING","WZ_OTHER","WZ_SHLDER_MDN","ROADWAY_CLEARED","WEATHER1","WEATHER2","WZ_WORKERS_INJ_KILLED","SECONDARY_CRASH","INTERSECTION_RELATED"
"1454","2","0","0","0","0","0","0","0","0","4","0","","36","06","2018","2018061938","5","40.049","-76.3735","1448","08","0","0","0","1","0","0","0","0","2","0","0","0","14","1","0","01","1","40 02:56.511","4","00","76 22:24.628","0","0","0","0","36214","0","0","0","N","0","0","0","2","36214","0","","1","01","N","N","0","","0","0","0","3","3","N","1446","0","2","0","0","0","0","0","3","0","2","N","","","","","","","","","","","","03","  ","","",""
"2021","2","0","0","0","0","0","0","0","0","4","0","","36","06","2018","2018061986","7","40.1761","-76.2249","2017","08","0","0","0","1","0","0","0","0","2","0","0","0","20","1","1","01","2","40 10:34.041","6","00","76 13:29.758","3","0","0","0","36218","0","0","0","N","0","0","0","2","36408","0","","1","01","N","N","0","","1","0","0","0","0","Y","2015","1","2","0","0","0","0","0","1","0","2","N","","","","","","","","","","","","03","  ","","",""
"1052","2","0","0","0","0","0","0","0","0","2","0","","36","06","2018","2018062007","2","40.0408","-76.2935","1052","08","0","0","0","0","0","1","0","0","","0","0","0","10","1","0","01","0","40 02:26.970","","00","76 17:36.562","0","0","0","0","36301","0","0","0","N","0","0","0","3","36301","0","","1","01","N","N","0","","0","0","0","3","3","","1051","0","2","0","0","0","0","0","3","0","2","N","","","","","","","","","","","","03","  ","","",""
"0842","1","0","0","0","0","0","0","0","0","4","0","","36","06","2018","2018062032","2","39.9854","-76.2803","0836","08","0","0","0","0","0","0","0","2","2","0","0","0","08","1","0","00","1","39 59:06.087","1","00","76 16:48.217","0","0","0","0","36240","0","0","0","N","0","0","0","3","36240","0","","1","09","N","N","0","","0","0","1","0","0","N","0828","0","2","0","0","0","0","0","1","0","2","N","","","","","","","","","","","","03","  ","","",""
"1738","1","0","0","0","0","0","0","0","0","4","0","","36","05","2018","2018062052","1","39.8389","-76.3072","1738","08","0","0","0","0","0","1","0","0","2","0","0","0","17","1","2","01","1","39 50:19.997","3","00","76 18:25.872","3","0","0","0","36224","0","0","0","Y","0","0","0","2","68J01","0","","1","01","N","N","0","","2","0","1","3","3","N","1736","2","2","0","0","0","0","0","1","0","2","N","","","","","","","","","","","","03","  ","","",""
"1254","1","0","0","0","0","0","0","0","0","0","0","","36","06","2018","2018062218","2","40.1355","-76.2092","1250","08","0","0","0","0","0","0","0","0","1","0","0","0","12","1","0","00","1","40 08:07.949","1","00","76 12:33.155","0","0","0","0","36238","0","0","0","N","0","0","0","2","36238","0","","1","01","N","N","0","","0","0","0","0","0","N","1249","0","1","0","0","0","0","0","3","0","1","N","","","","","","","","","","","","03","  ","","",""
"1641","1","0","0","0","0","0","0","0","0","7","0","","36","06","2018","2018062279","2","40.1311","-76.217","1637","08","0","0","0","0","0","0","1","0","1","0","0","0","16","1","0","00","1","40 07:45.870","2","00","76 13:08.382","0","0","0","0","36238","0","0","0","N","0","0","0","1","36238","0","","2","01","N","N","0","","0","0","0","0","0","N","1635","0","1","0","0","0","0","0","3","0","1","N","","","","","","","","","","","","03","  ","","",""
"1002","1","0","0","0","0","0","0","0","0","7","0","","36","06","2018","2018062284","2","40.1856","-76.3772","0957","08","0","0","0","0","0","0","0","1","3","0","0","0","09","1","1","00","2","40 11:08.153","5","00","76 22:37.947","4","0","0","0","36227","0","0","0","N","0","0","0","1","36506","1","","4","01","N","N","0","","0","0","0","0","0","Y","0957","1","1","0","0","0","0","0","1","0","1","N","","","","","","","","","","","","03","  ","","",""
"1823","2","0","0","0","0","0","0","0","0","1","0","","36","06","2018","2018062297","7","40.1413","-76.5925","1821","08","0","1","0","0","0","1","0","0","","0","0","0","18","1","0","02","0","40 08:28.737","","00","76 35:32.831","0","0","0","0","36237","0","0","0","N","0","0","0","2","36505","0","","1","01","N","N","0","","0","0","0","0","0","","1820","0","2","0","0","0","0","0","1","0","2","N","","","","","","","","","","","","03","  ","","",""
"2338","1","0","0","0","0","0","0","0","0","7","0","","36","05","2018","2018062467","5","40.0781","-76.1437","2331","08","0","0","0","0","1","0","0","0","","0","0","0","23","2","1","00","0","40 04:41.050","","00","76 08:37.220","2","0","0","0","36234","0","0","0","N","0","0","0","1","36215","0","","5","01","N","N","0","","0","1","0","0","0","","2327","1","1","0","1","1","0","0","1","0","1","N","","","","","","","","","","","","03","  ","","",""
"1156","0","0","0","0","0","0","0","0","0","1","1","","36","05","2018","2018062468","6","40.0341","-76.1974","1155","08","0","0","0","0","0","0","0","1","1","0","1","0","11","1","2","00","1","40 02:02.901","1","07","76 11:50.680","3","0","0","0","36215","0","0","0","N","0","0","0","7","36215","0","","1","01","N","N","0","","2","0","1","0","0","N","1149","2","2","0","0","0","0","0","1","0","2","N","","","","","","","","","","","","03","  ","","",""
"1615","1","0","0","0","0","0","0","0","0","4","0","","36","06","2018","2018062469","2","40.0303","-76.2344","1607","08","0","0","0","0","0","2","0","0","1","0","0","0","16","1","0","00","1","40 01:49.190","1","00","76 14:03.910","0","0","0","0","36215","0","0","0","N","0","0","0","3","36215","0","","1","01","N","N","0","","0","0","1","3","8","N","1603","0","2","0","0","0","0","0","1","0","2","N","","","","","","","","","","","","03","  ","","",""
"1516","0","0","1","0","0","0","0","0","0","4","1","","36","06","2018","2018062470","5","40.0857","-76.2072","1513","08","0","0","0","0","0","0","1","0","2","0","1","0","15","1","1","02","1","40 05:08.654","3","00","76 12:26.003","2","0","0","0","36234","0","0","0","N","0","0","0","4","36215","0","","1","01","N","N","0","","0","1","1","3","2","Y","1512","1","2","0","0","2","0","0","1","0","2","N","","","","","","","","","","","","03","  ","","",""
"1805","0","0","0","0","0","0","0","0","0","1","0","","36","06","2018","2018062471","6","40.0404","-76.2457","1747","08","0","0","0","0","0","0","0","0","1","0","0","0","17","1","0","00","1","40 02:25.321","3","01","76 14:44.589","0","0","0","0","36215","0","0","0","N","0","0","0","5","36215","0","","1","01","N","N","1","","0","0","0","0","0","N","1744","0","2","0","0","0","0","0","1","1","2","N","","","","","","","","","","","","03","  ","","",""
"1355","1","0","0","0","0","0","0","0","0","5","0","","36","06","2018","2018062472","7","40.0377","-76.2713","1355","08","0","0","0","0","0","0","0","0","","0","0","0","12","1","2","00","0","40 02:15.852","","00","76 16:16.505","3","0","0","0","36215","0","0","0","N","0","0","0","6","36215","0","","1","01","N","N","0","","2","0","1","0","0","","1230","2","2","0","0","1","0","0","1","0","2","N","","","","","","","","","","","","03","  ","","",""
"0822","2","0","0","0","0","0","0","0","0","6","0","","36","06","2018","2018062528","3","40.0291","-76.3099","0809","08","0","0","0","0","1","0","0","0","","0","0","0","08","1","1","01","0","40 01:44.792","","00","76 18:35.784","3","0","0","0","36301","0","0","0","N","0","0","0","2","36301","0","","1","01","N","N","0","","1","0","0","3","3","","0808","1","2","0","0","0","0","0","3","0","2","N","","","","","","","","","","","","03","  ","","",""
"1620","2","0","1","0","0","0","0","0","0","4","0","","36","06","2018","2018062540","7","40.0296","-76.3231","1619","08","0","0","0","0","1","0","1","0","1","0","0","0","16","1","3","01","1","40 01:46.727","2","00","76 19:23.150","2","0","0","0","36301","0","0","0","N","0","0","0","3","36301","0","","1","01","N","N","0","","2","1","0","3","2","Y","1617","3","2","0","0","0","0","0","3","0","2","N","","","","","","","","","","","","03","  ","","",""
"0430","0","0","0","0","0","0","0","0","0","7","0","","36","06","2018","2018062541","2","40.032","-76.4933","0427","08","0","0","0","0","0","0","0","0","","0","0","0","04","3","1","01","0","40 01:55.146","","00","76 29:35.749","3","0","0","1","36404","0","0","0","N","0","0","0","1","36404","0","","5","01","N","N","0","","1","0","0","0","0","N","0427","1","1","0","0","0","0","0","3","0","1","N","","","","","","","","","","","","03","  ","","",""
"1300","1","0","0","0","0","0","0","0","0","8","0","","36","06","2018","2018062646","3","40.2324","-76.1364","1259","08","0","0","0","0","0","0","0","1","2","0","0","0","12","1","1","00","1","40 13:56.532","4","00","76 08:10.935","2","0","0","0","36405","1","0","1","N","1","0","1","2","36210","0","","1","01","N","N","0","","0","1","0","0","0","Y","1258","1","2","0","0","0","0","0","1","0","1","N","","","","","","","","","","","","03","  ","","",""
"1325","2","0","0","0","0","0","0","0","0","1","0","","36","06","2018","2018062662","3","40.208","-76.1385","1325","08","0","0","0","0","0","0","1","0","","0","0","0","13","1","0","00","0","40 12:27.155","","00","76 08:29.157","0","0","0","0","36210","0","0","0","N","0","0","0","5","36210","0","","1","01","N","N","0","","0","0","1","0","0","","1325","0","3","0","0","0","0","0","1","0","3","N","","","","","","","","","","","","03","  ","","",""
"2155","1","0","0","0","0","0","0","0","0","4","0","","36","05","2018","2018062690","5","40.1063","-76.3544","2152","08","1","0","0","0","0","1","0","0","1","0","0","0","21","3","0","01","1","40 06:22.809","1","00","76 21:16.002","0","0","0","0","36406","0","0","0","N","0","0","0","5","36101","0","","1","01","N","N","1","","0","0","0","3","2","N","2142","0","2","0","0","0","0","0","3","0","2","N","","","","","","","","","","","","03","  ","","",""
"0339","1","0","0","0","0","0","0","0","0","7","0","","36","06","2018","2018062692","7","40.0399","-76.2852","0332","08","0","0","0","0","1","0","0","0","2","0","0","0","03","3","0","00","1","40 02:23.675","4","07","76 17:06.728","0","0","0","0","36220","0","0","0","N","0","0","0","1","36101","0","","4","09","N","N","0","","0","0","0","0","0","N","0318","0","1","0","0","0","0","0","3","0","1","N","","","","","","","","","","","","07","  ","","",""
"0631","1","0","0","0","0","0","0","0","0","4","0","","36","05","2018","2018062693","5","40.1051","-76.3322","0626","08","0","0","0","0","0","0","0","1","","0","0","0","06","1","0","01","0","40 06:18.479","","00","76 19:55.791","0","0","0","0","36101","0","0","0","N","0","0","0","2","36101","0","","1","01","N","N","0","","0","0","0","3","2","","0621","0","2","0","0","0","0","0","3","1","2","N","","","","","","","","","","","","03","  ","","",""
"1826","1","0","0","0","0","0","0","0","0","1","0","","36","05","2018","2018062694","5","40.0701","-76.3148","1817","08","0","0","0","0","0","1","0","1","1","0","0","0","18","1","0","00","1","40 04:12.422","4","00","76 18:53.257","0","0","0","0","36101","0","0","0","N","0","0","0","3","36101","0","","1","01","N","N","0","","0","0","1","0","0","N","1815","0","2","0","0","0","0","0","3","0","2","N","","","","","","","","","","","","03","  ","","",""
"0724","0","0","0","0","0","0","0","0","0","7","0","","36","05","2018","2018062695","3","40.0585","-76.2934","0723","08","0","1","0","0","0","0","0","0","1","0","0","0","06","1","0","00","1","40 03:30.550","3","00","76 17:36.060","0","0","0","0","36101","0","0","0","N","0","0","0","2","36101","0","","5","01","N","N","0","","0","0","0","0","0","N","0657","0","1","0","0","0","0","0","3","1","1","N","","","","","","","","","","","","03","  ","","",""
"1715","2","0","0","0","0","0","0","0","0","4","0","","36","06","2018","2018062696","6","40.057","-76.3058","1705","08","0","1","0","0","0","0","0","0","2","0","0","0","17","1","0","00","1","40 03:25.160","5","00","76 18:20.798","0","0","0","0","36101","0","0","0","N","0","0","0","3","36101","0","","1","01","N","N","0","","0","0","0","0","0","N","1700","0","2","0","0","0","0","0","3","0","2","N","","","","","","","","","","","","03","  ","","",""
"1757","2","0","0","0","0","0","0","0","0","5","0","","36","06","2018","2018062697","6","40.0686","-76.3163","1749","08","0","0","0","1","0","0","0","0","2","0","0","0","17","1","0","00","1","40 04:06.959","2","00","76 18:58.808","0","0","0","0","36101","0","0","0","N","0","0","0","2","36101","0","","1","01","N","N","0","","0","0","0","0","0","N","1745","0","2","0","0","0","0","0","3","0","2","N","","","","","","","","","","","","03","  ","","",""
"1820","1","0","0","0","0","0","0","0","0","1","0","","36","06","2018","2018062698","4","40.0683","-76.3064","1817","08","0","1","0","0","1","1","0","0","2","0","0","0","17","1","0","00","1","40 04:06.001","3","00","76 18:23.080","0","0","0","0","36101","0","0","0","N","0","0","0","4","36101","0","","1","01","N","N","1","","0","0","1","0","0","N","1755","0","3","0","0","0","0","0","3","0","3","N","","","","","","","","","","","","03","  ","","",""
"1550","0","0","0","0","0","0","0","0","0","1","0","","36","06","2018","2018062699","5","40.099","-76.3053","1550","08","0","0","0","1","0","1","0","0","","0","0","0","15","1","0","00","0","40 05:56.448","","00","76 18:18.922","0","0","0","0","36101","0","0","0","N","0","0","0","5","36101","0","","1","01","N","N","1","","0","0","2","0","0","","1542","0","3","0","0","0","0","0","3","0","3","N","","","","","","","","","","","","03","  ","","",""
"1247","2","0","0","0","0","0","0","0","0","1","0","","36","06","2018","2018062700","2","40.05","-76.3498","1230","08","0","0","0","0","0","0","1","0","","0","0","0","12","1","0","02","0","40 03:00.110","","00","76 20:59.296","0","0","0","0","36214","0","0","0","N","0","0","0","2","36214","0","","1","01","N","N","0","","0","0","0","0","0","","1225","0","2","0","0","0","0","0","3","0","2","N","","","","","","","","","","","","03","  ","","",""
"0800","1","0","0","0","0","0","0","0","0","4","0","","36","06","2018","2018062701","3","40.0679","-76.4126","0750","08","0","0","0","0","0","0","0","0","","0","0","0","07","1","1","00","0","40 04:04.355","","00","76 24:45.468","8","0","0","0","36214","0","0","0","N","0","0","0","2","36214","0","","1","01","N","N","0","","0","0","1","0","0","","0750","1","2","0","0","0","1","0","3","0","2","N","","","","","","","","","","","","03","  ","","",""
"1728","1","0","0","0","0","0","0","0","0","7","0","","36","06","2018","2018062702","1","40.0492","-76.2525","1723","08","1","0","0","0","0","0","0","0","","0","0","0","17","1","1","00","0","40 02:57.120","","00","76 15:09.010","3","0","0","0","36215","0","0","0","N","0","0","0","1","36215","0","","4","09","N","N","0","","1","0","0","0","0","","1715","1","1","0","0","0","0","0","1","0","1","N","","","","","","","","","","","","07","  ","","",""
"1630","1","0","0","0","0","0","0","0","0","7","0","","36","06","2018","2018062703","5","40.0867","-76.209","1622","08","0","0","0","0","0","0","0","0","2","0","0","0","16","1","0","00","1","40 05:12.250","6","00","76 12:32.380","0","0","0","0","36234","0","0","0","N","0","0","0","1","36215","0","","4","01","N","N","0","","0","0","0","0","0","N","1620","0","1","0","0","0","0","0","1","0","1","N","","","","","","","","","","","","03","  ","","",""
"0712","1","0","0","0","0","0","0","0","0","1","1","","36","06","2018","2018062704","6","40.0371","-76.2622","0704","08","0","0","0","0","0","1","0","0","1","0","1","0","07","1","1","00","1","40 02:13.513","3","00","76 15:43.923","8","0","0","0","36215","0","0","0","N","0","0","0","2","36215","0","","1","01","N","N","0","","0","0","0","0","0","N","0704","1","2","0","0","0","1","0","1","0","2","N","","","","","","","","","","","","03","  ","","",""
"0611","1","0","0","0","0","0","0","0","0","4","0","","36","06","2018","2018062705","2","40.1408","-76.4247","0558","08","0","0","0","0","0","1","0","0","2","0","0","0","05","5","0","02","2","40 08:26.764","4","00","76 25:28.926","0","0","0","0","36230","0","0","0","N","0","0","0","2","36410","0","","1","09","N","N","0","","0","0","1","3","3","N","0556","0","2","0","0","0","0","0","1","0","2","N","","","","","","","","","","","","07","  ","","",""
"2359","1","0","0","0","0","0","0","0","0","1","0","","36","06","2018","2018062723","5","40.0406","-76.2954","2357","08","0","0","0","0","0","0","0","0","1","0","0","0","23","3","1","01","1","40 02:26.317","3","00","76 17:43.311","3","0","0","0","36301","0","0","0","N","0","0","0","3","36301","0","","1","01","N","N","0","","1","0","0","3","2","Y","2354","1","2","0","0","1","0","0","3","1","2","N","","","","","","","","","","","","03","  ","","",""
"1833","1","0","0","0","0","0","0","0","0","1","0","","36","06","2018","2018062743","3","40.1375","-76.5832","1828","08","1","0","0","0","0","0","0","0","","0","0","0","18","1","1","01","0","40 08:14.961","","00","76 34:59.447","3","0","0","0","36225","0","0","0","N","0","0","0","4","36505","0","","1","01","N","N","0","","1","0","1","3","2","","1823","1","2","0","0","0","0","0","2","0","2","N","","","","","","","","","","","","03","  ","","",""
"0844","1","0","0","0","0","0","0","0","0","4","0","","36","06","2018","2018062896","3","40.147","-76.5946","0841","08","0","0","1","0","0","0","1","0","2","0","0","0","08","1","2","01","1","40 08:49.308","2","00","76 35:40.520","4","0","0","0","36407","0","0","0","N","0","0","0","5","36407","2","","1","01","N","N","0","","0","0","1","3","3","Y","0841","2","2","0","0","0","0","0","2","0","2","N","","","","","","","","","","","","03","  ","","",""
"1156","1","0","0","0","0","0","0","0","0","7","0","","36","06","2018","2018062904","7","40.2141","-76.0971","1150","08","0","0","0","0","0","0","0","1","2","0","0","0","11","1","2","00","1","40 12:50.782","2","00","76 05:49.711","8","0","0","0","36210","0","0","0","Y","0","0","0","5","36210","0","","5","01","N","N","0","","0","0","1","0","0","N","1150","2","2","0","0","0","2","0","1","0","2","N","","","","","","","","","","","","03","  ","","",""
"1642","0","0","0","0","0","0","0","0","0","1","0","","36","05","2018","2018062976","6","40.1443","-75.926","1618","08","0","0","0","0","0","1","1","1","2","0","0","0","16","1","0","00","2","40 08:39.450","4","00","75 55:33.588","0","0","0","0","36203","0","0","0","N","0","0","0","3","68J01","0","","1","01","N","N","0","","0","0","1","0","0","N","1617","0","3","0","0","1","0","0","1","2","3","N","","","","","","","","","","","","03","  ","","",""
"1158","1","0","0","0","0","0","0","0","0","7","0","","36","05","2018","2018062977","7","40.0648","-76.0204","1130","08","0","0","1","0","0","0","0","0","","0","0","0","04","2","0","03","0","40 03:53.452","","00","76 01:13.265","0","0","0","0","36232","0","0","0","N","0","0","0","1","68J01","0","","4","09","N","N","0","","0","0","0","0","0","","0400","0","1","0","0","0","0","0","1","0","1","N","","","","","","","","","","","","07","  ","","",""
"2038","1","0","0","0","0","0","0","0","0","9","0","","36","05","2018","2018062991","6","40.247","-76.3417","2013","08","0","0","0","0","0","0","1","0","","0","0","0","20","4","0","00","0","40 14:49.048","","00","76 20:29.967","0","0","0","0","36217","0","0","0","N","0","0","0","1","68J01","0","","1","01","N","N","0","","0","0","0","0","0","","2010","0","1","0","0","0","0","0","1","0","1","N","","","","","","","","","","","","03","  ","","",""
"0737","1","0","0","0","0","0","0","0","0","4","0","","36","05","2018","2018062999","4","39.9019","-76.2335","0728","08","0","0","0","0","0","0","0","0","","0","0","0","07","1","0","00","0","39 54:06.970","","00","76 14:00.450","0","0","0","0","36229","0","0","0","N","0","0","0","2","68J01","0","","5","98","N","N","1","","0","0","0","0","0","","0701","0","2","0","0","0","0","0","1","0","2","N","","","","","","","","","","","","03","  ","","",""
"1451","1","0","1","0","0","0","0","0","0","4","0","","36","06","2018","2018063016","3","40.0272","-75.9541","1435","08","0","0","0","0","0","0","0","0","2","0","0","0","14","1","2","01","2","40 01:38.006","6","00","75 57:14.828","2","0","0","0","36232","0","0","0","N","0","0","0","3","68J01","0","","1","01","N","N","1","","1","1","0","3","3","Y","1413","2","2","0","0","0","0","0","1","0","2","N","","","","","","","","","","","","03","  ","","",""
"1415","1","0","0","0","0","0","0","0","0","1","0","","36","06","2018","2018063022","5","39.8837","-76.1606","1356","08","0","2","0","0","0","0","0","0","2","0","0","0","13","1","1","02","1","39 53:01.176","2","00","76 09:38.147","3","0","0","0","36212","0","0","0","N","0","0","0","5","68J01","0","","1","01","N","N","0","","1","0","1","0","0","Y","1348","1","2","0","0","0","0","0","1","0","2","N","","","","","","","","","","","","03","  ","","",""
"1520","0","0","0","0","0","0","0","0","0","1","0","","36","06","2018","2018063024","6","40.2059","-76.2985","1519","08","0","0","0","0","0","0","0","0","","0","0","0","14","1","0","00","0","40 12:21.128","","00","76 17:54.608","0","0","0","0","36217","0","0","0","N","0","0","0","2","68J01","0","","1","01","N","N","0","","0","0","2","0","0","","1404","0","2","0","0","0","0","0","1","0","2","N","","","","","","","","","","","","03","  ","","",""
"1502","0","0","0","0","0","0","0","0","0","7","0","","36","06","2018","2018063029","1","39.964","-76.0215","1424","08","0","0","0","0","1","0","0","0","5","0","0","0","14","1","1","00","2","39 57:50.388","5","00","76 01:17.433","3","0","0","0","36231","0","0","0","N","0","0","0","1","68J01","0","","4","09","N","N","1","","1","0","0","0","0","Y","1407","1","1","0","0","0","0","0","1","0","1","N","","","","","","","","","","","","07","  ","","",""
"0818","0","0","0","0","0","0","0","0","0","4","1","","36","06","2018","2018063031","2","39.7739","-76.1791","0804","08","0","0","0","0","0","0","0","0","3","0","1","0","08","1","2","01","2","39 46:25.988","7","00","76 10:44.934","8","0","0","0","36219","0","0","0","N","0","0","0","3","68J01","0","","1","09","N","N","1","","0","0","0","0","0","Y","0801","2","2","0","0","2","2","0","1","0","2","N","","","","","","","","","","","","07","  ","","",""
"1722","0","0","0","0","0","0","0","0","0","7","0","","36","06","2018","2018063035","3","40.2311","-76.2914","1634","08","0","0","0","0","0","0","0","0","2","0","0","0","16","1","0","00","1","40 13:51.976","6","00","76 17:29.217","0","0","0","0","36217","0","0","0","N","0","0","0","4","68J01","0","","4","01","N","N","0","","0","0","1","0","0","N","1632","0","1","0","0","0","0","0","1","0","1","N","","","","","","","","","","","","03","  ","","",""
"0710","0","0","0","0","0","0","0","0","0","7","0","","36","06","2018","2018063040","4","39.8612","-76.2661","0618","08","0","0","0","0","0","0","0","0","","0","0","0","05","2","0","00","0","39 51:40.456","","00","76 15:57.797","9","0","0","0","36224","0","0","0","N","0","0","0","1","68J01","0","","2","01","N","N","1","","0","0","0","0","0","","0545","0","1","0","0","0","0","1","1","0","1","N","","","","","","","","","","","","99","  ","","",""
"1200","1","0","0","0","0","0","0","0","0","4","1","","36","06","2018","2018063059","4","40.1216","-76.06","1157","08","0","0","0","0","0","0","0","1","1","0","1","0","11","1","1","01","1","40 07:17.836","4","00","76 03:36.047","3","0","0","0","36213","0","0","0","N","0","0","0","2","36213","0","","1","01","N","N","0","","1","0","0","3","2","N","1150","1","2","0","0","0","0","0","1","0","2","N","","","","","","","","","","","","03","  ","","",""
"1814","1","0","0","0","0","0","0","0","0","0","0","","36","06","2018","2018063120","4","40.1391","-76.0236","1810","08","0","0","0","0","0","0","0","0","1","0","0","0","18","1","0","00","1","40 08:20.850","3","00","76 01:24.916","0","0","0","0","36213","0","0","0","Y","0","0","0","1","36213","0","","1","01","N","N","0","","0","0","0","0","0","N","1808","0","1","0","0","0","0","0","1","0","1","N","","","","","","","","","","","","03","  ","","",""
"1902","1","0","0","0","0","0","0","0","0","7","0","","36","06","2018","2018063144","4","40.0369","-76.313","1900","08","0","0","0","0","0","1","0","0","2","0","0","0","19","1","0","00","2","40 02:12.713","7","00","76 18:46.882","0","0","0","0","36301","0","0","0","N","0","0","0","1","36301","0","","5","01","N","N","0","","0","0","0","0","0","N","1900","0","1","0","0","0","0","0","3","0","1","N","","","","","","","","","","","","03","  ","","",""
"1018","1","0","0","0","0","0","0","0","0","8","0","","36","06","2018","2018063162","6","40.1381","-76.3026","1017","08","0","0","0","0","0","0","0","0","2","0","0","0","10","1","1","00","1","40 08:17.016","3","00","76 18:09.378","8","0","0","0","36235","1","0","0","N","1","0","0","2","36506","0","","1","01","N","N","0","","0","0","0","0","0","Y","1017","1","2","0","0","0","1","0","1","0","1","N","","","","","","","","","","","","03","  ","","",""
"1605","1","0","0","0","0","0","0","0","0","7","0","","36","06","2018","2018063169","4","40.2203","-76.4176","1555","08","0","0","0","0","0","0","1","0","","0","0","0","15","1","0","00","0","40 13:13.244","","00","76 25:03.236","0","0","0","0","36227","0","0","0","N","0","0","0","1","36506","0","","4","01","N","N","0","","0","0","0","0","0","","1555","0","1","0","0","0","0","0","1","0","1","N","","","","","","","","","","","","03","  ","","",""
"1520","2","0","0","0","0","0","0","0","0","4","0","","36","06","2018","2018063276","4","40.0823","-76.3976","1518","08","0","0","0","0","0","1","0","0","1","0","0","0","15","1","0","01","1","40 04:56.251","1","00","76 23:51.349","0","0","0","0","36214","0","0","0","N","0","0","0","4","36214","0","","1","01","N","N","0","","0","0","1","3","3","Y","1514","0","3","0","0","0","0","0","3","0","3","N","","","","","","","","","","","","03","  ","","",""
"1427","2","0","0","0","0","0","0","0","0","1","0","","36","05","2018","2018063277","5","40.181","-76.1814","1424","08","0","0","0","0","0","0","2","0","1","0","0","0","14","1","1","01","2","40 10:51.795","6","00","76 10:53.127","3","0","0","0","36408","0","0","0","N","0","0","0","2","36408","0","","1","01","N","N","0","","1","0","0","0","0","Y","1424","1","2","0","0","0","0","0","2","0","2","N","","","","","","","","","","","","03","  ","","",""
"2318","1","0","0","0","0","0","0","0","0","4","0","","36","06","2018","2018063352","1","40.0638","-76.3405","2314","08","0","0","0","0","0","1","0","0","","0","0","0","23","3","0","01","0","40 03:49.895","","00","76 20:25.345","0","0","0","0","36101","0","0","0","N","0","0","0","3","36101","0","","1","09","N","N","1","","0","0","0","3","2","","2309","0","2","0","0","0","0","0","3","0","2","N","","","","","","","","","","","","07","  ","","",""
"0039","1","0","0","0","0","0","0","0","0","1","1","","36","06","2018","2018063353","5","40.0816","-76.3403","0027","08","0","0","0","0","0","1","0","0","","0","1","0","00","3","0","00","0","40 04:53.726","","00","76 20:25.225","9","0","0","0","36101","0","0","0","N","0","0","0","2","36101","0","","1","01","N","N","0","","0","0","0","0","0","","0023","0","2","0","0","0","0","1","3","0","2","N","","","","","","","","","","","","03","  ","","",""