"ARRIVAL_TM","AUTOMOBILE_COUNT","BELTED_DEATH_COUNT","BELTED_SUSP_SERIOUS_INJ_COUNT","BICYCLE_COUNT","BICYCLE_DEATH_COUNT","BICYCLE_SUSP_SERIOUS_INJ_COUNT","BUS_COUNT","CHLDPAS_DEATH_COUNT","CHLDPAS_SUSP_SERIOUS_INJ_COUNT","COLLISION_TYPE","COMM_VEH_COUNT","CONS_ZONE_SPD_LIM","COUNTY","CRASH_MONTH","CRASH_YEAR","CRN","DAY_OF_WEEK","DEC_LAT","DEC_LONG","DISPATCH_TM","DISTRICT","DRIVER_COUNT_16YR","DRIVER_COUNT_17YR","DRIVER_COUNT_18YR","DRIVER_COUNT_19YR","DRIVER_COUNT_20YR","DRIVER_COUNT_50_64YR","DRIVER_COUNT_65_74YR","DRIVER_COUNT_75PLUS","EST_HRS_CLOSED","FATAL_COUNT","HEAVY_TRUCK_COUNT","HORSE_BUGGY_COUNT","HOUR_OF_DAY","ILLUMINATION","INJURY_COUNT","INTERSECT_TYPE","LANE_CLOSED","LATITUDE","LN_CLOSE_DIR","LOCATION_TYPE","LONGITUDE","MAX_SEVERITY_LEVEL","MCYCLE_DEATH_COUNT","MCYCLE_SUSP_SERIOUS_INJ_COUNT","MOTORCYCLE_COUNT","MUNICIPALITY","NONMOTR_COUNT","NONMOTR_DEATH_COUNT","NONMOTR_SUSP_SERIOUS_INJ_COUNT","NTFY_HIWY_MAINT","PED_COUNT","PED_DEATH_COUNT","PED_SUSP_SERIOUS_INJ_COUNT","PERSON_COUNT","POLICE_AGCY","POSSIBLE_INJ_COUNT","RDWY_SURF_TYPE_CD","RELATION_TO_ROAD","ROAD_CONDITION","SCH_BUS_IND","SCH_ZONE_IND","SMALL_TRUCK_COUNT","SPEC_JURIS_CD","SUSP_MINOR_INJ_COUNT","SUSP_SERIOUS_INJ_COUNT","SUV_COUNT","TCD_FUNC_CD","TCD_TYPE","TFC_DETOUR_IND","TIME_OF_DAY","TOT_INJ_COUNT","TOTAL_UNITS","UNB_DEATH_COUNT","UNB_SUSP_SERIOUS_INJ_COUNT","UNBELTED_OCC_COUNT","UNK_INJ_DEG_COUNT","UNK_INJ_PER_COUNT","URBAN_RURAL","VAN_COUNT","VEHICLE_COUNT","WORK_ZONE_IND","WORK_ZONE_LOC","WORK_ZONE_TYPE","WORKERS_PRES","WZ_CLOSE_DETOUR","WZ_FLAGGER","WZ_LAW_OFFCR_IND","WZ_LN_CLOSURE","WZ_MOVING","WZ_OTHER","WZ_SHLDER_MDN","ROADWAY_CLEARED","WEATHER1","WEATHER2","WZ_WORKERS_INJ_KILLED","SECONDARY_CRASH","INTERSECTION_RELATED"
"1939","1","0","0","0","0","0","0","0","0","1","0","","36","06","2018","2018063354","3","40.0701","-76.317","1931","08","0","0","0","0","0","0","0","0","1","0","0","0","19","1","0","00","1","40 04:12.436","1","00","76 19:01.220","0","0","0","0","36101","0","0","0","N","0","0","0","2","36101","0","","1","01","N","N","0","","0","0","1","0","0","N","1928","0","2","0","0","0","0","0","3","0","2","N","","","","","","","","","","","","03","  ","","",""
"1150","1","0","0","0","0","0","0","0","0","7","0","","36","05","2018","2018063355","4","40.0603","-76.3612","1150","08","0","0","0","0","0","0","0","0","2","0","0","0","11","1","1","00","1","40 03:37.146","3","00","76 21:40.288","3","0","0","0","36214","0","0","0","N","0","0","0","1","36214","0","","4","01","N","N","0","","1","0","0","0","0","N","1145","1","1","0","0","1","0","0","3","0","1","N","","","","","","","","","","","","03","  ","","",""
"1700","1","0","0","0","0","0","0","0","0","1","0","","36","06","2018","2018063356","6","40.0667","-76.3735","1336","08","0","0","0","0","0","0","0","0","2","0","0","0","13","1","1","00","1","40 04:00.080","2","00","76 22:24.740","3","0","0","0","36214","0","0","0","N","0","0","0","1","36214","0","","6","01","N","N","0","","1","0","1","0","0","N","1331","1","2","0","0","0","0","0","3","0","2","N","","","","","","","","","","","","03","  ","","",""
"1211","3","0","0","0","0","0","0","0","0","1","0","","36","06","2018","2018063357","5","40.0773","-76.4072","1209","08","0","3","0","0","0","0","0","0","2","0","0","0","12","1","1","00","2","40 04:38.222","2","00","76 24:26.032","3","0","0","0","36214","0","0","0","N","0","0","0","6","36214","0","","1","01","N","N","0","","1","0","0","0","0","N","1200","1","3","0","0","1","0","0","3","0","3","N","","","","","","","","","","","","03","  ","","",""
"1453","0","0","0","0","0","0","0","0","0","7","0","","36","06","2018","2018063531","5","40.0594","-76.4048","1448","08","0","0","0","0","0","1","0","0","2","0","0","0","14","1","1","00","1","40 03:34.001","1","00","76 24:17.335","2","0","1","1","36214","0","0","0","N","0","0","0","1","36214","0","","5","01","N","N","0","","0","1","0","0","0","N","1445","1","1","0","0","0","0","0","3","0","1","N","","","","","","","","","","","","03","  ","","",""
"0833","2","0","0","0","0","0","0","0","0","4","0","","36","06","2018","2018063540","5","40.2264","-76.1804","0829","08","0","0","0","0","0","0","0","0","2","0","0","0","08","1","1","01","2","40 13:34.893","5","00","76 10:49.273","8","0","0","0","36236","0","0","0","N","0","0","0","2","36408","0","","1","01","N","N","0","","0","0","0","3","3","Y","0827","1","2","0","0","0","1","0","1","0","2","N","","","","","","","","","","","","03","  ","","",""
"2338","2","0","0","0","0","0","0","0","0","5","0","","36","02","2018","2018063576","1","40.0632","-76.5815","2330","08","0","0","0","0","0","0","0","0","","0","0","0","23","2","1","00","0","40 03:47.388","","00","76 34:53.289","3","0","0","0","36211","0","0","0","N","0","0","0","3","36504","0","","1","01","N","N","0","","1","0","0","0","0","","2328","1","2","0","0","0","0","0","1","0","2","N","","","","","","","","","","","","03","  ","","",""
"0007","1","0","0","0","0","0","0","0","0","4","0","","36","06","2018","2018063677","2","40.1711","-76.1749","0004","08","0","0","0","0","0","0","0","0","1","0","0","0","00","3","1","00","1","40 10:16.040","1","00","76 10:29.689","3","0","0","0","36408","0","0","0","N","0","0","0","1","36408","0","","2","09","N","N","1","","1","0","0","0","0","N","0000","1","2","0","0","1","0","0","2","0","2","N","","","","","","","","","","","","07","  ","","",""
"1926","2","0","0","0","0","0","0","0","0","4","0","","36","06","2018","2018063682","5","40.1798","-76.1799","1923","08","0","0","0","0","0","0","0","0","1","0","0","0","19","1","0","00","1","40 10:47.258","1","00","76 10:47.522","0","0","0","0","36408","0","0","0","N","0","0","0","5","36408","0","","1","01","N","N","0","","0","0","0","0","0","N","1918","0","2","0","0","1","0","0","2","0","2","N","","","","","","","","","","","","03","  ","","",""
"1207","1","0","0","0","0","0","0","0","0","8","0","","36","06","2018","2018063754","2","40.0387","-76.2993","1200","08","0","0","0","0","0","0","0","0","","0","0","0","12","1","1","01","0","40 02:19.147","","00","76 17:57.358","3","0","0","0","36301","1","0","0","N","1","0","0","2","36301","0","","1","01","N","N","0","","1","0","0","3","3","","1200","1","2","0","0","0","0","0","3","0","1","N","","","","","","","","","","","","03","  ","","",""
"1315","1","0","0","0","0","0","0","0","0","4","0","","36","06","2018","2018063786","6","40.052","-76.2593","1306","08","0","0","0","0","0","0","1","0","","0","0","0","13","1","1","01","0","40 03:07.004","","00","76 15:33.605","4","0","0","0","36301","0","0","0","N","0","0","0","2","36301","1","","1","01","N","N","0","","0","0","1","3","3","","1304","1","2","0","0","0","0","0","3","0","2","N","","","","","","","","","","","","03","  ","","",""
"1705","1","0","0","0","0","0","0","0","0","6","0","","36","06","2018","2018063825","2","40.0613","-76.5378","1659","08","0","0","0","0","0","1","0","0","2","0","0","0","16","1","0","02","1","40 03:40.612","2","00","76 32:16.210","0","0","0","0","36411","0","0","0","N","0","0","0","2","36504","0","","1","01","N","N","0","","0","0","0","0","0","N","1655","0","2","0","0","0","0","0","1","1","2","N","","","","","","","","","","","","03","  ","","",""
"1708","0","0","0","0","0","0","0","0","0","1","0","","36","06","2018","2018063859","2","40.0579","-76.2808","1658","08","0","0","0","0","0","0","0","0","","0","0","0","16","1","0","00","0","40 03:28.276","","00","76 16:50.908","0","0","0","0","36101","0","0","0","N","0","0","0","4","36101","0","","1","01","N","N","0","","0","0","2","0","0","","1655","0","2","0","0","0","0","0","3","0","2","N","","","","","","","","","","","","03","  ","","",""
"1806","1","0","0","0","0","0","0","0","0","1","0","","36","06","2018","2018063860","4","40.0699","-76.3173","1751","08","0","0","0","0","0","0","0","0","","0","0","0","17","1","0","00","0","40 04:11.501","","00","76 19:02.315","0","0","0","0","36101","0","0","0","N","0","0","0","2","36101","0","","1","01","N","N","0","","0","0","1","0","0","","1748","0","2","0","0","0","0","0","3","0","2","N","","","","","","","","","","","","03","  ","","",""
"0731","0","0","0","0","0","0","0","0","0","7","0","","36","06","2018","2018063861","6","40.1049","-76.3321","0728","08","0","0","0","0","0","0","0","0","2","0","0","0","07","1","1","00","1","40 06:17.468","1","00","76 19:55.622","2","0","0","0","36101","0","0","0","N","0","0","0","1","36101","0","","4","01","N","N","1","","0","1","0","0","0","N","0726","1","1","0","1","1","0","0","3","0","1","N","","","","","","","","","","","","03","  ","","",""
"1931","1","0","0","0","0","0","0","0","0","8","0","","36","06","2018","2018064108","6","40.1832","-76.1918","1929","08","0","0","0","1","0","0","0","0","2","0","0","0","19","1","1","01","1","40 10:59.536","1","00","76 11:30.551","3","0","0","0","36408","1","0","0","N","1","0","0","2","36408","0","","1","01","N","N","0","","1","0","0","3","2","N","1927","1","2","0","0","0","0","0","2","0","1","N","","","","","","","","","","","","03","  ","","",""
"1636","1","0","0","0","0","0","0","0","0","1","0","","36","06","2018","2018064137","5","40.1777","-76.176","1632","08","0","0","0","0","0","1","0","0","","0","0","0","16","1","0","00","0","40 10:39.605","","00","76 10:33.486","0","0","0","0","36408","0","0","0","N","0","0","0","3","36408","0","","1","01","N","N","0","","0","0","1","0","0","","1632","0","2","0","0","0","0","0","2","0","2","N","","","","","","","","","","","","03","  ","","",""
"1214","1","0","0","0","0","0","0","0","0","5","0","","36","06","2018","2018064176","2","40.0447","-76.307","1207","08","0","0","0","0","0","1","0","0","2","0","0","0","12","1","1","00","1","40 02:40.879","1","00","76 18:25.071","8","0","0","0","36301","0","0","0","N","0","0","0","3","36301","0","","1","01","N","N","0","","0","0","1","0","0","N","1207","1","2","0","0","0","1","0","3","0","2","N","","","","","","","","","","","","03","  ","","",""
"1243","1","0","0","0","0","0","0","0","0","4","0","","36","06","2018","2018064248","6","40.0738","-76.4087","1233","08","0","0","0","0","0","1","1","0","","0","0","0","12","1","0","00","0","40 04:25.611","","00","76 24:31.351","0","0","0","0","36214","0","0","0","N","0","0","0","2","36214","0","","1","01","N","N","1","","0","0","0","0","0","","1230","0","2","0","0","0","0","0","3","0","2","N","","","","","","","","","","","","03","  ","","",""
"1452","0","0","0","0","0","0","0","0","0","4","0","","36","06","2018","2018064249","6","40.0556","-76.3983","1449","08","0","0","0","0","0","1","0","0","1","0","0","0","14","1","0","00","2","40 03:20.050","2","00","76 23:53.980","0","0","0","0","36214","0","0","0","N","0","0","0","4","36214","0","","1","01","N","N","0","","0","0","2","0","0","Y","1448","0","2","0","0","0","0","0","3","0","2","N","","","","","","","","","","","","03","  ","","",""
"0554","2","0","0","0","0","0","0","0","0","4","0","","36","06","2018","2018064260","1","40.0408","-76.3206","0551","08","0","0","0","0","0","0","0","0","","0","0","0","05","3","0","00","0","40 02:26.719","","00","76 19:13.995","9","0","0","0","36301","0","0","0","N","0","0","0","1","36301","0","","6","01","N","N","0","","0","0","0","0","0","","0548","0","3","0","0","0","0","1","3","0","3","N","","","","","","","","","","","","03","  ","","",""
"1002","2","0","0","0","0","0","0","0","0","1","0","","36","06","2018","2018064262","7","40.1482","-76.3064","1000","08","0","0","1","0","0","1","0","0","","0","0","0","09","1","1","02","0","40 08:53.923","","00","76 18:23.185","8","0","0","0","36409","0","0","0","N","0","0","0","3","36409","0","","1","01","N","N","0","","0","0","0","0","0","","0958","1","2","0","0","0","1","0","3","0","2","N","","","","","","","","","","","","03","  ","","",""
"0202","3","0","0","0","0","0","0","0","0","4","0","","36","06","2018","2018064279","5","40.046","-76.3072","0200","08","0","0","0","0","0","0","0","1","","0","0","0","01","3","1","00","0","40 02:45.572","","00","76 18:25.945","3","0","0","0","36301","0","0","0","N","0","0","0","1","36301","0","","2","01","N","N","1","","1","0","0","0","0","","0155","1","4","0","0","0","0","0","3","0","4","N","","","","","","","","","","","","03","  ","","",""
"1815","0","0","0","0","0","0","0","0","0","4","0","","36","06","2018","2018064287","7","39.9813","-76.282","1808","08","0","0","0","0","0","0","0","0","","0","0","0","18","1","1","01","0","39 58:52.515","","00","76 16:55.238","4","0","0","0","36240","0","0","0","N","0","0","0","6","36240","1","","1","01","N","N","1","","0","0","1","3","3","","1800","1","2","0","0","0","0","0","1","0","2","N","","","","","","","","","","","","03","  ","","",""
"1639","1","0","0","1","0","0","0","0","0","4","0","","36","06","2018","2018064388","6","40.1784","-76.1769","1635","08","0","0","0","0","0","1","0","0","","0","0","0","16","1","1","00","0","40 10:42.174","","00","76 10:36.843","3","0","0","0","36408","1","0","0","N","0","0","0","2","36408","0","","1","01","N","N","0","","1","0","0","0","0","","1631","1","2","0","0","0","0","0","2","0","1","N","","","","","","","","","","","","03","  ","","",""
"1339","1","0","0","0","0","0","0","0","0","1","0","","36","06","2018","2018064398","5","40.0768","-76.3375","1335","08","0","0","0","0","0","0","1","0","2","0","0","0","13","1","1","02","1","40 04:36.108","2","02","76 20:15.197","4","0","0","0","36101","0","0","0","N","0","0","0","4","36101","1","","1","01","N","N","0","","0","0","1","3","2","N","1331","1","2","0","0","0","0","0","3","0","2","N","","","","","","","","","","","","03","  ","","",""
"1952","1","0","0","0","0","0","0","0","0","1","0","","36","06","2018","2018064399","6","40.0503","-76.3948","1945","08","0","0","0","0","0","0","0","0","1","0","0","0","19","1","0","01","1","40 03:01.141","2","00","76 23:41.283","0","0","0","0","36214","0","0","0","N","0","0","0","2","36214","0","","1","01","N","N","0","","0","0","1","3","2","N","1943","0","2","0","0","0","0","0","3","0","2","N","","","","","","","","","","","","03","  ","","",""
"0250","0","0","0","0","0","0","0","0","0","7","0","","36","06","2018","2018064403","6","40.2514","-76.1801","0245","08","0","0","0","0","0","0","0","0","","0","0","0","02","2","0","00","0","40 15:05.082","","00","76 10:48.220","0","0","0","0","36236","0","0","0","N","0","0","0","1","36408","0","","5","01","N","N","1","","0","0","0","0","0","","0242","0","1","0","0","0","0","0","1","0","1","N","","","","","","","","","","","","03","  ","","",""
"0906","1","0","0","0","0","0","0","0","0","8","0","","36","06","2018","2018064476","6","40.0482","-76.3032","0901","08","0","0","0","0","0","1","0","0","","0","0","0","09","1","1","01","0","40 02:53.639","","00","76 18:11.682","4","0","0","0","36301","1","0","0","N","1","0","0","2","36301","1","","1","01","N","N","0","","0","0","0","3","3","N","0900","1","2","0","0","0","0","0","3","0","1","N","","","","","","","","","","","","03","  ","","",""
"1448","2","0","0","0","0","0","0","0","0","1","0","","36","06","2018","2018064513","6","40.1916","-76.3574","1442","08","0","0","0","0","0","2","0","0","2","0","0","0","14","1","2","00","2","40 11:29.838","5","00","76 21:26.704","3","0","0","0","36227","0","0","0","N","0","0","0","4","36506","0","","1","01","N","N","1","","2","0","0","0","0","Y","1442","2","3","0","0","0","0","0","1","0","3","N","","","","","","","","","","","","03","  ","","",""
"1436","2","0","0","0","0","0","0","0","0","4","0","","36","06","2018","2018064514","6","40.1885","-76.3253","1429","08","0","0","0","0","0","1","0","1","","0","0","0","14","1","0","01","0","40 11:18.768","","00","76 19:30.989","0","0","0","0","36235","0","0","0","N","0","0","0","2","36506","0","","1","01","N","N","0","","0","0","0","0","0","","1429","0","2","0","0","0","0","0","1","0","2","N","","","","","","","","","","","","03","  ","","",""
"1240","2","0","0","0","0","0","0","0","0","1","0","","36","06","2018","2018064515","6","40.1354","-76.3038","1232","08","0","0","0","0","0","0","0","0","","0","0","0","12","1","0","00","0","40 08:07.365","","00","76 18:13.779","0","0","0","0","36235","0","0","0","N","0","0","0","2","36506","0","","1","01","N","N","0","","0","0","0","0","0","","1232","0","2","0","0","0","0","0","1","0","2","N","","","","","","","","","","","","03","  ","","",""
"1553","2","0","0","0","0","0","0","0","0","4","0","","36","06","2018","2018064527","7","40.1581","-76.6644","1544","08","0","0","0","0","0","1","0","0","2","0","0","0","15","1","0","02","1","40 09:29.146","1","00","76 39:51.847","0","0","0","0","36237","0","0","0","N","0","0","0","6","36505","0","","1","01","N","N","0","","0","0","0","3","3","N","1543","0","2","0","0","0","0","0","1","0","2","N","","","","","","","","","","","","03","  ","","",""
"1951","1","0","0","0","0","0","0","0","0","4","1","","36","06","2018","2018064575","2","40.0349","-76.3051","1946","08","0","0","0","0","0","0","0","0","","0","1","0","19","1","0","01","0","40 02:05.543","","00","76 18:18.345","0","0","0","0","36301","0","0","0","N","0","0","0","2","36301","0","","1","01","N","N","0","","0","0","0","3","3","","1944","0","2","0","0","0","0","0","3","0","2","N","","","","","","","","","","","","03","  ","","",""
"0214","0","0","0","0","0","0","0","0","0","1","0","","36","06","2018","2018064579","1","40.03","-76.4861","0211","08","0","0","0","0","0","0","0","0","","0","0","0","01","2","0","00","0","40 01:47.881","","00","76 29:10.087","0","0","0","0","36404","0","0","0","N","0","0","0","1","36404","0","","4","01","N","N","1","","0","0","0","0","0","","0135","0","2","0","0","0","0","0","3","1","2","N","","","","","","","","","","","","03","  ","","",""
"2021","1","0","0","0","0","0","0","0","0","7","0","","36","06","2018","2018064665","1","40.0534","-76.519","2014","08","0","0","0","0","0","0","0","0","3","1","0","0","20","1","0","00","2","40 03:12.119","5","00","76 31:08.237","1","0","0","0","36239","0","0","0","N","0","0","0","1","36239","0","2","4","01","N","N","0","0","0","0","0","0","0","Y","2014","0","1","1","0","1","0","0","3","0","1","N","","","","","","","","","","","","03","  ","","",""
"1411","1","0","0","0","0","0","0","0","0","4","0","","36","06","2018","2018064686","1","40.0679","-76.3034","1408","08","0","0","0","0","0","0","0","1","1","0","0","0","14","1","1","01","2","40 04:04.462","1","00","76 18:12.202","3","0","0","1","36101","0","0","0","N","0","0","0","2","36101","0","","1","01","N","N","0","","1","0","0","3","2","N","1408","1","2","0","0","0","0","0","3","0","2","N","","","","","","","","","","","","03","  ","","",""
"2115","0","0","0","0","0","0","0","0","0","8","0","","36","06","2018","2018064687","2","40.1575","-76.3073","2115","08","0","0","0","0","0","0","0","0","","0","0","0","21","3","1","00","0","40 09:27.031","","00","76 18:26.376","8","0","0","0","36409","1","0","0","N","1","0","0","2","36409","0","","1","01","N","N","0","","0","0","1","0","0","","2115","1","2","0","0","0","1","0","3","0","1","N","","","","","","","","","","","","03","  ","","",""
"1918","2","0","0","0","0","0","0","0","0","4","0","","36","06","2018","2018064701","5","40.1133","-76.4512","1912","08","0","0","0","0","0","0","1","0","2","0","0","0","19","1","0","01","1","40 06:47.876","3","00","76 27:04.154","0","0","0","0","36230","0","0","0","N","0","0","0","2","36410","0","","1","01","N","N","0","","0","0","0","3","2","N","1909","0","2","0","0","0","0","0","1","0","2","N","","","","","","","","","","","","03","  ","","",""
"1417","1","0","0","0","0","0","0","0","0","4","0","","36","06","2018","2018064707","1","40.0377","-76.2948","1413","08","0","0","0","0","0","0","0","0","3","0","0","0","13","1","0","01","1","40 02:15.787","1","00","76 17:41.206","0","0","0","0","36301","0","0","0","N","0","0","0","3","36301","0","","1","01","N","N","0","","0","0","1","3","3","N","1342","0","2","0","0","0","0","0","3","0","2","N","","","","","","","","","","","","03","  ","","",""
"0411","0","0","0","0","0","0","0","0","0","7","0","","36","06","2018","2018064725","5","40.1507","-76.3031","0408","08","0","0","0","0","0","0","0","0","1","0","0","0","04","3","0","00","1","40 09:02.393","3","00","76 18:11.277","0","0","0","0","36409","0","0","0","N","0","0","0","1","36409","0","","2","01","N","N","0","","0","0","1","0","0","N","0407","0","1","0","0","0","0","0","3","0","1","N","","","","","","","","","","","","03","  ","","",""
"1331","1","0","0","0","0","0","0","0","0","1","0","","36","06","2018","2018064731","7","39.9879","-76.2752","1331","08","1","0","0","0","0","0","0","0","","0","0","0","13","1","1","00","0","39 59:16.300","","00","76 16:30.566","3","0","0","0","36240","0","0","0","N","0","0","0","3","36240","0","","1","01","N","N","1","","1","0","0","0","0","","1328","1","2","0","0","0","0","1","1","0","2","N","","","","","","","","","","","","03","  ","","",""
"1116","1","0","0","0","0","0","0","0","0","4","0","","36","06","2018","2018064772","2","40.1298","-76.2166","1113","08","0","0","0","1","0","0","0","0","1","0","0","0","11","1","0","02","1","40 07:47.738","6","02","76 12:59.285","0","0","0","0","36238","0","0","0","N","0","0","0","2","36238","0","","1","01","N","N","0","","0","0","1","3","2","N","1110","0","2","0","0","0","0","0","3","0","2","N","","","","","","","","","","","","03","  ","","",""
"1111","1","0","0","0","0","0","0","0","0","1","0","","36","06","2018","2018064777","2","40.2375","-76.0809","1109","08","0","0","0","1","1","0","0","0","1","0","0","0","11","1","1","02","1","40 14:14.906","4","00","76 04:51.379","3","0","0","1","36210","0","0","0","N","0","0","0","2","36210","0","","1","01","N","N","0","","1","0","0","0","0","N","1109","1","2","0","0","0","0","0","1","0","2","N","","","","","","","","","","","","03","  ","","",""
"0933","2","0","0","0","0","0","0","0","0","1","0","","36","06","2018","2018064867","2","40.1768","-76.6017","0925","08","0","0","0","0","0","1","0","0","","0","0","0","09","1","1","06","0","40 10:36.614","","02","76 36:06.036","3","0","0","0","36225","0","0","0","N","0","0","0","2","36505","0","","1","01","N","N","0","","1","0","0","3","3","","0920","1","2","0","0","0","0","0","2","0","2","N","","","","","","","","","","","","03","  ","","",""
"2141","1","0","0","0","0","0","0","0","0","8","0","","36","06","2018","2018065067","2","40.038","-76.3057","2139","08","0","0","0","0","0","0","1","0","2","0","0","0","21","3","1","01","2","40 02:16.664","1","00","76 18:20.416","8","0","0","0","36301","1","0","0","N","1","0","0","2","36301","0","","1","01","","","0","","0","0","0","3","2","Y","2137","1","2","0","0","0","1","0","3","0","1","N","","","","","","","","","","","","03","  ","","",""
"1021","0","0","0","0","0","0","0","0","0","4","0","","36","06","2018","2018064969","5","40.1648","-76.2153","1018","08","0","0","0","0","0","0","0","0","2","0","0","0","10","1","0","01","1","40 09:53.158","3","00","76 12:54.966","0","0","0","0","36218","0","0","0","N","0","0","0","7","36408","0","","1","01","N","N","1","","0","0","0","3","2","N","1017","0","2","0","0","0","0","0","1","1","2","N","","","","","","","","","","","","03","  ","","",""
"1641","1","0","0","0","0","0","0","0","0","1","0","","36","06","2018","2018064984","6","40.212","-76.1295","1637","08","0","0","0","0","0","1","0","0","2","0","0","0","16","1","1","00","1","40 12:43.263","2","00","76 07:46.127","4","0","0","0","36210","0","0","0","N","0","0","0","3","36210","1","","1","01","N","N","1","","0","0","1","0","0","N","1635","1","3","0","0","0","0","0","1","0","3","N","","","","","","","","","","","","03","  ","","",""
"1523","0","0","0","0","0","0","0","0","0","2","0","","36","03","2018","2018064988","5","39.8577","-76.0798","1450","08","0","0","0","0","0","0","0","0","","0","0","1","14","1","1","00","0","39 51:27.556","","00","76 04:47.198","3","0","0","0","36205","1","0","0","N","0","0","0","2","68J01","0","","1","01","N","N","1","","1","0","0","0","0","","1430","1","2","0","0","0","0","0","1","0","1","N","","","","","","","","","","","","03","  ","","",""
"1707","0","0","0","0","0","0","0","0","0","0","0","","36","03","2018","2018064989","7","40.1862","-76.0427","1623","08","0","0","0","0","0","0","0","0","","0","0","0","16","1","1","00","0","40 11:10.433","","00","76 02:33.787","2","0","1","1","36202","0","0","0","N","0","0","0","1","68J01","0","","4","01","N","N","0","","0","1","0","0","0","","1619","1","1","0","0","0","0","0","1","0","1","N","","","","","","","","","","","","03","  ","","",""
"0844","1","0","0","0","0","0","0","0","0","7","0","","36","05","2018","2018064992","3","39.9986","-76.063","0840","08","0","0","1","0","0","0","0","0","2","0","0","0","08","1","4","00","1","39 59:55.127","3","00","76 03:46.795","2","0","0","0","36226","0","0","0","N","0","0","0","4","68J01","0","","4","01","N","N","0","","0","1","0","0","0","N","0839","4","1","0","1","4","3","0","1","0","1","N","","","","","","","","","","","","03","  ","","",""
"1239","1","0","0","0","0","0","0","0","0","4","0","","36","05","2018","2018065003","2","39.8607","-76.0914","1222","08","0","0","0","0","0","0","0","0","","0","0","0","12","1","0","01","0","39 51:38.462","","00","76 05:28.941","0","0","0","0","36205","0","0","0","N","0","0","0","4","68J01","0","","1","01","N","N","0","","0","0","1","3","3","","1221","0","2","0","0","1","0","0","1","0","2","N","","","","","","","","","","","","03","  ","","",""
"1345","0","0","0","0","0","0","0","0","0","7","0","","36","06","2018","2018065016","1","40.2235","-76.0953","1334","08","0","0","1","0","0","0","0","0","","0","0","0","13","1","0","00","0","40 13:23.987","","00","76 05:41.303","0","0","0","0","36210","0","0","0","N","0","0","0","1","68T06","0","","3","09","N","N","0","","0","0","1","0","0","","1330","0","1","0","0","0","0","0","1","0","1","N","","","","","","","","","","","","07","  ","","",""
"2040","1","0","0","0","0","0","0","0","0","7","0","","36","06","2018","2018065019","1","40.2279","-76.0544","1951","08","0","0","0","0","0","0","0","0","","0","0","0","19","4","2","00","0","40 13:40.400","","00","76 03:16.009","3","0","0","0","36202","0","0","0","N","0","0","0","2","68J01","0","","4","09","N","N","0","","2","0","0","0","0","","1948","2","1","0","0","0","0","0","1","0","1","N","","","","","","","","","","","","07","  ","","",""
"2153","0","0","0","0","0","0","0","0","0","9","0","","36","06","2018","2018065027","3","40.0001","-75.9779","2145","08","0","0","0","0","0","1","0","0","","0","1","0","21","2","1","00","0","40 00:00.440","","00","75 58:40.580","3","0","0","0","36232","0","0","0","N","0","0","0","1","68J01","0","","1","01","N","N","0","","1","0","0","0","0","","2144","1","1","0","0","0","0","0","1","0","1","N","","","","","","","","","","","","03","  ","","",""
"1016","1","0","0","0","0","0","0","0","0","7","0","","36","06","2018","2018065029","4","39.9117","-76.0426","0959","08","0","0","0","0","0","0","0","1","2","0","0","0","09","1","1","00","1","39 54:42.283","1","00","76 02:33.527","3","0","0","0","36201","0","0","0","N","0","0","0","1","68J01","0","","5","01","N","N","0","","1","0","0","0","0","N","0953","1","1","0","0","0","0","0","1","0","1","N","","","","","","","","","","","","03","  ","","",""
"1213","1","0","0","0","0","0","0","0","0","4","0","","36","06","2018","2018065030","4","40.0758","-76.1091","1159","08","0","0","0","0","0","0","1","0","2","0","0","0","11","1","0","01","1","40 04:33.008","3","00","76 06:32.870","0","0","0","0","36234","0","0","0","N","0","0","0","2","68J01","0","","1","01","N","N","0","","0","0","1","3","3","N","1150","0","2","0","0","0","0","0","1","0","2","N","","","","","","","","","","","","03","  ","","",""
"1542","1","0","0","0","0","0","0","0","0","0","1","","36","06","2018","2018065036","5","40.2248","-76.4034","1516","08","0","0","0","0","0","1","0","0","","0","1","0","15","1","0","00","0","40 13:29.105","","00","76 24:14.301","0","0","0","0","36227","0","0","0","N","0","0","0","2","68T06","0","","1","01","N","N","0","","0","0","0","0","0","","1510","0","2","0","0","0","0","0","1","0","2","N","","","","","","","","","","","","03","  ","","",""
"1751","2","0","0","0","0","0","0","0","0","4","0","","36","06","2018","2018065077","2","40.051","-76.3534","1746","08","0","0","0","0","0","2","0","0","2","0","0","0","17","1","2","01","1","40 03:03.625","1","00","76 21:12.345","3","0","0","0","36214","0","0","0","N","0","0","0","2","36214","0","","1","01","N","N","0","","2","0","0","3","2","N","1744","2","2","0","0","0","0","0","3","0","2","N","","","","","","","","","","","","03","  ","","",""
"1452","1","0","0","1","0","0","0","0","0","4","0","","36","06","2018","2018065100","6","40.0484","-76.294","1448","08","0","0","0","0","0","0","0","0","","0","0","0","14","1","1","00","0","40 02:54.234","","00","76 17:38.307","4","0","0","0","36301","1","0","0","N","0","0","0","3","36301","1","","1","01","N","N","0","","0","0","0","0","0","","1448","1","2","0","0","0","0","0","3","0","1","N","","","","","","","","","","","","03","  ","","",""