"ARRIVAL_TM","AUTOMOBILE_COUNT","BELTED_DEATH_COUNT","BELTED_SUSP_SERIOUS_INJ_COUNT","BICYCLE_COUNT","BICYCLE_DEATH_COUNT","BICYCLE_SUSP_SERIOUS_INJ_COUNT","BUS_COUNT","CHLDPAS_DEATH_COUNT","CHLDPAS_SUSP_SERIOUS_INJ_COUNT","COLLISION_TYPE","COMM_VEH_COUNT","CONS_ZONE_SPD_LIM","COUNTY","CRASH_MONTH","CRASH_YEAR","CRN","DAY_OF_WEEK","DEC_LAT","DEC_LONG","DISPATCH_TM","DISTRICT","DRIVER_COUNT_16YR","DRIVER_COUNT_17YR","DRIVER_COUNT_18YR","DRIVER_COUNT_19YR","DRIVER_COUNT_20YR","DRIVER_COUNT_50_64YR","DRIVER_COUNT_65_74YR","DRIVER_COUNT_75PLUS","EST_HRS_CLOSED","FATAL_COUNT","HEAVY_TRUCK_COUNT","HORSE_BUGGY_COUNT","HOUR_OF_DAY","ILLUMINATION","INJURY_COUNT","INTERSECT_TYPE","LANE_CLOSED","LATITUDE","LN_CLOSE_DIR","LOCATION_TYPE","LONGITUDE","MAX_SEVERITY_LEVEL","MCYCLE_DEATH_COUNT","MCYCLE_SUSP_SERIOUS_INJ_COUNT","MOTORCYCLE_COUNT","MUNICIPALITY","NONMOTR_COUNT","NONMOTR_DEATH_COUNT","NONMOTR_SUSP_SERIOUS_INJ_COUNT","NTFY_HIWY_MAINT","PED_COUNT","PED_DEATH_COUNT","PED_SUSP_SERIOUS_INJ_COUNT","PERSON_COUNT","POLICE_AGCY","POSSIBLE_INJ_COUNT","RDWY_SURF_TYPE_CD","RELATION_TO_ROAD","ROAD_CONDITION","SCH_BUS_IND","SCH_ZONE_IND","SMALL_TRUCK_COUNT","SPEC_JURIS_CD","SUSP_MINOR_INJ_COUNT","SUSP_SERIOUS_INJ_COUNT","SUV_COUNT","TCD_FUNC_CD","TCD_TYPE","TFC_DETOUR_IND","TIME_OF_DAY","TOT_INJ_COUNT","TOTAL_UNITS","UNB_DEATH_COUNT","UNB_SUSP_SERIOUS_INJ_COUNT","UNBELTED_OCC_COUNT","UNK_INJ_DEG_COUNT","UNK_INJ_PER_COUNT","URBAN_RURAL","VAN_COUNT","VEHICLE_COUNT","WORK_ZONE_IND","WORK_ZONE_LOC","WORK_ZONE_TYPE","WORKERS_PRES","WZ_CLOSE_DETOUR","WZ_FLAGGER","WZ_LAW_OFFCR_IND","WZ_LN_CLOSURE","WZ_MOVING","WZ_OTHER","WZ_SHLDER_MDN","ROADWAY_CLEARED","WEATHER1","WEATHER2","WZ_WORKERS_INJ_KILLED","SECONDARY_CRASH","INTERSECTION_RELATED"
"0700","1","0","0","0","0","0","0","0","0","7","0","","36","06","2018","2018065109","7","40.038","-76.3057","0655","08","0","0","0","0","0","1","0","0","2","0","0","0","06","1","0","01","1","40 02:16.664","3","00","76 18:20.416","0","0","0","0","36301","0","0","0","N","0","0","0","1","36301","0","","2","01","N","N","0","","0","0","0","3","2","N","0655","0","1","0","0","0","0","0","3","0","1","N","","","","","","","","","","","","03","  ","","",""
"2030","1","0","0","0","0","0","0","0","0","1","0","","36","06","2018","2018065115","5","40.2045","-76.2132","2023","08","0","0","1","0","0","0","0","0","","0","0","0","20","4","0","01","0","40 12:16.272","","00","76 12:47.372","0","0","0","0","36204","0","0","0","N","0","0","0","5","36506","0","","1","01","N","N","0","","0","0","0","3","2","","2023","0","2","0","0","0","0","0","1","1","2","N","","","","","","","","","","","","03","  ","","",""
"1556","2","0","0","0","0","0","0","0","0","4","0","","36","06","2018","2018065119","2","40.0514","-76.2993","1553","08","0","0","1","0","0","0","0","0","2","0","0","0","15","1","2","01","2","40 03:04.870","5","00","76 17:57.631","3","0","0","0","36301","0","0","0","N","0","0","0","2","36301","1","","1","01","N","N","0","","1","0","0","3","3","Y","1553","2","2","0","0","0","0","0","3","0","2","N","","","","","","","","","","","","03","  ","","",""
"2227","2","0","0","0","0","0","0","0","0","1","0","","36","06","2018","2018065313","1","40.0293","-76.2282","2224","08","0","1","0","0","0","0","1","0","1","0","0","0","22","3","1","02","1","40 01:45.321","4","00","76 13:41.648","4","0","0","0","36215","0","0","0","N","0","0","0","2","36215","1","","1","09","N","N","0","","0","0","0","3","2","N","2222","1","2","0","0","0","0","0","1","0","2","N","","","","","","","","","","","","07","  ","","",""
"1208","0","0","0","0","0","0","0","0","0","1","0","","36","06","2018","2018065314","2","40.0393","-76.1994","1202","08","0","0","0","0","0","0","1","0","2","0","0","0","12","1","1","02","1","40 02:21.602","4","00","76 11:57.689","3","0","0","0","36215","0","0","0","N","0","0","0","3","36215","0","","1","01","N","N","0","","1","0","2","3","2","N","1202","1","2","0","0","0","0","0","1","0","2","N","","","","","","","","","","","","03","  ","","",""
"0713","2","0","0","0","0","0","0","0","0","2","0","","36","06","2018","2018065315","3","40.0856","-76.2088","0708","08","0","0","0","0","0","0","0","0","2","0","0","0","07","1","0","00","2","40 05:08.164","4","00","76 12:31.749","0","0","0","0","36234","0","0","0","N","0","0","0","2","36215","0","","1","01","N","N","0","","0","0","0","0","0","N","0708","0","2","0","0","0","0","0","1","0","2","N","","","","","","","","","","","","03","  ","","",""
"0444","1","0","0","0","0","0","0","0","0","7","1","40","36","06","2018","2018065316","4","40.0224","-76.1929","0439","08","0","0","0","0","0","1","0","0","","0","1","0","04","3","0","01","0","40 01:20.631","","00","76 11:34.338","0","0","0","0","36215","0","0","0","N","0","0","0","2","36215","0","","2","01","N","N","0","","0","0","0","3","7","","0437","0","2","0","0","0","0","0","1","0","2","Y","4","1","Y","N","Y","N","Y","Y","N","N","","03","  ","","",""
"2211","1","0","0","0","0","0","0","0","0","1","0","90","36","06","2018","2018065317","6","40.0301","-76.2313","2209","08","0","0","1","0","0","0","0","0","1","0","0","0","22","3","0","00","1","40 01:48.340","4","00","76 13:52.521","0","0","0","0","36215","0","0","0","N","0","0","0","2","36215","0","","1","01","N","N","1","","0","0","0","3","7","N","2205","0","2","0","0","0","0","0","1","0","2","Y","2","2","Y","N","Y","N","Y","N","N","N","","03","  ","","",""
"1728","2","0","0","0","0","0","0","0","0","4","0","","36","06","2018","2018065318","7","40.0324","-76.2339","1716","08","0","0","0","0","0","0","0","1","","0","0","0","17","1","0","02","0","40 01:56.498","","00","76 14:01.976","0","0","0","0","36215","0","0","0","N","0","0","0","3","36215","0","","1","01","N","N","0","","0","0","0","3","3","","1715","0","2","0","0","1","0","0","1","0","2","N","","","","","","","","","","","","03","  ","","",""
"2105","2","0","0","0","0","0","0","0","0","1","0","","36","06","2018","2018065373","3","40.0386","-76.357","2102","08","0","0","0","0","0","1","0","0","2","0","0","0","21","4","0","00","2","40 02:19.083","4","00","76 21:25.312","0","0","0","0","36214","0","0","0","N","0","0","0","2","36214","0","","1","01","N","N","0","","0","0","0","0","0","Y","2100","0","2","0","0","0","0","0","3","0","2","N","","","","","","","","","","","","03","  ","","",""
"1949","1","0","0","0","0","0","0","0","0","1","0","","36","06","2018","2018065376","3","40.0925","-76.3883","1943","08","0","0","0","0","0","0","0","0","2","0","0","0","19","1","0","00","1","40 05:33.122","4","00","76 23:17.711","0","0","0","0","36214","0","0","0","N","0","0","0","3","36214","0","","1","01","N","N","0","","0","0","2","0","0","N","1940","0","4","0","0","0","0","0","3","0","3","N","","","","","","","","","","","","03","  ","","",""
"0602","1","0","0","0","0","0","0","0","0","7","0","","36","06","2018","2018065455","3","40.1061","-76.5913","0559","08","0","1","0","0","0","0","0","0","9","0","0","0","05","1","0","00","2","40 06:21.823","5","00","76 35:28.613","0","0","0","0","36211","0","0","0","N","0","0","0","1","36504","0","","5","09","N","N","0","","0","0","0","0","0","Y","0540","0","1","0","0","0","0","0","1","0","1","N","","","","","","","","","","","","03","  ","","",""
"1736","1","0","0","0","0","0","0","0","0","1","0","","36","05","2018","2018065480","6","40.0721","-76.3278","1705","08","0","0","0","0","1","0","1","0","2","0","0","0","16","1","0","00","1","40 04:19.529","3","00","76 19:40.279","0","0","0","0","36101","0","0","0","N","0","0","0","3","36101","0","","1","01","N","N","0","","0","0","0","0","0","N","1654","0","2","0","0","0","0","0","3","1","2","N","","","","","","","","","","","","03","  ","","",""
"0254","0","0","0","0","0","0","0","0","0","0","0","","36","06","2018","2018065481","4","40.0631","-76.3391","0251","08","0","0","0","0","0","1","0","0","2","0","0","0","02","3","1","01","2","40 03:47.262","5","00","76 20:20.880","2","0","1","1","36101","0","0","0","N","0","0","0","1","36101","0","","1","01","N","N","0","","0","1","0","3","2","Y","0249","1","1","0","0","0","0","0","3","0","1","N","","","","","","","","","","","","03","  ","","",""
"1955","2","0","0","0","0","0","0","0","0","4","0","","36","06","2018","2018065482","1","40.0792","-76.3465","1953","08","0","0","0","0","0","0","0","0","","0","0","0","19","1","0","00","0","40 04:45.133","","00","76 20:47.425","0","0","0","0","36101","0","0","0","N","0","0","0","2","36101","0","","1","09","N","N","0","","0","0","0","0","0","","1949","0","2","0","0","0","0","0","3","0","2","N","","","","","","","","","","","","07","  ","","",""
"1745","1","0","0","0","0","0","0","0","0","1","0","","36","06","2018","2018065483","5","40.0762","-76.3373","1729","08","0","0","0","0","0","0","0","0","2","0","0","0","17","1","0","00","2","40 04:34.219","3","00","76 20:14.402","0","0","0","0","36101","0","0","0","N","0","0","0","2","36101","0","","1","01","N","N","0","","0","0","1","0","0","N","1718","0","2","0","0","0","0","0","3","0","2","N","","","","","","","","","","","","03","  ","","",""
"0840","1","0","0","0","0","0","0","0","0","4","0","","36","06","2018","2018065484","2","40.0685","-76.3074","0825","08","0","1","0","0","0","1","0","0","2","0","0","0","08","1","0","01","1","40 04:06.605","2","00","76 18:27.559","0","0","0","0","36101","0","0","0","N","0","0","0","3","36101","0","","1","01","N","N","1","","0","0","0","3","2","N","0825","0","2","0","0","0","0","0","3","0","2","N","","","","","","","","","","","","03","  ","","",""
"1645","3","0","0","0","0","0","0","0","0","1","0","","36","06","2018","2018065507","7","40.0411","-76.2876","1642","08","0","0","0","0","0","2","0","1","2","0","0","0","16","1","0","00","2","40 02:27.919","1","00","76 17:15.294","0","0","0","0","36301","0","0","0","N","0","0","0","4","36301","0","","1","01","N","N","0","","0","0","1","3","2","N","1635","0","4","0","0","0","0","0","3","0","4","N","","","","","","","","","","","","03","  ","","",""
"0805","1","0","1","0","0","0","0","0","0","1","0","","36","06","2018","2018065569","4","40.216","-76.0924","0804","08","0","0","0","0","0","0","0","0","","0","0","0","08","1","1","06","0","40 12:57.746","","02","76 05:32.577","2","0","0","0","36210","0","0","0","N","0","0","0","2","36210","0","","1","01","N","N","0","","0","1","1","3","4","","0800","1","2","0","0","0","0","0","1","0","2","N","","","","","","","","","","","","03","  ","","",""
"1402","1","0","0","0","0","0","0","0","0","4","0","","36","06","2018","2018065712","2","40.0602","-76.2775","1357","08","0","0","1","0","0","0","0","0","2","0","0","0","13","1","2","01","2","40 03:36.113","3","00","76 16:38.939","3","0","0","0","36101","0","0","0","N","0","0","0","2","36101","0","","1","01","N","N","0","","2","0","0","3","2","N","1353","2","2","0","0","0","0","0","3","1","2","N","","","","","","","","","","","","03","  ","","",""
"0755","0","0","0","0","0","0","0","0","0","7","0","","36","06","2018","2018065717","1","40.0637","-76.3408","0755","08","0","0","0","0","0","0","0","0","","0","0","0","00","3","0","00","0","40 03:49.385","","02","76 20:26.980","9","0","0","0","36101","0","0","0","N","0","0","0","1","36101","0","","2","01","N","N","0","","0","0","1","0","0","","0000","0","1","0","0","0","0","1","3","0","1","N","","","","","","","","","","","","03","  ","","",""
"2049","0","0","0","0","0","0","0","0","0","4","0","","36","06","2018","2018065833","4","40.0522","-76.3084","2049","08","0","1","0","0","0","0","0","0","","0","0","0","20","4","0","01","0","40 03:07.752","","00","76 18:30.128","0","0","0","0","36301","0","0","0","N","0","0","0","5","36301","0","","1","09","N","N","1","","0","0","1","3","2","","2040","0","2","0","0","0","0","0","3","0","2","N","","","","","","","","","","","","03","  ","","",""
"1919","0","0","0","0","0","0","0","0","0","7","0","","36","06","2018","2018065839","4","40.2513","-76.0855","1916","08","0","0","0","0","0","0","0","0","1","0","0","0","19","1","0","00","1","40 15:04.771","5","00","76 05:07.954","0","0","0","1","36210","0","0","0","N","0","0","0","1","36210","0","","9","01","N","N","0","","0","0","0","0","0","N","1913","0","1","0","0","0","0","0","1","0","1","N","","","","","","","","","","","","03","  ","","",""
"1925","1","0","0","0","0","0","0","0","0","1","0","","36","06","2018","2018065920","4","40.0272","-76.4689","1919","08","0","0","0","0","0","0","0","0","","0","0","0","19","1","0","00","0","40 01:37.800","","00","76 28:08.200","0","0","0","0","36239","0","0","0","N","0","0","0","1","36239","0","","1","01","N","N","0","","0","0","1","0","0","","1919","0","2","0","0","0","0","0","3","0","2","N","","","","","","","","","","","","03","  ","","",""
"1604","1","0","0","0","0","0","0","0","0","1","0","","36","06","2018","2018065927","3","40.008","-76.3588","1600","08","0","0","0","0","0","0","0","0","","0","0","0","16","1","0","01","0","40 00:28.902","","00","76 21:30.702","0","0","0","0","36412","0","0","0","N","0","0","0","2","36412","0","","1","01","N","N","0","","0","0","0","3","2","","1600","0","2","0","0","0","0","0","3","1","2","N","","","","","","","","","","","","03","  ","","",""
"1743","0","0","0","0","0","0","0","0","0","4","0","","36","06","2018","2018065952","7","40.0052","-76.305","1738","08","0","0","0","0","0","0","0","0","3","0","0","0","17","1","1","02","1","40 00:18.747","5","00","76 18:18.078","3","0","0","0","36220","0","0","0","N","0","0","0","4","36101","0","","1","01","N","N","0","","1","0","2","3","3","N","1737","1","2","0","0","1","0","0","3","0","2","N","","","","","","","","","","","","03","  ","","",""
"0506","0","0","0","0","0","0","0","0","0","7","0","","36","06","2018","2018065963","7","40.2419","-76.1934","0501","08","0","0","0","0","0","0","0","0","","0","0","0","02","2","1","00","0","40 14:30.897","","00","76 11:36.110","8","0","0","0","36236","0","0","0","N","0","0","0","1","36408","0","","4","01","N","N","0","","0","0","1","0","0","","0200","1","1","0","0","0","1","0","1","0","1","N","","","","","","","","","","","","03","  ","","",""
"1408","4","0","0","0","0","0","0","0","0","4","0","","36","06","2018","2018065976","1","40.0461","-76.3052","1407","08","0","0","0","0","0","0","0","0","2","0","0","0","14","1","2","01","1","40 02:45.872","3","00","76 18:18.623","8","0","0","0","36301","0","0","0","N","0","0","0","2","36301","0","","1","01","N","N","0","","0","0","1","3","2","Y","1401","2","5","0","0","0","2","0","3","0","5","N","","","","","","","","","","","","03","  ","","",""
"0829","1","0","0","0","0","0","0","0","0","1","0","","36","06","2018","2018065982","5","40.1451","-76.1908","0824","08","0","0","0","0","0","0","0","0","2","0","0","0","08","1","0","00","1","40 08:42.328","2","00","76 11:26.900","0","0","0","0","36238","0","0","0","N","0","0","0","2","36238","0","","1","09","N","N","1","","0","0","0","0","0","N","0822","0","2","0","0","1","0","0","3","0","2","N","","","","","","","","","","","","07","  ","","",""
"0914","2","0","1","0","0","0","0","0","0","7","0","","36","06","2018","2018065998","5","40.2431","-76.1027","0911","08","0","0","0","0","0","0","0","0","3","0","0","0","09","1","1","00","2","40 14:35.014","6","00","76 06:09.757","2","0","0","0","36210","0","0","0","N","0","0","0","2","36210","0","","5","09","N","N","0","","0","1","0","0","0","Y","0909","1","2","0","0","0","0","0","1","0","2","N","","","","","","","","","","","","07","  ","","",""
"0733","1","0","0","0","0","0","0","0","0","1","0","","36","06","2018","2018066009","5","40.2268","-76.4319","0719","08","0","0","0","1","1","0","0","0","","0","0","0","07","1","0","00","0","40 13:36.300","","00","76 25:54.776","0","0","0","0","36230","0","0","0","N","0","0","0","2","36410","0","","1","09","N","N","1","","0","0","0","0","0","N","0718","0","2","0","0","0","0","0","1","0","2","N","","","","","","","","","","","","07","  ","","",""
"1225","2","0","0","0","0","0","0","0","0","1","0","","36","06","2018","2018066130","5","40.0958","-76.1088","1220","08","0","0","0","0","0","1","0","0","1","0","0","0","12","1","0","00","1","40 05:44.706","4","00","76 06:31.510","0","0","0","0","36209","0","0","0","N","0","0","0","2","36415","0","","1","01","N","N","0","","0","0","0","0","0","N","1220","0","2","0","0","0","0","0","1","0","2","N","","","","","","","","","","","","03","  ","","",""
"1601","1","0","0","0","0","0","0","0","0","1","0","","36","06","2018","2018066201","6","40.0705","-76.321","1549","08","0","0","0","0","0","0","0","0","","0","0","0","15","1","0","00","0","40 04:13.885","","00","76 19:15.734","0","0","0","0","36101","0","0","0","N","0","0","0","3","36101","0","","1","01","N","N","0","","0","0","1","0","0","","1545","0","2","0","0","0","0","0","3","0","2","N","","","","","","","","","","","","03","  ","","",""
"0903","0","0","0","1","0","0","0","0","0","9","0","","36","06","2018","2018066207","7","40.0707","-76.265","0857","08","0","0","0","0","0","1","0","0","2","0","0","0","08","1","1","00","2","40 04:14.500","6","00","76 15:54.100","8","0","0","0","36101","1","0","0","N","0","0","0","2","36101","0","","1","01","N","N","1","","0","0","0","0","0","Y","0855","1","2","0","0","0","1","0","3","0","1","N","","","","","","","","","","","","03","  ","","",""
"1907","0","0","0","0","0","0","0","0","0","7","0","","36","06","2018","2018066214","4","40.0702","-76.2707","1854","08","0","0","0","0","0","1","0","0","2","0","0","0","18","4","0","00","1","40 04:12.810","4","00","76 16:14.370","0","0","0","0","36101","0","0","0","N","0","0","0","1","36101","0","","4","01","N","N","0","","0","0","1","0","0","N","1852","0","1","0","0","0","0","0","3","0","1","N","","","","","","","","","","","","03","  ","","",""
"1212","2","0","0","0","0","0","0","0","0","2","0","","36","05","2018","2018066219","4","40.0337","-76.1723","1210","08","0","0","0","0","0","1","1","0","2","0","0","0","12","1","2","00","2","40 02:01.480","5","00","76 10:20.350","3","0","0","0","36215","0","0","0","N","0","0","0","2","36215","0","","1","01","N","N","0","","2","0","0","0","0","Y","1210","2","2","0","0","0","0","0","1","0","2","N","","","","","","","","","","","","03","  ","","",""
"0424","1","0","0","0","0","0","0","0","0","7","0","","36","06","2018","2018066224","4","40.0345","-76.2516","0421","08","0","0","0","0","0","0","0","0","2","0","0","0","04","2","0","00","1","40 02:04.030","4","00","76 15:05.621","0","0","0","0","36215","0","0","0","N","0","0","0","3","36215","0","","5","01","N","N","0","","0","0","0","0","0","Y","0418","0","1","0","0","0","0","0","1","0","1","N","","","","","","","","","","","","03","  ","","",""
"0850","0","0","0","1","0","1","0","0","0","4","0","","36","06","2018","2018066229","7","40.0758","-76.1091","0847","08","0","0","0","0","0","0","0","0","4","0","0","0","08","1","1","01","2","40 04:33.008","7","00","76 06:32.870","2","0","0","0","36234","1","0","1","N","0","0","0","2","36215","0","","1","01","N","N","0","","0","1","1","3","3","Y","0845","1","2","0","0","0","0","0","1","0","1","N","","","","","","","","","","","","03","  ","","",""
"1240","1","0","0","0","0","0","0","0","0","4","0","","36","06","2018","2018066360","7","40.1047","-76.4324","1240","08","0","0","1","0","0","0","1","0","2","0","0","0","12","1","1","02","2","40 06:16.814","5","00","76 25:56.625","2","0","0","0","36214","0","0","0","N","0","0","0","2","36214","0","","1","01","N","N","0","","0","1","1","3","3","Y","1238","1","2","0","1","2","0","0","3","0","2","N","","","","","","","","","","","","03","  ","","",""
"1748","2","0","0","0","0","0","0","0","0","1","0","","36","06","2018","2018066373","5","40.1504","-76.3642","1730","08","0","0","0","0","0","1","0","0","","0","0","0","17","1","0","00","0","40 09:01.576","","00","76 21:51.229","9","0","0","0","36227","0","0","0","N","0","0","0","2","36506","0","","1","01","N","N","0","","0","0","0","0","0","","1730","0","2","0","0","0","0","1","1","0","2","N","","","","","","","","","","","","03","  ","","",""
"1412","0","0","0","0","0","0","0","0","0","7","0","","36","06","2018","2018066379","3","40.1677","-76.3314","1408","08","0","0","0","0","0","0","0","1","2","0","0","0","14","1","0","00","2","40 10:03.755","5","00","76 19:53.127","0","0","0","0","36227","0","0","0","N","0","0","0","1","36506","0","","4","01","N","N","1","","0","0","0","0","0","Y","1408","0","1","0","0","0","0","0","1","0","1","N","","","","","","","","","","","","03","  ","","",""
"0611","0","0","0","0","0","0","0","0","0","7","0","","36","06","2018","2018066381","6","40.2446","-76.084","0606","08","0","0","0","0","0","0","0","0","","0","0","0","06","1","0","02","0","40 14:40.656","","00","76 05:02.463","0","0","0","0","36210","0","0","0","N","0","0","0","1","36210","0","","5","01","N","N","1","","0","0","0","0","0","","0606","0","1","0","0","0","0","0","1","0","1","N","","","","","","","","","","","","03","  ","","",""
"1400","1","0","0","0","0","0","0","0","0","8","0","","36","06","2018","2018066383","5","40.0411","-76.3063","1400","08","0","0","0","0","0","1","0","0","1","0","0","0","14","1","1","01","1","40 02:27.991","1","00","76 18:22.594","8","0","0","0","36301","1","0","0","N","1","0","0","2","36301","0","","1","01","N","N","0","","0","0","0","3","2","N","1400","1","2","0","0","0","1","0","3","0","1","N","","","","","","","","","","","","03","  ","","",""
"1750","2","0","0","0","0","0","0","0","0","6","0","","36","06","2018","2018066385","1","40.2472","-76.357","1740","08","0","0","0","0","0","1","0","0","2","0","0","0","17","1","2","00","1","40 14:50.056","4","00","76 21:25.207","4","0","0","0","36227","0","0","0","N","0","0","0","2","36506","2","","1","01","N","N","0","","0","0","0","0","0","N","1740","2","2","0","0","0","0","0","1","0","2","N","","","","","","","","","","","","03","  ","","",""
"1145","1","0","0","0","0","0","0","0","0","2","0","","36","06","2018","2018066386","7","40.2337","-76.2598","1137","08","0","0","0","1","0","0","0","0","3","0","0","0","11","1","2","02","2","40 14:01.480","6","00","76 15:35.150","3","0","0","0","36204","0","0","0","N","0","0","0","4","36506","0","","1","01","N","N","0","","2","0","1","3","3","Y","1137","2","2","0","0","0","0","0","1","0","2","N","","","","","","","","","","","","03","  ","","",""
"1738","0","0","0","0","0","0","0","0","0","4","0","","36","06","2018","2018066389","5","40.1948","-76.1482","1733","08","0","0","0","1","0","0","0","0","1","0","0","0","17","1","0","02","1","40 11:41.350","1","00","76 08:53.445","0","0","0","0","36218","0","0","0","N","0","0","0","2","36408","0","","1","01","N","N","0","","0","0","2","3","3","Y","1733","0","2","0","0","0","0","0","1","0","2","N","","","","","","","","","","","","03","  ","","",""
"1218","1","0","0","0","0","0","0","0","0","1","0","","36","06","2018","2018066432","3","40.0317","-76.4944","1210","08","0","0","0","0","0","0","0","0","","0","0","0","12","1","0","00","0","40 01:54.000","","00","76 29:39.690","0","0","0","0","36404","0","0","0","N","0","0","0","1","36404","0","","4","01","N","N","0","","0","0","2","0","0","","1210","0","3","0","0","0","0","0","3","0","3","N","","","","","","","","","","","","07","  ","","",""
"1037","2","0","0","0","0","0","0","0","0","2","0","","36","06","2018","2018066434","6","40.1607","-76.4","1035","08","0","0","1","0","0","0","1","0","1","0","0","0","10","1","0","01","1","40 09:38.669","4","00","76 24:00.175","0","0","0","0","36410","0","0","0","N","0","0","0","3","36410","0","","1","01","N","N","0","","0","0","0","3","3","N","1034","0","2","0","0","0","0","0","2","0","2","N","","","","","","","","","","","","03","  ","","",""
"1822","0","0","0","0","0","0","0","0","0","7","0","","36","06","2018","2018066444","5","40.1639","-76.4457","1817","08","0","0","0","0","0","0","0","0","2","0","0","0","18","1","0","00","1","40 09:50.125","4","00","76 26:44.648","0","0","0","0","36230","0","0","0","N","0","0","0","1","36410","0","","2","01","N","N","1","","0","0","0","0","0","Y","1817","0","1","0","0","0","0","0","1","0","1","N","","","","","","","","","","","","03","  ","","",""
"1759","0","0","0","0","0","0","0","0","0","1","0","","36","06","2018","2018066456","5","39.9901","-76.2652","1754","08","0","0","0","0","0","0","0","0","","0","0","0","17","1","0","02","0","39 59:24.525","","00","76 15:54.525","0","0","0","0","36240","0","0","0","N","0","0","0","6","36240","0","","1","01","N","N","1","","0","0","0","0","0","","1746","0","2","0","0","0","0","0","1","1","2","N","","","","","","","","","","","","03","  ","","",""
"0257","0","0","0","0","0","0","0","0","0","7","0","","36","04","2018","2018066460","6","39.952","-76.0634","0242","08","0","0","0","0","0","0","0","0","3","0","0","0","02","2","0","00","2","39 57:07.340","6","00","76 03:48.390","0","0","0","0","36201","0","0","0","N","0","0","0","1","68J01","0","","4","01","N","N","1","","0","0","0","0","0","Y","0230","0","1","0","0","0","0","0","1","0","1","N","","","","","","","","","","","","03","  ","","",""
"2135","0","0","0","0","0","0","0","0","0","4","0","","36","05","2018","2018066462","7","39.8286","-76.2091","2130","08","0","0","0","0","0","0","0","0","2","0","0","0","21","2","0","00","1","39 49:42.941","2","00","76 12:32.713","0","0","0","0","36208","0","0","0","N","0","0","0","3","68J01","0","","1","09","N","N","1","","0","0","1","0","0","N","2127","0","2","0","0","0","0","0","1","0","2","N","","","","","","","","","","","","05","  ","","",""
"0808","1","0","0","0","0","0","0","0","0","7","0","","36","06","2018","2018066469","6","40.1299","-75.9036","0741","08","0","0","0","0","0","0","0","0","","0","0","0","07","1","0","00","0","40 07:47.502","","00","75 54:12.808","0","0","0","0","36203","0","0","0","N","0","0","0","1","68J01","0","","4","01","N","N","0","","0","0","0","0","0","","0736","0","1","0","0","0","0","0","1","0","1","N","","","","","","","","","","","","03","  ","","",""
"1147","1","0","0","0","0","0","0","0","0","4","0","","36","06","2018","2018066473","4","39.9281","-76.2524","1145","08","0","0","0","1","0","0","1","0","2","0","0","0","11","1","1","01","1","39 55:41.064","1","00","76 15:08.818","3","0","0","0","36229","0","0","0","N","0","0","0","2","68J01","0","","1","01","N","N","0","","1","0","1","3","3","N","1144","1","2","0","0","0","0","0","1","0","2","N","","","","","","","","","","","","03","  ","","",""
"1255","1","0","0","0","0","0","0","0","0","7","0","","36","06","2018","2018066479","7","39.7815","-76.0871","1239","08","0","0","0","0","0","0","0","0","","0","0","0","12","1","0","00","0","39 46:53.552","","00","76 05:13.687","0","0","0","0","36222","0","0","0","N","0","0","0","1","68J01","0","","4","01","N","N","0","","0","0","0","0","0","","1237","0","1","0","0","0","0","0","1","0","1","N","","","","","","","","","","","","03","  ","","",""
"1318","1","0","0","0","0","0","0","0","0","4","0","","36","06","2018","2018066493","7","39.9899","-76.0009","1304","08","0","0","0","0","0","0","1","0","2","0","0","0","12","1","1","02","1","39 59:23.638","4","00","76 00:03.067","3","0","0","0","36232","0","0","0","N","0","0","0","4","68J01","0","","1","01","N","N","1","","1","0","0","0","0","N","1259","1","2","0","0","0","0","0","1","0","2","N","","","","","","","","","","","","03","  ","","",""
"1043","1","0","0","0","0","0","0","0","0","7","0","","36","06","2018","2018066499","2","40.1561","-75.9617","1034","08","0","0","0","0","0","0","0","1","2","0","0","0","10","1","1","00","2","40 09:22.080","5","00","75 57:42.050","3","0","0","0","36203","0","0","0","Y","0","0","0","1","68J01","0","","4","01","N","N","0","","1","0","0","0","0","N","1032","1","1","0","0","0","0","0","1","0","1","N","","","","","","","","","","","","03","  ","","",""
"1535","1","0","0","0","0","0","0","0","0","4","0","","36","06","2018","2018066501","3","40.0197","-75.9933","1523","08","0","0","0","0","1","1","0","0","2","0","0","0","15","1","0","01","1","40 01:10.742","4","00","75 59:35.787","0","0","0","0","36232","0","0","0","N","0","0","0","3","68J01","0","","1","01","N","N","1","","0","0","0","3","3","N","1516","0","2","0","0","0","0","0","1","0","2","N","","","","","","","","","","","","03","  ","","",""
"1533","0","0","0","0","0","0","0","0","0","9","0","","36","06","2018","2018066514","5","40.0185","-76.0637","1516","08","0","0","0","0","0","0","0","0","","0","0","0","15","1","0","00","0","40 01:06.764","","00","76 03:49.273","0","0","0","0","36234","0","0","0","N","0","0","0","1","68J01","0","","1","01","N","N","0","","0","0","0","0","0","","1512","0","1","0","0","0","0","0","1","1","1","N","","","","","","","","","","","","03","  ","","",""
"1722","4","0","0","0","0","0","0","0","0","1","0","","36","06","2018","2018066528","5","40.1506","-76.1244","1716","08","0","0","0","0","0","0","0","0","1","0","0","0","17","1","1","00","2","40 09:02.066","6","00","76 07:27.986","8","0","0","0","36209","0","0","0","N","0","0","0","4","36415","0","","1","01","N","N","0","","0","0","0","0","0","Y","1714","1","4","0","0","0","1","0","1","0","4","N","","","","","","","","","","","","03","  ","","",""