"ARRIVAL_TM","AUTOMOBILE_COUNT","BELTED_DEATH_COUNT","BELTED_SUSP_SERIOUS_INJ_COUNT","BICYCLE_COUNT","BICYCLE_DEATH_COUNT","BICYCLE_SUSP_SERIOUS_INJ_COUNT","BUS_COUNT","CHLDPAS_DEATH_COUNT","CHLDPAS_SUSP_SERIOUS_INJ_COUNT","COLLISION_TYPE","COMM_VEH_COUNT","CONS_ZONE_SPD_LIM","COUNTY","CRASH_MONTH","CRASH_YEAR","CRN","DAY_OF_WEEK","DEC_LAT","DEC_LONG","DISPATCH_TM","DISTRICT","DRIVER_COUNT_16YR","DRIVER_COUNT_17YR","DRIVER_COUNT_18YR","DRIVER_COUNT_19YR","DRIVER_COUNT_20YR","DRIVER_COUNT_50_64YR","DRIVER_COUNT_65_74YR","DRIVER_COUNT_75PLUS","EST_HRS_CLOSED","FATAL_COUNT","HEAVY_TRUCK_COUNT","HORSE_BUGGY_COUNT","HOUR_OF_DAY","ILLUMINATION","INJURY_COUNT","INTERSECT_TYPE","LANE_CLOSED","LATITUDE","LN_CLOSE_DIR","LOCATION_TYPE","LONGITUDE","MAX_SEVERITY_LEVEL","MCYCLE_DEATH_COUNT","MCYCLE_SUSP_SERIOUS_INJ_COUNT","MOTORCYCLE_COUNT","MUNICIPALITY","NONMOTR_COUNT","NONMOTR_DEATH_COUNT","NONMOTR_SUSP_SERIOUS_INJ_COUNT","NTFY_HIWY_MAINT","PED_COUNT","PED_DEATH_COUNT","PED_SUSP_SERIOUS_INJ_COUNT","PERSON_COUNT","POLICE_AGCY","POSSIBLE_INJ_COUNT","RDWY_SURF_TYPE_CD","RELATION_TO_ROAD","ROAD_CONDITION","SCH_BUS_IND","SCH_ZONE_IND","SMALL_TRUCK_COUNT","SPEC_JURIS_CD","SUSP_MINOR_INJ_COUNT","SUSP_SERIOUS_INJ_COUNT","SUV_COUNT","TCD_FUNC_CD","TCD_TYPE","TFC_DETOUR_IND","TIME_OF_DAY","TOT_INJ_COUNT","TOTAL_UNITS","UNB_DEATH_COUNT","UNB_SUSP_SERIOUS_INJ_COUNT","UNBELTED_OCC_COUNT","UNK_INJ_DEG_COUNT","UNK_INJ_PER_COUNT","URBAN_RURAL","VAN_COUNT","VEHICLE_COUNT","WORK_ZONE_IND","WORK_ZONE_LOC","WORK_ZONE_TYPE","WORKERS_PRES","WZ_CLOSE_DETOUR","WZ_FLAGGER","WZ_LAW_OFFCR_IND","WZ_LN_CLOSURE","WZ_MOVING","WZ_OTHER","WZ_SHLDER_MDN","ROADWAY_CLEARED","WEATHER1","WEATHER2","WZ_WORKERS_INJ_KILLED","SECONDARY_CRASH","INTERSECTION_RELATED"
"1504","1","0","0","0","0","0","0","0","0","7","0","","36","06","2018","2018066532","6","40.1501","-76.6007","1504","08","0","0","0","0","0","0","0","0","","0","0","0","15","1","0","02","0","40 09:00.331","","00","76 36:02.487","0","0","0","0","36407","0","0","0","N","0","0","0","1","36407","0","","2","01","N","N","0","","0","0","0","3","3","","1504","0","1","0","0","0","0","0","2","0","1","N","","","","","","","","","","","","03","  ","","",""
"1752","1","0","0","0","0","0","0","0","0","4","0","","36","06","2018","2018066548","4","40.0917","-76.2185","1743","08","0","0","0","1","0","1","0","0","1","0","0","0","17","1","0","02","1","40 05:30.011","1","00","76 13:06.513","0","0","0","0","36234","0","0","0","N","0","0","0","2","36215","0","","1","01","N","N","1","","0","0","0","3","3","N","1741","0","2","0","0","0","0","0","1","0","2","N","","","","","","","","","","","","03","  ","","",""
"2320","2","0","0","0","0","0","0","0","0","4","0","","36","06","2018","2018066549","5","40.0152","-76.1561","2310","08","0","0","0","0","0","0","0","0","1","0","0","0","23","3","0","01","1","40 00:54.734","6","00","76 09:21.914","0","0","0","0","36215","0","0","0","N","0","0","0","2","36215","0","","1","01","N","N","0","","0","0","0","0","0","N","2308","0","2","0","0","0","0","0","1","0","2","N","","","","","","","","","","","","03","  ","","",""
"1313","2","0","0","0","0","0","0","0","0","4","0","","36","05","2018","2018066550","2","40.0745","-76.4927","1302","08","0","0","0","0","0","0","0","0","3","0","0","0","13","1","5","05","1","40 04:28.272","7","00","76 29:33.812","8","0","0","0","36230","0","0","0","N","0","0","0","6","36410","0","","1","01","N","N","0","","0","0","0","3","3","Y","1300","5","2","0","0","0","5","0","1","0","2","N","","","","","","","","","","","","03","  ","","",""
"1602","1","0","0","0","0","0","0","0","0","4","0","","36","06","2018","2018066551","3","40.1668","-76.4011","1602","08","0","0","0","0","0","0","1","0","1","0","0","0","16","1","0","01","2","40 10:00.414","6","00","76 24:04.077","0","0","0","0","36410","0","0","0","N","0","0","0","3","36410","0","","1","01","N","N","0","","0","0","0","3","3","Y","1600","0","2","0","0","0","0","0","2","1","2","N","","","","","","","","","","","","03","  ","","",""
"0315","1","0","0","0","0","0","0","0","0","7","0","","36","06","2018","2018066666","7","40.0382","-76.3182","0312","08","0","0","0","0","0","0","0","0","","0","0","0","03","3","0","03","0","40 02:17.651","","00","76 19:05.561","0","0","0","0","36301","0","0","0","N","0","0","0","1","36301","0","","5","09","N","N","0","","0","0","0","0","0","","0311","0","1","0","0","0","0","0","3","0","1","N","","","","","","","","","","","","07","  ","","",""
"1654","1","0","0","0","0","0","0","0","0","4","0","","36","06","2018","2018066672","2","40.0711","-76.2918","1650","08","1","0","0","0","0","0","0","1","1","0","0","0","16","1","2","01","2","40 04:15.780","6","00","76 17:30.397","3","0","0","0","36101","0","0","0","N","0","0","0","4","36101","0","","1","01","N","N","0","","2","0","1","3","3","N","1650","2","2","0","0","0","0","0","3","0","2","N","","","","","","","","","","","","03","  ","","",""
"0818","3","0","0","0","0","0","0","0","0","5","0","","36","04","2018","2018066710","1","40.0392","-76.309","0818","08","0","0","0","0","0","0","0","0","1","0","0","0","08","1","1","00","1","40 02:21.184","4","00","76 18:32.294","8","0","0","0","36301","0","0","0","N","0","0","0","2","36301","0","","6","01","N","N","0","","0","0","0","3","3","N","0818","1","3","0","0","0","1","1","3","0","3","N","","","","","","","","","","","","03","  ","","",""
"1253","2","0","0","0","0","0","0","0","0","4","0","","36","06","2018","2018066747","6","40.1529","-76.0779","1245","08","0","0","0","0","0","0","1","0","1","0","0","0","12","1","0","02","1","40 09:10.463","5","00","76 04:40.442","0","0","0","0","36209","0","0","0","N","0","0","0","2","36415","0","","1","01","N","N","0","","0","0","0","3","3","Y","1244","0","2","0","0","0","0","0","1","0","2","N","","","","","","","","","","","","03","  ","","",""
"1124","1","0","0","0","0","0","0","0","0","1","0","","36","06","2018","2018066751","7","40.1442","-76.5555","1123","08","0","0","0","0","0","2","0","0","","0","0","0","11","1","0","01","0","40 08:38.966","","02","76 33:19.628","0","0","0","0","36225","0","0","0","N","0","0","0","3","36505","0","","1","09","N","N","1","","0","0","0","3","2","Y","1120","0","3","0","0","0","0","0","2","1","3","N","","","","","","","","","","","","07","  ","","",""
"1140","2","0","0","0","0","0","0","0","0","1","0","","36","06","2018","2018066768","7","40.1722","-76.6036","1137","08","0","0","0","0","1","1","0","0","2","0","0","0","11","1","1","00","1","40 10:19.908","5","00","76 36:13.066","3","0","0","0","36225","0","0","0","N","0","0","0","7","36505","0","","1","09","N","N","0","","1","0","0","0","0","N","1130","1","2","0","0","0","0","0","2","0","2","N","","","","","","","","","","","","03","  ","","",""
"0857","1","0","0","0","0","0","0","0","0","7","0","","36","06","2018","2018066778","7","40.2601","-76.1822","0854","08","0","0","0","0","0","0","0","0","","0","0","0","08","1","0","00","0","40 15:36.450","","00","76 10:55.985","0","0","0","0","36236","0","0","0","N","0","0","0","1","36408","0","","2","09","N","N","0","","0","0","0","0","0","","0849","0","1","0","0","0","0","0","1","0","1","N","","","","","","","","","","","","03","  ","","",""
"1149","0","0","1","0","0","0","0","0","0","1","0","","36","06","2018","2018066782","7","40.1655","-76.1596","1146","08","0","0","0","0","1","0","0","0","1","0","0","0","11","1","1","03","1","40 09:55.667","3","00","76 09:34.569","2","0","0","0","36218","0","0","0","N","0","0","0","3","36408","0","","1","09","N","N","0","","0","1","3","3","2","N","1142","1","3","0","0","0","0","0","1","0","3","N","","","","","","","","","","","","03","  ","","",""
"0816","1","0","0","0","0","0","0","0","0","4","0","","36","06","2018","2018066792","7","40.0638","-76.3405","0813","08","0","0","0","0","0","0","0","0","3","0","0","0","08","1","2","01","2","40 03:49.895","4","00","76 20:25.345","4","0","0","0","36101","0","0","0","N","0","0","0","2","36101","1","","1","01","N","N","0","","0","0","1","3","2","Y","0811","2","2","0","0","0","1","0","3","0","2","N","","","","","","","","","","","","03","  ","","",""
"0816","2","0","0","0","0","0","0","0","0","4","0","","36","06","2018","2018066793","2","40.0402","-76.3152","0815","08","0","0","0","0","0","0","0","1","1","0","0","0","08","1","0","01","1","40 02:24.734","3","00","76 18:54.712","0","0","0","0","36301","0","0","0","N","0","0","0","2","36301","0","","1","01","N","N","0","","0","0","0","3","3","N","0813","0","2","0","0","0","0","0","3","0","2","N","","","","","","","","","","","","03","  ","","",""
"1225","2","0","0","0","0","0","0","0","0","1","0","","36","06","2018","2018066937","1","40.1247","-76.4688","1213","08","0","0","0","0","0","0","0","0","","0","0","0","12","1","0","00","0","40 07:28.819","","00","76 28:07.605","0","0","0","0","36230","0","0","0","N","0","0","0","2","36410","0","","1","01","N","N","0","","0","0","0","0","0","","1209","0","2","0","0","0","0","0","1","0","2","N","","","","","","","","","","","","03","  ","","",""
"1608","2","0","0","0","0","0","0","0","0","1","0","","36","06","2018","2018066886","4","40.0814","-76.3402","1605","08","0","0","0","0","0","1","0","0","1","0","0","0","16","1","0","02","1","40 04:53.203","2","00","76 20:24.568","0","0","0","0","36101","0","0","0","N","0","0","0","2","36101","0","","1","01","N","N","0","","0","0","0","3","2","N","1604","0","2","0","0","0","0","0","3","0","2","N","","","","","","","","","","","","03","  ","","",""
"1745","0","0","0","0","0","0","0","0","0","7","0","","36","06","2018","2018066925","3","40.1761","-76.141","1741","08","0","0","0","0","0","0","0","0","2","0","0","0","17","1","1","00","1","40 10:33.789","1","00","76 08:27.496","8","0","0","1","36218","0","0","0","N","0","0","0","1","36408","0","","1","01","N","N","0","","0","0","0","0","0","N","1740","1","1","0","0","0","1","0","1","0","1","N","","","","","","","","","","","","03","  ","","",""
"1131","2","0","0","0","0","0","0","0","0","1","0","","36","06","2018","2018066932","7","40.039","-76.5105","1131","08","0","0","0","0","0","0","0","0","1","0","0","0","11","1","0","01","1","40 02:20.317","2","00","76 30:37.949","0","0","0","0","36404","0","0","0","N","0","0","0","3","36404","0","","1","09","N","N","0","","0","0","0","3","2","Y","1131","0","2","0","0","0","0","0","3","0","2","N","","","","","","","","","","","","07","  ","","",""
"1352","2","0","0","0","0","0","0","0","0","1","0","","36","06","2018","2018066934","7","40.1966","-76.2014","1350","08","0","0","0","0","0","0","0","0","2","0","0","0","13","1","0","00","2","40 11:47.647","6","00","76 12:04.946","0","0","0","0","36408","0","0","0","N","0","0","0","1","36408","0","","6","01","N","N","0","","0","0","0","0","0","Y","1349","0","2","0","0","0","0","0","2","0","2","N","","","","","","","","","","","","03","  ","","",""
"1331","2","0","0","0","0","0","0","0","0","6","0","","36","06","2018","2018066997","1","40.0963","-76.446","1325","08","0","0","0","0","0","1","0","0","2","0","0","0","13","1","1","01","1","40 05:46.701","5","00","76 26:45.689","3","0","0","0","36239","0","0","0","N","0","0","0","5","36239","0","","1","01","N","N","0","","1","0","0","3","3","Y","1324","1","2","0","0","0","0","1","3","0","2","N","","","","","","","","","","","","03","  ","","",""
"1112","1","0","0","0","0","0","0","0","0","7","0","","36","06","2018","2018067003","7","40.1819","-76.3879","1104","08","1","0","0","0","0","0","0","0","2","0","0","0","11","1","0","00","2","40 10:54.856","5","00","76 23:16.609","0","0","0","0","36227","0","0","0","N","0","0","0","1","36506","0","","4","09","N","N","0","","0","0","0","0","0","Y","1104","0","1","0","0","0","0","0","1","0","1","N","","","","","","","","","","","","07","  ","","",""
"1703","2","0","0","0","0","0","0","0","0","1","0","","36","06","2018","2018067010","1","40.1858","-76.4096","1700","08","0","0","0","0","0","0","0","0","2","0","0","0","16","1","1","00","1","40 11:08.755","1","00","76 24:34.514","3","0","0","0","36230","0","0","0","N","0","0","0","5","36410","0","","1","01","N","N","0","","1","0","0","0","0","Y","1650","1","2","0","0","0","0","0","1","0","2","N","","","","","","","","","","","","03","  ","","",""
"1750","4","0","0","0","0","0","0","0","0","1","0","","36","06","2018","2018067015","5","40.0809","-76.3497","1739","08","0","0","0","0","0","0","0","0","3","0","0","0","17","1","1","00","2","40 04:51.161","3","00","76 20:58.791","8","0","0","0","36101","0","0","0","N","0","0","0","7","36101","0","","1","01","N","N","0","","0","0","1","0","0","N","1734","1","5","0","0","0","1","0","3","0","5","N","","","","","","","","","","","","03","  ","","",""
"1332","0","0","0","0","0","0","0","0","0","1","0","","36","06","2018","2018067016","6","40.0517","-76.3214","1327","08","0","0","0","0","0","1","0","0","2","0","0","0","13","1","0","01","1","40 03:06.213","3","00","76 19:17.001","0","0","0","0","36101","0","0","0","N","0","0","0","2","36101","0","","1","01","N","N","0","","0","0","2","3","2","N","1325","0","2","0","0","0","0","0","3","0","2","N","","","","","","","","","","","","03","  ","","",""
"0912","1","0","0","0","0","0","0","0","0","4","0","","36","06","2018","2018067017","1","40.087","-76.2758","0908","08","0","0","0","0","0","1","0","0","2","0","0","0","09","1","0","02","1","40 05:13.246","3","00","76 16:32.826","0","0","0","0","36101","0","0","0","N","0","0","0","5","36101","0","","1","01","N","N","1","","0","0","1","0","0","N","0907","0","3","0","0","0","0","0","3","0","3","N","","","","","","","","","","","","03","  ","","",""
"1629","2","0","0","0","0","0","0","0","0","1","0","","36","06","2018","2018067034","1","40.0485","-76.2941","1624","08","0","0","0","0","0","2","0","0","","0","0","0","16","1","1","01","0","40 02:54.467","","00","76 17:38.677","3","0","0","0","36301","0","0","0","N","0","0","0","2","36301","0","","1","01","N","N","0","","1","0","0","3","2","","1623","1","2","0","0","0","0","0","3","0","2","N","","","","","","","","","","","","03","  ","","",""
"1823","0","0","0","0","0","0","0","0","0","7","0","","36","06","2018","2018067046","1","40.2014","-76.1201","1815","08","0","0","0","0","0","1","0","0","2","0","0","0","18","1","1","00","1","40 12:04.936","1","00","76 07:12.506","3","0","0","0","36210","0","0","0","Y","0","0","0","2","36210","0","","5","01","N","N","0","","1","0","0","0","0","N","1814","1","1","0","0","0","0","0","1","1","1","N","","","","","","","","","","","","03","  ","","",""
"0559","1","0","0","0","0","0","0","0","0","8","0","","36","06","2018","2018067165","5","40.0403","-76.3143","0556","08","0","0","0","0","0","1","0","0","2","0","0","0","05","5","1","00","2","40 02:25.034","3","00","76 18:51.467","3","0","0","0","36301","1","0","0","N","1","0","0","2","36301","0","","1","01","N","N","0","","1","0","0","0","0","Y","0556","1","2","0","0","0","0","0","3","0","1","N","","","","","","","","","","","","03","  ","","",""
"1158","1","0","0","0","0","0","0","0","0","4","0","","36","06","2018","2018067184","1","40.0294","-76.3235","1129","08","0","0","0","0","0","1","0","0","","0","0","0","11","1","0","00","0","40 01:45.752","","00","76 19:24.763","0","0","0","0","36220","0","0","0","N","0","0","0","2","36101","0","","1","01","N","N","0","","0","0","0","0","0","","1129","0","2","0","0","0","0","0","3","1","2","N","","","","","","","","","","","","03","  ","","",""
"1515","0","0","0","0","0","0","0","0","0","9","0","","36","06","2018","2018067185","1","40.0694","-76.2876","1512","08","0","0","0","0","0","1","0","0","","0","0","0","15","1","1","00","0","40 04:09.788","","00","76 17:15.475","3","0","0","1","36101","0","0","0","N","0","0","0","1","36101","0","","1","01","N","N","0","","1","0","0","0","0","","1510","1","1","0","0","0","0","0","3","0","1","N","","","","","","","","","","","","03","  ","","",""
"1214","0","0","0","0","0","0","0","0","0","7","0","","36","06","2018","2018067186","1","40.0895","-76.4139","1208","08","0","0","0","0","0","1","0","0","","0","0","0","12","1","1","00","0","40 05:22.180","","00","76 24:49.860","2","0","1","1","36214","0","0","0","N","0","0","0","1","36214","0","","5","01","N","N","0","","0","1","0","0","0","","1205","1","1","0","0","0","0","0","3","0","1","N","","","","","","","","","","","","03","  ","","",""
"1352","1","0","0","0","0","0","0","0","0","6","1","","36","06","2018","2018067187","6","40.0857","-76.3541","1347","08","0","0","0","0","0","2","0","0","","0","1","0","13","1","1","00","0","40 05:08.570","","00","76 21:14.680","3","0","0","0","36214","0","0","0","N","0","0","0","2","36214","0","","1","01","N","N","0","","1","0","0","3","2","","1345","1","2","0","0","0","0","0","3","0","2","N","","","","","","","","","","","","03","  ","","",""
"1636","1","0","0","0","0","0","0","0","0","4","0","","36","06","2018","2018067188","4","40.0411","-76.3909","1528","08","0","1","0","0","0","0","0","0","","0","0","0","15","1","0","00","0","40 02:27.838","","00","76 23:27.110","0","0","0","0","36223","0","0","0","N","0","0","0","2","36223","0","","1","01","N","N","0","","0","0","1","3","3","","1516","0","2","0","0","0","0","0","1","0","2","N","","","","","","","","","","","","03","  ","","",""
"1157","3","0","0","0","0","0","0","0","0","4","0","","36","06","2018","2018067189","5","40.0378","-76.3637","1154","08","0","0","0","0","1","1","0","0","1","0","0","0","11","1","3","01","2","40 02:16.155","5","00","76 21:49.258","4","0","0","0","36223","0","0","0","N","0","0","0","3","36223","3","","1","01","N","N","0","","0","0","0","3","3","Y","1154","3","3","0","0","0","0","0","1","0","3","N","","","","","","","","","","","","03","  ","","",""
"1030","0","0","0","0","0","0","0","0","0","7","1","25","36","06","2018","2018067190","5","39.9828","-76.1757","1027","08","0","0","0","0","0","0","0","0","","0","1","0","10","1","0","00","0","39 58:57.910","","00","76 10:32.490","0","0","0","0","36417","0","0","0","N","0","0","0","1","36417","0","","5","01","N","N","0","","0","0","0","3","7","","1025","0","1","0","0","0","0","0","1","0","1","Y","4","2","Y","N","Y","N","N","Y","N","N","","03","  ","","",""
"1509","1","0","0","0","0","0","0","0","0","7","0","","36","06","2018","2018067195","6","40.2085","-76.2244","1458","08","0","0","0","0","0","0","0","0","2","0","0","0","14","1","0","00","2","40 12:30.563","6","00","76 13:27.729","9","0","0","0","36204","0","0","0","N","0","0","0","1","36506","0","","5","01","N","N","0","","0","0","0","0","0","Y","1458","0","1","0","0","0","0","1","1","0","1","N","","","","","","","","","","","","03","  ","","",""
"1545","2","0","0","0","0","0","0","0","0","4","0","","36","06","2018","2018067196","3","40.1343","-76.3094","1538","08","0","0","1","0","0","1","0","0","","0","0","0","15","1","0","01","0","40 08:03.325","","00","76 18:33.890","0","0","0","0","36235","0","0","0","N","0","0","0","4","36506","0","","1","01","N","N","0","","0","0","0","0","0","","1538","0","2","0","0","0","0","0","1","0","2","N","","","","","","","","","","","","03","  ","","",""
"1600","2","0","0","0","0","0","0","0","0","4","0","","36","06","2018","2018067266","1","40.0251","-76.3088","1600","08","0","0","0","0","0","0","0","0","1","0","0","0","15","1","2","02","1","40 01:30.428","7","00","76 18:31.741","3","0","0","0","36301","0","0","0","N","0","0","0","3","36301","0","","1","01","N","N","0","","2","0","0","3","3","Y","1559","2","2","0","0","0","0","0","3","0","2","N","","","","","","","","","","","","03","  ","","",""
"1206","1","0","0","0","0","0","0","0","0","1","0","","36","06","2018","2018067277","2","40.0459","-76.2889","1146","08","0","0","0","0","1","0","0","0","","0","0","0","11","1","0","00","0","40 02:45.330","","00","76 17:20.219","0","0","0","0","36301","0","0","0","N","0","0","0","1","36301","0","","4","01","N","N","0","","0","0","1","0","0","","1144","0","2","0","0","0","0","0","3","0","2","N","","","","","","","","","","","","03","  ","","",""
"1055","0","0","0","0","0","0","0","0","0","7","0","","36","06","2018","2018067364","2","40.0271","-76.2673","1052","08","0","0","0","0","0","0","1","0","2","0","0","0","10","1","1","02","1","40 01:37.653","5","00","76 16:02.351","3","0","0","0","36240","0","0","0","N","0","0","0","1","36240","0","","5","01","N","N","0","","1","0","1","3","3","N","1050","1","1","0","0","0","0","0","1","0","1","N","","","","","","","","","","","","03","  ","","",""
"1640","0","0","0","0","0","0","0","0","0","4","0","","36","06","2018","2018067388","5","40.1505","-76.0281","1634","08","0","0","0","0","0","1","0","1","2","0","0","0","16","1","1","01","2","40 09:01.638","7","00","76 01:41.060","8","0","0","0","36213","0","0","0","N","0","0","0","3","36213","0","","1","01","N","N","1","","0","0","1","3","3","Y","1632","1","2","0","0","0","1","1","1","0","2","N","","","","","","","","","","","","03","  ","","",""
"1957","1","0","0","0","0","0","0","0","0","4","1","","36","06","2018","2018067401","7","40.1063","-76.3544","1952","08","0","0","0","0","0","1","0","0","3","0","1","0","19","1","0","01","2","40 06:22.809","3","00","76 21:16.002","0","0","0","0","36406","0","0","0","N","0","0","0","3","36101","0","","1","01","N","N","0","","0","0","1","3","2","N","1950","0","3","0","0","0","0","0","3","0","3","N","","","","","","","","","","","","03","  ","","",""
"0012","1","0","0","0","0","0","0","0","0","7","0","","36","06","2018","2018067402","6","40.1052","-76.2391","0006","08","0","0","1","0","0","0","0","0","","0","0","0","00","2","0","00","0","40 06:18.631","","00","76 14:20.679","0","0","0","0","36101","0","0","0","N","0","0","0","1","36101","0","","4","01","N","N","0","","0","0","0","0","0","","0003","0","1","0","0","0","0","0","3","0","1","N","","","","","","","","","","","","03","  ","","",""
"1845","2","0","0","0","0","0","0","0","0","4","0","","36","06","2018","2018067403","7","40.1136","-76.2496","1843","08","0","0","0","0","0","0","0","0","2","0","0","0","18","1","2","02","2","40 06:48.809","6","00","76 14:58.642","3","0","0","0","36101","0","0","0","N","0","0","0","2","36101","0","","1","01","N","N","0","","2","0","0","3","3","Y","1840","2","2","0","0","0","0","0","3","0","2","N","","","","","","","","","","","","03","  ","","",""
"1421","0","0","0","0","0","0","0","0","0","7","0","","36","06","2018","2018067487","2","40.1803","-76.2111","1418","08","0","0","0","0","0","1","0","0","2","0","0","0","14","1","1","00","2","40 10:49.083","5","00","76 12:39.839","2","0","0","0","36218","0","0","0","N","0","0","0","1","36408","0","","5","01","N","N","0","","0","1","1","0","0","Y","1416","1","1","0","1","1","0","0","1","0","1","N","","","","","","","","","","","","03","  ","","",""
"1514","0","0","0","0","0","0","0","0","0","5","2","","36","06","2018","2018067605","5","40.0987","-76.4108","1508","08","0","0","0","0","0","1","0","0","2","0","2","0","15","1","0","00","2","40 05:55.165","4","01","76 24:38.959","0","0","0","0","36214","0","0","0","N","0","0","0","2","36214","0","","1","01","N","N","0","","0","0","0","0","0","N","1505","0","2","0","0","1","0","0","3","0","2","N","","","","","","","","","","","","03","  ","","",""
"1557","2","0","0","0","0","0","0","0","0","1","0","","36","06","2018","2018067606","5","40.102","-76.3869","1550","08","0","0","0","0","0","0","0","1","","0","0","0","15","1","0","02","0","40 06:07.146","","00","76 23:12.998","0","0","0","0","36214","0","0","0","N","0","0","0","2","36214","0","","1","01","N","N","0","","0","0","0","0","0","","1550","0","2","0","0","0","0","0","3","0","2","N","","","","","","","","","","","","03","  ","","",""
"1312","1","0","0","0","0","0","0","0","0","4","0","","36","06","2018","2018067607","5","40.0305","-76.3559","1253","08","0","0","0","0","0","1","0","0","","0","0","0","12","1","0","01","0","40 01:49.695","","00","76 21:21.182","0","0","0","0","36223","0","0","0","N","0","0","0","3","36223","0","","1","01","N","N","0","","0","0","1","9","3","","1252","0","2","0","0","0","0","0","1","0","2","N","","","","","","","","","","","","03","  ","","",""
"1603","1","0","0","0","0","0","0","0","0","4","0","","36","06","2018","2018067608","1","40.0315","-76.3608","1603","08","0","0","0","0","0","0","0","0","","0","0","0","16","1","0","03","0","40 01:53.274","","00","76 21:38.852","0","0","0","0","36223","0","0","0","N","0","0","0","7","36223","0","","1","01","N","N","1","","0","0","0","3","3","","1603","0","2","0","0","0","0","0","1","0","2","N","","","","","","","","","","","","03","  ","","",""
"1241","1","0","0","0","0","0","0","0","0","4","0","","36","06","2018","2018067668","4","40.0936","-76.5793","1235","08","0","0","0","0","0","0","0","1","2","0","0","0","12","1","1","03","1","40 05:36.834","3","00","76 34:45.645","3","0","0","0","36211","0","0","0","N","0","0","0","2","36504","0","","1","01","N","N","1","","1","0","0","3","2","N","1232","1","2","0","0","0","0","0","1","0","2","N","","","","","","","","","","","","03","  ","","",""
"0547","0","0","0","0","0","0","0","0","0","7","0","","36","06","2018","2018067703","3","39.9784","-76.2891","0545","08","0","0","0","1","0","0","0","0","","0","0","0","05","1","0","00","0","39 58:42.224","","00","76 17:20.658","0","0","0","0","36228","0","0","0","N","0","0","0","1","36503","0","","5","01","N","N","1","","0","0","0","0","0","N","0530","0","1","0","0","0","0","0","1","0","1","N","","","","","","","","","","","","03","  ","","",""
"1616","1","0","0","0","0","0","0","0","0","0","0","","36","06","2018","2018067717","3","40.2309","-76.124","1607","08","0","0","0","0","0","0","0","0","","0","0","0","16","1","0","00","0","40 13:50.529","","00","76 07:24.018","0","0","0","0","36210","0","0","0","N","0","0","0","1","68T06","0","","4","01","N","N","0","","0","0","0","0","0","","1607","0","1","0","0","0","0","0","1","0","1","N","","","","","","","","","","","","03","  ","","",""
"1926","1","0","0","0","0","0","0","0","0","7","0","","36","06","2018","2018067718","3","40.2434","-76.1539","1907","08","0","0","0","0","0","0","0","0","","0","0","0","19","1","0","00","0","40 14:36.187","","00","76 09:13.947","0","0","0","0","36236","0","0","0","N","0","0","0","1","68T06","0","","4","09","N","N","0","","0","0","0","0","0","","1907","0","1","0","0","0","0","0","1","0","1","N","","","","","","","","","","","","07","  ","","",""
"1514","0","0","0","0","0","0","0","0","0","7","0","","36","06","2018","2018067724","4","40.2357","-76.2847","1500","08","0","0","0","0","0","1","0","0","2","0","0","0","15","1","1","00","1","40 14:08.488","4","00","76 17:04.849","3","0","0","0","36217","0","0","0","N","0","0","0","1","68T06","0","","3","01","N","N","0","","1","0","1","0","0","N","1500","1","1","0","0","1","0","0","1","0","1","N","","","","","","","","","","","","03","  ","","",""
"0725","0","0","0","0","0","0","0","0","0","9","0","","36","06","2018","2018067730","7","40.2194","-76.0853","0712","08","0","0","0","0","0","0","0","0","","0","0","0","07","1","0","00","0","40 13:10.611","","00","76 05:09.462","0","0","0","0","36210","0","0","0","N","0","0","0","3","68T06","0","","1","01","N","N","0","","0","0","1","0","0","","0712","0","1","0","0","0","0","0","1","0","1","N","","","","","","","","","","","","03","  ","","",""
"1304","2","0","0","0","0","0","0","0","0","4","0","","36","06","2018","2018067777","1","40.0428","-76.2899","1302","08","0","0","0","0","0","0","0","1","","0","0","0","13","1","1","01","0","40 02:34.216","","00","76 17:23.632","8","0","0","0","36301","0","0","0","N","0","0","0","2","36301","0","","1","01","N","N","0","","0","0","0","3","3","","1300","1","2","0","0","0","1","0","3","0","2","N","","","","","","","","","","","","03","  ","","",""
"1707","3","0","0","0","0","0","0","0","0","1","0","","36","06","2018","2018067793","5","40.1844","-76.6009","1701","08","0","0","0","0","0","1","0","0","2","0","0","0","16","1","0","01","1","40 11:03.662","1","00","76 36:03.272","0","0","0","0","36225","0","0","0","N","0","0","0","3","36505","0","","1","01","N","N","0","","0","0","0","0","0","N","1655","0","3","0","0","0","0","0","2","0","3","N","","","","","","","","","","","","03","  ","","",""
"0802","2","0","0","0","0","0","0","0","0","1","0","","36","06","2018","2018067829","2","40.0611","-76.3563","0746","08","0","0","0","1","0","1","0","0","","0","0","0","07","1","0","00","0","40 03:39.907","","00","76 21:22.703","0","0","0","0","36214","0","0","0","N","0","0","0","2","36214","0","","1","01","N","N","0","","0","0","0","0","0","","0740","0","2","0","0","0","0","0","3","0","2","N","","","","","","","","","","","","03","  ","","",""
"2150","1","0","0","0","0","0","0","0","0","1","1","","36","06","2018","2018067830","2","40.0834","-76.3656","2145","08","0","0","0","0","1","0","0","0","2","0","1","0","21","2","0","00","2","40 05:00.412","4","00","76 21:56.252","0","0","0","0","36214","0","0","0","N","0","0","0","4","36214","0","","1","01","N","N","0","","0","0","2","0","0","Y","2145","0","4","0","0","0","0","0","3","0","4","N","","","","","","","","","","","","03","  ","","",""