"ARRIVAL_TM","AUTOMOBILE_COUNT","BELTED_DEATH_COUNT","BELTED_SUSP_SERIOUS_INJ_COUNT","BICYCLE_COUNT","BICYCLE_DEATH_COUNT","BICYCLE_SUSP_SERIOUS_INJ_COUNT","BUS_COUNT","CHLDPAS_DEATH_COUNT","CHLDPAS_SUSP_SERIOUS_INJ_COUNT","COLLISION_TYPE","COMM_VEH_COUNT","CONS_ZONE_SPD_LIM","COUNTY","CRASH_MONTH","CRASH_YEAR","CRN","DAY_OF_WEEK","DEC_LAT","DEC_LONG","DISPATCH_TM","DISTRICT","DRIVER_COUNT_16YR","DRIVER_COUNT_17YR","DRIVER_COUNT_18YR","DRIVER_COUNT_19YR","DRIVER_COUNT_20YR","DRIVER_COUNT_50_64YR","DRIVER_COUNT_65_74YR","DRIVER_COUNT_75PLUS","EST_HRS_CLOSED","FATAL_COUNT","HEAVY_TRUCK_COUNT","HORSE_BUGGY_COUNT","HOUR_OF_DAY","ILLUMINATION","INJURY_COUNT","INTERSECT_TYPE","LANE_CLOSED","LATITUDE","LN_CLOSE_DIR","LOCATION_TYPE","LONGITUDE","MAX_SEVERITY_LEVEL","MCYCLE_DEATH_COUNT","MCYCLE_SUSP_SERIOUS_INJ_COUNT","MOTORCYCLE_COUNT","MUNICIPALITY","NONMOTR_COUNT","NONMOTR_DEATH_COUNT","NONMOTR_SUSP_SERIOUS_INJ_COUNT","NTFY_HIWY_MAINT","PED_COUNT","PED_DEATH_COUNT","PED_SUSP_SERIOUS_INJ_COUNT","PERSON_COUNT","POLICE_AGCY","POSSIBLE_INJ_COUNT","RDWY_SURF_TYPE_CD","RELATION_TO_ROAD","ROAD_CONDITION","SCH_BUS_IND","SCH_ZONE_IND","SMALL_TRUCK_COUNT","SPEC_JURIS_CD","SUSP_MINOR_INJ_COUNT","SUSP_SERIOUS_INJ_COUNT","SUV_COUNT","TCD_FUNC_CD","TCD_TYPE","TFC_DETOUR_IND","TIME_OF_DAY","TOT_INJ_COUNT","TOTAL_UNITS","UNB_DEATH_COUNT","UNB_SUSP_SERIOUS_INJ_COUNT","UNBELTED_OCC_COUNT","UNK_INJ_DEG_COUNT","UNK_INJ_PER_COUNT","URBAN_RURAL","VAN_COUNT","VEHICLE_COUNT","WORK_ZONE_IND","WORK_ZONE_LOC","WORK_ZONE_TYPE","WORKERS_PRES","WZ_CLOSE_DETOUR","WZ_FLAGGER","WZ_LAW_OFFCR_IND","WZ_LN_CLOSURE","WZ_MOVING","WZ_OTHER","WZ_SHLDER_MDN","ROADWAY_CLEARED","WEATHER1","WEATHER2","WZ_WORKERS_INJ_KILLED","SECONDARY_CRASH","INTERSECTION_RELATED"
"1309","2","0","0","0","0","0","0","0","0","1","0","","36","06","2018","2018067877","7","40.1602","-76.203","1307","08","0","0","0","0","0","0","1","0","1","0","0","0","13","1","0","01","1","40 09:36.872","7","00","76 12:10.654","0","0","0","0","36402","0","0","0","N","0","0","0","2","36402","0","","1","01","N","N","0","","0","0","0","0","0","N","1301","0","2","0","0","0","0","0","2","0","2","N","","","","","","","","","","","","03","  ","","",""
"1620","2","0","0","0","0","0","0","0","0","1","0","","36","06","2018","2018067884","4","40.1159","-76.4998","1618","08","0","0","0","0","0","1","0","0","3","0","0","0","16","1","1","02","1","40 06:57.074","5","00","76 29:59.351","8","0","0","0","36225","0","0","0","N","0","0","0","5","36505","0","","1","01","N","N","0","","0","0","0","0","0","N","1617","1","2","0","0","0","1","0","2","0","2","N","","","","","","","","","","","","03","  ","","",""
"1620","3","0","0","0","0","0","0","0","0","4","1","","36","06","2018","2018067887","4","40.1159","-76.4998","1618","08","0","0","0","0","0","1","0","1","3","0","0","0","16","1","1","02","1","40 06:57.074","5","00","76 29:59.351","8","0","0","0","36225","0","0","0","N","0","0","0","4","36505","0","","1","01","N","N","1","","0","0","0","0","0","N","1617","1","4","0","0","0","1","0","2","0","4","N","","","","","","","","","","","","03","  ","","",""
"1258","2","0","0","0","0","0","0","0","0","4","0","","36","06","2018","2018067888","6","40.035","-76.4979","1255","08","0","0","0","0","0","0","0","1","","0","0","0","12","1","1","01","0","40 02:05.845","","00","76 29:52.382","3","0","0","0","36404","0","0","0","N","0","0","0","2","36404","0","","1","01","N","N","0","","1","0","0","3","3","","1255","1","2","0","0","0","0","0","3","0","2","N","","","","","","","","","","","","03","  ","","",""
"1710","0","0","0","0","0","0","0","0","0","7","0","","36","06","2018","2018067976","2","40.2663","-76.1219","1705","08","0","0","0","0","0","0","0","0","2","0","0","0","17","1","0","00","1","40 15:58.700","6","00","76 07:18.767","0","0","0","0","36236","0","0","0","N","0","0","0","1","36408","0","","2","01","N","N","0","","0","0","1","0","0","N","1700","0","1","0","0","0","0","0","1","0","1","N","","","","","","","","","","","","03","  ","","",""
"1203","1","0","0","0","0","0","0","0","0","1","0","25","36","06","2018","2018067987","5","40.0186","-76.3218","1158","08","0","0","0","0","0","1","0","0","2","0","0","0","11","1","0","00","1","40 01:06.981","6","00","76 19:18.339","0","0","0","0","36220","0","0","0","N","0","0","0","2","36101","0","","1","01","N","N","0","","0","0","0","3","7","Y","1150","0","2","0","0","0","0","0","3","1","2","Y","4","2","Y","N","Y","N","N","Y","N","Y","","03","  ","","",""
"1610","0","0","0","0","0","0","0","0","0","1","0","","36","06","2018","2018067988","4","40.0729","-76.2869","1606","08","0","0","0","0","0","1","0","0","","0","0","0","16","1","2","00","0","40 04:22.437","","00","76 17:12.979","3","0","0","0","36101","0","0","0","N","0","0","0","4","36101","0","","1","01","N","N","0","","2","0","2","0","0","","1603","2","3","0","0","0","0","0","3","0","2","N","","","","","","","","","","","","03","  ","","",""
"1247","1","0","0","0","0","0","0","0","0","4","0","","36","06","2018","2018067989","5","40.06","-76.2846","1236","08","0","0","0","0","0","1","0","0","","0","0","0","12","1","0","01","0","40 03:36.140","","00","76 17:04.408","0","0","0","0","36101","0","0","0","N","0","0","0","2","36101","0","","1","01","N","N","0","","0","0","0","3","2","","1234","0","2","0","0","0","0","0","3","1","2","N","","","","","","","","","","","","03","  ","","",""
"1823","0","0","0","0","0","0","0","0","0","0","0","","36","06","2018","2018067990","5","40.0788","-76.2806","1816","08","0","0","0","0","0","1","0","0","","0","0","0","18","1","0","00","0","40 04:43.808","","00","76 16:50.158","0","0","0","0","36101","0","0","0","N","0","0","0","2","36101","0","","1","01","N","N","0","","0","0","1","0","0","","1813","0","2","0","0","0","0","0","3","1","2","N","","","","","","","","","","","","03","  ","","",""
"1826","2","0","0","0","0","0","0","0","0","4","0","","36","06","2018","2018067991","2","40.0638","-76.3405","1814","08","0","0","0","0","0","0","0","1","2","0","0","0","18","1","2","01","1","40 03:49.895","4","00","76 20:25.345","4","0","0","0","36101","0","0","0","N","0","0","0","2","36101","2","","1","01","N","N","0","","0","0","0","3","2","N","1810","2","2","0","0","0","0","0","3","0","2","N","","","","","","","","","","","","03","  ","","",""
"1056","1","0","0","0","0","0","0","0","0","4","0","","36","06","2018","2018067992","3","40.0698","-76.3168","1056","08","0","0","0","0","0","1","0","0","2","0","0","0","10","1","0","01","2","40 04:11.407","2","00","76 19:01.471","0","0","0","0","36101","0","0","0","N","0","0","0","2","36101","0","","1","01","N","N","1","","0","0","0","3","2","Y","1053","0","2","0","0","0","0","0","3","0","2","N","","","","","","","","","","","","03","  ","","",""
"0710","1","0","0","0","0","0","0","0","0","1","0","","36","06","2018","2018067993","6","40.0545","-76.3967","0710","08","0","0","0","0","0","0","0","0","","0","0","0","07","1","0","00","0","40 03:16.130","","00","76 23:48.240","0","0","0","0","36214","0","0","0","N","0","0","0","1","36214","0","","6","01","N","N","0","","0","0","0","0","0","","0705","0","2","0","0","0","0","0","3","0","2","N","","","","","","","","","","","","03","  ","","",""
"1625","1","0","0","0","0","0","0","0","0","7","1","","36","06","2018","2018067994","3","40.0834","-76.3656","1621","08","0","0","0","0","0","0","1","0","2","0","1","0","16","1","0","00","1","40 05:00.412","4","00","76 21:56.252","0","0","0","0","36214","0","0","0","N","0","0","0","2","36214","0","","3","01","N","N","0","","0","0","0","0","0","N","1621","0","2","0","0","0","0","0","3","0","2","N","","","","","","","","","","","","03","  ","","",""
"1835","0","0","0","0","0","0","0","0","0","1","0","","36","06","2018","2018067995","3","40.1666","-76.3906","1826","08","0","0","0","0","0","0","0","0","1","0","0","0","18","1","0","02","1","40 09:59.663","3","00","76 23:26.134","0","0","0","0","36410","0","0","0","N","0","0","0","3","36410","0","","1","01","N","N","3","","0","0","0","0","0","Y","1826","0","3","0","0","0","0","0","2","0","3","N","","","","","","","","","","","","03","  ","","",""
"1259","1","0","0","0","0","0","0","0","0","7","0","","36","06","2018","2018067996","2","40.1898","-76.4301","1255","08","0","0","0","0","0","0","0","0","","0","0","0","12","1","0","00","0","40 11:23.150","","00","76 25:48.180","0","0","0","0","36230","0","0","0","N","0","0","0","1","36410","0","","5","01","N","N","0","","0","0","0","0","0","","1253","0","1","0","0","0","0","0","1","0","1","N","","","","","","","","","","","","03","  ","","",""
"0036","1","0","0","0","0","0","0","0","0","7","0","","36","06","2018","2018068003","4","40.1278","-76.3607","0036","08","0","0","0","1","0","0","0","0","2","0","0","0","00","2","0","00","1","40 07:40.036","4","00","76 21:38.602","0","0","0","0","36227","0","0","0","N","0","0","0","1","36506","0","","5","01","N","N","0","","0","0","0","0","0","N","0036","0","1","0","0","0","0","0","1","0","1","N","","","","","","","","","","","","03","  ","","",""
"0651","1","0","0","0","0","0","0","0","0","7","0","","36","06","2018","2018068035","4","40.0972","-76.0213","0632","08","0","0","0","0","0","0","0","0","1","0","0","0","06","1","0","02","1","40 05:49.781","1","00","76 01:16.614","0","0","0","0","36213","0","0","0","N","0","0","0","1","36213","0","","2","09","N","N","0","","0","0","0","0","0","N","0615","0","1","0","0","0","0","0","1","0","1","N","","","","","","","","","","","","07","  ","","",""
"1120","1","0","0","0","0","0","0","0","0","4","0","","36","06","2018","2018068065","7","40.038","-76.3204","1117","08","0","0","0","0","0","0","0","0","1","0","0","0","11","1","0","00","1","40 02:16.797","3","00","76 19:13.428","0","0","0","0","36301","0","0","0","N","0","0","0","3","36301","0","","1","09","N","N","1","","0","0","0","0","0","N","1116","0","2","0","0","0","0","0","3","0","2","N","","","","","","","","","","","","07","  ","","",""
"2315","0","0","0","0","0","0","0","0","0","0","0","","36","05","2018","2018068085","2","40.0793","-76.5357","2306","08","0","0","0","0","0","0","0","0","1","0","0","0","23","3","1","00","1","40 04:45.444","4","00","76 32:08.574","8","0","0","1","36211","0","0","0","N","0","0","0","1","36504","0","","5","01","N","N","0","","0","0","0","0","0","N","2305","1","1","0","0","0","1","0","1","0","1","N","","","","","","","","","","","","03","  ","","",""
"1150","1","0","0","0","0","0","0","0","0","1","0","","36","06","2018","2018068129","4","40.1537","-76.2066","1145","08","0","0","1","0","0","0","0","0","1","0","0","0","11","1","0","01","1","40 09:13.304","1","00","76 12:23.606","0","0","0","0","36402","0","0","0","N","0","0","0","8","36402","0","","1","09","N","N","0","","0","0","1","0","0","N","1140","0","3","0","0","0","0","0","2","1","3","N","","","","","","","","","","","","07","  ","","",""
"1906","0","0","0","0","0","0","0","0","0","4","0","","36","06","2018","2018068187","3","40.0636","-76.4095","1906","08","0","0","0","0","0","1","0","0","1","0","0","0","19","1","0","02","1","40 03:49.080","1","00","76 24:34.236","0","0","0","0","36214","0","0","0","N","0","0","0","2","36214","0","","1","01","N","N","0","","0","0","1","3","3","N","1906","0","2","0","0","0","0","0","3","1","2","N","","","","","","","","","","","","03","  ","","",""
"1548","1","0","0","0","0","0","0","0","0","5","0","","36","06","2018","2018068201","4","40.0421","-76.3065","1524","08","0","0","0","0","0","0","0","0","","0","0","0","15","1","0","00","0","40 02:31.449","","00","76 18:23.274","0","0","0","0","36301","0","0","0","N","0","0","0","1","36301","0","","1","09","N","N","0","","0","0","0","0","0","","1507","0","3","0","0","0","0","0","3","2","3","N","","","","","","","","","","","","07","  ","","",""
"1728","0","0","0","0","0","0","0","0","0","0","0","","36","06","2018","2018068249","6","40.2273","-76.1327","1725","08","0","0","0","0","0","1","0","0","","0","0","0","17","1","1","00","0","40 13:38.291","","00","76 07:57.610","3","0","0","1","36210","0","0","0","N","0","0","0","1","36210","0","","1","01","N","N","0","","1","0","0","0","0","","1723","1","1","0","0","0","0","0","1","0","1","N","","","","","","","","","","","","03","  ","","",""
"2035","1","0","0","0","0","0","0","0","0","7","0","","36","06","2018","2018068252","6","40.0419","-76.4302","2027","08","0","0","0","0","0","1","0","0","","0","0","0","20","1","0","00","0","40 02:31.000","","00","76 25:48.800","0","0","0","0","36239","0","0","0","N","0","0","0","1","36239","0","","5","01","N","N","0","","0","0","0","0","0","N","2027","0","1","0","0","0","0","0","3","0","1","N","","","","","","","","","","","","03","  ","","",""
"2239","1","0","0","0","0","0","0","0","0","7","0","","36","06","2018","2018068254","4","40.2688","-76.1866","2236","08","0","0","0","0","1","0","0","0","","0","0","0","22","2","1","00","0","40 16:07.698","","00","76 11:11.772","3","0","0","0","36236","0","0","0","N","0","0","0","1","36408","0","","4","09","N","N","0","","1","0","0","0","0","","2234","1","1","0","0","0","0","0","1","0","1","N","","","","","","","","","","","","07","  ","","",""
"1645","1","0","0","0","0","0","0","0","0","1","0","","36","06","2018","2018068345","4","40.0904","-76.2641","1634","08","1","0","0","0","0","0","0","0","","0","0","0","16","1","0","00","0","40 05:25.383","","00","76 15:50.898","0","0","0","0","36101","0","0","0","N","0","0","0","5","36101","0","","1","09","N","N","0","","0","0","1","0","0","","1633","0","2","0","0","0","0","0","3","0","2","N","","","","","","","","","","","","07","  ","","",""
"1257","2","0","0","0","0","0","0","0","0","1","0","","36","06","2018","2018068346","7","40.0378","-76.3637","1254","08","0","0","0","0","0","0","1","0","","0","0","0","12","1","0","01","0","40 02:16.155","","00","76 21:49.258","0","0","0","0","36223","0","0","0","N","0","0","0","3","36223","0","","1","01","N","N","0","","0","0","1","0","0","","1250","0","3","0","0","0","0","0","1","0","3","N","","","","","","","","","","","","03","  ","","",""
"0951","1","0","0","0","0","0","0","0","0","4","1","","36","06","2018","2018068361","4","40.2832","-76.1873","0938","08","0","0","0","0","0","0","0","0","1","0","1","0","09","1","0","03","1","40 16:59.504","6","01","76 11:14.388","0","0","0","0","36236","0","0","0","N","0","0","0","2","36408","0","","1","98","N","N","0","","0","0","0","3","3","N","0938","0","2","0","0","0","0","0","1","0","2","N","","","","","","","","","","","","03","  ","","",""
"1046","2","0","0","0","0","0","0","0","0","1","0","","36","06","2018","2018068371","7","40.0401","-76.2952","1046","08","0","0","0","0","0","0","0","0","2","0","0","0","10","1","2","00","1","40 02:24.395","5","00","76 17:42.850","3","0","0","0","36301","0","0","0","N","0","0","0","3","36301","1","","1","01","N","N","0","","1","0","0","0","0","Y","1045","2","2","0","0","2","0","0","3","0","2","N","","","","","","","","","","","","03","  ","","",""
"1747","2","0","0","0","0","0","0","0","0","1","0","","36","06","2018","2018068381","4","40.1671","-76.1648","1742","08","0","0","0","0","0","0","0","0","2","0","0","0","17","1","0","00","1","40 10:01.498","4","00","76 09:53.302","0","0","0","0","36218","0","0","0","N","0","0","0","4","36408","0","","1","01","N","N","0","","0","0","0","0","0","N","1742","0","2","0","0","0","0","0","1","0","2","N","","","","","","","","","","","","03","  ","","",""
"1707","1","0","0","0","0","0","0","0","0","4","0","","36","06","2018","2018068396","4","40.1034","-76.4349","1700","08","0","1","0","0","0","0","0","0","","0","0","0","17","1","0","02","0","40 06:12.364","","00","76 26:05.688","0","0","0","0","36239","0","0","0","N","0","0","0","5","36239","0","","1","09","N","N","1","","0","0","0","3","3","","1700","0","2","0","0","0","0","0","3","0","2","N","","","","","","","","","","","","07","  ","","",""
"1110","1","0","0","0","0","0","0","0","0","1","0","","36","06","2018","2018068549","4","40.0525","-76.3951","1105","08","0","0","0","0","0","1","0","0","1","0","0","0","11","1","1","07","1","40 03:08.856","4","00","76 23:42.277","3","0","0","0","36214","0","0","0","N","0","0","0","4","36214","0","","1","09","N","N","1","","1","0","0","3","2","N","1100","1","2","0","0","0","0","0","3","0","2","N","","","","","","","","","","","","07","  ","","",""
"2204","2","0","0","0","0","0","0","0","0","4","0","","36","06","2018","2018068568","2","40.1568","-76.6507","2155","08","0","0","0","0","0","0","0","0","1","0","0","0","21","4","1","00","1","40 09:24.550","4","00","76 39:02.574","8","0","0","0","36237","0","0","0","N","0","0","0","2","36505","0","","1","01","N","N","0","","0","0","0","0","0","N","2140","1","2","0","0","1","1","0","1","0","2","N","","","","","","","","","","","","03","  ","","",""
"1834","1","0","0","0","0","0","0","0","0","1","0","","36","06","2018","2018068597","4","40.1628","-76.1499","1804","08","0","0","0","0","0","0","0","0","","0","0","0","18","1","0","02","0","40 09:46.485","","00","76 08:59.308","0","0","0","0","36218","0","0","0","N","0","0","0","2","36408","0","","1","09","N","N","0","","0","0","1","3","2","","1800","0","2","0","0","0","0","0","1","0","2","N","","","","","","","","","","","","03","  ","","",""
"1238","0","0","0","0","0","0","0","0","0","7","0","","36","05","2018","2018068606","1","40.2232","-76.0458","1205","08","0","0","0","0","0","1","0","0","2","0","0","0","12","1","1","00","2","40 13:23.420","3","00","76 02:44.740","8","0","0","0","36202","0","0","0","Y","0","0","0","1","68J01","0","","5","09","N","N","0","","0","0","1","0","0","N","1203","1","1","0","0","1","1","0","1","0","1","N","","","","","","","","","","","","03","  ","","",""
"1928","1","0","0","0","0","0","0","0","0","4","0","","36","06","2018","2018068704","4","40.0418","-76.2917","1924","08","0","0","0","0","0","1","0","0","2","0","0","0","19","1","0","01","2","40 02:30.552","7","00","76 17:30.138","0","0","0","0","36301","0","0","0","N","0","0","0","2","36301","0","","1","01","N","N","1","","0","0","0","3","3","Y","1920","0","2","0","0","0","0","0","3","0","2","N","","","","","","","","","","","","03","  ","","",""
"0540","1","0","0","0","0","0","0","0","0","4","0","","36","06","2018","2018068710","5","40.0566","-76.554","0526","08","0","0","0","0","0","1","0","0","2","0","0","0","05","1","0","00","2","40 03:23.588","6","00","76 33:14.400","9","0","0","0","36411","0","0","0","N","0","0","0","1","36504","0","","4","09","N","N","1","","0","0","0","0","0","Y","0524","0","2","0","0","0","0","1","1","0","2","N","","","","","","","","","","","","03","  ","","",""
"1338","2","0","0","0","0","0","0","0","0","1","0","","36","06","2018","2018068717","5","40.0387","-76.3579","1331","08","0","0","0","1","0","0","0","1","","0","0","0","13","1","0","00","0","40 02:19.457","","00","76 21:28.379","0","0","0","0","36214","0","0","0","N","0","0","0","3","36214","0","","1","01","N","N","0","","0","0","0","0","0","","1330","0","2","0","0","0","0","0","3","0","2","N","","","","","","","","","","","","03","  ","","",""
"1536","0","0","0","0","0","0","0","0","0","4","0","","36","06","2018","2018068718","5","40.0582","-76.4023","1536","08","0","0","1","0","0","1","0","0","","0","0","0","15","1","1","00","0","40 03:29.614","","00","76 24:08.330","3","0","0","1","36214","0","0","0","N","0","0","0","3","36214","0","","1","01","N","N","0","","1","0","1","0","0","","1536","1","2","0","0","0","0","0","3","0","2","N","","","","","","","","","","","","03","  ","","",""
"0810","0","0","0","0","0","0","0","0","0","4","0","","36","06","2018","2018068860","3","40.1128","-76.3965","0802","08","0","0","0","0","0","1","1","0","","0","0","0","08","1","1","01","0","40 06:45.982","","00","76 23:47.576","3","0","0","0","36214","0","0","0","N","0","0","0","3","36214","0","","1","01","N","N","1","","1","0","1","3","3","","0800","1","2","0","0","0","0","0","3","0","2","N","","","","","","","","","","","","03","  ","","",""
"0305","1","0","0","0","0","0","0","0","0","4","0","","36","06","2018","2018068948","6","40.0413","-76.3042","0301","08","0","0","0","0","0","0","0","0","","0","0","0","03","3","0","01","0","40 02:28.722","","00","76 18:15.252","0","0","0","0","36301","0","0","0","N","0","0","0","2","36301","0","","1","01","N","N","0","","0","0","1","3","2","","0301","0","2","0","0","0","0","0","3","0","2","N","","","","","","","","","","","","03","  ","","",""
"1955","2","0","0","0","0","0","0","0","0","4","0","","36","06","2018","2018069043","6","40.1217","-76.379","1948","08","0","0","0","0","0","0","0","0","2","0","0","0","19","1","0","00","1","40 07:18.255","5","00","76 22:44.495","0","0","0","0","36214","0","0","0","N","0","0","0","2","36214","0","","1","01","N","N","0","","0","0","0","0","0","Y","1945","0","2","0","0","0","0","0","3","0","2","N","","","","","","","","","","","","03","  ","","",""
"1316","1","0","0","0","0","0","0","0","0","1","0","","36","06","2018","2018069048","6","40.2125","-76.2363","1307","08","0","0","0","0","0","0","0","0","","0","0","0","13","1","1","00","0","40 12:44.822","","00","76 14:10.618","8","0","0","0","36204","0","0","0","N","0","0","0","2","36506","0","","1","01","N","N","1","","0","0","0","0","0","","1307","1","2","0","0","0","1","0","1","0","2","N","","","","","","","","","","","","03","  ","","",""
"1645","2","0","0","0","0","0","0","0","0","6","0","","36","06","2018","2018069063","6","40.0265","-76.3056","1643","08","1","0","0","0","0","0","0","0","2","0","0","0","16","1","1","00","2","40 01:35.566","2","00","76 18:20.036","3","0","0","0","36220","0","0","0","N","0","0","0","1","36301","0","","1","01","N","N","0","","1","0","0","3","8","Y","1642","1","2","0","0","0","0","0","3","0","2","N","","","","","","","","","","","","03","  ","","",""
"1744","2","0","0","0","0","0","0","0","0","1","0","","36","06","2018","2018069076","5","","","1732","08","0","0","0","0","0","0","0","0","2","0","0","0","17","1","0","00","2","","5","00","","9","0","0","0","36230","0","0","0","N","0","0","0","2","36410","0","","1","01","N","N","0","","0","0","0","0","0","Y","1730","0","2","0","0","0","0","2","1","0","2","N","","","","","","","","","","","","03","  ","","",""
"0955","1","0","0","0","0","0","0","0","0","7","0","","36","06","2018","2018069106","7","40.0027","-76.2652","0949","08","0","0","0","0","0","0","0","1","","0","0","0","09","1","0","00","0","40 00:09.882","","00","76 15:54.547","0","0","0","0","36240","0","0","0","Y","0","0","0","1","36240","0","","4","01","N","N","0","","0","0","0","0","0","","0949","0","1","0","0","0","0","0","1","0","1","N","","","","","","","","","","","","03","  ","","",""
"1146","1","0","0","0","0","0","0","0","0","1","0","","36","06","2018","2018069148","1","40.1528","-76.6069","1144","08","0","0","0","1","0","0","0","0","2","0","0","0","11","1","0","00","1","40 09:10.220","2","00","76 36:24.684","0","0","0","0","36407","0","0","0","N","0","0","0","3","36407","0","","1","01","N","N","0","","0","0","1","0","0","N","1144","0","2","0","0","0","0","0","2","0","2","N","","","","","","","","","","","","03","  ","","",""
"1626","1","0","0","0","0","0","0","0","0","1","0","","36","06","2018","2018069185","7","40.0624","-76.3531","1623","08","0","0","0","0","1","0","0","0","","0","1","0","16","1","0","02","0","40 03:44.492","","00","76 21:11.066","0","0","0","0","36214","0","0","0","N","0","0","0","4","36214","0","","1","01","N","N","0","","0","0","0","3","2","N","1623","0","2","0","0","0","0","0","3","0","2","N","","","","","","","","","","","","03","  ","","",""
"2013","2","0","0","0","0","0","0","0","0","1","0","","36","06","2018","2018069223","7","40.1602","-76.3076","2009","08","0","0","0","0","0","0","0","0","1","0","0","0","20","1","0","00","1","40 09:36.683","1","00","76 18:27.478","0","0","0","0","36409","0","0","0","N","0","0","0","1","36409","0","","6","01","N","N","0","","0","0","0","0","0","N","2009","0","2","0","0","0","0","0","3","0","2","N","","","","","","","","","","","","03","  ","","",""
"1232","0","0","0","0","0","0","0","0","0","4","0","","36","06","2018","2018069290","7","40.1505","-76.0281","1221","08","0","0","0","0","1","1","0","0","","0","0","0","12","1","0","01","0","40 09:01.638","","00","76 01:41.060","0","0","0","0","36213","0","0","0","N","0","0","0","4","36213","0","","1","01","N","N","1","","0","0","0","3","3","","1219","0","2","0","0","0","0","0","1","1","2","N","","","","","","","","","","","","03","  ","","",""
"1506","0","0","0","0","0","0","0","0","0","0","0","","36","06","2018","2018069367","7","40.0546","-76.517","1459","08","0","0","0","0","0","0","0","0","2","0","0","0","14","1","1","00","2","40 03:16.500","6","00","76 31:01.300","8","0","0","1","36239","0","0","0","N","0","0","0","1","36239","0","","1","01","N","N","0","","0","0","0","0","0","Y","1456","1","1","0","0","0","1","0","3","0","1","N","","","","","","","","","","","","03","  ","","",""
"1015","0","0","0","0","0","0","0","0","0","7","0","","36","06","2018","2018069369","6","40.0772","-76.2837","1008","08","0","0","0","0","0","1","0","0","","0","0","0","10","1","0","00","0","40 04:37.766","","00","76 17:01.213","0","0","0","0","36101","0","0","0","N","0","0","0","3","36101","0","","4","01","N","N","0","","0","0","1","0","0","","1003","0","1","0","0","0","0","0","3","0","1","N","","","","","","","","","","","","03","  ","","",""
"1841","2","0","0","0","0","0","0","0","0","1","0","","36","06","2018","2018069370","6","40.0628","-76.3659","1829","08","0","1","0","0","0","0","0","0","","0","0","0","18","1","0","02","0","40 03:46.136","","00","76 21:57.103","0","0","0","0","36214","0","0","0","N","0","0","0","2","36214","0","","1","01","N","N","0","","0","0","0","0","0","","1827","0","2","0","0","0","0","0","3","0","2","N","","","","","","","","","","","","03","  ","","",""
"0112","1","0","0","0","0","0","0","0","0","7","0","","36","06","2018","2018069372","7","40.0408","-76.4062","0109","08","0","0","0","0","0","0","0","0","","0","0","0","01","2","1","00","0","40 02:26.900","","00","76 24:22.350","3","0","0","0","36214","0","0","0","N","0","0","0","1","36214","0","","4","01","N","N","0","","1","0","0","0","0","","0107","1","1","0","0","0","0","0","3","0","1","N","","","","","","","","","","","","03","  ","","",""
"1513","2","0","0","0","0","0","0","0","0","4","0","","36","06","2018","2018069377","6","40.1547","-76.5978","1510","08","0","0","0","0","0","0","0","1","1","0","0","0","15","1","0","01","2","40 09:16.759","1","00","76 35:52.153","0","0","0","0","36407","0","0","0","N","0","0","0","3","36407","0","","1","01","N","N","0","","0","0","0","3","3","Y","1508","0","2","0","0","0","0","0","2","0","2","N","","","","","","","","","","","","03","  ","","",""
"0835","2","0","0","0","0","0","0","0","0","1","0","","36","07","2018","2018069584","2","40.1805","-76.4042","0830","08","0","0","0","0","0","1","0","0","","0","0","0","08","1","0","02","0","40 10:49.804","","00","76 24:15.102","0","0","0","0","36230","0","0","0","N","0","0","0","2","36410","0","","1","01","N","N","0","","0","0","0","0","0","","0825","0","2","0","0","0","0","0","1","0","2","N","","","","","","","","","","","","03","  ","","",""
"0741","1","0","0","0","0","0","0","0","0","7","0","","36","06","2018","2018069501","7","40.0719","-76.3904","0730","08","0","0","0","0","0","0","0","0","2","0","0","0","07","1","0","01","1","40 04:18.681","1","00","76 23:25.274","0","0","0","0","36214","0","0","0","N","0","0","0","1","36214","0","","2","01","N","N","0","","0","0","0","3","2","N","0730","0","1","0","0","0","0","0","3","0","1","N","","","","","","","","","","","","03","  ","","",""
"1046","2","0","0","0","0","0","0","0","0","1","0","","36","06","2018","2018069505","7","40.1355","-76.4016","1046","08","0","0","0","0","0","0","0","2","","0","0","0","10","1","1","00","0","40 08:07.800","","00","76 24:05.800","4","0","0","0","36227","0","0","0","N","0","0","0","2","36506","1","","1","01","N","N","0","","0","0","0","0","0","","1046","1","2","0","0","0","0","0","1","0","2","N","","","","","","","","","","","","03","  ","","",""
"1459","0","0","0","0","0","0","0","0","0","7","0","","36","06","2018","2018069510","2","40.2499","-76.126","1454","08","0","0","0","0","0","0","0","0","2","0","0","0","14","1","0","00","1","40 14:59.781","5","00","76 07:33.475","0","0","0","0","36236","0","0","0","N","0","0","0","1","36408","0","","5","01","N","N","1","","0","0","0","0","0","Y","1454","0","1","0","0","0","0","0","1","0","1","N","","","","","","","","","","","","03","  ","","",""