"ARRIVAL_TM","AUTOMOBILE_COUNT","BELTED_DEATH_COUNT","BELTED_SUSP_SERIOUS_INJ_COUNT","BICYCLE_COUNT","BICYCLE_DEATH_COUNT","BICYCLE_SUSP_SERIOUS_INJ_COUNT","BUS_COUNT","CHLDPAS_DEATH_COUNT","CHLDPAS_SUSP_SERIOUS_INJ_COUNT","COLLISION_TYPE","COMM_VEH_COUNT","CONS_ZONE_SPD_LIM","COUNTY","CRASH_MONTH","CRASH_YEAR","CRN","DAY_OF_WEEK","DEC_LAT","DEC_LONG","DISPATCH_TM","DISTRICT","DRIVER_COUNT_16YR","DRIVER_COUNT_17YR","DRIVER_COUNT_18YR","DRIVER_COUNT_19YR","DRIVER_COUNT_20YR","DRIVER_COUNT_50_64YR","DRIVER_COUNT_65_74YR","DRIVER_COUNT_75PLUS","EST_HRS_CLOSED","FATAL_COUNT","HEAVY_TRUCK_COUNT","HORSE_BUGGY_COUNT","HOUR_OF_DAY","ILLUMINATION","INJURY_COUNT","INTERSECT_TYPE","LANE_CLOSED","LATITUDE","LN_CLOSE_DIR","LOCATION_TYPE","LONGITUDE","MAX_SEVERITY_LEVEL","MCYCLE_DEATH_COUNT","MCYCLE_SUSP_SERIOUS_INJ_COUNT","MOTORCYCLE_COUNT","MUNICIPALITY","NONMOTR_COUNT","NONMOTR_DEATH_COUNT","NONMOTR_SUSP_SERIOUS_INJ_COUNT","NTFY_HIWY_MAINT","PED_COUNT","PED_DEATH_COUNT","PED_SUSP_SERIOUS_INJ_COUNT","PERSON_COUNT","POLICE_AGCY","POSSIBLE_INJ_COUNT","RDWY_SURF_TYPE_CD","RELATION_TO_ROAD","ROAD_CONDITION","SCH_BUS_IND","SCH_ZONE_IND","SMALL_TRUCK_COUNT","SPEC_JURIS_CD","SUSP_MINOR_INJ_COUNT","SUSP_SERIOUS_INJ_COUNT","SUV_COUNT","TCD_FUNC_CD","TCD_TYPE","TFC_DETOUR_IND","TIME_OF_DAY","TOT_INJ_COUNT","TOTAL_UNITS","UNB_DEATH_COUNT","UNB_SUSP_SERIOUS_INJ_COUNT","UNBELTED_OCC_COUNT","UNK_INJ_DEG_COUNT","UNK_INJ_PER_COUNT","URBAN_RURAL","VAN_COUNT","VEHICLE_COUNT","WORK_ZONE_IND","WORK_ZONE_LOC","WORK_ZONE_TYPE","WORKERS_PRES","WZ_CLOSE_DETOUR","WZ_FLAGGER","WZ_LAW_OFFCR_IND","WZ_LN_CLOSURE","WZ_MOVING","WZ_OTHER","WZ_SHLDER_MDN","ROADWAY_CLEARED","WEATHER1","WEATHER2","WZ_WORKERS_INJ_KILLED","SECONDARY_CRASH","INTERSECTION_RELATED"
"1203","1","0","0","0","0","0","0","0","0","0","0","","36","06","2018","2018069525","5","","","1157","08","0","0","0","0","0","0","0","0","1","0","0","0","11","1","0","00","2","","3","00","","0","0","0","0","36230","0","0","0","Y","0","0","0","1","36410","0","","2","01","N","N","0","","0","0","0","0","0","Y","1152","0","1","0","0","0","0","0","1","0","1","N","","","","","","","","","","","","03","  ","","",""
"0915","2","0","0","0","0","0","0","0","0","4","0","","36","07","2018","2018069546","2","40.0406","-76.2954","0914","08","0","0","0","0","0","1","0","0","1","0","0","0","09","1","1","01","1","40 02:26.313","1","00","76 17:43.349","3","0","0","0","36301","0","0","0","N","0","0","0","2","36301","0","","1","01","N","N","0","","1","0","0","3","2","N","0914","1","2","0","0","0","0","0","3","0","2","N","","","","","","","","","","","","03","  ","","",""
"0950","2","0","0","0","0","0","0","0","0","4","0","","36","07","2018","2018069551","2","40.012","-76.2263","0911","08","0","0","0","0","1","0","0","0","","0","0","0","09","1","0","01","0","40 00:43.379","","00","76 13:34.666","0","0","0","0","36240","0","0","0","N","0","0","0","2","36240","0","","1","01","N","N","0","","0","0","0","3","3","","0908","0","2","0","0","0","0","0","1","0","2","N","","","","","","","","","","","","03","  ","","",""
"0753","3","0","0","0","0","0","0","0","0","1","0","","36","07","2018","2018069567","2","40.1108","-76.4416","0750","08","0","0","0","0","0","0","0","0","2","0","0","0","07","1","0","00","1","40 06:38.825","3","00","76 26:29.837","0","0","0","0","36214","0","0","0","N","0","0","0","3","36214","0","","1","01","N","N","0","","0","0","0","0","0","N","0748","0","3","0","0","0","0","0","3","0","3","N","","","","","","","","","","","","03","  ","","",""
"2103","0","0","0","0","0","0","0","0","0","7","0","","36","05","2018","2018069612","1","39.8882","-76.3662","2039","08","0","0","0","0","0","0","0","0","2","0","0","0","20","2","0","00","1","39 53:17.670","1","00","76 21:58.400","0","0","0","0","36206","0","0","0","N","0","0","0","1","68J01","0","","4","09","N","N","1","","0","0","0","0","0","Y","2035","0","1","0","0","0","0","0","1","0","1","N","","","","","","","","","","","","07","  ","","",""
"0008","1","0","0","0","0","0","0","0","0","7","0","","36","05","2018","2018069613","3","40.1207","-75.9164","2313","08","0","0","0","0","0","0","0","0","3","0","0","0","23","2","1","01","1","40 07:14.427","2","00","75 54:59.193","3","0","0","0","36203","0","0","0","N","0","0","0","1","68J01","0","","4","01","N","N","0","","1","0","0","0","0","N","2311","1","1","0","0","1","0","0","1","0","1","N","","","","","","","","","","","","03","  ","","",""
"1725","1","0","0","0","0","0","0","0","0","2","0","","36","06","2018","2018069626","2","39.9181","-76.0588","1721","08","0","0","0","0","1","0","0","0","2","0","0","0","17","1","2","00","2","39 55:05.023","5","00","76 03:31.506","3","0","0","0","36201","0","0","0","N","0","0","0","2","68J01","0","","1","01","N","N","0","","2","0","1","0","0","Y","1719","2","2","0","0","0","0","0","1","0","2","N","","","","","","","","","","","","03","  ","","",""
"0905","2","0","0","0","0","0","0","0","0","4","0","","36","06","2018","2018069697","1","40.0432","-76.3285","0903","08","0","0","0","0","0","1","0","0","2","0","0","0","09","1","2","01","2","40 02:35.541","7","00","76 19:42.722","3","0","0","0","36220","0","0","0","N","0","0","0","2","36101","1","","1","01","N","N","0","","1","0","0","3","2","Y","0902","2","2","0","0","0","0","0","3","0","2","N","","","","","","","","","","","","03","  ","","",""
"1415","3","0","0","0","0","0","0","0","0","1","0","","36","06","2018","2018069712","7","40.0274","-76.3213","1411","08","0","0","0","0","0","1","0","0","2","0","0","0","14","1","2","01","1","40 01:38.751","1","00","76 19:16.769","3","0","0","0","36301","0","0","0","N","0","0","0","4","36301","0","","1","01","N","N","0","","2","0","0","0","0","N","1409","2","3","0","0","1","0","0","3","0","3","N","","","","","","","","","","","","03","  ","","",""
"1922","0","0","0","0","0","0","0","0","0","4","0","","36","07","2018","2018069735","1","40.0278","-76.3262","1917","08","0","0","0","0","0","1","0","0","2","0","0","0","19","1","0","00","2","40 01:40.058","2","07","76 19:34.162","0","0","0","0","36220","0","0","0","N","0","0","0","2","36101","0","","1","01","N","N","0","","0","0","2","0","0","Y","1910","0","2","0","0","0","0","0","3","0","2","N","","","","","","","","","","","","03","  ","","",""
"2137","1","0","0","0","0","0","0","0","0","4","0","","36","06","2018","2018069736","7","40.1233","-76.3753","2129","08","0","0","0","1","0","0","0","0","2","0","0","0","21","3","0","01","1","40 07:23.702","7","00","76 22:31.147","0","0","0","0","36214","0","0","0","N","0","0","0","7","36214","0","","1","01","N","N","0","","0","0","1","3","3","Y","2120","0","2","0","0","0","0","0","3","0","2","N","","","","","","","","","","","","03","  ","","",""
"1728","1","0","0","0","0","0","0","0","0","7","0","","36","07","2018","2018069737","1","40.0613","-76.3522","1721","08","0","0","0","0","0","0","0","0","2","0","0","0","17","1","1","00","2","40 03:40.579","3","00","76 21:07.928","4","0","0","0","36214","0","0","0","N","0","0","0","1","36214","1","","3","01","N","N","0","","0","0","0","0","0","N","1717","1","1","0","0","0","0","0","3","0","1","N","","","","","","","","","","","","03","  ","","",""
"1808","0","0","0","0","0","0","0","0","0","1","0","","36","07","2018","2018069738","1","40.0612","-76.3539","1806","08","0","0","0","0","0","0","0","0","","0","0","0","18","1","0","00","0","40 03:40.164","","00","76 21:14.033","0","0","0","0","36214","0","0","0","N","0","0","0","2","36214","0","","1","01","N","N","0","","0","0","2","0","0","","1804","0","2","0","0","0","0","0","3","0","2","N","","","","","","","","","","","","03","  ","","",""
"0032","1","0","0","0","0","0","0","0","0","7","0","","36","06","2018","2018069740","1","40.0292","-76.2281","0031","08","0","0","0","0","0","0","0","0","2","0","0","0","00","3","0","01","1","40 01:45.621","3","00","76 13:41.370","9","0","0","0","36215","0","0","0","N","0","0","0","3","36215","0","","5","01","N","N","0","","0","0","1","3","2","N","0027","0","2","0","0","0","0","1","1","0","2","N","","","","","","","","","","","","03","  ","","",""
"1532","2","0","0","0","0","0","0","0","0","4","0","","36","06","2018","2018069741","2","40.0386","-76.181","1519","08","0","0","0","0","0","0","0","1","2","0","0","0","15","1","0","00","2","40 02:18.935","4","00","76 10:51.591","0","0","0","0","36215","0","0","0","N","0","0","0","2","36215","0","","1","01","N","N","0","","0","0","0","0","0","N","1517","0","2","0","0","0","0","0","1","0","2","N","","","","","","","","","","","","03","  ","","",""
"1213","1","0","0","0","0","0","0","0","0","1","0","","36","06","2018","2018069742","3","40.024","-76.2004","1205","08","0","0","0","0","0","0","0","1","","0","0","0","12","1","1","00","0","40 01:26.574","","00","76 12:01.490","3","0","0","0","36215","0","0","0","N","0","0","0","3","36215","0","","1","01","N","N","0","","1","0","1","3","2","","1201","1","2","0","0","0","0","0","1","0","2","N","","","","","","","","","","","","03","  ","","",""
"1220","3","0","0","0","0","0","0","0","0","4","0","","36","06","2018","2018069743","7","40.0272","-76.2204","1211","08","0","0","0","0","0","0","0","0","1","0","0","0","12","1","1","00","1","40 01:37.843","6","00","76 13:13.284","3","0","0","0","36215","0","0","0","N","0","0","0","5","36215","0","","1","09","N","N","0","","1","0","0","0","0","N","1211","1","3","0","0","0","0","0","1","0","3","N","","","","","","","","","","","","07","  ","","",""
"1700","1","0","0","0","0","0","0","0","0","1","0","","36","06","2018","2018069744","7","40.0298","-76.244","1657","08","0","0","1","0","0","0","0","0","1","0","0","0","16","1","1","02","1","40 01:47.413","4","00","76 14:38.431","3","0","0","0","36215","0","0","0","N","0","0","0","2","36215","0","","1","09","N","N","0","","1","0","1","3","2","N","1655","1","2","0","0","0","0","0","1","0","2","N","","","","","","","","","","","","07","  ","","",""
"1940","1","0","0","0","0","0","0","0","0","1","0","","36","06","2018","2018069745","1","40.0376","-76.2724","1927","08","0","0","0","0","0","0","0","0","2","0","0","0","19","1","4","00","2","40 02:15.524","4","00","76 16:20.479","4","0","0","0","36215","0","0","0","N","0","0","0","5","36215","4","","1","09","N","N","0","","0","0","2","0","0","Y","1925","4","3","0","0","0","0","0","1","0","3","N","","","","","","","","","","","","03","  ","","",""
"0739","2","0","0","0","0","0","0","0","0","4","0","","36","06","2018","2018069746","2","40.0859","-76.205","0737","08","0","0","0","0","0","0","0","0","1","0","0","0","07","1","0","02","1","40 05:09.321","4","00","76 12:18.051","0","0","0","0","36234","0","0","0","N","0","0","0","2","36215","0","","1","01","N","N","0","","0","0","0","3","3","N","0734","0","2","0","0","0","0","0","1","0","2","N","","","","","","","","","","","","03","  ","","",""
"1513","1","0","0","0","0","0","0","0","0","4","0","","36","06","2018","2018069747","2","40.0332","-76.2462","1449","08","0","0","0","0","0","0","0","0","1","0","0","0","14","1","0","02","1","40 01:59.689","3","00","76 14:46.257","0","0","0","0","36215","0","0","0","N","0","0","0","2","36215","0","","1","01","N","N","0","","0","0","1","3","8","N","1448","0","2","0","0","0","0","0","1","0","2","N","","","","","","","","","","","","03","  ","","",""
"1508","2","0","0","0","0","0","0","0","0","4","0","","36","06","2018","2018069748","6","40.0496","-76.2272","1504","08","0","0","0","0","1","0","0","0","1","0","0","0","15","1","1","02","2","40 02:58.466","6","00","76 13:37.953","3","0","0","0","36215","0","0","0","N","0","0","0","2","36215","0","","1","01","N","N","0","","1","0","0","3","3","N","1502","1","2","0","0","0","0","0","1","0","2","N","","","","","","","","","","","","03","  ","","",""
"2058","1","0","0","0","0","0","0","0","0","4","0","","36","04","2018","2018069814","4","39.9887","-75.9846","2046","08","0","0","0","0","0","0","0","0","2","1","0","0","20","2","2","02","1","39 59:19.300","4","00","75 59:04.900","1","0","0","0","36232","0","0","0","N","0","0","0","3","68J01","0","2","1","01","N","N","0","0","2","0","1","0","0","N","2040","2","2","1","0","1","0","0","1","0","2","N","","","","","","","","","","","","03","  ","","",""
"0021","2","0","0","0","0","0","0","0","0","4","0","","36","06","2018","2018069913","1","40.0387","-76.2993","0017","08","0","0","0","0","0","0","0","0","","0","0","0","00","3","0","01","0","40 02:19.147","","00","76 17:57.358","0","0","0","0","36301","0","0","0","N","0","0","0","3","36301","0","","1","01","N","N","0","","0","0","0","3","3","","0016","0","2","0","0","0","0","0","3","0","2","N","","","","","","","","","","","","03","  ","","",""
"1829","1","0","0","0","0","0","0","0","0","1","0","","36","07","2018","2018069918","2","40.1092","-76.4975","1824","08","0","0","0","0","0","1","0","0","1","0","0","0","18","1","0","00","1","40 06:33.087","4","00","76 29:51.011","0","0","0","0","36413","0","0","0","N","0","0","0","3","36413","0","","1","01","","","1","","0","0","0","0","0","Y","1822","0","2","0","0","0","0","0","2","0","2","N","","","","","","","","","","","","03","  ","","",""
"1743","3","0","0","0","0","0","0","0","0","1","0","","36","06","2018","2018069929","2","40.0791","-76.3434","1737","08","0","0","0","0","0","2","0","0","1","0","0","0","17","1","0","00","2","40 04:44.658","4","00","76 20:36.184","0","0","0","0","36101","0","0","0","N","0","0","0","3","36101","0","","1","01","N","N","0","","0","0","0","0","0","N","1724","0","3","0","0","0","0","0","3","0","3","N","","","","","","","","","","","","03","  ","","",""
"1905","1","0","0","0","0","0","0","0","0","7","0","","36","06","2018","2018069930","6","40.0937","-76.3188","1857","08","0","0","0","0","0","0","0","0","1","0","0","0","18","1","0","00","2","40 05:37.290","3","00","76 19:07.830","0","0","0","0","36101","0","0","0","N","0","0","0","1","36101","0","","4","09","N","N","0","","0","0","0","0","0","N","1856","0","1","0","0","0","0","0","3","0","1","N","","","","","","","","","","","","03","  ","","",""
"1909","1","0","0","0","0","0","0","0","0","1","0","","36","06","2018","2018069931","5","40.07","-76.3189","1907","08","0","0","0","0","0","0","0","0","2","0","0","0","19","1","1","00","1","40 04:12.089","3","00","76 19:07.995","4","0","0","0","36101","0","0","0","N","0","0","0","3","36101","1","","1","01","N","N","0","","0","0","2","3","2","N","1902","1","3","0","0","0","0","0","3","0","3","N","","","","","","","","","","","","03","  ","","",""
"2146","1","0","0","0","0","0","0","0","0","7","0","","36","06","2018","2018069932","2","40.085","-76.2161","2135","08","0","0","0","0","0","0","0","0","","0","0","0","21","3","0","00","0","40 05:05.987","","00","76 12:57.938","0","0","0","0","36234","0","0","0","N","0","0","0","1","36215","0","","4","01","N","N","0","","0","0","0","0","0","","2133","0","1","0","0","0","0","0","1","0","1","N","","","","","","","","","","","","03","  ","","",""
"0613","1","0","0","0","0","0","0","0","0","4","0","","36","07","2018","2018069933","2","40.042","-76.2091","0612","08","0","0","0","0","0","1","0","0","","0","0","0","06","1","1","00","0","40 02:31.186","","00","76 12:32.720","4","0","0","0","36215","0","0","0","N","0","0","0","2","36215","1","","1","01","N","N","1","","0","0","0","0","0","","0608","1","2","0","0","0","0","0","1","0","2","N","","","","","","","","","","","","03","  ","","",""
"1630","0","0","0","0","0","0","0","0","0","1","0","","36","06","2018","2018069939","5","39.9858","-76.3154","1628","08","0","0","0","0","0","1","0","0","2","0","0","0","16","1","1","01","1","39 59:09.014","3","00","76 18:55.276","8","0","0","0","36228","0","0","0","N","0","0","0","2","36503","0","","1","01","N","N","1","","0","0","0","3","2","N","1615","1","2","0","0","0","1","0","1","1","2","N","","","","","","","","","","","","03","  ","","",""
"1117","1","0","0","0","0","0","0","0","0","7","0","","36","06","2018","2018069940","1","40.1471","-76.185","1111","08","0","0","0","0","0","0","0","0","","0","0","0","11","1","0","00","0","40 08:49.637","","00","76 11:05.874","0","0","0","0","36238","0","0","0","Y","0","0","0","2","36238","0","","5","01","N","N","0","","0","0","0","0","0","","1110","0","1","0","0","0","0","0","3","0","1","N","","","","","","","","","","","","03","  ","","",""
"1036","2","0","0","0","0","0","0","0","0","4","0","","36","06","2018","2018069962","3","40.0416","-76.3019","1036","08","0","0","0","0","0","0","0","0","","0","0","0","10","1","2","01","0","40 02:29.646","","00","76 18:06.963","3","0","0","0","36301","0","0","0","N","0","0","0","2","36301","1","","1","01","N","N","0","","1","0","0","3","2","","1036","2","2","0","0","0","0","0","3","0","2","N","","","","","","","","","","","","03","  ","","",""
"1653","3","0","0","0","0","0","0","0","0","1","0","","36","06","2018","2018069978","5","40.1035","-76.0867","1646","08","0","0","0","0","0","0","1","0","","0","0","0","16","1","0","00","0","40 06:12.491","","00","76 05:12.032","0","0","0","0","36415","0","0","0","N","0","0","0","3","36415","0","","1","01","N","N","0","","0","0","0","0","0","N","1642","0","3","0","0","0","0","0","1","0","3","N","","","","","","","","","","","","03","  ","","",""
"0940","1","0","0","0","0","0","0","0","0","4","1","","36","07","2018","2018069989","2","40.0943","-76.1129","0933","08","0","0","0","0","0","1","1","0","","0","1","0","09","1","0","01","0","40 05:39.586","","00","76 06:46.260","0","0","0","0","36209","0","0","0","N","0","0","0","2","36415","0","","1","01","N","N","0","","0","0","0","3","2","N","0930","0","2","0","0","0","0","0","1","0","2","N","","","","","","","","","","","","03","  ","","",""
"0824","1","0","0","0","0","0","0","0","0","1","0","","36","07","2018","2018070111","3","40.0185","-76.1728","0816","08","0","0","0","0","0","0","1","0","1","0","0","0","08","1","2","00","1","40 01:06.593","4","99","76 10:21.942","3","0","0","0","36301","0","0","0","N","0","0","0","2","36301","1","","1","01","N","N","0","","1","0","1","0","0","N","0816","2","2","0","0","1","0","0","3","0","2","N","","","","","","","","","","","","03","  ","","",""
"2125","1","0","0","0","0","0","0","0","0","1","0","","36","06","2018","2018070114","6","40.1471","-76.5984","2123","08","0","0","0","0","0","0","0","0","2","0","0","0","21","3","0","00","2","40 08:49.442","5","00","76 35:54.360","0","0","0","0","36407","0","0","0","Y","0","0","0","1","36407","0","","2","01","N","N","1","","0","0","0","0","0","Y","2121","0","2","0","0","0","0","0","2","0","2","N","","","","","","","","","","","","03","  ","","",""
"1020","2","0","0","0","0","0","0","0","0","4","0","","36","07","2018","2018070130","3","40.1919","-76.1765","1018","08","0","0","0","0","0","0","0","1","2","0","0","0","10","1","2","01","1","40 11:30.663","1","00","76 10:35.439","3","0","0","0","36218","0","0","0","N","0","0","0","4","36408","1","","1","01","N","N","0","","1","0","0","3","2","N","1016","2","2","0","0","0","0","0","1","0","2","N","","","","","","","","","","","","03","  ","","",""
"1940","2","0","0","0","0","0","0","0","0","1","0","","36","06","2018","2018070133","6","40.0299","-76.2948","1935","08","0","0","0","0","0","1","0","0","1","0","0","0","19","1","1","01","1","40 01:47.729","4","00","76 17:41.305","4","0","0","0","36301","0","0","0","N","0","0","0","2","36301","1","","1","01","N","N","0","","0","0","0","3","2","N","1934","1","2","0","0","1","0","0","3","0","2","N","","","","","","","","","","","","03","  ","","",""
"1446","1","0","0","0","0","0","0","0","0","7","0","","36","06","2018","2018070153","5","40.0974","-76.2596","1441","08","0","0","0","0","0","0","0","0","1","0","0","0","14","1","0","00","1","40 05:50.637","2","00","76 15:34.465","0","0","0","0","36101","0","0","0","N","0","0","0","1","36101","0","","5","01","N","N","0","","0","0","0","0","0","N","1438","0","1","0","0","0","0","0","3","0","1","N","","","","","","","","","","","","03","  ","","",""
"1555","1","0","0","0","0","0","0","0","0","7","0","","36","07","2018","2018070160","3","40.1289","-76.0086","1545","08","1","0","0","0","0","0","0","0","","0","0","0","15","1","0","00","0","40 07:44.089","","00","76 00:31.120","0","0","0","0","36213","0","0","0","N","0","0","0","1","36213","0","","5","01","N","N","0","","0","0","0","0","0","","1515","0","1","0","0","0","0","0","1","0","1","N","","","","","","","","","","","","03","  ","","",""
"2339","0","0","0","0","0","0","0","0","0","7","0","","36","06","2018","2018070308","1","40.0229","-76.3689","2339","08","0","0","0","0","0","0","0","0","1","0","0","0","11","1","2","00","2","40 01:22.580","6","00","76 22:07.995","3","0","0","0","36223","0","0","0","N","0","0","0","2","36223","1","","5","01","N","N","0","","1","0","1","0","0","Y","1135","2","1","0","0","0","0","0","1","0","1","N","","","","","","","","","","","","03","  ","","",""
"1120","2","0","0","0","0","0","0","0","0","1","0","","36","07","2018","2018070318","3","40.1345","-76.5634","1114","08","0","0","0","0","0","0","0","0","","0","0","0","11","1","0","01","0","40 08:04.084","","00","76 33:48.200","0","0","0","0","36225","0","0","0","N","0","0","0","3","36505","0","","1","01","N","N","0","","0","0","0","3","2","","1110","0","2","0","0","0","0","0","2","0","2","N","","","","","","","","","","","","03","  ","","",""
"1815","2","0","0","0","0","0","0","0","0","2","0","","36","07","2018","2018070356","1","40.0296","-76.3231","1807","08","0","0","0","0","0","0","0","0","","0","0","0","18","1","1","01","0","40 01:46.727","","00","76 19:23.150","3","0","0","0","36301","0","0","0","N","0","0","0","4","36301","0","","1","01","N","N","0","","1","0","0","3","2","","1804","1","2","0","0","0","0","0","3","0","2","N","","","","","","","","","","","","03","  ","","",""
"1812","2","0","0","0","0","0","0","0","0","1","0","","36","06","2018","2018070359","6","40.0546","-76.2693","1806","08","0","0","0","0","0","0","0","0","","0","0","0","18","1","1","06","0","40 03:16.448","","02","76 16:09.330","4","0","0","0","36301","0","0","0","N","0","0","0","3","36301","1","","7","01","N","N","0","","0","0","0","3","4","","1800","1","2","0","0","0","0","0","3","0","2","N","","","","","","","","","","","","03","  ","","",""
"1637","0","0","0","0","0","0","0","0","0","7","0","","36","06","2018","2018070427","4","40.1025","-76.3432","1632","08","0","0","0","0","1","0","0","0","1","0","0","0","16","1","1","00","2","40 06:08.895","4","00","76 20:35.580","3","0","0","0","36406","0","0","0","N","0","0","0","1","36101","0","","4","09","N","N","1","","1","0","0","0","0","N","1629","1","1","0","0","0","0","0","3","0","1","N","","","","","","","","","","","","07","  ","","",""
"1605","2","0","0","0","0","0","0","0","0","1","0","","36","07","2018","2018070428","1","40.0387","-76.3299","1600","08","0","0","0","0","0","0","0","0","2","0","0","0","15","1","0","00","1","40 02:19.496","4","00","76 19:47.761","0","0","0","0","36220","0","0","0","N","0","0","0","5","36101","0","","1","01","N","N","0","","0","0","0","0","0","N","1558","0","2","0","0","0","0","0","3","0","2","N","","","","","","","","","","","","03","  ","","",""
"1532","2","0","0","0","0","0","0","0","0","1","0","","36","06","2018","2018070457","6","40.1094","-76.4843","1528","08","0","0","0","0","0","3","0","0","2","0","0","0","15","1","0","00","1","40 06:33.769","4","00","76 29:03.500","0","0","0","0","36413","0","0","0","N","0","0","0","3","36413","0","","1","01","N","N","1","","0","0","0","3","2","Y","1526","0","3","0","0","0","0","0","2","0","3","N","","","","","","","","","","","","03","  ","","",""
"0215","1","0","0","0","0","0","0","0","0","9","0","","36","06","2018","2018070525","5","40.1461","-76.2306","0209","08","0","0","0","0","0","0","1","0","2","0","0","0","02","2","0","02","1","40 08:45.913","3","00","76 13:50.299","0","0","0","0","36235","0","0","0","N","0","0","0","1","36506","0","","1","09","N","N","0","","0","0","0","0","0","Y","0209","0","1","0","0","0","0","0","1","0","1","N","","","","","","","","","","","","07","  ","","",""
"2028","1","0","0","0","0","0","0","0","0","7","0","","36","06","2018","2018070526","6","40.2176","-76.2525","2022","08","0","0","0","0","0","0","0","0","1","0","0","0","20","4","1","00","1","40 13:03.376","3","00","76 15:08.967","3","0","0","0","36204","0","0","0","N","0","0","0","2","36506","0","","5","01","N","N","0","","1","0","0","0","0","N","2022","1","1","0","0","0","0","0","1","0","1","N","","","","","","","","","","","","03","  ","","",""
"0616","0","0","0","0","0","0","0","0","0","7","0","","36","07","2018","2018070527","1","40.1316","-76.3806","0553","08","0","0","1","0","0","0","0","0","2","0","0","0","05","1","0","00","2","40 07:53.939","5","00","76 22:50.169","0","0","0","0","36227","0","0","0","N","0","0","0","1","36506","0","","5","01","N","N","0","","0","0","1","0","0","Y","0553","0","1","0","0","0","0","0","1","0","1","N","","","","","","","","","","","","03","  ","","",""
"0815","0","0","0","0","0","0","0","0","0","7","0","","36","07","2018","2018070546","5","39.9989","-76.2078","0811","08","0","1","0","0","0","0","0","0","1","0","0","0","08","1","1","00","1","39 59:55.894","2","00","76 12:28.214","4","0","0","0","36240","0","0","0","N","0","0","0","1","36240","1","","4","01","N","N","1","","0","0","0","0","0","N","0808","1","1","0","0","1","0","0","1","0","1","N","","","","","","","","","","","","03","  ","","",""
"0904","1","0","0","0","0","0","0","0","0","7","0","","36","07","2018","2018070555","5","40.0338","-76.5049","0900","08","0","0","0","0","0","0","0","0","1","0","0","0","09","1","0","00","1","40 02:01.501","4","00","76 30:17.754","0","0","0","0","36404","0","0","0","N","0","0","0","1","36404","0","","5","01","N","N","0","","0","0","0","0","0","N","0900","0","1","0","0","0","0","0","3","0","1","N","","","","","","","","","","","","03","  ","","",""
"1643","1","0","0","0","0","0","0","0","0","4","0","","36","07","2018","2018070565","4","40.0306","-76.4898","1641","08","0","0","0","0","1","0","0","0","1","0","0","0","16","1","1","00","2","40 01:50.113","3","00","76 29:23.404","8","0","0","0","36404","1","0","0","N","0","0","0","4","36404","0","","1","01","N","N","0","","0","0","0","0","0","Y","1640","1","2","0","0","1","1","0","3","1","2","N","","","","","","","","","","","","03","  ","","",""
"1450","0","0","0","0","0","0","0","0","0","4","0","","36","05","2018","2018070591","4","39.9927","-76.1815","1439","08","0","0","0","0","0","1","0","0","2","0","0","0","14","1","6","01","1","39 59:33.731","7","00","76 10:53.245","3","0","0","0","36233","0","0","0","N","0","0","0","8","68J01","0","","1","01","N","N","0","","4","0","1","3","3","N","1433","6","2","0","0","2","2","0","1","1","2","N","","","","","","","","","","","","03","  ","","",""
"1130","0","0","0","0","0","0","0","0","0","7","0","","36","06","2018","2018070593","2","40.2035","-76.3469","1102","08","0","0","0","1","0","0","0","0","","0","0","0","10","1","0","00","0","40 12:12.667","","00","76 20:48.806","0","0","0","0","36217","0","0","0","N","0","0","0","2","68J01","0","","4","01","N","N","1","","0","0","1","0","0","","1055","0","2","0","0","0","0","0","1","0","2","N","","","","","","","","","","","","03","  ","","",""
"2029","0","0","0","0","0","0","0","0","0","8","0","","36","06","2018","2018070607","3","40.0565","-75.9981","2020","08","0","0","0","0","0","0","0","0","2","0","0","0","20","4","1","02","2","40 03:23.309","7","00","75 59:53.095","8","0","0","0","36232","1","0","0","N","1","0","0","2","68J01","0","","1","01","N","N","0","","0","0","1","3","3","Y","2014","1","2","0","0","0","1","0","1","0","1","N","","","","","","","","","","","","03","  ","","",""
"1943","1","0","0","0","0","0","0","0","0","2","0","","36","06","2018","2018070612","5","40.1968","-76.0175","1923","08","0","0","0","0","0","0","0","0","2","0","1","0","19","1","1","01","2","40 11:48.437","7","00","76 01:02.883","8","0","0","0","36202","0","0","0","N","0","0","0","4","68J01","0","","1","01","N","N","0","","0","0","0","0","0","Y","1922","1","2","0","0","0","1","0","1","0","2","N","","","","","","","","","","","","03","  ","","",""
"0826","1","0","0","0","0","0","0","0","0","4","0","","36","06","2018","2018070686","4","40.0301","-76.2317","0823","08","0","0","0","0","0","0","0","0","2","0","0","0","08","1","1","00","1","40 01:48.287","3","00","76 13:54.296","3","0","0","0","36215","0","0","0","N","0","0","0","2","36215","0","","1","01","N","N","0","","1","0","1","0","0","N","0823","1","2","0","0","0","0","0","1","0","2","N","","","","","","","","","","","","03","  ","","",""
"1644","1","0","0","0","0","0","0","0","0","7","0","","36","07","2018","2018070687","1","40.0169","-76.1648","1638","08","0","0","0","0","0","0","1","0","2","0","0","0","16","1","0","00","1","40 01:00.874","3","00","76 09:53.240","0","0","0","0","36215","0","0","0","N","0","0","0","1","36215","0","","5","01","N","N","0","","0","0","0","0","0","N","1634","0","1","0","0","0","0","0","1","0","1","N","","","","","","","","","","","","03","  ","","",""