"ARRIVAL_TM","AUTOMOBILE_COUNT","BELTED_DEATH_COUNT","BELTED_SUSP_SERIOUS_INJ_COUNT","BICYCLE_COUNT","BICYCLE_DEATH_COUNT","BICYCLE_SUSP_SERIOUS_INJ_COUNT","BUS_COUNT","CHLDPAS_DEATH_COUNT","CHLDPAS_SUSP_SERIOUS_INJ_COUNT","COLLISION_TYPE","COMM_VEH_COUNT","CONS_ZONE_SPD_LIM","COUNTY","CRASH_MONTH","CRASH_YEAR","CRN","DAY_OF_WEEK","DEC_LAT","DEC_LONG","DISPATCH_TM","DISTRICT","DRIVER_COUNT_16YR","DRIVER_COUNT_17YR","DRIVER_COUNT_18YR","DRIVER_COUNT_19YR","DRIVER_COUNT_20YR","DRIVER_COUNT_50_64YR","DRIVER_COUNT_65_74YR","DRIVER_COUNT_75PLUS","EST_HRS_CLOSED","FATAL_COUNT","HEAVY_TRUCK_COUNT","HORSE_BUGGY_COUNT","HOUR_OF_DAY","ILLUMINATION","INJURY_COUNT","INTERSECT_TYPE","LANE_CLOSED","LATITUDE","LN_CLOSE_DIR","LOCATION_TYPE","LONGITUDE","MAX_SEVERITY_LEVEL","MCYCLE_DEATH_COUNT","MCYCLE_SUSP_SERIOUS_INJ_COUNT","MOTORCYCLE_COUNT","MUNICIPALITY","NONMOTR_COUNT","NONMOTR_DEATH_COUNT","NONMOTR_SUSP_SERIOUS_INJ_COUNT","NTFY_HIWY_MAINT","PED_COUNT","PED_DEATH_COUNT","PED_SUSP_SERIOUS_INJ_COUNT","PERSON_COUNT","POLICE_AGCY","POSSIBLE_INJ_COUNT","RDWY_SURF_TYPE_CD","RELATION_TO_ROAD","ROAD_CONDITION","SCH_BUS_IND","SCH_ZONE_IND","SMALL_TRUCK_COUNT","SPEC_JURIS_CD","SUSP_MINOR_INJ_COUNT","SUSP_SERIOUS_INJ_COUNT","SUV_COUNT","TCD_FUNC_CD","TCD_TYPE","TFC_DETOUR_IND","TIME_OF_DAY","TOT_INJ_COUNT","TOTAL_UNITS","UNB_DEATH_COUNT","UNB_SUSP_SERIOUS_INJ_COUNT","UNBELTED_OCC_COUNT","UNK_INJ_DEG_COUNT","UNK_INJ_PER_COUNT","URBAN_RURAL","VAN_COUNT","VEHICLE_COUNT","WORK_ZONE_IND","WORK_ZONE_LOC","WORK_ZONE_TYPE","WORKERS_PRES","WZ_CLOSE_DETOUR","WZ_FLAGGER","WZ_LAW_OFFCR_IND","WZ_LN_CLOSURE","WZ_MOVING","WZ_OTHER","WZ_SHLDER_MDN","ROADWAY_CLEARED","WEATHER1","WEATHER2","WZ_WORKERS_INJ_KILLED","SECONDARY_CRASH","INTERSECTION_RELATED"
"2155","1","0","0","0","0","0","0","0","0","1","0","","36","07","2018","2018070688","3","40.0307","-76.2351","2153","08","0","0","0","0","0","0","0","0","1","0","0","0","21","3","2","00","1","40 01:50.602","3","00","76 14:06.307","3","0","0","0","36215","0","0","0","N","0","0","0","6","36215","0","","1","01","N","N","0","","2","0","1","0","0","N","2153","2","2","0","0","2","0","0","1","0","2","N","","","","","","","","","","","","03","  ","","",""
"1903","2","0","0","0","0","0","0","0","0","4","0","","36","06","2018","2018070711","7","40.1157","-76.5938","1859","08","0","0","0","0","0","0","0","0","1","0","0","0","18","1","0","01","2","40 06:56.595","5","00","76 35:37.705","0","0","0","0","36237","0","0","0","N","0","0","0","4","36505","0","","1","01","N","N","0","","0","0","0","3","3","Y","1857","0","2","0","0","0","0","0","1","0","2","N","","","","","","","","","","","","03","  ","","",""
"1726","1","0","0","0","0","0","0","0","0","1","0","","36","07","2018","2018070714","5","40.1513","-76.2078","1719","08","0","0","0","0","0","0","1","0","2","0","0","0","17","1","1","00","1","40 09:04.768","2","00","76 12:28.112","3","0","0","0","36238","0","0","0","N","0","0","0","2","36238","0","","1","01","N","N","0","","1","0","1","0","0","N","1716","1","2","0","0","0","0","0","3","0","2","N","","","","","","","","","","","","03","  ","","",""
"1843","2","0","0","0","0","0","0","0","0","4","0","","36","07","2018","2018070717","4","40.2832","-76.1873","1838","08","0","0","0","0","0","0","0","0","1","0","0","0","18","1","0","03","1","40 16:59.504","2","00","76 11:14.388","0","0","0","0","36236","0","0","0","N","0","0","0","2","36408","0","","1","09","N","N","0","","0","0","0","3","3","N","1836","0","2","0","0","0","0","0","1","0","2","N","","","","","","","","","","","","07","  ","","",""
"0416","1","0","0","0","0","0","0","0","0","4","0","","36","06","2018","2018070730","7","40.038","-76.3201","0411","08","0","0","0","0","0","0","0","0","","0","0","0","04","3","0","01","0","40 02:16.726","","00","76 19:12.456","0","0","0","0","36301","0","0","0","N","0","0","0","2","36301","0","","1","01","N","N","0","","0","0","1","3","3","","0409","0","2","0","0","0","0","0","3","0","2","N","","","","","","","","","","","","03","  ","","",""
"1548","0","0","0","0","0","0","0","0","0","0","0","","36","06","2018","2018070760","6","39.8662","-76.3127","1522","08","0","0","0","0","0","0","0","0","","0","0","0","15","1","1","00","0","39 51:58.450","","00","76 18:45.870","3","0","0","1","36224","0","0","0","N","0","0","0","1","68J01","0","","1","01","N","N","0","","1","0","0","0","0","","1520","1","1","0","0","0","0","0","1","0","1","N","","","","","","","","","","","","03","  ","","",""
"1857","2","0","0","0","0","0","0","0","0","2","0","","36","06","2018","2018070771","6","39.8692","-76.2276","1857","08","0","0","0","0","0","0","1","0","1","0","0","0","18","1","0","01","1","39 52:09.173","2","00","76 13:39.324","0","0","0","0","36208","0","0","0","N","0","0","0","3","68J01","0","","1","01","N","N","0","","0","0","0","3","2","N","1855","0","2","0","0","0","0","0","1","0","2","N","","","","","","","","","","","","03","  ","","",""
"1709","1","0","0","0","0","0","0","0","0","2","0","","36","06","2018","2018070773","7","39.918","-76.0586","1704","08","0","0","0","0","0","1","0","0","2","0","0","0","17","1","3","00","2","39 55:04.837","5","00","76 03:30.787","4","0","0","0","36201","0","0","0","N","0","0","0","3","68J01","2","","1","01","N","N","0","","0","0","0","0","0","Y","1701","3","2","0","0","0","1","0","1","1","2","N","","","","","","","","","","","","03","  ","","",""
"1459","2","0","0","0","0","0","0","0","0","4","0","","36","07","2018","2018070779","3","39.8614","-76.2658","1435","08","0","0","0","0","0","0","0","0","2","0","0","0","14","1","1","00","1","39 51:40.920","3","00","76 15:56.984","8","0","0","0","36224","0","0","0","N","0","0","0","3","68J01","0","","1","01","N","N","0","","0","0","0","0","0","N","1431","1","2","0","0","1","1","0","1","0","2","N","","","","","","","","","","","","03","  ","","",""
"1447","1","0","0","0","0","0","0","0","0","1","0","","36","07","2018","2018070840","3","40.143","-76.5566","1442","08","0","0","0","0","0","0","1","0","","0","0","0","14","1","1","03","0","40 08:34.826","","02","76 33:23.835","8","0","0","0","36225","0","0","0","N","0","0","0","6","36505","0","","1","01","N","N","0","","0","0","1","3","3","","1440","1","2","0","0","0","1","0","2","0","2","N","","","","","","","","","","","","03","  ","","",""
"0940","0","0","0","0","0","0","0","0","0","7","0","","36","07","2018","2018070868","6","40.0633","-76.3574","0940","08","0","0","0","0","0","1","0","0","","0","0","0","09","1","1","00","0","40 03:47.700","","07","76 21:26.600","3","0","0","0","36214","0","0","0","N","0","0","0","1","36214","0","","1","09","N","N","0","","1","0","1","0","0","","0935","1","1","0","0","0","0","0","3","0","1","N","","","","","","","","","","","","07","  ","","",""
"1630","0","0","0","0","0","0","0","0","0","4","1","","36","06","2018","2018070892","6","40.0594","-76.02","1614","08","0","0","0","0","0","0","0","0","","0","1","0","16","1","1","00","0","40 03:33.876","","00","76 01:12.170","3","0","0","1","36232","0","0","0","N","0","0","0","2","68J01","0","","1","01","N","N","0","","1","0","0","0","0","","1611","1","2","0","0","1","0","0","1","0","2","N","","","","","","","","","","","","03","  ","","",""
"1619","1","0","1","0","0","0","0","0","0","4","0","","36","06","2018","2018070910","6","39.7739","-76.1791","1531","08","0","0","1","0","0","0","0","0","2","0","0","0","15","1","8","01","2","39 46:25.988","7","00","76 10:44.934","2","0","0","0","36219","0","0","0","N","0","0","0","9","68J01","5","","1","01","N","N","0","","2","1","1","3","3","Y","1529","8","2","0","0","0","0","0","1","0","2","N","","","","","","","","","","","","03","  ","","",""
"1514","2","0","0","0","0","0","0","0","0","5","0","","36","07","2018","2018070953","3","40.0593","-76.3189","1454","08","0","0","0","0","0","0","0","0","2","0","0","0","14","1","2","00","2","40 03:33.366","2","00","76 19:08.075","3","0","0","0","36301","0","0","0","N","0","0","0","6","36301","0","","1","01","N","N","0","","2","0","0","3","8","N","1433","2","2","0","0","1","0","0","3","0","2","N","","","","","","","","","","","","03","  ","","",""
"1705","2","0","0","0","0","0","0","0","0","4","0","","36","07","2018","2018070960","1","40.0381","-76.3426","1700","08","0","0","0","0","0","0","1","0","2","0","0","0","16","1","4","00","2","40 02:17.049","7","07","76 20:33.280","3","0","0","0","36220","0","0","0","N","0","0","0","4","36101","0","","1","01","N","N","0","","1","0","0","3","3","Y","1656","4","2","0","0","1","3","0","3","0","2","N","","","","","","","","","","","","03","  ","","",""
"1511","2","0","0","0","0","0","0","0","0","1","0","","36","06","2018","2018070961","6","40.0751","-76.3086","1511","08","0","0","0","0","0","0","0","1","","0","0","0","15","1","0","00","0","40 04:30.358","","00","76 18:30.853","0","0","0","0","36101","0","0","0","N","0","0","0","3","36101","0","","1","01","N","N","0","","0","0","1","0","0","","1511","0","3","0","0","0","0","0","3","0","3","N","","","","","","","","","","","","03","  ","","",""
"2026","3","0","0","0","0","0","0","0","0","4","0","","36","07","2018","2018070962","5","40.0572","-76.2937","2024","08","0","0","0","0","0","0","0","0","2","0","0","0","20","4","0","00","1","40 03:25.770","3","00","76 17:37.210","0","0","0","0","36101","0","0","0","N","0","0","0","1","36101","0","","1","01","N","N","0","","0","0","0","0","0","N","2017","0","3","0","0","0","0","0","3","0","3","N","","","","","","","","","","","","03","  ","","",""
"1813","2","0","0","0","0","0","0","0","0","1","0","","36","05","2018","2018071015","7","39.9867","-76.2153","1738","08","0","0","0","1","0","0","0","0","","0","0","0","17","1","2","02","0","39 59:11.944","","00","76 12:54.978","3","0","0","0","36233","0","0","0","N","0","0","0","3","68J01","0","","1","01","N","N","0","","2","0","0","0","0","","1736","2","2","0","0","0","0","0","1","0","2","N","","","","","","","","","","","","03","  ","","",""
"1217","1","0","0","0","0","0","0","0","0","4","0","","36","06","2018","2018071017","6","39.8595","-76.0254","1203","08","0","0","0","0","1","0","0","0","2","0","0","0","11","1","2","01","1","39 51:34.305","5","00","76 01:31.262","3","0","0","0","36205","0","0","0","N","0","0","0","2","68J01","0","","1","01","N","N","1","","2","0","0","3","3","Y","1159","2","2","0","0","0","0","0","1","0","2","N","","","","","","","","","","","","03","  ","","",""
"1852","4","0","0","0","0","0","0","0","0","3","0","","36","06","2018","2018071030","5","40.0387","-76.1557","1845","08","0","0","1","0","0","0","0","1","3","0","0","0","18","1","0","00","2","40 02:19.355","3","00","76 09:20.532","0","0","0","0","36234","0","0","0","N","0","0","0","8","68J01","0","","1","01","N","N","0","","0","0","0","0","0","N","1843","0","4","0","0","0","0","0","1","0","4","N","","","","","","","","","","","","03","  ","","",""
"1624","1","0","0","0","0","0","0","0","0","7","0","","36","06","2018","2018071168","4","40.2403","-76.2532","1624","08","0","0","0","0","0","0","0","0","","0","0","0","16","1","1","00","0","40 14:24.900","","00","76 15:12.756","3","0","0","0","36204","0","0","0","N","0","0","0","1","68T06","0","","4","09","N","N","0","","1","0","0","0","0","","1620","1","1","0","0","0","0","0","1","0","1","N","","","","","","","","","","","","07","  ","","",""
"1329","0","0","0","0","0","0","0","0","0","7","0","","36","06","2018","2018071175","7","40.173","-75.9565","1305","08","0","0","0","0","0","0","0","0","2","0","0","0","13","1","1","00","1","40 10:22.766","4","00","75 57:22.151","3","0","0","0","36203","0","0","0","N","0","0","0","1","68T06","0","","3","01","N","N","0","","1","0","1","0","0","N","1305","1","1","0","0","0","0","0","1","0","1","N","","","","","","","","","","","","03","  ","","",""
"1118","0","0","0","0","0","0","0","0","0","0","1","","36","07","2018","2018071184","5","40.2296","-76.432","1051","08","0","0","0","0","0","0","0","0","","0","1","0","10","1","1","00","0","40 13:46.477","","00","76 25:53.800","3","0","0","0","36230","0","0","0","N","0","0","0","5","68T06","0","","1","01","N","N","2","","1","0","0","0","0","","1051","1","3","0","0","0","0","0","1","0","3","N","","","","","","","","","","","","03","  ","","",""
"1123","0","0","0","0","0","0","0","0","0","7","0","","36","07","2018","2018071186","6","40.223","-76.4181","1101","08","0","0","0","0","0","0","0","0","2","0","0","0","11","1","1","00","1","40 13:22.974","4","00","76 25:05.048","3","0","0","0","36227","0","0","0","N","0","0","0","1","68T06","0","","3","09","N","N","0","","1","0","1","0","0","N","1100","1","1","0","0","0","0","0","1","0","1","N","","","","","","","","","","","","07","  ","","",""
"1835","0","0","2","0","0","0","0","0","0","1","1","","36","07","2018","2018071189","6","40.2392","-76.2587","1828","08","0","0","0","0","0","1","0","0","2","0","1","0","18","1","2","00","2","40 14:20.673","4","00","76 15:33.186","2","0","0","0","36204","0","0","0","N","0","0","0","3","68T06","0","","1","01","N","N","0","","0","2","1","0","0","N","1825","2","2","0","0","0","0","0","1","0","2","N","","","","","","","","","","","","03","  ","","",""
"1732","1","0","0","0","0","0","0","0","0","4","0","","36","07","2018","2018071225","3","40.2264","-76.1804","1726","08","0","0","0","0","0","1","0","0","1","0","0","0","17","1","0","01","2","40 13:34.893","3","00","76 10:49.273","0","0","0","0","36236","0","0","0","N","0","0","0","3","36408","0","","1","01","N","N","1","","0","0","1","3","3","Y","1723","0","3","0","0","0","0","0","1","0","3","N","","","","","","","","","","","","03","  ","","",""
"2027","0","0","0","0","0","0","0","0","0","0","0","","36","07","2018","2018071253","6","40.037","-76.3148","2025","08","0","0","0","0","0","0","0","0","1","0","0","0","20","1","1","00","1","40 02:13.153","4","00","76 18:53.298","3","0","0","1","36301","0","0","0","N","0","0","0","1","36301","0","","1","01","N","N","0","","1","0","0","0","0","N","2024","1","1","0","0","0","0","0","3","0","1","N","","","","","","","","","","","","03","  ","","",""
"1634","1","0","0","0","0","0","0","0","0","1","0","","36","07","2018","2018071303","3","40.0811","-76.3397","1632","08","0","0","0","0","0","1","0","0","1","0","0","0","16","1","1","00","1","40 04:51.801","2","00","76 20:23.097","4","0","0","0","36101","0","0","0","N","0","0","0","3","36101","1","","1","01","N","N","0","","0","0","1","0","0","N","1630","1","2","0","0","0","0","0","3","0","2","N","","","","","","","","","","","","03","  ","","",""
"0725","0","0","0","0","0","0","0","0","0","7","0","","36","07","2018","2018071304","6","40.066","-76.2725","0720","08","0","0","0","0","0","0","1","0","1","0","0","0","07","1","3","00","2","40 03:57.422","6","00","76 16:20.847","4","0","0","0","36101","0","0","0","N","0","0","0","3","36101","3","","4","01","N","N","1","","0","0","0","0","0","N","0718","3","1","0","0","0","0","0","3","0","1","N","","","","","","","","","","","","03","  ","","",""
"1827","1","0","0","0","0","0","0","0","0","4","0","","36","07","2018","2018071305","6","40.0679","-76.2995","1823","08","0","0","0","0","0","0","1","0","2","0","0","0","18","1","1","00","1","40 04:04.610","3","00","76 17:58.215","3","0","0","0","36101","0","0","0","N","0","0","0","2","36101","0","","1","01","N","N","1","","1","0","0","0","0","N","1823","1","2","0","0","0","0","0","3","0","2","N","","","","","","","","","","","","03","  ","","",""
"1802","0","0","0","0","0","0","0","0","0","7","0","","36","07","2018","2018071306","2","39.9513","-76.4298","1742","08","0","0","0","1","0","0","0","0","","0","0","0","17","1","0","00","0","39 57:04.640","","00","76 25:47.262","0","0","0","0","36223","0","0","0","N","0","0","0","1","36223","0","","5","01","N","N","0","","0","0","1","0","0","","1742","0","1","0","0","1","0","0","1","0","1","N","","","","","","","","","","","","03","  ","","",""
"0641","1","0","0","0","0","0","0","0","0","7","0","","36","07","2018","2018071314","1","40.0424","-76.4936","","08","0","0","0","0","0","0","0","0","1","0","0","0","06","5","1","00","2","40 02:32.539","7","00","76 29:36.855","3","0","0","0","36404","0","0","0","N","0","0","0","1","36404","0","","4","01","N","N","0","","1","0","0","0","0","N","0635","1","1","0","0","1","0","0","3","0","1","N","","","","","","","","","","","","03","  ","","",""
"1250","0","0","0","0","0","0","0","0","0","4","0","","36","07","2018","2018071374","7","40.1218","-76.029","1247","08","0","0","0","0","0","0","1","0","2","0","0","0","12","1","1","03","2","40 07:18.494","7","00","76 01:44.569","2","0","1","1","36213","0","0","0","N","0","0","0","3","36213","0","","1","01","N","N","0","","0","1","1","0","0","Y","1245","1","2","0","0","0","0","0","1","0","2","N","","","","","","","","","","","","03","  ","","",""
"1300","1","0","0","0","0","0","0","0","0","7","0","","36","06","2018","2018071381","7","40.0704","-76.5777","1254","08","0","0","0","0","0","0","0","0","","0","0","0","12","1","0","00","0","40 04:13.369","","00","76 34:39.658","0","0","0","0","36211","0","0","0","N","0","0","0","1","36504","0","","5","01","N","N","0","","0","0","0","0","0","","1247","0","1","0","0","0","0","0","1","0","1","N","","","","","","","","","","","","03","  ","","",""
"2125","1","0","0","0","0","0","0","0","0","4","0","","36","07","2018","2018071415","2","40.0422","-76.2957","2123","08","0","0","0","0","0","0","0","0","","0","0","0","21","3","1","01","0","40 02:32.089","","00","76 17:44.343","4","0","0","0","36301","0","0","0","N","0","0","0","6","36301","1","","1","01","N","N","0","","0","0","1","3","3","","2122","1","2","0","0","0","0","0","3","0","2","N","","","","","","","","","","","","03","  ","","",""
"0156","3","0","0","0","0","0","0","0","0","5","0","","36","07","2018","2018071422","1","40.0344","-76.3206","0136","08","0","0","1","0","0","0","0","0","1","0","0","0","01","3","0","01","1","40 02:03.663","2","00","76 19:14.138","0","0","0","0","36301","0","0","0","N","0","0","0","1","36301","0","","2","01","","","0","","0","0","0","3","3","N","0134","0","3","0","0","0","0","0","3","0","3","N","","","","","","","","","","","","03","  ","","",""
"1801","1","0","0","0","0","0","0","0","0","7","0","","36","07","2018","2018071430","1","39.9974","-76.2503","1758","08","0","1","0","0","0","0","0","0","2","0","0","0","17","1","0","00","2","39 59:50.492","5","00","76 15:01.107","0","0","0","0","36240","0","0","0","N","0","0","0","4","36240","0","","2","01","N","N","0","","0","0","0","0","0","Y","1757","0","1","0","0","1","0","0","1","0","1","N","","","","","","","","","","","","03","  ","","",""
"0209","2","0","0","0","0","0","0","0","0","5","0","","36","07","2018","2018071433","4","40.0414","-76.3033","0207","08","0","0","0","0","0","0","0","0","","0","0","0","02","3","0","01","0","40 02:29.093","","00","76 18:11.754","0","0","0","0","36301","0","0","0","Y","0","0","0","2","36301","0","","1","01","N","N","0","","0","0","1","0","0","","0203","0","3","0","0","0","0","0","3","0","3","N","","","","","","","","","","","","03","  ","","",""
"1623","1","0","0","0","0","0","0","0","0","7","0","","36","07","2018","2018071459","2","40.0888","-76.3056","1622","08","1","0","0","0","0","0","0","0","1","0","0","0","16","1","1","00","1","40 05:19.570","4","00","76 18:20.150","3","0","0","0","36101","0","0","0","N","0","0","0","1","36101","0","","2","01","N","N","0","","1","0","0","0","0","N","1618","1","1","0","0","0","0","0","3","0","1","N","","","","","","","","","","","","03","  ","","",""
"0707","1","0","0","0","0","0","0","0","0","4","0","","36","07","2018","2018071460","3","40.1213","-76.3102","0704","08","0","0","0","0","0","1","0","0","1","0","0","0","07","1","0","01","1","40 07:16.701","2","00","76 18:36.828","0","0","0","0","36101","0","0","0","N","0","0","0","2","36101","0","","1","01","N","N","1","","0","0","0","9","3","N","0701","0","2","0","0","0","0","0","3","0","2","N","","","","","","","","","","","","03","  ","","",""
"1027","1","0","0","0","0","0","0","0","0","4","0","","36","07","2018","2018071461","7","40.0602","-76.3203","1020","08","0","0","0","0","0","0","0","0","3","0","0","0","10","1","2","00","1","40 03:36.829","2","00","76 19:12.937","3","0","0","0","36101","0","0","0","N","0","0","0","3","36101","0","","1","01","N","N","1","","2","0","0","0","0","N","1011","2","2","0","0","0","0","0","3","0","2","N","","","","","","","","","","","","03","  ","","",""
"1610","1","0","0","0","0","0","0","0","0","1","0","","36","07","2018","2018071462","2","40.034","-76.4056","1603","08","0","0","0","0","0","0","0","0","1","0","0","0","16","1","1","10","1","40 02:02.548","1","00","76 24:20.105","3","0","0","0","36223","0","0","0","N","0","0","0","3","36223","0","","1","01","N","N","1","","1","0","0","0","0","N","1603","1","2","0","0","0","0","0","1","0","2","N","","","","","","","","","","","","03","  ","","",""
"0717","0","0","0","0","0","0","0","0","0","2","0","","36","07","2018","2018071483","1","40.0409","-76.3083","0717","08","0","0","0","0","0","1","0","0","1","0","0","0","07","1","1","01","2","40 02:27.296","3","00","76 18:29.986","3","0","0","0","36301","0","0","0","N","0","0","0","2","36301","0","","1","01","N","N","0","","1","0","2","3","2","Y","0717","1","2","0","0","0","0","0","3","0","2","N","","","","","","","","","","","","03","  ","","",""
"1223","1","0","0","0","0","0","0","0","0","8","0","","36","07","2018","2018071484","5","40.1198","-76.2364","1215","08","0","0","0","0","0","1","0","0","","0","0","0","12","1","1","00","0","40 07:11.287","","00","76 14:10.933","8","0","0","0","36235","1","0","0","N","1","0","0","2","36506","0","","1","01","N","N","0","","0","0","0","0","0","","1215","1","2","0","0","1","1","0","1","0","1","N","","","","","","","","","","","","03","  ","","",""
"0958","1","0","0","0","0","0","0","0","0","7","0","","36","07","2018","2018071517","4","40.0485","-76.3002","0955","08","0","0","0","0","0","1","0","0","","0","0","0","09","1","1","03","0","40 02:54.675","","00","76 18:00.601","3","0","0","0","36301","0","0","0","Y","0","0","0","1","36301","0","","5","01","N","N","0","","1","0","0","3","3","","0952","1","1","0","0","0","0","0","3","0","1","N","","","","","","","","","","","","03","  ","","",""
"1451","1","0","0","0","0","0","0","0","0","4","0","","36","06","2018","2018071546","7","40.0289","-76.2977","1449","08","0","0","0","0","0","0","0","0","","0","0","0","14","1","4","01","0","40 01:44.047","","00","76 17:51.838","3","0","0","0","36301","0","0","0","N","0","0","0","5","36301","1","","1","01","N","N","0","","3","0","1","3","3","","1447","4","2","0","0","1","0","0","3","0","2","N","","","","","","","","","","","","03","  ","","",""
"1740","0","0","0","0","0","0","0","0","0","1","0","","36","06","2018","2018071742","1","40.0261","-76.2111","1734","08","0","0","0","0","0","1","0","0","","0","0","0","17","1","0","00","0","40 01:33.911","","00","76 12:40.075","9","0","0","0","36215","0","0","0","N","0","0","0","5","36215","0","","1","01","N","N","0","","0","0","3","0","0","","1730","0","4","0","0","0","0","1","1","0","4","N","","","","","","","","","","","","03","  ","","",""
"1524","0","0","0","0","0","0","0","0","0","7","0","","36","06","2018","2018071743","3","40.0117","-76.1382","1517","08","0","0","0","0","0","0","0","0","","0","0","0","14","1","1","00","0","40 00:44.167","","00","76 08:27.709","3","0","0","0","36215","0","0","0","N","0","0","0","2","36215","0","","2","01","N","N","1","","1","0","0","0","0","","1430","1","1","0","0","0","0","0","1","0","1","N","","","","","","","","","","","","03","  ","","",""
"0935","1","0","0","0","0","0","0","0","0","4","0","","36","07","2018","2018071744","2","40.0499","-76.2435","0927","08","0","0","0","0","0","1","0","0","","0","0","0","09","1","1","01","0","40 02:59.726","","00","76 14:36.434","3","0","0","0","36215","0","0","0","N","0","0","0","2","36215","0","","1","01","N","N","0","","1","0","1","3","3","","0924","1","2","0","0","0","0","0","1","0","2","N","","","","","","","","","","","","03","  ","","",""
"1428","1","0","0","1","0","1","0","0","0","8","0","","36","07","2018","2018071745","2","40.0292","-76.1698","1422","08","0","0","0","0","0","0","0","1","3","0","0","0","14","1","1","00","2","40 01:44.978","5","00","76 10:11.207","2","0","0","0","36215","1","0","1","N","0","0","0","2","36215","0","","4","01","N","N","0","","0","1","0","0","0","Y","1422","1","2","0","0","0","0","0","1","0","1","N","","","","","","","","","","","","03","  ","","",""
"0913","0","0","0","0","0","0","0","0","0","7","1","","36","07","2018","2018071746","3","40.0438","-76.2541","0910","08","0","0","0","0","0","0","0","0","1","0","1","0","09","1","3","00","2","40 02:37.760","5","01","76 15:14.810","3","0","0","0","36215","0","0","0","N","0","0","0","3","36215","0","","5","01","N","N","0","","3","0","0","3","8","N","0910","3","1","0","0","3","0","0","1","0","1","N","","","","","","","","","","","","03","  ","","",""
"2109","1","0","0","0","0","0","0","0","0","4","0","","36","07","2018","2018071747","3","40.0387","-76.1833","2104","08","0","0","0","0","0","0","0","0","2","0","0","0","21","1","0","00","1","40 02:19.339","4","00","76 11:00.009","0","0","0","0","36215","0","0","0","N","0","0","0","2","36215","0","","1","01","N","N","0","","0","0","0","0","0","N","2103","0","2","0","0","0","0","0","1","0","2","N","","","","","","","","","","","","03","  ","","",""
"1339","1","0","0","0","0","0","0","0","0","7","0","","36","06","2018","2018071748","6","40.118","-76.5356","1333","08","0","0","0","0","0","0","0","1","","0","0","0","13","1","0","00","0","40 07:04.912","","00","76 32:08.160","0","0","0","0","36211","0","0","0","N","0","0","0","1","36504","0","","5","01","N","N","0","","0","0","0","0","0","","1331","0","1","0","0","0","0","0","1","0","1","N","","","","","","","","","","","","03","  ","","",""
"1344","0","0","0","0","0","0","0","0","0","1","0","","36","07","2018","2018071749","6","40.0265","-76.2144","1341","08","0","0","0","0","0","0","0","0","1","0","0","0","13","1","0","00","1","40 01:35.223","4","00","76 12:51.898","0","0","0","0","36215","0","0","0","N","0","0","0","4","36215","0","","1","01","N","N","0","","0","0","0","0","0","N","1341","0","2","0","0","0","0","0","1","2","2","N","","","","","","","","","","","","03","  ","","",""
"1913","1","0","2","0","0","0","0","0","0","4","0","","36","07","2018","2018071750","1","40.0319","-76.2398","1904","08","0","0","0","0","0","1","0","0","2","0","0","0","19","1","2","01","2","40 01:54.765","4","00","76 14:23.331","2","0","0","0","36215","0","0","0","N","0","0","0","3","36215","0","","1","01","N","N","0","","0","2","1","3","2","Y","1900","2","2","0","0","0","0","0","1","0","2","N","","","","","","","","","","","","03","  ","","",""
"0600","3","0","0","0","0","0","0","0","0","4","0","","36","06","2018","2018071817","7","40.0459","-76.3072","0558","08","0","0","0","1","0","0","0","0","2","0","0","0","05","1","1","01","2","40 02:45.142","1","00","76 18:25.864","3","0","0","0","36301","0","0","0","N","0","0","0","3","36301","0","","1","01","N","N","0","","1","0","0","3","2","Y","0555","1","3","0","0","0","0","1","3","0","3","N","","","","","","","","","","","","03","  ","","",""
"1509","3","0","0","0","0","0","0","0","0","1","0","","36","07","2018","2018071993","5","40.1639","-76.2009","1503","08","0","0","0","1","0","1","0","0","3","0","0","0","15","1","1","03","1","40 09:50.106","5","00","76 12:03.410","4","0","0","0","36218","0","0","0","N","0","0","0","3","36408","1","","1","01","N","N","0","","0","0","0","0","0","Y","1500","1","3","0","0","0","0","0","1","0","3","N","","","","","","","","","","","","03","  ","","",""
"1100","0","0","0","0","0","0","0","0","0","4","0","","36","07","2018","2018071986","5","40.203","-76.1574","1042","08","0","0","0","0","0","1","1","0","2","0","0","0","10","1","0","01","1","40 12:10.779","1","00","76 09:26.525","0","0","0","0","36218","0","0","0","N","0","0","0","2","36408","0","","1","01","N","N","0","","0","0","2","3","2","N","1035","0","2","0","0","0","0","0","1","0","2","N","","","","","","","","","","","","03","  ","","",""
"1956","1","0","0","0","0","0","0","0","0","7","0","","36","07","2018","2018071987","2","40.0359","-76.5218","1947","08","0","0","0","1","0","0","0","0","","0","0","0","17","1","0","00","0","40 02:09.338","","03","76 31:18.488","0","0","0","0","36239","0","0","0","N","0","0","0","1","36239","0","","4","01","Y","N","0","","0","0","0","0","0","","1745","0","1","0","0","0","0","0","3","0","1","N","","","","","","","","","","","","03","  ","","",""
"0200","1","0","0","0","0","0","0","0","0","7","0","","36","07","2018","2018071995","3","40.032","-76.304","0140","08","0","0","0","0","0","0","0","0","","0","0","0","01","3","0","02","0","40 01:55.365","","00","76 18:14.349","0","0","0","0","36301","0","0","0","N","0","0","0","1","36301","0","","5","01","N","N","0","","0","0","0","3","3","","0140","0","1","0","0","0","0","0","3","0","1","N","","","","","","","","","","","","03","  ","","",""