"ARRIVAL_TM","AUTOMOBILE_COUNT","BELTED_DEATH_COUNT","BELTED_SUSP_SERIOUS_INJ_COUNT","BICYCLE_COUNT","BICYCLE_DEATH_COUNT","BICYCLE_SUSP_SERIOUS_INJ_COUNT","BUS_COUNT","CHLDPAS_DEATH_COUNT","CHLDPAS_SUSP_SERIOUS_INJ_COUNT","COLLISION_TYPE","COMM_VEH_COUNT","CONS_ZONE_SPD_LIM","COUNTY","CRASH_MONTH","CRASH_YEAR","CRN","DAY_OF_WEEK","DEC_LAT","DEC_LONG","DISPATCH_TM","DISTRICT","DRIVER_COUNT_16YR","DRIVER_COUNT_17YR","DRIVER_COUNT_18YR","DRIVER_COUNT_19YR","DRIVER_COUNT_20YR","DRIVER_COUNT_50_64YR","DRIVER_COUNT_65_74YR","DRIVER_COUNT_75PLUS","EST_HRS_CLOSED","FATAL_COUNT","HEAVY_TRUCK_COUNT","HORSE_BUGGY_COUNT","HOUR_OF_DAY","ILLUMINATION","INJURY_COUNT","INTERSECT_TYPE","LANE_CLOSED","LATITUDE","LN_CLOSE_DIR","LOCATION_TYPE","LONGITUDE","MAX_SEVERITY_LEVEL","MCYCLE_DEATH_COUNT","MCYCLE_SUSP_SERIOUS_INJ_COUNT","MOTORCYCLE_COUNT","MUNICIPALITY","NONMOTR_COUNT","NONMOTR_DEATH_COUNT","NONMOTR_SUSP_SERIOUS_INJ_COUNT","NTFY_HIWY_MAINT","PED_COUNT","PED_DEATH_COUNT","PED_SUSP_SERIOUS_INJ_COUNT","PERSON_COUNT","POLICE_AGCY","POSSIBLE_INJ_COUNT","RDWY_SURF_TYPE_CD","RELATION_TO_ROAD","ROAD_CONDITION","SCH_BUS_IND","SCH_ZONE_IND","SMALL_TRUCK_COUNT","SPEC_JURIS_CD","SUSP_MINOR_INJ_COUNT","SUSP_SERIOUS_INJ_COUNT","SUV_COUNT","TCD_FUNC_CD","TCD_TYPE","TFC_DETOUR_IND","TIME_OF_DAY","TOT_INJ_COUNT","TOTAL_UNITS","UNB_DEATH_COUNT","UNB_SUSP_SERIOUS_INJ_COUNT","UNBELTED_OCC_COUNT","UNK_INJ_DEG_COUNT","UNK_INJ_PER_COUNT","URBAN_RURAL","VAN_COUNT","VEHICLE_COUNT","WORK_ZONE_IND","WORK_ZONE_LOC","WORK_ZONE_TYPE","WORKERS_PRES","WZ_CLOSE_DETOUR","WZ_FLAGGER","WZ_LAW_OFFCR_IND","WZ_LN_CLOSURE","WZ_MOVING","WZ_OTHER","WZ_SHLDER_MDN","ROADWAY_CLEARED","WEATHER1","WEATHER2","WZ_WORKERS_INJ_KILLED","SECONDARY_CRASH","INTERSECTION_RELATED"
"2240","2","0","0","0","0","0","0","0","0","5","0","","36","07","2018","2018071996","5","40.0458","-76.2976","2228","08","0","0","0","0","0","0","0","0","1","0","0","0","22","3","0","00","1","40 02:44.864","3","00","76 17:51.365","0","0","0","0","36301","0","0","0","N","0","0","0","1","36301","0","","1","01","N","N","0","","0","0","0","0","0","Y","2228","0","2","0","0","0","0","0","3","0","2","N","","","","","","","","","","","","03","  ","","",""
"0745","2","0","1","0","0","0","0","0","0","6","1","","36","06","2018","2018072016","6","40.1622","-76.0139","0733","08","0","0","0","0","0","1","0","0","2","0","1","0","07","1","2","00","2","40 09:43.908","5","00","76 00:50.118","2","0","0","0","36213","0","0","0","N","0","0","0","4","36213","0","","1","01","N","N","0","","1","1","0","0","0","Y","0730","2","3","0","0","2","0","0","1","0","3","N","","","","","","","","","","","","03","  ","","",""
"0806","2","0","0","0","0","0","0","0","0","4","0","","36","07","2018","2018072052","4","40.0493","-76.2951","0754","08","0","0","0","0","0","0","0","0","9","0","0","0","07","1","0","01","1","40 02:57.379","3","00","76 17:42.226","0","0","0","0","36301","0","0","0","N","0","0","0","3","36301","0","","1","01","N","N","0","","0","0","0","3","3","N","0752","0","2","0","0","0","0","0","3","0","2","N","","","","","","","","","","","","03","  ","","",""
"1016","2","0","0","0","0","0","0","0","0","1","0","","36","07","2018","2018072089","3","39.9923","-76.2858","1016","08","1","0","0","0","0","0","0","0","","0","0","0","10","1","0","00","0","39 59:32.280","","00","76 17:08.935","0","0","0","0","36240","0","0","0","N","0","0","0","2","36240","0","","1","01","N","N","0","","0","0","0","3","2","","1015","0","2","0","0","0","0","0","1","0","2","N","","","","","","","","","","","","03","  ","","",""
"1915","1","0","0","0","0","0","0","0","0","1","0","","36","07","2018","2018072154","1","40.1707","-76.1698","1911","08","0","0","0","0","0","1","0","0","","0","0","0","19","1","1","00","0","40 10:14.692","","00","76 10:11.441","3","0","0","0","36408","0","0","0","N","0","0","0","3","36408","0","","1","01","N","N","0","","1","0","1","0","0","","1911","1","2","0","0","0","0","0","2","0","2","N","","","","","","","","","","","","03","  ","","",""
"1501","2","0","0","0","0","0","0","0","0","4","0","","36","07","2018","2018072160","2","39.9948","-76.2751","1455","08","0","0","0","0","0","1","0","0","2","0","0","0","14","1","1","02","2","39 59:41.125","5","00","76 16:30.183","4","0","0","0","36240","0","0","0","N","0","0","0","2","36240","1","","1","01","N","N","0","","0","0","0","2","3","N","1450","1","2","0","0","0","0","0","1","0","2","N","","","","","","","","","","","","03","  ","","",""
"1701","2","0","0","0","0","0","0","0","0","1","0","","36","07","2018","2018072205","2","40.1806","-76.3167","1657","08","0","0","0","0","0","0","1","0","","0","0","0","16","1","1","00","0","40 10:50.113","","00","76 19:00.058","8","0","0","0","36235","0","0","0","N","0","0","0","3","36506","0","","1","01","N","N","0","","0","0","0","0","0","","1657","1","2","0","0","0","1","0","1","0","2","N","","","","","","","","","","","","03","  ","","",""
"1535","2","0","0","0","0","0","0","0","0","4","0","","36","07","2018","2018072206","2","40.1326","-76.347","1530","08","0","0","0","1","0","1","0","0","","0","0","0","15","1","0","01","0","40 07:57.364","","00","76 20:49.148","0","0","0","0","36227","0","0","0","N","0","0","0","3","36506","0","","1","01","N","N","1","","0","0","0","3","3","","1530","0","3","0","0","0","0","0","1","0","3","N","","","","","","","","","","","","03","  ","","",""
"0902","1","0","0","0","0","0","0","0","0","4","0","","36","07","2018","2018072207","2","40.2052","-76.3922","0855","08","0","0","0","0","0","0","1","0","1","0","0","0","08","1","1","02","1","40 12:18.726","6","00","76 23:31.782","8","0","0","0","36227","0","0","0","N","0","0","0","5","36506","0","","1","01","N","N","0","","0","0","1","0","0","N","0855","1","2","0","0","0","1","0","1","0","2","N","","","","","","","","","","","","03","  ","","",""
"2206","1","0","0","0","0","0","0","0","0","7","0","","36","07","2018","2018072208","4","39.9891","-76.314","2206","08","0","0","0","0","0","0","0","0","2","0","0","0","22","2","1","00","1","39 59:20.911","2","00","76 18:50.252","8","0","0","0","36228","0","0","0","Y","0","0","0","1","36503","0","","5","01","N","N","0","","0","0","0","0","0","Y","2206","1","1","0","0","0","1","0","1","0","1","N","","","","","","","","","","","","03","  ","","",""
"1802","1","0","0","0","0","0","0","0","0","4","0","","36","07","2018","2018072316","2","40.0363","-76.4554","1757","08","0","0","0","0","0","1","0","0","2","0","0","0","17","1","2","01","1","40 02:10.903","7","00","76 27:18.690","4","0","0","0","36239","0","0","0","N","0","0","0","2","36239","2","","1","01","N","N","1","","0","0","0","3","2","Y","1755","2","2","0","0","0","0","0","3","0","2","N","","","","","","","","","","","","03","  ","","",""
"1837","1","0","0","0","0","0","0","0","0","4","0","","36","07","2018","2018072340","2","40.1118","-76.2749","1829","08","0","0","0","0","0","0","0","0","","0","0","0","18","1","0","00","0","40 06:42.341","","00","76 16:29.773","0","0","0","0","36101","0","0","0","N","0","0","0","3","36101","0","","1","01","N","N","0","","0","0","1","0","0","","1826","0","2","0","0","0","0","0","3","0","2","N","","","","","","","","","","","","03","  ","","",""
"1918","4","0","0","0","0","0","0","0","0","1","0","","36","07","2018","2018072341","2","40.1036","-76.3054","1914","08","0","0","0","0","0","1","0","0","2","0","0","0","18","1","2","00","1","40 06:13.129","1","00","76 18:19.462","3","0","0","0","36101","0","0","0","N","0","0","0","6","36101","0","","1","01","N","N","1","","2","0","0","0","0","N","1849","2","5","0","0","0","0","0","3","0","5","N","","","","","","","","","","","","03","  ","","",""
"1347","2","0","0","0","0","0","0","0","0","4","0","","36","07","2018","2018072342","4","40.1096","-76.333","1342","08","0","0","0","0","0","0","2","0","2","0","0","0","13","1","2","01","1","40 06:34.657","3","00","76 19:58.893","3","0","0","0","36101","0","0","0","N","0","0","0","3","36101","1","","1","01","N","N","0","","1","0","0","3","3","N","1339","2","2","0","0","0","0","0","3","0","2","N","","","","","","","","","","","","03","  ","","",""
"1659","1","0","0","0","0","0","0","0","0","1","0","","36","07","2018","2018072343","2","40.0576","-76.3989","1654","08","0","0","0","0","0","0","0","0","2","0","0","0","16","1","1","00","2","40 03:27.309","4","00","76 23:56.073","8","0","0","0","36214","0","0","0","N","0","0","0","2","36214","0","","1","01","N","N","1","","0","0","0","0","0","N","1645","1","2","0","0","0","1","1","3","0","2","N","","","","","","","","","","","","03","  ","","",""
"2022","0","0","0","0","0","0","0","0","0","9","0","","36","07","2018","2018072344","4","40.001","-76.4215","2009","08","0","0","0","0","0","0","0","0","2","0","0","0","20","4","0","01","1","40 00:03.498","2","00","76 25:17.439","0","0","0","0","36223","0","0","0","N","0","0","0","1","36223","0","","5","09","N","N","0","","0","0","1","0","0","N","2005","0","1","0","0","0","0","0","1","0","1","N","","","","","","","","","","","","07","  ","","",""
"0155","0","0","0","0","0","0","0","0","0","7","0","","36","07","2018","2018072345","6","40.1603","-76.4908","0125","08","0","0","0","0","0","0","0","0","","0","0","0","01","2","0","00","0","40 09:37.230","","00","76 29:26.790","0","0","0","0","36230","0","0","0","N","0","0","0","2","36410","0","","5","01","N","N","1","","0","0","0","0","0","","0125","0","1","0","0","1","0","0","1","0","1","N","","","","","","","","","","","","03","  ","","",""
"0820","0","0","0","0","0","0","0","0","0","4","0","","36","07","2018","2018072346","2","40.1818","-76.4945","0813","08","0","0","0","0","0","0","0","0","2","0","0","0","08","1","3","01","2","40 10:54.338","7","00","76 29:40.023","8","0","0","0","36230","0","0","0","N","0","0","0","3","36410","0","","1","01","N","N","0","","0","0","1","3","3","Y","0812","3","2","0","0","0","3","0","1","1","2","N","","","","","","","","","","","","03","  ","","",""
"1520","3","0","0","0","0","0","0","0","0","1","0","","36","07","2018","2018072347","4","40.15","-76.1236","1515","08","0","0","0","0","0","1","0","0","2","0","0","0","15","1","1","00","2","40 08:59.971","3","00","76 07:25.131","3","0","0","0","36209","0","0","0","N","0","0","0","3","36415","0","","1","01","N","N","0","","1","0","0","0","0","N","1515","1","3","0","0","0","0","0","1","0","3","N","","","","","","","","","","","","03","  ","","",""
"2301","0","0","0","0","0","0","0","0","0","7","0","","36","07","2018","2018072366","3","40.1139","-76.6458","2254","08","0","0","0","0","0","0","0","0","2","0","0","0","22","2","1","00","2","40 06:49.946","3","00","76 38:44.859","3","0","0","0","36237","0","0","0","N","0","0","0","1","36505","0","","5","01","N","N","0","","1","0","1","0","0","N","2253","1","1","0","0","0","0","0","1","0","1","N","","","","","","","","","","","","03","  ","","",""
"1043","1","0","0","0","0","0","0","0","0","4","1","","36","07","2018","2018072642","4","40.1505","-76.0281","1037","08","0","0","1","0","0","1","0","0","3","0","1","0","10","1","1","01","2","40 09:01.638","7","00","76 01:41.060","3","0","0","0","36213","0","0","0","N","0","0","0","2","36213","0","","1","01","N","N","0","","1","0","0","3","3","Y","1030","1","2","0","0","0","0","0","1","0","2","N","","","","","","","","","","","","03","  ","","",""
"1414","1","0","0","0","0","0","0","0","0","4","0","","36","06","2018","2018072661","6","40.1313","-76.564","1407","08","0","0","0","0","1","0","0","0","2","0","0","0","14","1","0","00","1","40 07:52.705","4","00","76 33:50.416","0","0","0","0","36225","0","0","0","N","0","0","0","4","36505","0","","1","01","N","N","1","","0","0","0","0","0","N","1400","0","2","0","0","0","0","0","2","0","2","N","","","","","","","","","","","","03","  ","","",""
"0914","0","0","0","0","0","0","0","0","0","7","0","","36","07","2018","2018072677","4","40.08","-76.3307","0909","08","0","0","0","1","0","0","0","0","","0","0","0","09","1","1","00","0","40 04:47.990","","07","76 19:50.440","3","0","0","0","36101","1","0","0","N","0","0","0","2","36101","0","","5","01","N","N","0","","1","0","2","0","0","","0908","1","2","0","0","0","0","0","3","0","2","N","","","","","","","","","","","","03","  ","","",""
"2242","1","0","0","0","0","0","0","0","0","7","0","","36","06","2018","2018072744","6","40.2192","-76.4012","2228","08","0","0","0","0","0","0","0","0","","0","0","0","22","2","0","02","0","40 13:09.015","","00","76 24:04.483","0","0","0","0","36227","0","0","0","N","0","0","0","1","36506","0","","2","01","N","N","0","","0","0","0","0","0","","2228","0","1","0","0","0","0","0","1","0","1","N","","","","","","","","","","","","03","  ","","",""
"1250","2","0","0","0","0","0","0","0","0","4","0","","36","07","2018","2018072749","7","40.1288","-76.3118","1249","08","0","0","0","0","0","0","0","0","2","0","0","0","12","1","1","02","2","40 07:43.586","4","00","76 18:42.454","4","0","0","0","36235","0","0","0","N","0","0","0","2","36506","1","","1","01","N","N","0","","0","0","0","3","2","Y","1249","1","2","0","0","0","0","0","1","0","2","N","","","","","","","","","","","","03","  ","","",""
"1750","1","0","0","0","0","0","0","0","0","0","0","","36","07","2018","2018072757","7","40.138","-76.206","1745","08","0","0","0","0","0","0","0","0","","0","0","0","17","1","0","00","0","40 08:16.853","","00","76 12:21.551","0","0","0","0","36238","0","0","0","N","0","0","0","1","36238","0","","1","01","N","N","0","","0","0","0","0","0","","1744","0","1","0","0","0","0","0","3","0","1","N","","","","","","","","","","","","03","  ","","",""
"0100","0","0","0","0","0","0","0","0","0","7","0","","36","07","2018","2018072821","5","40.1663","-76.4019","0059","08","0","0","1","0","0","0","0","0","","0","0","0","00","3","0","00","0","40 09:58.690","","00","76 24:06.676","0","0","0","0","36410","0","0","0","N","0","0","0","1","36410","0","","5","01","N","N","0","","0","0","1","0","0","","0059","0","1","0","0","0","0","0","2","0","1","N","","","","","","","","","","","","03","  ","","",""
"1603","1","0","0","0","0","0","0","0","0","2","0","","36","06","2018","2018072825","4","40.1254","-76.2251","1557","08","1","0","0","0","0","0","0","0","","0","0","0","15","1","0","02","0","40 07:31.479","","00","76 13:30.151","0","0","0","0","36238","0","0","0","N","0","0","0","3","36238","0","","1","09","N","N","1","","0","0","0","3","3","","1556","0","2","0","0","0","0","0","3","0","2","N","","","","","","","","","","","","07","  ","","",""
"1515","2","0","0","0","0","0","0","0","0","4","0","","36","07","2018","2018072832","1","40.1309","-76.2172","1513","08","0","1","0","0","0","0","0","0","2","0","0","0","15","1","2","01","2","40 07:51.556","2","00","76 13:01.609","3","0","0","0","36238","0","0","0","N","0","0","0","3","36238","0","","1","01","N","N","0","","2","0","0","3","2","Y","1513","2","2","0","0","0","0","0","3","0","2","N","","","","","","","","","","","","03","  ","","",""
"1807","3","0","0","0","0","0","0","0","0","1","0","","36","06","2018","2018072840","4","40.1008","-76.2573","1800","08","0","0","0","0","0","0","1","0","2","0","0","0","17","1","1","00","1","40 06:02.930","2","00","76 15:26.420","3","0","0","0","36101","0","0","0","N","0","0","0","5","36101","0","","1","09","N","N","0","","1","0","0","0","0","N","1758","1","3","0","0","0","0","0","3","0","3","N","","","","","","","","","","","","07","  ","","",""
"1239","0","0","0","0","0","0","0","0","0","7","0","","36","07","2018","2018072854","4","40.2051","-76.1175","1233","08","0","0","0","0","0","1","0","0","2","0","0","0","12","1","1","00","1","40 12:18.352","2","03","76 07:03.178","3","0","0","0","36210","0","0","0","Y","0","0","0","1","36210","0","","5","01","N","N","0","","1","0","1","0","0","N","1231","1","1","0","0","0","0","0","1","0","1","N","","","","","","","","","","","","03","  ","","",""
"1255","1","0","0","0","0","0","0","0","0","1","0","","36","07","2018","2018072884","6","40.1646","-76.1561","1251","08","0","0","0","0","0","1","0","1","2","0","0","0","12","1","1","00","1","40 09:52.507","3","00","76 09:21.848","3","0","0","0","36218","0","0","0","N","0","0","0","2","36408","0","","1","01","N","N","1","","1","0","0","0","0","Y","1251","1","2","0","0","0","0","0","1","0","2","N","","","","","","","","","","","","03","  ","","",""
"0732","1","0","0","0","0","0","0","0","0","1","1","","36","07","2018","2018072894","5","40.2186","-76.0843","0726","08","0","0","0","0","0","1","2","0","2","0","1","0","07","1","2","00","2","40 13:07.077","2","00","76 05:03.579","3","0","0","0","36210","0","0","0","Y","0","0","0","7","36210","0","","1","01","N","N","0","","2","0","1","0","0","N","0720","2","4","0","0","0","0","0","1","1","4","N","","","","","","","","","","","","03","  ","","",""
"1238","1","0","0","0","0","0","0","0","0","1","0","","36","07","2018","2018072896","4","40.0619","-76.3449","1232","08","0","0","0","0","1","0","1","0","","0","0","0","12","1","0","00","0","40 03:42.695","","00","76 20:41.729","0","0","0","0","36214","0","0","0","N","0","0","0","2","36214","0","","1","01","N","N","0","","0","0","0","0","0","","1230","0","2","0","0","0","0","0","3","1","2","N","","","","","","","","","","","","03","  ","","",""
"0810","1","0","0","0","0","0","0","0","0","5","1","","36","07","2018","2018072923","5","40.0617","-76.3482","0806","08","0","0","0","0","1","0","0","0","2","0","1","0","08","1","0","00","1","40 03:42.292","4","00","76 20:53.633","0","0","0","0","36214","0","0","0","N","0","0","0","2","36214","0","","1","01","N","N","0","","0","0","0","0","0","N","0806","0","2","0","0","0","0","0","3","0","2","N","","","","","","","","","","","","03","  ","","",""
"1906","0","0","0","0","0","0","0","0","0","0","0","","36","05","2018","2018072930","5","40.2024","-76.2092","1858","08","0","0","0","0","0","0","0","0","","0","0","0","18","1","1","00","0","40 12:08.501","","00","76 12:33.229","3","0","0","1","36204","0","0","0","N","0","0","0","1","36506","0","","1","01","N","N","0","","1","0","0","0","0","","1858","1","1","0","0","0","0","0","1","0","1","N","","","","","","","","","","","","03","  ","","",""
"0726","1","0","0","0","0","0","0","0","0","4","0","","36","07","2018","2018073002","4","40.1532","-76.3081","0726","08","0","0","0","0","0","1","0","0","1","0","0","0","07","1","1","01","2","40 09:11.448","7","00","76 18:29.170","8","0","0","0","36409","0","0","0","N","0","0","0","2","36409","0","","1","01","N","N","0","","0","0","1","3","3","Y","0726","1","2","0","0","0","1","0","3","0","2","N","","","","","","","","","","","","03","  ","","",""
"1059","1","0","0","0","0","0","0","0","0","5","0","","36","07","2018","2018073027","7","40.0971","-76.4017","1059","08","0","0","0","0","0","0","0","0","2","0","0","0","10","1","2","00","1","40 05:49.407","3","00","76 24:06.165","3","0","0","0","36214","0","0","0","N","0","0","0","5","36214","0","","1","01","N","N","0","","2","0","1","0","0","N","1056","2","2","0","0","0","0","0","3","0","2","N","","","","","","","","","","","","03","  ","","",""
"1853","1","0","0","0","0","0","0","0","0","1","0","","36","07","2018","2018073029","1","40.0173","-76.1667","1844","08","0","0","0","0","1","0","0","0","2","0","0","0","18","1","1","00","2","40 01:02.268","3","00","76 10:00.204","4","0","0","0","36215","0","0","0","N","0","0","0","10","36215","1","","1","01","N","N","1","","0","0","1","0","0","N","1843","1","3","0","0","1","0","0","1","0","3","N","","","","","","","","","","","","03","  ","","",""
"1931","1","0","0","0","0","0","0","0","0","8","0","","36","07","2018","2018073073","5","40.0294","-76.3119","1931","08","0","0","0","0","0","0","0","0","","0","0","0","19","1","1","02","0","40 01:45.785","","00","76 18:42.807","3","0","0","0","36301","1","0","0","N","1","0","0","2","36301","0","","1","01","N","N","0","","1","0","0","0","0","","1925","1","2","0","0","0","0","0","3","0","1","N","","","","","","","","","","","","03","  ","","",""
"1957","2","0","0","0","0","0","0","0","0","1","0","","36","07","2018","2018073087","5","40.0398","-76.3651","1953","08","0","0","0","1","0","0","0","0","","0","0","0","19","1","0","01","0","40 02:23.179","","00","76 21:54.426","0","0","0","0","36214","0","0","0","N","0","0","0","3","36214","0","","1","01","N","N","0","","0","0","0","0","0","","1952","0","2","0","0","0","0","0","3","0","2","N","","","","","","","","","","","","03","  ","","",""
"1827","2","0","0","0","0","0","0","0","0","2","0","","36","07","2018","2018073100","4","40.1998","-76.1126","1823","08","0","0","0","0","0","0","0","0","1","0","0","0","18","1","1","00","1","40 11:59.103","6","00","76 06:45.440","8","0","0","0","36210","0","0","0","N","0","0","0","3","36210","0","","1","01","N","N","0","","0","0","0","0","0","N","1821","1","2","0","0","0","1","0","1","0","2","N","","","","","","","","","","","","03","  ","","",""
"0850","1","0","0","0","0","0","0","0","0","4","0","","36","07","2018","2018073106","5","40.1602","-76.3078","0847","08","0","0","0","0","0","0","0","0","2","0","0","0","08","1","1","00","2","40 09:36.566","6","00","76 18:27.988","3","0","0","0","36235","0","0","0","N","0","0","0","1","36506","0","","2","01","N","N","1","","1","0","0","0","0","N","0847","1","2","0","0","0","0","0","1","0","2","N","","","","","","","","","","","","03","  ","","",""
"0733","0","0","0","0","0","0","0","0","0","7","0","","36","05","2018","2018073113","5","40.14","-75.9447","0703","08","0","1","0","0","0","0","0","0","","0","0","0","06","1","0","00","0","40 08:24.080","","00","75 56:40.863","0","0","0","0","36203","0","0","0","N","0","0","0","1","68J01","0","","4","01","N","N","0","","0","0","1","0","0","","0651","0","1","0","0","0","0","0","1","0","1","N","","","","","","","","","","","","03","  ","","",""
"0001","1","0","0","0","0","0","0","0","0","7","0","","36","06","2018","2018073121","5","39.7778","-76.1786","2339","08","0","0","1","0","0","0","0","0","","0","0","0","23","2","0","00","0","39 46:39.992","","00","76 10:42.901","0","0","0","0","36219","0","0","0","N","0","0","0","1","68J01","0","","4","01","N","N","0","","0","0","0","0","0","","2338","0","1","0","0","0","0","0","1","0","1","N","","","","","","","","","","","","03","  ","","",""
"1701","1","0","0","0","0","0","0","0","0","1","0","","36","06","2018","2018073123","1","39.9918","-76.0186","1701","08","0","0","0","0","0","0","0","0","","0","0","0","16","1","0","00","0","39 59:30.464","","00","76 01:06.884","0","0","0","0","36232","0","0","0","N","0","0","0","4","68J01","0","","1","01","N","N","0","","0","0","1","3","2","","1649","0","2","0","0","0","0","0","1","0","2","N","","","","","","","","","","","","03","  ","","",""
"2240","2","0","0","0","0","0","0","0","0","1","0","","36","07","2018","2018073179","4","40.0042","-76.3569","2239","08","0","0","0","0","0","0","0","0","2","0","0","0","22","3","1","02","1","40 00:15.265","2","00","76 21:24.916","3","0","0","0","36412","0","0","0","N","0","0","0","3","36412","0","","1","01","N","N","0","","1","0","0","0","0","N","2239","1","2","0","0","1","0","0","3","0","2","N","","","","","","","","","","","","03","  ","","",""
"1655","1","0","0","0","0","0","0","0","0","1","0","","36","07","2018","2018073189","2","40.0732","-76.2987","1650","08","0","0","0","0","0","1","0","1","","0","0","0","16","1","2","02","0","40 04:23.386","","00","76 17:55.294","3","0","0","0","36101","0","0","0","N","0","0","0","2","36101","0","","1","01","N","N","0","","1","0","0","0","0","","1648","2","2","0","0","0","1","0","3","1","2","N","","","","","","","","","","","","03","  ","","",""
"0802","1","0","0","0","0","0","0","0","0","4","0","","36","07","2018","2018073197","5","40.012","-76.2263","0758","08","0","0","0","0","0","0","0","0","2","0","0","0","07","1","1","01","2","40 00:43.379","7","00","76 13:34.666","8","0","0","0","36240","0","0","0","N","0","0","0","3","36240","0","","1","01","N","N","0","","0","0","1","3","3","Y","0750","1","2","0","0","0","1","0","1","0","2","N","","","","","","","","","","","","03","  ","","",""
"1255","2","0","0","0","0","0","0","0","0","4","0","","36","07","2018","2018073204","5","40.1497","-76.5809","1239","08","0","0","0","0","0","0","0","0","","0","0","0","12","1","0","00","0","40 08:59.082","","00","76 34:51.165","0","0","0","0","36225","0","0","0","N","0","0","0","1","36505","0","","2","01","N","N","0","","0","0","0","0","0","","1239","0","2","0","0","0","0","0","2","0","2","N","","","","","","","","","","","","03","  ","","",""
"1500","1","0","0","0","0","0","0","0","0","5","0","","36","07","2018","2018073235","2","40.0517","-76.2897","1500","08","0","0","0","0","0","0","0","0","2","0","0","0","14","1","0","00","2","40 03:06.197","3","00","76 17:22.940","0","0","0","0","36301","0","0","0","N","0","0","0","2","36301","0","","1","01","N","N","0","","0","0","0","3","8","N","1445","0","2","0","0","0","0","0","3","1","2","N","","","","","","","","","","","","03","  ","","",""
"0807","2","0","0","0","0","0","1","0","0","2","1","","36","07","2018","2018073259","6","40.0178","-76.302","0805","08","0","0","0","0","0","1","0","0","3","0","0","0","08","1","3","00","2","40 01:04.112","5","00","76 18:07.120","8","0","0","0","36240","0","0","0","N","0","0","0","8","36240","0","","1","01","N","N","0","","0","0","0","0","0","Y","0803","3","3","0","0","1","3","0","1","0","3","N","","","","","","","","","","","","03","  ","","",""
"1316","1","0","0","0","0","0","0","0","0","5","0","","36","06","2018","2018073286","2","40.1746","-76.5961","1253","08","0","0","0","0","0","0","0","0","1","0","0","0","12","1","0","00","1","40 10:28.434","4","00","76 35:46.070","0","0","0","0","36225","0","0","0","N","0","0","0","1","68J01","0","","1","01","N","N","1","","0","0","0","3","7","N","1248","0","2","0","0","0","0","0","2","0","2","N","","","","","","","","","","","","03","  ","","",""
"1649","0","0","0","0","0","0","0","0","0","1","0","","36","06","2018","2018073290","3","40.2354","-76.0461","1627","08","0","0","0","0","0","0","0","0","2","0","0","0","15","1","2","00","1","40 14:07.430","2","00","76 02:45.927","3","0","0","0","36202","0","0","0","N","0","0","0","2","68J01","0","","1","01","N","N","1","","1","0","1","0","0","N","1545","2","2","0","0","1","1","0","1","0","2","N","","","","","","","","","","","","03","  ","","",""
"1305","1","0","0","0","0","0","0","0","0","1","0","","36","06","2018","2018073296","7","40.0384","-76.0787","1246","08","0","0","0","0","0","0","0","0","2","0","0","0","12","1","0","02","2","40 02:18.260","6","00","76 04:43.424","0","0","0","0","36221","0","0","0","N","0","0","0","3","68J01","0","","1","01","N","N","1","","0","0","0","0","0","Y","1245","0","2","0","0","0","0","0","1","0","2","N","","","","","","","","","","","","03","  ","","",""
"1002","0","0","2","0","0","0","0","0","0","2","0","","36","06","2018","2018073298","2","39.839","-76.2164","0953","08","0","0","0","0","0","2","0","0","2","0","0","0","09","1","2","00","1","39 50:20.397","5","00","76 12:58.967","2","0","0","0","36212","0","0","0","N","0","0","0","2","68J01","0","","1","01","N","N","1","","0","2","0","0","0","N","0907","2","2","0","0","0","0","0","1","1","2","N","","","","","","","","","","","","03","  ","","",""
"1729","4","0","0","0","0","0","0","0","0","1","0","","36","07","2018","2018073412","5","40.0528","-76.3065","1708","08","0","0","0","0","0","1","0","0","2","0","0","0","17","1","0","00","1","40 03:09.974","2","00","76 18:23.261","0","0","0","0","36101","0","0","0","N","0","0","0","5","36101","0","","1","01","N","N","0","","0","0","0","3","2","N","1706","0","4","0","0","0","0","0","3","0","4","N","","","","","","","","","","","","03","  ","","",""
"1601","2","0","0","0","0","0","0","0","0","1","0","","36","07","2018","2018073562","5","40.0748","-76.2658","1548","08","0","0","0","0","0","0","0","0","","0","0","0","15","1","0","00","0","40 04:29.420","","00","76 15:56.953","0","0","0","0","36101","0","0","0","N","0","0","0","2","36101","0","","1","01","N","N","0","","0","0","0","0","0","","1546","0","2","0","0","0","0","0","3","0","2","N","","","","","","","","","","","","03","  ","","",""
"0416","3","0","0","0","0","0","0","0","0","2","0","","36","07","2018","2018073567","7","40.0361","-76.3203","0403","08","0","0","0","0","0","0","0","0","","0","0","0","04","3","0","00","0","40 02:10.027","","00","76 19:13.230","9","0","0","0","36301","0","0","0","N","0","0","0","1","36301","0","","6","01","N","N","0","","0","0","0","0","0","","0403","0","3","0","0","0","0","1","3","0","3","N","","","","","","","","","","","","03","  ","","",""
"1533","0","0","0","0","0","0","0","0","0","1","0","","36","07","2018","2018073580","6","40.1805","-76.4042","1532","08","0","0","0","1","0","1","0","0","","0","0","0","15","1","2","02","0","40 10:49.804","","00","76 24:15.102","3","0","0","0","36230","0","0","0","N","0","0","0","3","36410","0","","1","01","N","N","1","","1","0","1","0","0","","1528","2","2","0","0","1","1","0","1","0","2","N","","","","","","","","","","","","03","  ","","",""