"ARRIVAL_TM","AUTOMOBILE_COUNT","BELTED_DEATH_COUNT","BELTED_SUSP_SERIOUS_INJ_COUNT","BICYCLE_COUNT","BICYCLE_DEATH_COUNT","BICYCLE_SUSP_SERIOUS_INJ_COUNT","BUS_COUNT","CHLDPAS_DEATH_COUNT","CHLDPAS_SUSP_SERIOUS_INJ_COUNT","COLLISION_TYPE","COMM_VEH_COUNT","CONS_ZONE_SPD_LIM","COUNTY","CRASH_MONTH","CRASH_YEAR","CRN","DAY_OF_WEEK","DEC_LAT","DEC_LONG","DISPATCH_TM","DISTRICT","DRIVER_COUNT_16YR","DRIVER_COUNT_17YR","DRIVER_COUNT_18YR","DRIVER_COUNT_19YR","DRIVER_COUNT_20YR","DRIVER_COUNT_50_64YR","DRIVER_COUNT_65_74YR","DRIVER_COUNT_75PLUS","EST_HRS_CLOSED","FATAL_COUNT","HEAVY_TRUCK_COUNT","HORSE_BUGGY_COUNT","HOUR_OF_DAY","ILLUMINATION","INJURY_COUNT","INTERSECT_TYPE","LANE_CLOSED","LATITUDE","LN_CLOSE_DIR","LOCATION_TYPE","LONGITUDE","MAX_SEVERITY_LEVEL","MCYCLE_DEATH_COUNT","MCYCLE_SUSP_SERIOUS_INJ_COUNT","MOTORCYCLE_COUNT","MUNICIPALITY","NONMOTR_COUNT","NONMOTR_DEATH_COUNT","NONMOTR_SUSP_SERIOUS_INJ_COUNT","NTFY_HIWY_MAINT","PED_COUNT","PED_DEATH_COUNT","PED_SUSP_SERIOUS_INJ_COUNT","PERSON_COUNT","POLICE_AGCY","POSSIBLE_INJ_COUNT","RDWY_SURF_TYPE_CD","RELATION_TO_ROAD","ROAD_CONDITION","SCH_BUS_IND","SCH_ZONE_IND","SMALL_TRUCK_COUNT","SPEC_JURIS_CD","SUSP_MINOR_INJ_COUNT","SUSP_SERIOUS_INJ_COUNT","SUV_COUNT","TCD_FUNC_CD","TCD_TYPE","TFC_DETOUR_IND","TIME_OF_DAY","TOT_INJ_COUNT","TOTAL_UNITS","UNB_DEATH_COUNT","UNB_SUSP_SERIOUS_INJ_COUNT","UNBELTED_OCC_COUNT","UNK_INJ_DEG_COUNT","UNK_INJ_PER_COUNT","URBAN_RURAL","VAN_COUNT","VEHICLE_COUNT","WORK_ZONE_IND","WORK_ZONE_LOC","WORK_ZONE_TYPE","WORKERS_PRES","WZ_CLOSE_DETOUR","WZ_FLAGGER","WZ_LAW_OFFCR_IND","WZ_LN_CLOSURE","WZ_MOVING","WZ_OTHER","WZ_SHLDER_MDN","ROADWAY_CLEARED","WEATHER1","WEATHER2","WZ_WORKERS_INJ_KILLED","SECONDARY_CRASH","INTERSECTION_RELATED"
"1731","1","0","0","0","0","0","0","0","0","1","0","","36","07","2018","2018073592","6","40.1706","-76.1971","1729","08","0","0","0","1","0","2","1","0","2","0","0","0","17","1","0","00","1","40 10:14.178","2","00","76 11:49.414","0","0","0","0","36408","0","0","0","N","0","0","0","4","36408","0","","1","01","N","N","1","","0","0","2","0","0","Y","1729","0","4","0","0","0","0","0","2","0","4","N","","","","","","","","","","","","03","  ","","",""
"1214","0","0","0","0","0","0","0","0","0","1","0","","36","07","2018","2018073601","6","40.2747","-76.1354","1210","08","0","0","0","0","0","0","0","0","2","0","0","0","12","1","2","01","1","40 16:29.078","3","00","76 08:07.606","3","0","0","0","36236","0","0","0","N","0","0","0","3","36408","0","","1","01","N","N","2","","2","0","0","0","0","N","1210","2","2","0","0","0","0","0","1","0","2","N","","","","","","","","","","","","03","  ","","",""
"1200","0","0","0","0","0","0","0","0","0","4","0","","36","07","2018","2018073607","5","40.0408","-76.309","1153","08","0","0","0","0","0","0","0","0","1","0","0","0","11","1","0","01","1","40 02:26.998","2","00","76 18:32.533","0","0","0","0","36301","0","0","0","N","0","0","0","3","36301","0","","1","01","N","N","0","","0","0","2","3","3","Y","1152","0","2","0","0","0","0","0","3","0","2","N","","","","","","","","","","","","03","  ","","",""
"1429","1","0","0","0","0","0","0","0","0","4","0","","36","07","2018","2018073608","3","40.0502","-76.3059","1419","08","0","0","0","0","0","1","1","0","2","0","0","0","14","1","1","00","1","40 03:00.667","1","00","76 18:21.415","3","0","0","0","36301","0","0","0","N","0","0","0","4","36301","0","","1","01","N","N","0","","1","0","1","0","0","N","1417","1","2","0","0","2","0","0","3","0","2","N","","","","","","","","","","","","03","  ","","",""
"1125","1","0","0","0","0","0","0","0","0","4","0","","36","07","2018","2018073633","6","40.1537","-76.6093","1122","08","0","0","0","0","0","0","0","1","","0","0","0","11","1","1","01","0","40 09:13.435","","00","76 36:33.361","4","0","0","0","36407","0","0","0","N","0","0","0","2","36407","1","","1","01","N","N","1","","0","0","0","3","3","","1122","1","2","0","0","0","0","0","2","0","2","N","","","","","","","","","","","","03","  ","","",""
"1236","1","0","0","0","0","0","0","0","0","7","0","","36","07","2018","2018073667","7","40.1297","-76.0249","1234","08","0","0","0","0","0","0","0","0","2","0","0","0","12","1","1","00","1","40 07:46.999","2","00","76 01:29.571","3","0","0","0","36213","0","0","0","N","0","0","0","1","36213","0","","5","01","N","N","0","","1","0","0","0","0","N","1230","1","1","0","0","1","0","0","1","0","1","N","","","","","","","","","","","","03","  ","","",""
"0726","0","0","0","0","0","0","0","0","0","4","0","","36","07","2018","2018073673","7","40.17","-76.2948","0723","08","0","0","0","0","1","1","0","0","","0","0","0","07","1","0","00","0","40 10:12.091","","00","76 17:41.253","0","0","0","0","36409","0","0","0","N","0","0","0","3","36409","0","","1","01","N","N","0","","0","0","1","0","0","","0720","0","2","0","0","0","0","0","3","1","2","N","","","","","","","","","","","","03","  ","","",""
"1816","0","0","0","0","0","0","0","0","0","4","0","","36","07","2018","2018073706","6","39.9484","-76.2621","1816","08","0","0","0","0","0","0","0","0","2","0","0","0","18","1","0","00","1","39 56:54.104","1","00","76 15:43.462","9","0","0","0","36228","0","0","0","N","0","0","0","5","36503","0","","1","01","N","N","1","","0","0","1","3","3","Y","1816","0","2","0","0","0","0","2","1","0","2","N","","","","","","","","","","","","03","  ","","",""
"1414","0","0","0","0","0","0","0","0","0","6","0","","36","07","2018","2018073709","7","40.2423","-76.0539","1407","08","0","0","0","0","0","1","0","0","2","0","0","0","14","1","1","02","2","40 14:32.232","5","00","76 03:14.128","4","0","0","0","36401","0","0","0","N","0","0","0","2","36408","1","","1","01","N","N","0","","0","0","2","0","0","Y","1404","1","2","0","0","0","0","0","1","0","2","N","","","","","","","","","","","","03","  ","","",""
"0144","1","0","0","0","0","0","0","0","0","7","0","","36","07","2018","2018073738","4","40.172","-76.2085","0142","08","0","0","0","0","0","0","0","0","2","0","0","0","01","2","0","00","2","40 10:19.144","6","00","76 12:30.543","0","0","0","0","36218","0","0","0","N","0","0","0","1","36408","0","","2","01","N","N","0","","0","0","0","0","0","Y","0139","0","1","0","0","0","0","0","1","0","1","N","","","","","","","","","","","","03","  ","","",""
"1132","0","0","0","0","0","0","0","0","0","4","0","","36","07","2018","2018073790","7","40.1233","-76.3753","1125","08","0","0","0","0","0","1","0","0","","0","0","0","11","1","2","01","0","40 07:23.702","","00","76 22:31.147","3","0","0","0","36214","0","0","0","N","0","0","0","2","36214","0","","1","01","N","N","0","","2","0","2","3","3","","1120","2","2","0","0","0","0","0","3","0","2","N","","","","","","","","","","","","03","  ","","",""
"1150","2","0","0","0","0","0","0","0","0","4","0","","36","07","2018","2018073802","6","40.1631","-76.1508","1147","08","0","0","0","0","0","1","0","0","2","0","0","0","11","1","1","02","1","40 09:47.213","4","02","76 09:02.972","3","0","0","0","36218","0","0","0","N","0","0","0","5","36408","0","","1","01","N","N","0","","1","0","0","0","0","N","1145","1","2","0","0","0","0","0","1","0","2","N","","","","","","","","","","","","03","  ","","",""
"1937","0","0","0","0","0","0","0","0","0","7","0","","36","07","2018","2018074084","1","40.1712","-76.4986","1924","08","0","0","0","0","0","0","0","0","","0","0","0","19","1","1","02","0","40 10:16.193","","00","76 29:54.796","8","0","0","1","36230","0","0","0","N","0","0","0","1","36410","0","","5","01","N","N","0","","0","0","0","0","0","","1922","1","1","0","0","0","1","0","1","0","1","N","","","","","","","","","","","","03","  ","","",""
"0755","1","0","0","0","0","0","0","0","0","7","0","","36","06","2018","2018074179","1","39.7931","-76.2191","0715","08","0","0","0","0","0","0","0","0","","0","0","0","07","1","0","00","0","39 47:35.240","","00","76 13:08.740","9","0","0","0","36208","0","0","0","N","0","0","0","1","68J01","0","","5","01","N","N","0","","0","0","0","0","0","","0706","0","1","0","0","0","0","1","1","0","1","N","","","","","","","","","","","","03","  ","","",""
"0757","1","0","0","0","0","0","0","0","0","4","1","","36","07","2018","2018074221","7","40.0116","-76.0465","0736","08","0","0","0","0","0","1","1","0","2","0","1","0","07","1","0","01","1","40 00:41.698","3","00","76 02:47.096","0","0","0","0","36232","0","0","0","N","0","0","0","2","68J01","0","","1","01","N","N","0","","0","0","0","3","8","N","0734","0","2","0","0","0","0","0","1","0","2","N","","","","","","","","","","","","03","  ","","",""
"1456","1","0","0","0","0","0","0","0","0","7","0","","36","07","2018","2018074222","7","39.8695","-76.1745","1432","08","0","1","0","0","0","0","0","0","1","0","0","0","14","1","1","00","2","39 52:10.258","6","00","76 10:28.129","3","0","0","0","36212","0","0","0","Y","0","0","0","1","68J01","0","","4","01","N","N","0","","1","0","0","0","0","Y","1427","1","1","0","0","0","0","0","1","0","1","N","","","","","","","","","","","","03","  ","","",""
"2034","0","0","0","0","0","0","0","0","0","3","0","","36","07","2018","2018074226","1","40.0167","-76.0577","2023","08","0","0","0","0","0","0","0","0","3","0","0","1","20","4","7","00","2","40 01:00.138","5","00","76 03:27.802","3","0","0","0","36232","6","0","0","N","0","0","0","8","68J01","0","","1","01","N","N","1","","7","0","0","0","0","N","2021","7","2","0","0","0","0","0","1","0","1","N","","","","","","","","","","","","03","  ","","",""
"2255","0","0","0","0","0","0","0","0","0","7","0","","36","07","2018","2018074230","2","40.0384","-76.0767","2245","08","0","0","0","0","1","0","0","0","2","0","0","0","22","2","0","00","2","40 02:18.239","6","00","76 04:36.190","0","0","0","0","36234","0","0","0","Y","0","0","0","1","68J01","0","","2","01","N","N","1","","0","0","0","0","0","Y","2237","0","1","0","0","0","0","0","1","0","1","N","","","","","","","","","","","","03","  ","","",""
"0824","2","0","0","0","0","0","0","0","0","4","0","","36","07","2018","2018074231","3","40.1487","-75.9654","0816","08","0","1","0","0","0","0","1","0","","0","0","0","07","1","0","01","0","40 08:55.215","","00","75 57:55.404","0","0","0","0","36203","0","0","0","N","0","0","0","2","68J01","0","","1","01","N","N","0","","0","0","0","3","3","","0756","0","2","0","0","0","0","0","1","0","2","N","","","","","","","","","","","","03","  ","","",""
"1140","1","0","0","0","0","0","0","0","0","4","0","","36","07","2018","2018074251","6","39.9","-76.225","1135","08","0","0","0","0","0","0","1","0","1","0","1","0","11","1","1","01","1","39 53:59.838","7","00","76 13:29.964","4","0","0","0","36229","0","0","0","N","0","0","0","2","68J01","1","","1","01","N","N","0","","0","0","0","3","3","N","1130","1","2","0","0","0","0","0","1","0","2","N","","","","","","","","","","","","03","  ","","",""
"1013","0","0","0","0","0","0","0","0","0","7","0","","36","07","2018","2018074257","7","40.0096","-76.0556","0957","08","0","1","0","0","0","0","0","0","2","0","0","0","09","1","1","00","2","40 00:34.430","6","03","76 03:20.240","8","0","0","0","36232","0","0","0","N","0","0","0","1","68J01","0","","2","01","N","N","1","","0","0","0","0","0","Y","0955","1","1","0","0","0","1","0","1","0","1","N","","","","","","","","","","","","03","  ","","",""
"1115","2","0","0","0","0","0","0","0","0","1","0","","36","07","2018","2018074259","7","39.7789","-76.1787","1055","08","0","0","0","0","0","2","0","0","2","0","0","0","10","1","1","00","1","39 46:44.163","2","00","76 10:43.251","3","0","0","0","36219","0","0","0","N","0","0","0","7","68J01","0","","1","01","N","N","1","","1","0","1","0","0","N","1052","1","4","0","0","0","0","0","1","0","4","N","","","","","","","","","","","","03","  ","","",""
"0431","3","0","0","0","0","0","0","0","0","5","0","","36","07","2018","2018074314","7","40.0574","-76.2815","0429","08","0","0","0","0","0","0","0","0","","0","0","0","04","3","0","00","0","40 03:26.774","","00","76 16:53.526","0","0","0","0","36101","0","0","0","N","0","0","0","1","36101","0","","2","01","N","N","0","","0","0","0","0","0","","0427","0","3","0","0","0","0","0","3","0","3","N","","","","","","","","","","","","03","  ","","",""
"0958","2","0","0","0","0","0","0","0","0","1","0","","36","07","2018","2018074315","2","40.1117","-76.2868","0954","08","0","0","0","0","0","0","2","0","","0","0","0","09","1","0","00","0","40 06:42.053","","00","76 17:12.503","0","0","0","0","36101","0","0","0","N","0","0","0","2","36101","0","","1","01","N","N","0","","0","0","0","0","0","","0951","0","2","0","0","0","0","0","3","0","2","N","","","","","","","","","","","","03","  ","","",""
"2304","2","0","0","0","0","0","0","0","0","4","0","","36","07","2018","2018074317","2","40.0376","-76.2675","2300","08","1","0","0","0","0","0","0","0","","0","0","0","22","3","0","00","0","40 02:15.285","","00","76 16:03.037","0","0","0","0","36215","0","0","0","N","0","0","0","2","36215","0","","1","01","N","N","0","","0","0","2","0","0","","2257","0","4","0","0","1","0","0","1","0","4","N","","","","","","","","","","","","03","  ","","",""
"1529","1","0","0","0","0","0","0","0","0","0","0","","36","07","2018","2018074318","4","40.0889","-76.1801","1522","08","0","0","0","0","0","0","0","0","","0","0","0","15","1","1","02","0","40 05:20.180","","00","76 10:48.323","3","0","0","0","36234","0","0","0","N","0","0","0","6","36215","0","","1","01","N","N","0","","1","0","0","3","3","","1522","1","2","0","0","0","0","0","1","1","2","N","","","","","","","","","","","","03","  ","","",""
"1703","3","0","0","0","0","0","0","0","0","1","0","","36","07","2018","2018074319","3","40.0843","-76.2239","1652","08","0","0","0","0","0","1","0","0","","0","0","0","16","1","1","02","0","40 05:03.562","","00","76 13:25.981","3","0","0","0","36234","0","0","0","N","0","0","0","4","36215","0","","1","01","N","N","0","","1","0","1","3","2","","1652","1","4","0","0","0","0","0","1","0","4","N","","","","","","","","","","","","03","  ","","",""
"0738","0","0","0","0","0","0","0","0","0","1","2","","36","07","2018","2018074320","5","40.0173","-76.1666","0731","08","0","0","0","0","0","1","0","0","","0","2","0","07","1","0","00","0","40 01:02.203","","00","76 09:59.880","0","0","0","0","36215","0","0","0","N","0","0","0","2","36215","0","","1","01","N","N","0","","0","0","0","0","0","","0728","0","2","0","0","0","0","0","1","0","2","N","","","","","","","","","","","","03","  ","","",""
"1354","0","0","0","0","0","0","0","0","0","4","0","","36","07","2018","2018074321","6","40.0302","-76.2316","1354","08","0","0","0","0","0","2","0","0","","0","0","0","13","1","0","00","0","40 01:48.650","","00","76 13:53.908","0","0","0","0","36215","0","0","0","N","0","0","0","6","36215","0","","1","01","N","N","0","","0","0","1","0","0","","1354","0","2","0","0","0","0","0","1","1","2","N","","","","","","","","","","","","03","  ","","",""
"1454","1","0","0","0","0","0","0","0","0","1","0","","36","07","2018","2018074362","1","40.0972","-76.4157","1451","08","0","0","0","0","0","1","0","0","","0","0","0","14","1","1","00","0","40 05:50.060","","00","76 24:56.432","4","0","0","0","36214","0","0","0","N","0","0","0","1","36214","1","","2","01","N","N","0","","0","0","1","0","0","","1450","1","2","0","0","0","0","0","3","0","2","N","","","","","","","","","","","","03","  ","","",""
"1539","0","0","0","0","0","0","0","0","0","4","0","","36","07","2018","2018074410","7","40.1371","-75.9734","1537","08","0","0","0","0","0","0","0","0","2","0","1","0","15","1","1","00","1","40 08:13.383","6","00","75 58:24.144","3","0","0","0","36203","0","0","0","N","0","0","0","3","68J01","0","","1","01","N","N","0","","1","0","0","0","0","Y","1520","1","2","0","0","0","0","0","1","1","2","N","","","","","","","","","","","","03","  ","","",""
"2256","0","0","0","0","0","0","0","0","0","0","0","","36","07","2018","2018074447","2","40.1701","-76.6076","2250","08","0","0","0","0","0","0","0","0","2","0","0","0","22","3","1","02","2","40 10:12.336","1","00","76 36:27.432","3","0","0","0","36225","0","0","0","N","0","0","0","1","36505","0","","1","01","N","N","0","","1","0","0","0","0","Y","2250","1","1","0","0","0","0","0","2","0","1","N","","","","","","","","","","","","03","  ","","",""
"1205","1","0","0","0","0","0","0","0","0","7","0","","36","07","2018","2018074453","7","40.1","-76.2578","1204","08","0","0","0","0","0","0","1","0","","0","0","0","12","1","0","00","0","40 06:00.138","","00","76 15:28.215","0","0","0","0","36101","0","0","0","N","0","0","0","2","36101","0","","1","01","N","N","0","","0","0","0","0","0","","1202","0","1","0","0","0","0","0","3","0","1","N","","","","","","","","","","","","03","  ","","",""
"1318","1","0","0","0","0","0","0","0","0","7","0","","36","06","2018","2018074454","4","40.0094","-76.3917","1247","08","0","0","0","0","0","0","0","0","1","0","0","0","11","1","0","02","1","40 00:33.688","5","00","76 23:30.133","0","0","0","0","36223","0","0","0","N","0","0","0","1","36223","0","","5","09","N","N","0","","0","0","0","0","0","N","1117","0","1","0","0","0","0","0","1","0","1","N","","","","","","","","","","","","07","  ","","",""
"0029","1","0","0","0","0","0","0","0","0","1","0","","36","07","2018","2018074455","7","40.0396","-76.3974","0027","08","0","0","0","0","0","0","0","0","1","0","0","0","00","2","1","00","1","40 02:22.656","4","00","76 23:50.603","8","0","0","0","36223","0","0","0","N","0","0","0","3","36223","0","","1","01","N","N","1","","0","0","0","0","0","N","0025","1","2","0","0","1","1","0","1","0","2","N","","","","","","","","","","","","03","  ","","",""
"1502","1","0","0","0","0","0","0","0","0","6","0","","36","07","2018","2018074476","2","40.1119","-75.9903","1456","08","0","0","0","0","1","1","0","0","1","0","0","0","14","1","0","02","1","40 06:42.735","2","00","75 59:25.155","0","0","0","0","36213","0","0","0","N","0","0","0","4","36213","0","","1","01","N","N","0","","0","0","1","3","3","N","1454","0","2","0","0","0","0","0","1","0","2","N","","","","","","","","","","","","03","  ","","",""
"0748","0","0","0","0","0","0","0","0","0","4","0","","36","07","2018","2018074478","2","40.0442","-76.2921","0733","08","0","0","0","0","0","0","0","2","","0","0","0","07","1","2","01","0","40 02:39.112","","00","76 17:31.624","8","0","0","0","36301","0","0","0","N","0","0","0","2","36301","0","","1","01","N","N","1","","0","0","1","3","2","","0733","2","2","0","0","0","2","0","3","0","2","N","","","","","","","","","","","","03","  ","","",""
"1626","0","0","0","0","0","0","0","0","0","4","0","","36","07","2018","2018074479","4","40.0397","-76.4959","1621","08","0","0","0","0","0","0","1","0","1","0","0","0","16","1","0","01","1","40 02:22.974","4","00","76 29:45.222","0","0","0","0","36404","0","0","0","N","0","0","0","3","36404","0","","1","01","N","N","0","","0","0","2","0","0","N","1621","0","2","0","0","0","0","0","3","0","2","N","","","","","","","","","","","","03","  ","","",""
"1258","1","0","0","0","0","0","0","0","0","4","0","","36","07","2018","2018074526","1","40.1105","-76.4801","1243","08","0","0","0","0","0","2","0","0","","0","0","0","12","1","0","00","0","40 06:37.868","","00","76 28:48.431","0","0","0","0","36230","0","0","0","N","0","0","0","2","36410","0","","1","01","N","N","0","","0","0","1","3","3","","1241","0","2","0","0","0","0","0","1","0","2","N","","","","","","","","","","","","03","  ","","",""
"0641","1","0","0","0","0","0","0","0","0","7","0","","36","07","2018","2018074527","3","40.1509","-76.1654","0630","08","0","1","0","0","0","0","0","0","2","0","0","0","06","1","1","00","1","40 09:03.105","1","00","76 09:55.380","3","0","0","0","36238","0","0","0","Y","0","0","0","1","36238","0","","5","01","N","N","0","","1","0","0","0","0","N","0627","1","1","0","0","0","0","0","3","0","1","N","","","","","","","","","","","","03","  ","","",""
"1727","2","0","0","0","0","0","0","0","0","4","0","","36","07","2018","2018074545","4","40.1066","-76.0676","1723","08","0","0","0","0","0","1","1","0","","0","0","0","17","1","0","02","0","40 06:23.754","","00","76 04:03.473","0","0","0","0","36415","0","0","0","N","0","0","0","7","36415","0","","1","01","N","N","0","","0","0","0","3","3","N","1720","0","2","0","0","0","0","0","1","0","2","N","","","","","","","","","","","","03","  ","","",""
"1325","1","0","0","0","0","0","0","0","0","1","0","","36","07","2018","2018074557","6","39.8947","-76.1523","1320","08","0","0","0","0","0","1","0","0","1","0","0","0","13","1","0","02","1","39 53:41.010","2","00","76 09:08.208","0","0","0","0","36416","0","0","0","N","0","0","0","2","36416","0","","1","09","N","N","1","","0","0","0","0","0","N","1315","0","2","0","0","0","0","0","1","0","2","N","","","","","","","","","","","","07","  ","","",""
"1741","1","0","0","0","0","0","0","0","0","1","0","","36","06","2018","2018074590","4","39.8686","-76.2274","1733","08","0","0","0","0","0","0","0","0","","0","0","0","17","1","1","00","0","39 52:07.133","","00","76 13:38.653","3","0","0","0","36212","0","0","0","N","0","0","0","3","68J01","0","","1","01","N","N","1","","1","0","0","0","0","","1731","1","2","0","0","0","0","0","1","0","2","N","","","","","","","","","","","","03","  ","","",""
"0737","0","0","0","1","0","0","0","0","0","4","0","","36","06","2018","2018074591","5","39.9468","-76.2263","0729","08","0","0","0","0","0","1","0","0","","0","0","0","07","1","1","02","0","39 56:48.536","","00","76 13:34.850","3","0","0","0","36233","1","0","0","N","0","0","0","2","68J01","0","","1","09","N","N","0","","1","0","1","3","3","","0726","1","2","0","0","0","0","0","1","0","1","N","","","","","","","","","","","","03","  ","","",""
"1746","1","0","0","0","0","0","0","0","0","1","0","","36","06","2018","2018074592","5","39.9037","-76.2419","1734","08","0","0","0","0","0","0","0","0","","0","0","0","17","1","0","02","0","39 54:13.186","","00","76 14:30.682","0","0","0","0","36229","0","0","0","N","0","0","0","2","68J01","0","","1","01","N","N","0","","0","0","1","0","0","","1713","0","2","0","0","0","0","0","1","0","2","N","","","","","","","","","","","","03","  ","","",""
"1919","1","0","0","0","0","0","0","0","0","7","0","","36","06","2018","2018074593","7","40.0008","-76.1845","1907","08","0","0","0","0","0","1","0","0","","0","0","1","18","1","0","00","0","40 00:02.949","","07","76 11:04.045","0","0","0","0","36233","0","0","0","N","0","0","0","1","68J01","0","","4","01","N","N","0","","0","0","0","0","0","","1855","0","2","0","0","0","0","0","1","0","2","N","","","","","","","","","","","","03","  ","","",""
"0011","0","0","0","0","0","0","0","0","0","0","0","","36","06","2018","2018074594","7","40.2393","-76.0421","2345","08","0","0","0","0","0","0","1","0","3","0","0","0","23","2","1","00","1","40 14:21.407","1","00","76 02:31.562","3","0","0","0","36202","0","0","0","N","0","0","0","1","68J01","0","","4","01","N","N","0","","1","0","1","0","0","N","2344","1","1","0","0","1","0","0","1","0","1","N","","","","","","","","","","","","03","  ","","",""
"1405","1","0","0","0","0","0","0","0","0","1","0","","36","06","2018","2018074595","2","39.8472","-76.2204","1341","08","0","1","0","0","0","1","0","0","","0","0","0","13","1","1","00","0","39 50:50.089","","00","76 13:13.362","8","0","0","0","36212","0","0","0","N","0","0","0","2","68J01","0","","1","01","N","N","0","","0","0","1","0","0","","1339","1","2","0","0","0","1","0","1","0","2","N","","","","","","","","","","","","03","  ","","",""
"1715","0","0","0","0","0","0","0","0","0","7","0","","36","06","2018","2018074601","4","40.2038","-76.2685","1648","08","0","0","0","1","0","0","0","0","","0","0","0","16","1","0","00","0","40 12:13.568","","00","76 16:06.653","0","0","0","0","36217","0","0","0","N","0","0","0","1","68J01","0","","4","09","N","N","1","","0","0","0","0","0","","1646","0","1","0","0","0","0","0","1","0","1","N","","","","","","","","","","","","07","  ","","",""
"1833","1","0","0","0","0","0","0","0","0","7","0","","36","06","2018","2018074602","4","39.9064","-76.2424","1827","08","0","0","0","0","0","0","0","0","2","0","0","0","18","1","1","00","1","39 54:22.952","2","00","76 14:32.624","3","0","0","0","36229","0","0","0","N","0","0","0","1","68J01","0","","4","09","N","N","0","","1","0","0","0","0","N","1825","1","1","0","0","0","0","0","1","0","1","N","","","","","","","","","","","","03","  ","","",""
"1444","1","0","2","0","0","0","0","0","0","7","0","","36","06","2018","2018074604","5","40.0388","-76.0962","1432","08","0","0","0","0","0","1","0","0","2","0","0","0","14","1","4","00","1","40 02:19.697","3","00","76 05:46.420","2","0","0","0","36221","0","0","0","N","0","0","0","4","68J01","0","","4","01","N","N","0","","2","2","0","0","0","N","1420","4","1","0","0","0","0","0","1","0","1","N","","","","","","","","","","","","03","  ","","",""
"1613","1","0","0","0","0","0","0","0","0","3","0","","36","06","2018","2018074605","5","40.0051","-76.1061","1611","08","0","0","0","0","0","0","1","0","","0","0","0","15","1","0","00","0","40 00:18.183","","00","76 06:21.864","0","0","0","0","36226","0","0","0","N","0","0","0","2","68J01","0","","1","01","N","N","0","","0","0","1","0","0","","1557","0","2","0","0","0","0","0","1","0","2","N","","","","","","","","","","","","03","  ","","",""
"1729","1","0","0","0","0","0","0","0","0","4","0","","36","06","2018","2018074606","5","40.0089","-76.1244","1702","08","0","0","0","0","0","1","0","0","","0","0","0","17","1","0","00","0","40 00:32.034","","00","76 07:27.678","0","0","0","0","36226","0","0","0","N","0","0","0","3","68J01","0","","1","01","N","N","0","","0","0","1","0","0","","1701","0","2","0","0","0","0","0","1","0","2","N","","","","","","","","","","","","03","  ","","",""
"1534","0","0","0","0","0","0","0","0","0","1","0","","36","07","2018","2018074612","3","39.9193","-76.2479","1525","08","0","0","0","1","0","0","0","0","2","0","0","0","15","1","3","00","2","39 55:09.313","2","00","76 14:52.581","3","0","0","0","36229","0","0","0","Y","0","0","0","5","68J01","1","","1","01","N","N","0","","2","0","1","0","0","Y","1519","3","2","0","0","3","0","0","1","1","2","N","","","","","","","","","","","","03","  ","","",""
"1849","1","0","0","0","0","0","0","0","0","1","0","","36","07","2018","2018074616","7","39.9848","-76.0613","1835","08","0","0","0","0","0","0","0","0","","0","0","0","18","4","0","01","0","39 59:05.432","","00","76 03:40.632","0","0","0","0","36226","0","0","0","N","0","0","0","5","68J01","0","","1","01","N","N","0","","0","0","1","0","0","","1832","0","2","0","0","0","0","0","1","0","2","N","","","","","","","","","","","","03","  ","","",""
"0108","1","0","0","0","0","0","0","0","0","7","0","","36","07","2018","2018074633","2","39.98","-76.2012","0102","08","0","0","0","1","0","0","0","0","1","0","0","0","01","2","0","00","2","39 58:48.029","5","00","76 12:04.310","0","0","0","0","36233","0","0","0","N","0","0","0","1","68J01","0","","5","01","N","N","0","","0","0","0","0","0","N","0100","0","1","0","0","0","0","0","1","0","1","N","","","","","","","","","","","","03","  ","","",""
"0903","1","0","0","0","0","0","0","0","0","7","0","","36","06","2018","2018074648","1","40.2071","-76.4193","0855","08","0","0","0","1","0","0","0","0","","0","0","0","08","1","0","00","0","40 12:25.449","","00","76 25:09.491","0","0","0","0","36227","0","0","0","N","0","0","0","1","36506","0","","2","01","N","N","0","","0","0","0","0","0","","0855","0","1","0","0","0","0","0","1","0","1","N","","","","","","","","","","","","03","  ","","",""
"1520","2","0","0","0","0","0","0","0","0","1","0","","36","07","2018","2018074663","3","39.9964","-76.2891","1515","08","0","0","0","0","0","1","0","0","","0","0","0","15","1","1","00","0","39 59:47.058","","01","76 17:20.852","4","0","0","0","36240","0","0","0","N","0","0","0","2","36240","1","","1","09","N","N","0","","0","0","0","0","0","","1514","1","2","0","0","0","0","0","1","0","2","N","","","","","","","","","","","","07","  ","","",""
"1521","2","0","0","0","0","0","0","0","0","2","0","","36","07","2018","2018074670","3","40.2326","-76.4341","1509","08","0","1","0","0","0","0","1","0","2","0","0","0","15","1","2","00","1","40 13:57.433","5","00","76 26:02.675","8","0","0","0","36230","0","0","0","N","0","0","0","2","36410","0","","1","09","N","N","0","","0","0","0","0","0","Y","1509","2","2","0","0","0","2","0","1","0","2","N","","","","","","","","","","","","07","  ","","",""