"ARRIVAL_TM","AUTOMOBILE_COUNT","BELTED_DEATH_COUNT","BELTED_SUSP_SERIOUS_INJ_COUNT","BICYCLE_COUNT","BICYCLE_DEATH_COUNT","BICYCLE_SUSP_SERIOUS_INJ_COUNT","BUS_COUNT","CHLDPAS_DEATH_COUNT","CHLDPAS_SUSP_SERIOUS_INJ_COUNT","COLLISION_TYPE","COMM_VEH_COUNT","CONS_ZONE_SPD_LIM","COUNTY","CRASH_MONTH","CRASH_YEAR","CRN","DAY_OF_WEEK","DEC_LAT","DEC_LONG","DISPATCH_TM","DISTRICT","DRIVER_COUNT_16YR","DRIVER_COUNT_17YR","DRIVER_COUNT_18YR","DRIVER_COUNT_19YR","DRIVER_COUNT_20YR","DRIVER_COUNT_50_64YR","DRIVER_COUNT_65_74YR","DRIVER_COUNT_75PLUS","EST_HRS_CLOSED","FATAL_COUNT","HEAVY_TRUCK_COUNT","HORSE_BUGGY_COUNT","HOUR_OF_DAY","ILLUMINATION","INJURY_COUNT","INTERSECT_TYPE","LANE_CLOSED","LATITUDE","LN_CLOSE_DIR","LOCATION_TYPE","LONGITUDE","MAX_SEVERITY_LEVEL","MCYCLE_DEATH_COUNT","MCYCLE_SUSP_SERIOUS_INJ_COUNT","MOTORCYCLE_COUNT","MUNICIPALITY","NONMOTR_COUNT","NONMOTR_DEATH_COUNT","NONMOTR_SUSP_SERIOUS_INJ_COUNT","NTFY_HIWY_MAINT","PED_COUNT","PED_DEATH_COUNT","PED_SUSP_SERIOUS_INJ_COUNT","PERSON_COUNT","POLICE_AGCY","POSSIBLE_INJ_COUNT","RDWY_SURF_TYPE_CD","RELATION_TO_ROAD","ROAD_CONDITION","SCH_BUS_IND","SCH_ZONE_IND","SMALL_TRUCK_COUNT","SPEC_JURIS_CD","SUSP_MINOR_INJ_COUNT","SUSP_SERIOUS_INJ_COUNT","SUV_COUNT","TCD_FUNC_CD","TCD_TYPE","TFC_DETOUR_IND","TIME_OF_DAY","TOT_INJ_COUNT","TOTAL_UNITS","UNB_DEATH_COUNT","UNB_SUSP_SERIOUS_INJ_COUNT","UNBELTED_OCC_COUNT","UNK_INJ_DEG_COUNT","UNK_INJ_PER_COUNT","URBAN_RURAL","VAN_COUNT","VEHICLE_COUNT","WORK_ZONE_IND","WORK_ZONE_LOC","WORK_ZONE_TYPE","WORKERS_PRES","WZ_CLOSE_DETOUR","WZ_FLAGGER","WZ_LAW_OFFCR_IND","WZ_LN_CLOSURE","WZ_MOVING","WZ_OTHER","WZ_SHLDER_MDN","ROADWAY_CLEARED","WEATHER1","WEATHER2","WZ_WORKERS_INJ_KILLED","SECONDARY_CRASH","INTERSECTION_RELATED"
"1157","2","0","0","0","0","0","0","0","0","4","0","","36","07","2018","2018074674","3","40.039","-76.5105","1157","08","0","0","0","0","0","1","0","0","","0","0","0","11","1","0","01","0","40 02:20.317","","00","76 30:37.949","0","0","0","0","36404","0","0","0","N","0","0","0","2","36404","0","","1","01","N","N","0","","0","0","0","3","2","N","1151","0","2","0","0","0","0","0","3","0","2","N","","","","","","","","","","","","03","  ","","",""
"1129","0","0","1","0","0","0","0","0","0","0","1","","36","07","2018","2018074689","4","40.0682","-76.2895","1117","08","0","0","0","0","0","0","0","0","3","0","1","0","11","1","1","00","2","40 04:05.607","4","02","76 17:22.137","2","0","0","0","36101","0","0","0","N","0","0","0","1","36101","0","","1","01","N","N","0","","0","1","0","0","0","Y","1116","1","1","0","0","0","0","0","3","0","1","N","","","","","","","","","","","","03","  ","","",""
"1530","2","0","0","0","0","0","0","0","0","1","0","","36","07","2018","2018074690","4","40.0811","-76.2774","1514","08","0","0","0","0","0","0","0","0","","0","0","0","15","1","1","00","0","40 04:52.102","","00","76 16:38.493","3","0","0","0","36101","0","0","0","N","0","0","0","3","36101","0","","1","01","N","N","0","","1","0","0","0","0","","1508","1","2","0","0","0","0","0","3","0","2","N","","","","","","","","","","","","03","  ","","",""
"0822","0","0","0","0","0","0","0","0","0","4","1","","36","07","2018","2018074691","2","40.0764","-76.3378","0817","08","0","0","0","0","0","0","0","0","3","0","1","0","08","1","1","06","2","40 04:34.739","3","02","76 20:15.534","2","0","1","1","36101","0","0","0","N","0","0","0","2","36101","0","","1","01","N","N","0","","0","1","0","0","0","Y","0815","1","2","0","0","0","0","1","3","0","2","N","","","","","","","","","","","","03","  ","","",""
"1708","2","0","0","0","0","0","0","0","0","1","0","","36","07","2018","2018074692","2","40.0738","-76.3084","1703","08","0","0","0","0","0","0","0","0","2","0","0","0","17","1","1","00","1","40 04:25.636","1","00","76 18:30.238","3","0","0","0","36101","0","0","0","N","0","0","0","2","36101","0","","1","01","N","N","0","","1","0","0","0","0","N","1700","1","2","0","0","0","0","0","3","0","2","N","","","","","","","","","","","","03","  ","","",""
"1734","2","0","0","0","0","0","0","0","0","1","0","","36","07","2018","2018074693","2","40.0647","-76.2835","1730","08","0","0","0","0","0","0","0","0","","0","0","0","17","1","0","00","0","40 03:52.891","","00","76 17:00.648","0","0","0","0","36101","0","0","0","N","0","0","0","3","36101","0","","1","01","N","N","0","","0","0","1","0","0","","1719","0","3","0","0","0","0","0","3","0","3","N","","","","","","","","","","","","03","  ","","",""
"1701","0","0","1","0","0","0","0","0","0","7","0","","36","07","2018","2018074694","1","40.0555","-76.2661","1658","08","0","0","0","0","0","0","0","0","","0","0","0","16","1","3","00","0","40 03:19.794","","00","76 15:58.014","2","0","0","0","36215","0","0","0","N","0","0","0","3","36215","1","","5","01","N","N","0","","1","1","1","0","0","","1654","3","1","0","0","0","0","0","1","0","1","N","","","","","","","","","","","","03","  ","","",""
"1454","2","0","0","0","0","0","0","0","0","2","0","","36","07","2018","2018074715","2","40.0156","-76.26","1449","08","0","0","0","0","0","0","0","1","2","0","0","0","14","1","1","01","1","40 00:56.102","3","00","76 15:35.991","8","0","0","0","36240","0","0","0","N","0","0","0","2","36240","0","","1","01","N","N","0","","0","0","0","3","2","N","1445","1","2","0","0","0","1","0","1","0","2","N","","","","","","","","","","","","03","  ","","",""
"2136","0","0","0","0","0","0","0","0","0","0","0","","36","07","2018","2018074724","2","40.2201","-76.1304","2134","08","0","0","0","0","0","0","0","0","2","0","0","0","21","2","1","00","2","40 13:12.321","6","00","76 07:49.473","2","0","1","1","36210","0","0","0","N","0","0","0","1","36210","0","","5","01","N","N","0","","0","1","0","0","0","Y","2132","1","1","0","0","0","0","0","1","0","1","N","","","","","","","","","","","","03","  ","","",""
"1724","1","0","0","0","0","0","0","0","0","7","0","","36","07","2018","2018074744","3","40.27","-76.1548","1708","08","0","0","1","0","0","0","0","0","1","0","0","0","17","1","0","00","1","40 16:11.877","1","00","76 09:17.422","0","0","0","0","36236","0","0","0","N","0","0","0","1","36408","0","","5","09","N","N","0","","0","0","0","0","0","N","1705","0","1","0","0","0","0","0","1","0","1","N","","","","","","","","","","","","07","  ","","",""
"2337","2","0","0","0","0","0","0","0","0","7","0","","36","07","2018","2018074946","2","40.0323","-76.3043","2333","08","0","0","0","0","0","0","0","0","2","0","0","0","23","3","0","00","2","40 01:56.153","4","00","76 18:15.430","9","0","0","0","36301","0","0","0","N","0","0","0","1","36301","0","","5","01","N","N","0","","0","0","0","0","0","Y","2332","0","2","0","0","0","0","1","3","0","2","N","","","","","","","","","","","","03","  ","","",""
"2011","2","0","0","0","0","0","0","0","0","4","0","","36","07","2018","2018074953","1","40.0493","-76.2951","2009","08","0","0","0","0","0","0","0","0","","0","0","0","20","1","1","01","0","40 02:57.379","","00","76 17:42.226","4","0","0","0","36301","0","0","0","N","0","0","0","3","36301","1","","1","01","N","N","0","","0","0","0","3","3","","2007","1","2","0","0","0","0","0","3","0","2","N","","","","","","","","","","","","03","  ","","",""
"1633","2","0","0","0","0","0","0","0","0","4","0","","36","07","2018","2018074964","3","40.1559","-76.3435","1628","08","0","0","0","0","0","0","0","2","","0","0","0","16","1","2","01","0","40 09:21.372","","00","76 20:36.769","8","0","0","0","36227","0","0","0","N","0","0","0","4","36506","0","","1","01","N","N","0","","0","0","0","3","3","","1626","2","2","0","0","0","2","0","1","0","2","N","","","","","","","","","","","","03","  ","","",""
"0959","0","0","0","0","0","0","0","0","0","7","0","99","36","07","2018","2018074973","4","40.0431","-76.4335","0953","08","0","0","0","0","0","1","0","0","2","0","1","0","09","1","0","00","1","40 02:35.142","4","00","76 26:00.711","0","0","0","0","36239","0","0","0","Y","0","0","0","2","36239","0","","3","01","N","N","0","","0","0","1","0","0","N","0950","0","2","0","0","0","0","0","3","0","2","Y","2","2","N","","","N","Y","","","","","03","  ","","",""
"1301","2","0","0","0","0","0","0","0","0","4","0","","36","07","2018","2018075076","4","40.0423","-76.2877","1247","08","0","0","0","0","1","0","0","0","2","0","0","0","12","1","0","01","1","40 02:32.179","1","00","76 17:15.853","0","0","0","0","36301","0","0","0","N","0","0","0","2","36301","0","","1","01","N","N","0","","0","0","0","3","3","N","1247","0","2","0","0","0","0","0","3","0","2","N","","","","","","","","","","","","03","  ","","",""
"1033","0","0","0","0","0","0","0","0","0","4","0","","36","07","2018","2018075088","4","40.0378","-76.4552","1031","08","0","0","0","0","0","1","0","0","2","0","0","0","10","1","3","00","2","40 02:16.121","2","00","76 27:18.817","3","0","0","0","36239","0","0","0","N","0","0","0","3","36239","0","","1","01","N","N","0","","3","0","2","0","0","N","1027","3","2","0","0","0","0","0","3","0","2","N","","","","","","","","","","","","03","  ","","",""
"1408","0","0","0","0","0","0","0","0","0","4","0","","36","06","2018","2018075093","4","40.1469","-76.603","1408","08","0","0","0","1","0","0","0","0","2","0","0","0","14","1","1","01","2","40 08:48.953","7","00","76 36:10.703","3","0","0","0","36407","0","0","0","N","0","0","0","2","36407","0","","1","01","N","N","0","","1","0","2","3","2","Y","1408","1","2","0","0","0","0","0","2","0","2","N","","","","","","","","","","","","03","  ","","",""
"1530","1","0","0","0","0","0","0","0","0","6","0","","36","07","2018","2018075113","4","40.1034","-76.4349","1520","08","0","0","0","0","0","1","0","0","","0","0","0","15","1","0","02","0","40 06:12.364","","00","76 26:05.688","0","0","0","0","36239","0","0","0","N","0","0","0","3","36239","0","","1","01","N","N","0","","0","0","1","3","3","","1520","0","2","0","0","0","0","0","3","0","2","N","","","","","","","","","","","","03","  ","","",""
"0750","1","0","0","0","0","0","0","0","0","5","1","","36","07","2018","2018075120","3","40.066","-76.2855","0744","08","0","0","0","0","0","0","0","0","2","0","1","0","07","1","0","06","1","40 03:57.602","4","00","76 17:07.728","0","0","0","0","36101","0","0","0","N","0","0","0","2","36101","0","","1","01","N","N","0","","0","0","0","0","0","N","0741","0","2","0","0","0","0","0","3","0","2","N","","","","","","","","","","","","03","  ","","",""
"0912","0","0","0","0","0","0","0","0","0","1","0","","36","07","2018","2018075121","3","40.0904","-76.2806","0911","08","0","0","0","0","0","0","1","0","","0","0","0","09","1","1","00","0","40 05:25.370","","00","76 16:50.174","3","0","0","0","36101","0","0","0","N","0","0","0","3","36101","0","","1","01","N","N","1","","1","0","1","0","0","","0907","1","2","0","0","0","0","0","3","0","2","N","","","","","","","","","","","","03","  ","","",""
"1134","2","0","0","0","0","0","0","0","0","4","0","","36","07","2018","2018075122","3","40.0685","-76.3074","1133","08","0","0","0","0","0","1","0","1","2","0","0","0","11","1","2","01","1","40 04:06.605","2","00","76 18:27.559","3","0","0","0","36101","0","0","0","N","0","0","0","3","36101","1","","1","01","N","N","0","","1","0","1","3","2","N","1131","2","3","0","0","0","0","0","3","0","3","N","","","","","","","","","","","","03","  ","","",""
"1658","2","0","0","0","0","0","0","0","0","1","0","","36","07","2018","2018075123","6","40.0697","-76.3117","1652","08","0","0","0","0","0","2","0","0","1","0","0","0","16","1","0","00","2","40 04:10.924","4","00","76 18:42.286","0","0","0","0","36101","0","0","0","N","0","0","0","2","36101","0","","1","01","N","N","0","","0","0","0","0","0","N","1649","0","2","0","0","0","0","0","3","0","2","N","","","","","","","","","","","","03","  ","","",""
"1132","1","0","0","0","0","0","0","0","0","1","0","","36","07","2018","2018075124","1","40.0786","-76.3384","1122","08","0","0","0","0","1","1","0","0","2","0","0","0","11","1","0","01","1","40 04:40.938","4","00","76 20:17.286","0","0","0","0","36101","0","0","0","N","0","0","0","4","36101","0","","1","09","N","N","0","","0","0","1","3","2","N","1121","0","2","0","0","0","0","0","3","0","2","N","","","","","","","","","","","","07","  ","","",""
"0809","2","0","0","0","0","0","0","0","0","1","0","","36","07","2018","2018075125","4","40.1224","-76.3055","0746","08","0","1","0","0","0","0","0","0","","0","0","0","07","1","0","00","0","40 07:20.623","","00","76 18:19.621","0","0","0","0","36101","0","0","0","N","0","0","0","2","36101","0","","1","01","N","N","0","","0","0","0","0","0","","0743","0","2","0","0","0","0","0","3","0","2","N","","","","","","","","","","","","03","  ","","",""
"1723","1","0","0","0","0","0","0","0","0","7","1","","36","06","2018","2018075126","7","40.0641","-76.3056","1720","08","0","0","0","0","0","0","0","0","","0","1","0","17","1","1","02","0","40 03:50.734","","00","76 18:20.061","4","0","0","0","36101","0","0","0","N","0","0","0","1","36101","1","","5","01","N","N","0","","0","0","0","3","3","","1717","1","2","0","0","0","0","0","3","0","2","N","","","","","","","","","","","","03","  ","","",""
"2323","0","0","0","0","0","0","0","0","0","0","0","","36","06","2018","2018075127","7","40.068","-76.2933","2322","08","0","0","0","0","0","0","0","0","","0","0","0","23","3","1","00","0","40 04:04.741","","00","76 17:36.015","3","0","0","1","36101","0","0","0","N","0","0","0","1","36101","0","","4","01","N","N","0","","1","0","0","0","0","","2320","1","1","0","0","0","0","0","3","0","1","N","","","","","","","","","","","","03","  ","","",""
"1257","1","0","0","0","0","0","0","0","0","4","0","","36","07","2018","2018075128","5","40.0519","-76.255","1252","08","0","0","0","0","0","0","0","1","","0","0","0","12","1","1","01","0","40 03:06.910","","00","76 15:17.823","4","0","0","0","36215","0","0","0","N","0","0","0","2","36215","1","","1","01","N","N","0","","0","0","1","3","2","","1249","1","2","0","0","0","0","0","1","0","2","N","","","","","","","","","","","","03","  ","","",""
"2015","2","0","0","0","0","0","0","0","0","4","0","","36","07","2018","2018075186","4","40.1968","-76.1692","2014","08","0","0","0","0","0","0","0","0","2","0","0","0","20","1","1","01","1","40 11:48.459","1","00","76 10:08.984","3","0","0","0","36218","0","0","0","N","0","0","0","3","36408","0","","1","01","N","N","0","","1","0","0","3","2","N","2013","1","2","0","0","0","0","0","1","0","2","N","","","","","","","","","","","","03","  ","","",""
"0512","0","0","0","0","0","0","0","0","0","0","0","","36","07","2018","2018075189","2","40.1468","-76.0615","0504","08","0","0","1","0","0","0","0","0","2","0","0","0","04","2","0","00","1","40 08:48.603","4","00","76 03:41.402","0","0","0","0","36213","0","0","0","Y","0","0","0","1","36213","0","","5","01","N","N","0","","0","0","1","0","0","N","0405","0","1","0","0","0","0","0","1","0","1","N","","","","","","","","","","","","03","  ","","",""
"1753","0","0","0","0","0","0","0","0","0","7","0","","36","07","2018","2018075264","4","40.0521","-76.3962","1741","08","0","0","0","0","0","0","0","0","","0","1","0","17","1","0","01","0","40 03:07.571","","00","76 23:46.168","0","0","0","0","36214","0","0","0","N","0","0","0","1","36214","0","","4","01","N","N","0","","0","0","0","0","0","","1735","0","1","0","0","0","0","0","3","0","1","N","","","","","","","","","","","","03","  ","","",""
"1557","1","0","0","0","0","0","0","0","0","1","0","","36","07","2018","2018075265","3","40.0372","-76.4097","1531","08","0","0","0","0","0","0","1","0","","0","0","0","15","1","1","00","0","40 02:13.907","","00","76 24:34.784","3","0","0","0","36223","0","0","0","N","0","0","0","2","36223","0","","1","01","N","N","0","","1","0","1","0","0","","1527","1","2","0","0","0","0","0","1","0","2","N","","","","","","","","","","","","03","  ","","",""
"1821","0","0","0","0","0","0","0","0","0","4","0","","36","07","2018","2018075266","3","40.038","-76.3497","1820","08","0","0","0","0","0","0","1","0","1","0","0","0","18","1","2","01","1","40 02:16.724","3","00","76 20:59.097","3","0","0","0","36223","0","0","0","N","0","0","0","3","36223","1","","1","01","N","N","1","","1","0","1","3","2","N","1815","2","2","0","0","0","0","0","1","0","2","N","","","","","","","","","","","","03","  ","","",""
"2206","1","0","0","0","0","0","0","0","0","7","0","","36","05","2018","2018075365","1","40.0284","-75.9606","2158","08","0","0","0","0","0","1","0","0","3","0","0","0","21","2","2","00","2","40 01:42.311","6","00","75 57:38.283","3","0","0","0","36232","0","0","0","N","0","0","0","3","68J01","0","","4","09","N","N","0","","2","0","1","0","0","Y","2155","2","2","0","0","1","0","0","1","0","2","N","","","","","","","","","","","","07","  ","","",""
"1902","0","0","0","0","0","0","0","0","0","7","0","","36","06","2018","2018075369","7","39.9475","-76.1286","1850","08","0","0","1","0","0","0","0","0","2","0","0","0","18","1","0","00","2","39 56:51.150","7","00","76 07:42.970","0","0","0","0","36226","0","0","0","N","0","0","0","1","68J01","0","","4","09","N","N","0","","0","0","1","0","0","N","1819","0","1","0","0","0","0","0","1","0","1","N","","","","","","","","","","","","03","  ","","",""
"0119","0","0","0","0","0","0","0","0","0","4","0","","36","06","2018","2018075375","2","40.0588","-76.1034","0104","08","0","0","0","0","0","0","1","0","2","0","0","1","01","2","1","02","2","40 03:31.723","5","00","76 06:12.369","2","0","0","0","36221","1","0","1","N","0","0","0","2","68J01","0","","1","09","N","N","1","","0","1","0","3","3","Y","0103","1","2","0","0","0","0","0","1","0","1","N","","","","","","","","","","","","07","  ","","",""
"1614","1","0","0","0","0","0","0","0","0","2","0","","36","06","2018","2018075376","4","40.1968","-76.0175","1604","08","0","0","0","0","0","0","1","0","2","0","0","0","16","1","1","01","2","40 11:48.437","7","00","76 01:02.883","8","0","0","0","36202","0","0","0","N","0","0","0","3","68J01","0","","1","01","N","N","0","","0","0","1","3","3","Y","1602","1","2","0","0","0","1","0","1","0","2","N","","","","","","","","","","","","03","  ","","",""
"2011","1","0","0","0","0","0","0","0","0","2","0","","36","06","2018","2018075377","4","40.1963","-76.0603","1955","08","0","0","0","0","0","2","0","0","2","0","0","0","19","4","1","01","2","40 11:46.536","7","00","76 03:37.080","8","0","0","1","36202","0","0","0","N","0","0","0","2","68J01","0","","1","09","N","N","0","","0","0","0","0","0","Y","1950","1","2","0","0","0","1","0","1","0","2","N","","","","","","","","","","","","07","  ","","",""
"1542","0","0","0","0","0","0","0","0","0","4","0","","36","07","2018","2018075397","4","40.0387","-76.1543","1436","08","1","0","0","0","0","0","1","0","2","0","0","0","14","1","4","00","2","40 02:19.379","6","00","76 09:15.307","3","0","0","0","36234","0","0","0","N","0","0","0","4","68J01","0","","1","01","N","N","0","","3","0","1","0","0","Y","1428","4","2","0","0","0","1","0","1","1","2","N","","","","","","","","","","","","03","  ","","",""
"1557","1","0","0","0","0","0","0","0","0","2","0","","36","07","2018","2018075410","1","39.7739","-76.1791","1532","08","0","0","0","0","0","0","0","0","1","0","0","0","15","1","0","01","1","39 46:25.988","2","00","76 10:44.934","0","0","0","0","36219","0","0","0","N","0","0","0","2","68J01","0","","1","01","N","N","0","","0","0","1","3","3","N","1525","0","2","0","0","1","0","0","1","0","2","N","","","","","","","","","","","","03","  ","","",""
"0619","0","0","0","0","0","0","0","0","0","7","0","","36","07","2018","2018075427","4","40.0992","-76.4437","0615","08","0","0","0","0","0","0","1","0","1","0","0","0","06","1","0","00","1","40 05:56.952","3","00","76 26:37.174","0","0","0","0","36239","0","0","0","N","0","0","0","1","36239","0","","5","01","N","N","1","","0","0","0","0","0","Y","0611","0","1","0","0","0","0","0","3","0","1","N","","","","","","","","","","","","03","  ","","",""
"0950","0","0","0","0","0","0","0","0","0","4","0","","36","07","2018","2018075433","4","39.8947","-76.1715","0943","08","0","0","0","0","0","1","0","0","","0","0","0","09","1","0","01","0","39 53:40.821","","00","76 10:17.488","0","0","0","0","36416","0","0","0","N","0","0","0","2","36416","0","","1","01","N","N","0","","0","0","2","3","2","N","0943","0","2","0","0","0","0","0","1","0","2","N","","","","","","","","","","","","03","  ","","",""
"1647","1","0","0","0","0","0","0","0","0","1","0","","36","06","2018","2018075453","1","39.9947","-76.3206","1647","08","0","0","0","0","0","2","0","0","1","0","0","0","16","1","0","00","1","39 59:41.025","1","00","76 19:14.003","0","0","0","0","36228","0","0","0","N","0","0","0","5","36503","0","","1","01","N","N","0","","0","0","2","0","0","N","1647","0","3","0","0","0","0","0","1","0","3","N","","","","","","","","","","","","03","  ","","",""
"1718","1","0","0","0","0","0","0","0","0","1","0","","36","07","2018","2018075514","5","40.1639","-76.2009","1713","08","0","0","0","0","0","0","0","0","1","0","0","0","17","1","0","03","1","40 09:50.106","2","00","76 12:03.410","0","0","0","0","36218","0","0","0","N","0","0","0","2","36408","0","","1","01","N","N","1","","0","0","0","0","0","N","1712","0","2","0","0","1","0","0","1","0","2","N","","","","","","","","","","","","03","  ","","",""
"1951","1","0","0","0","0","0","0","0","0","4","1","","36","07","2018","2018075518","2","40.1018","-76.6727","1943","08","0","0","0","0","0","0","1","0","2","0","1","0","19","1","0","01","2","40 06:06.624","7","00","76 40:21.755","0","0","0","0","36207","0","0","0","N","0","0","0","2","36504","0","","1","01","N","N","0","","0","0","0","3","3","Y","1942","0","2","0","0","0","0","0","1","0","2","N","","","","","","","","","","","","03","  ","","",""
"0508","0","0","0","0","0","0","0","0","0","7","0","","36","07","2018","2018075519","1","40.1647","-76.1566","0505","08","0","0","0","0","0","0","0","0","1","0","0","0","05","5","0","00","1","40 09:52.955","3","00","76 09:23.894","0","0","0","0","36218","0","0","0","N","0","0","0","1","36408","0","","5","01","N","N","0","","0","0","1","0","0","N","0503","0","1","0","0","0","0","0","1","0","1","N","","","","","","","","","","","","03","  ","","",""
"1839","0","0","0","0","0","0","0","0","0","0","0","","36","07","2018","2018075553","2","40.1832","-75.9943","1836","08","0","0","0","0","0","1","0","0","2","0","0","0","18","1","2","00","2","40 10:59.563","4","00","75 59:39.526","8","0","0","0","36202","0","0","0","N","0","0","0","2","68T06","0","","1","01","N","N","0","","0","0","0","0","0","N","1835","2","1","0","0","0","2","0","1","1","1","N","","","","","","","","","","","","03","  ","","",""
"1934","1","0","0","1","0","1","0","0","0","4","0","","36","07","2018","2018075596","1","40.0247","-76.3202","1924","08","0","0","0","0","0","0","1","0","","0","0","0","19","1","1","01","0","40 01:28.930","","00","76 19:12.565","2","0","0","0","36301","1","0","1","N","0","0","0","2","36301","0","","1","01","N","N","0","","0","1","0","3","3","","1924","1","2","0","0","0","0","0","3","0","1","N","","","","","","","","","","","","03","  ","","",""
"1555","1","0","0","0","0","0","0","0","0","1","0","","36","07","2018","2018075606","6","40.0808","-76.2937","1555","08","0","0","0","0","0","0","0","0","","0","0","0","15","1","0","00","0","40 04:50.719","","00","76 17:37.499","0","0","0","0","36101","0","0","0","N","0","0","0","3","36101","0","","1","01","N","N","0","","0","0","1","0","0","","1555","0","2","0","0","0","0","0","3","0","2","N","","","","","","","","","","","","03","  ","","",""
"0402","2","0","0","0","0","0","0","0","0","4","0","","36","07","2018","2018075607","7","40.1077","-76.2892","0354","08","0","0","0","0","0","0","0","0","","0","0","0","03","2","0","00","0","40 06:27.800","","00","76 17:20.950","0","0","0","0","36101","0","0","0","N","0","0","0","1","36101","0","","1","01","N","N","0","","0","0","0","0","0","","0346","0","2","0","0","0","0","0","3","0","2","N","","","","","","","","","","","","03","  ","","",""
"1533","1","0","0","0","0","0","0","0","0","4","0","","36","07","2018","2018075608","4","40.0687","-76.3441","1518","08","0","0","0","0","0","1","0","0","2","0","0","0","15","1","0","00","1","40 04:07.183","3","00","76 20:38.601","0","0","0","0","36101","0","0","0","N","0","0","0","10","36101","0","","1","01","N","N","0","","0","0","1","0","0","N","1515","0","2","0","0","0","0","0","3","0","2","N","","","","","","","","","","","","03","  ","","",""
"1021","0","0","0","0","0","0","0","0","0","4","0","","36","07","2018","2018075610","4","40.1134","-76.3907","1013","08","0","0","0","0","0","1","0","1","1","0","0","0","10","1","0","00","1","40 06:48.160","2","00","76 23:26.560","0","0","0","0","36214","0","0","0","N","0","0","0","2","36214","0","","1","01","N","N","1","","0","0","1","0","0","N","1010","0","2","0","0","0","0","0","3","0","2","N","","","","","","","","","","","","03","  ","","",""
"1403","1","0","0","0","0","0","0","0","0","7","0","","36","07","2018","2018075611","6","40.1766","-76.4026","1353","08","0","0","0","0","0","0","0","0","2","0","0","0","13","1","0","02","1","40 10:35.758","5","00","76 24:09.248","0","0","0","0","36230","0","0","0","N","0","0","0","1","36410","0","","4","01","N","N","0","","0","0","0","0","0","N","1346","0","1","0","0","0","0","0","1","0","1","N","","","","","","","","","","","","03","  ","","",""
"1500","1","0","0","0","0","0","0","0","0","4","0","","36","07","2018","2018075612","7","40.2203","-76.4404","1450","08","0","0","0","0","0","0","0","0","2","0","0","0","14","1","0","01","1","40 13:12.958","7","00","76 26:25.539","0","0","0","0","36230","0","0","0","N","0","0","0","3","36410","0","","1","01","N","N","0","","0","0","1","3","3","N","1449","0","2","0","0","0","0","0","1","0","2","N","","","","","","","","","","","","03","  ","","",""
"1706","1","0","0","0","0","0","0","0","0","1","0","","36","07","2018","2018075613","5","40.1046","-76.0878","1702","08","0","0","0","0","0","1","0","0","1","0","0","0","17","1","0","02","1","40 06:16.590","1","00","76 05:16.110","0","0","0","0","36415","0","0","0","N","0","0","0","2","36415","0","","1","01","N","N","1","","0","0","0","0","0","N","1702","0","2","0","0","0","0","0","1","0","2","N","","","","","","","","","","","","03","  ","","",""
"0608","0","0","0","0","0","0","0","0","0","4","0","","36","07","2018","2018075630","6","40.1628","-76.1499","0550","08","0","0","0","0","0","1","0","0","1","0","0","0","05","1","0","01","1","40 09:46.485","1","00","76 08:59.308","0","0","0","0","36218","0","0","0","N","0","0","0","2","36408","0","","1","01","N","N","2","","0","0","0","3","2","N","0550","0","2","0","0","0","0","0","1","0","2","N","","","","","","","","","","","","03","  ","","",""
"1612","0","0","0","0","0","0","0","0","0","1","0","","36","07","2018","2018075635","3","40.1092","-76.4973","1609","08","0","1","0","0","0","0","1","0","1","0","0","0","16","1","0","01","2","40 06:33.063","3","00","76 29:50.339","0","0","0","0","36413","0","0","0","N","0","0","0","2","36413","0","","1","09","N","N","0","","0","0","2","0","0","N","1609","0","2","0","0","0","0","0","2","0","2","N","","","","","","","","","","","","03","  ","","",""
"2005","1","0","0","0","0","0","0","0","0","5","0","","36","07","2018","2018075660","3","40.1803","-76.1798","2000","08","0","0","0","0","0","0","0","0","2","0","0","0","19","1","0","00","1","40 10:48.966","4","00","76 10:47.172","0","0","0","1","36408","0","0","0","N","0","0","0","3","36408","0","","2","01","N","N","0","","0","0","1","0","0","N","1958","0","3","0","0","0","0","0","2","0","3","N","","","","","","","","","","","","03","  ","","",""
"1516","1","0","0","0","0","0","0","0","0","7","0","","36","07","2018","2018075687","3","40.0269","-76.4962","1511","08","1","0","0","0","0","0","0","0","1","0","0","0","15","1","1","00","1","40 01:36.773","4","00","76 29:46.478","4","0","0","0","36404","0","0","0","N","0","0","0","2","36404","1","","5","09","N","N","0","","0","0","0","0","0","N","1511","1","1","0","0","0","0","0","3","0","1","N","","","","","","","","","","","","03","  ","","",""
"1328","1","0","0","0","0","0","0","0","0","1","0","","36","07","2018","2018075689","3","40.1243","-76.4703","1324","08","0","0","0","0","0","1","2","0","2","0","0","0","13","1","2","00","1","40 07:27.557","4","00","76 28:13.021","3","0","0","0","36230","0","0","0","N","0","0","0","3","36410","0","","1","09","N","N","1","","1","0","1","0","0","N","1324","2","3","0","0","1","1","0","1","0","3","N","","","","","","","","","","","","07","  ","","",""
"1122","2","0","0","0","0","0","0","0","0","1","0","","36","07","2018","2018075762","6","40.2296","-76.1337","1118","08","0","0","0","0","0","0","0","0","","0","0","0","11","1","0","02","0","40 13:46.704","","00","76 08:01.361","0","0","0","0","36405","0","0","0","N","0","0","0","2","36210","0","","1","01","N","N","0","","0","0","0","0","0","","1110","0","2","0","0","0","0","0","1","0","2","N","","","","","","","","","","","","03","  ","","",""