"ARRIVAL_TM","AUTOMOBILE_COUNT","BELTED_DEATH_COUNT","BELTED_SUSP_SERIOUS_INJ_COUNT","BICYCLE_COUNT","BICYCLE_DEATH_COUNT","BICYCLE_SUSP_SERIOUS_INJ_COUNT","BUS_COUNT","CHLDPAS_DEATH_COUNT","CHLDPAS_SUSP_SERIOUS_INJ_COUNT","COLLISION_TYPE","COMM_VEH_COUNT","CONS_ZONE_SPD_LIM","COUNTY","CRASH_MONTH","CRASH_YEAR","CRN","DAY_OF_WEEK","DEC_LAT","DEC_LONG","DISPATCH_TM","DISTRICT","DRIVER_COUNT_16YR","DRIVER_COUNT_17YR","DRIVER_COUNT_18YR","DRIVER_COUNT_19YR","DRIVER_COUNT_20YR","DRIVER_COUNT_50_64YR","DRIVER_COUNT_65_74YR","DRIVER_COUNT_75PLUS","EST_HRS_CLOSED","FATAL_COUNT","HEAVY_TRUCK_COUNT","HORSE_BUGGY_COUNT","HOUR_OF_DAY","ILLUMINATION","INJURY_COUNT","INTERSECT_TYPE","LANE_CLOSED","LATITUDE","LN_CLOSE_DIR","LOCATION_TYPE","LONGITUDE","MAX_SEVERITY_LEVEL","MCYCLE_DEATH_COUNT","MCYCLE_SUSP_SERIOUS_INJ_COUNT","MOTORCYCLE_COUNT","MUNICIPALITY","NONMOTR_COUNT","NONMOTR_DEATH_COUNT","NONMOTR_SUSP_SERIOUS_INJ_COUNT","NTFY_HIWY_MAINT","PED_COUNT","PED_DEATH_COUNT","PED_SUSP_SERIOUS_INJ_COUNT","PERSON_COUNT","POLICE_AGCY","POSSIBLE_INJ_COUNT","RDWY_SURF_TYPE_CD","RELATION_TO_ROAD","ROAD_CONDITION","SCH_BUS_IND","SCH_ZONE_IND","SMALL_TRUCK_COUNT","SPEC_JURIS_CD","SUSP_MINOR_INJ_COUNT","SUSP_SERIOUS_INJ_COUNT","SUV_COUNT","TCD_FUNC_CD","TCD_TYPE","TFC_DETOUR_IND","TIME_OF_DAY","TOT_INJ_COUNT","TOTAL_UNITS","UNB_DEATH_COUNT","UNB_SUSP_SERIOUS_INJ_COUNT","UNBELTED_OCC_COUNT","UNK_INJ_DEG_COUNT","UNK_INJ_PER_COUNT","URBAN_RURAL","VAN_COUNT","VEHICLE_COUNT","WORK_ZONE_IND","WORK_ZONE_LOC","WORK_ZONE_TYPE","WORKERS_PRES","WZ_CLOSE_DETOUR","WZ_FLAGGER","WZ_LAW_OFFCR_IND","WZ_LN_CLOSURE","WZ_MOVING","WZ_OTHER","WZ_SHLDER_MDN","ROADWAY_CLEARED","WEATHER1","WEATHER2","WZ_WORKERS_INJ_KILLED","SECONDARY_CRASH","INTERSECTION_RELATED"
"1343","2","0","1","0","0","0","0","0","0","4","0","","36","07","2018","2018075777","2","40.043","-76.2879","1340","08","0","0","0","0","0","1","1","0","2","0","0","0","13","1","2","01","1","40 02:34.960","1","00","76 17:16.322","2","0","0","0","36301","0","0","0","N","0","0","0","2","36301","0","","1","01","N","N","0","","1","1","0","3","2","Y","1340","2","2","0","0","0","0","0","3","0","2","N","","","","","","","","","","","","03","  ","","",""
"1455","0","0","0","1","0","0","0","0","0","5","0","","36","07","2018","2018075780","6","40.0406","-76.3111","1453","08","0","0","0","0","0","0","0","0","1","0","0","0","14","1","1","01","1","40 02:26.239","3","00","76 18:39.805","3","0","0","0","36301","1","0","0","N","0","0","0","2","36301","0","","1","01","N","N","0","","1","0","1","3","2","N","1452","1","2","0","0","0","0","0","3","0","1","N","","","","","","","","","","","","03","  ","","",""
"1552","2","0","0","0","0","0","0","0","0","1","0","","36","07","2018","2018075799","3","40.0914","-76.2635","1545","08","0","0","0","0","0","0","0","0","1","0","0","0","15","1","0","00","1","40 05:28.892","2","00","76 15:48.574","0","0","0","0","36101","0","0","0","N","0","0","0","2","36101","0","","1","09","N","N","0","","0","0","0","0","0","N","1544","0","2","0","0","0","0","0","3","0","2","N","","","","","","","","","","","","07","  ","","",""
"1200","1","0","0","0","0","0","0","0","0","1","1","","36","07","2018","2018075800","3","40.0168","-76.1641","1159","08","0","0","0","0","0","2","0","0","1","0","1","0","11","1","2","00","2","40 01:00.414","4","00","76 09:50.935","8","0","0","0","36215","0","0","0","N","0","0","0","7","36215","0","","1","01","N","N","1","","0","0","0","3","2","N","1157","2","3","0","0","0","2","0","1","0","3","N","","","","","","","","","","","","03","  ","","",""
"1741","1","0","0","0","0","0","0","0","0","1","0","","36","07","2018","2018075801","6","40.018","-76.1705","1733","08","0","0","0","0","0","0","0","0","","0","0","0","17","1","0","00","0","40 01:04.978","","00","76 10:13.775","0","0","0","0","36215","0","0","0","N","0","0","0","2","36215","0","","1","01","N","N","0","","0","0","1","0","0","","1732","0","2","0","0","0","0","0","1","0","2","N","","","","","","","","","","","","03","  ","","",""
"1609","2","0","0","0","0","0","0","0","0","1","0","","36","07","2018","2018075842","3","40.1793","-76.4037","1608","08","0","0","0","0","0","0","0","0","","0","0","0","16","1","1","00","0","40 10:45.591","","00","76 24:13.281","8","0","0","0","36230","0","0","0","N","0","0","0","3","36410","0","","1","01","N","N","0","","0","0","0","0","0","","1603","1","2","0","0","0","1","0","1","0","2","N","","","","","","","","","","","","03","  ","","",""
"1736","1","0","0","0","0","0","0","0","0","7","0","","36","07","2018","2018075844","6","40.015","-76.2749","1728","08","0","0","0","0","0","0","0","0","1","0","0","0","17","1","0","00","1","40 00:53.898","4","00","76 16:29.681","0","0","0","0","36240","0","0","0","N","0","0","0","1","36240","0","","2","01","N","N","0","","0","0","0","0","0","N","1726","0","1","0","0","0","0","0","1","0","1","N","","","","","","","","","","","","03","  ","","",""
"1645","1","0","0","0","0","0","0","0","0","4","0","","36","07","2018","2018075847","6","40.2152","-76.0797","1641","08","0","0","0","0","0","1","0","0","","0","0","0","16","1","0","02","0","40 12:54.683","","00","76 04:46.742","0","0","0","0","36210","0","0","0","N","0","0","0","7","36210","0","","1","01","N","N","0","","0","0","0","3","3","","1637","0","2","0","0","1","0","0","1","1","2","N","","","","","","","","","","","","03","  ","","",""
"0750","1","0","0","0","0","0","0","0","0","4","1","","36","07","2018","2018075922","6","40.1559","-76.0434","0742","08","0","0","0","0","0","0","0","0","2","0","1","0","07","1","0","01","1","40 09:21.104","4","00","76 02:36.199","0","0","0","0","36418","0","0","0","N","0","0","0","2","36213","0","","1","01","N","N","0","","0","0","0","3","3","N","0740","0","2","0","0","0","0","0","1","0","2","N","","","","","","","","","","","","03","  ","","",""
"1212","2","0","0","0","0","0","0","0","0","4","0","","36","07","2018","2018075929","6","40.0296","-76.3231","1204","08","0","0","0","0","0","0","0","0","1","0","0","0","11","1","0","01","1","40 01:46.727","3","00","76 19:23.150","9","0","0","0","36301","0","0","0","N","0","0","0","2","36301","0","","1","01","N","N","0","","0","0","0","3","2","Y","1141","0","2","0","0","0","0","1","3","0","2","N","","","","","","","","","","","","03","  ","","",""
"1739","2","0","0","0","0","0","0","0","0","4","0","","36","07","2018","2018075937","4","40.1297","-76.3113","1730","08","0","0","0","0","0","0","0","0","","0","0","0","17","1","0","01","0","40 07:46.855","","00","76 18:40.680","0","0","0","0","36235","0","0","0","N","0","0","0","2","36506","0","","1","01","N","N","0","","0","0","0","0","0","","1730","0","2","0","0","0","0","0","1","0","2","N","","","","","","","","","","","","03","  ","","",""
"1605","2","0","0","0","0","0","0","0","0","5","0","","36","07","2018","2018075940","6","40.1564","-76.3023","1603","08","0","0","0","0","0","0","1","0","2","0","0","0","16","1","1","02","2","40 09:22.979","6","00","76 18:08.140","4","0","0","0","36409","0","0","0","N","0","0","0","1","36409","1","","1","01","","N","0","","0","0","0","0","0","Y","1602","1","2","0","0","0","0","0","3","0","2","N","","","","","","","","","","","","03","  ","","",""
"1504","2","0","0","0","0","0","0","0","0","1","0","","36","07","2018","2018075952","6","40.0315","-76.4799","1456","08","0","0","0","0","0","0","0","2","","0","1","0","14","1","1","00","0","40 01:53.490","","00","76 28:47.661","8","0","0","0","36239","0","0","0","N","0","0","0","5","36239","0","","1","01","","","0","","0","0","1","0","0","","1456","1","4","0","0","1","1","0","3","0","4","N","","","","","","","","","","","","03","  ","","",""
"1449","0","0","0","0","0","0","0","0","0","8","0","","36","07","2018","2018075968","6","40.1396","-76.5856","1447","08","0","0","0","0","0","0","1","0","","0","0","0","14","1","1","02","0","40 08:22.400","","07","76 35:08.200","3","0","0","0","36237","1","0","0","N","1","0","0","2","36505","0","","1","01","N","N","0","","1","0","1","0","0","N","1446","1","2","0","0","0","0","0","1","0","1","N","","","","","","","","","","","","03","  ","","",""
"1453","1","0","0","0","0","0","0","0","0","1","0","","36","07","2018","2018075969","6","40.0328","-76.4963","1450","08","0","0","0","0","0","2","0","0","1","0","0","0","14","1","0","00","1","40 01:58.215","4","00","76 29:46.716","0","0","0","0","36404","0","0","0","N","0","0","0","4","36404","0","","1","01","N","N","0","","0","0","1","0","0","N","1446","0","2","0","0","3","0","0","3","0","2","N","","","","","","","","","","","","03","  ","","",""
"1112","1","0","0","0","0","0","0","0","0","1","0","","36","07","2018","2018075973","7","39.9898","-76.2566","1105","08","0","1","0","0","0","1","0","0","","0","0","0","11","1","0","02","0","39 59:23.416","","00","76 15:23.588","0","0","0","0","36240","0","0","0","N","0","0","0","2","36240","0","","1","09","N","N","1","","0","0","0","3","3","","1105","0","2","0","0","0","0","0","1","0","2","N","","","","","","","","","","","","07","  ","","",""
"1344","1","0","0","0","0","0","0","0","0","4","0","","36","07","2018","2018075986","4","40.1876","-76.1901","1340","08","0","0","0","0","0","1","0","0","2","0","0","0","13","1","1","01","1","40 11:15.409","3","00","76 11:24.309","3","0","0","0","36408","0","0","0","N","0","0","0","2","36408","0","","1","01","N","N","0","","1","0","0","3","2","N","1336","1","2","0","0","0","0","0","2","1","2","N","","","","","","","","","","","","03","  ","","",""
"1458","2","0","0","0","0","0","0","0","0","4","0","","36","07","2018","2018076096","3","40.0606","-76.3063","1457","08","0","0","0","0","0","0","1","0","","0","0","0","14","1","0","05","0","40 03:38.254","","00","76 18:22.514","0","0","0","0","36101","0","0","0","N","0","0","0","2","36101","0","","1","09","N","N","0","","0","0","0","3","2","","1456","0","2","0","0","0","0","0","3","0","2","N","","","","","","","","","","","","07","  ","","",""
"0850","0","0","0","0","0","0","0","0","0","2","0","","36","07","2018","2018076097","7","40.068","-76.2942","0848","08","0","0","0","0","0","0","0","0","","0","0","0","08","1","2","00","0","40 04:04.688","","00","76 17:39.022","3","0","0","0","36101","0","0","0","N","0","0","0","5","36101","0","","1","01","N","N","0","","2","0","2","0","0","","0846","2","3","0","0","0","0","0","3","1","3","N","","","","","","","","","","","","03","  ","","",""
"1432","2","0","0","0","0","0","0","0","0","4","0","","36","07","2018","2018076131","7","40.245","-76.0465","1419","08","0","0","0","0","0","1","0","0","3","0","0","0","14","1","3","01","2","40 14:41.925","5","00","76 02:47.244","3","0","0","0","36401","0","0","0","N","0","0","0","3","36408","0","","1","09","N","N","0","","3","0","0","3","3","Y","1415","3","2","0","0","0","0","0","1","0","2","N","","","","","","","","","","","","07","  ","","",""
"2230","3","0","0","0","0","0","0","0","0","1","0","","36","07","2018","2018076149","5","40.0517","-76.3018","2209","08","0","0","0","0","0","1","0","0","","0","0","0","22","3","0","00","0","40 03:06.020","","00","76 18:06.610","0","0","0","0","36301","0","0","0","N","0","0","0","1","36301","0","","4","01","N","N","0","","0","0","0","3","3","","2208","0","3","0","0","0","0","0","3","0","3","N","","","","","","","","","","","","03","  ","","",""
"1510","2","0","0","0","0","0","0","0","0","4","0","","36","07","2018","2018076166","3","39.995","-76.3144","1501","08","0","0","0","1","0","0","0","0","1","0","0","0","14","1","1","02","2","39 59:42.093","5","00","76 18:51.785","3","0","0","0","36228","0","0","0","N","0","0","0","2","36503","0","","1","09","N","N","0","","1","0","0","3","3","Y","1455","1","2","0","0","0","0","0","1","0","2","N","","","","","","","","","","","","07","  ","","",""
"2005","2","0","0","0","0","0","0","0","0","6","0","","36","07","2018","2018076172","7","40.0433","-76.5128","1953","08","0","0","0","0","0","0","1","0","2","0","0","0","19","1","0","00","1","40 02:36.015","1","00","76 30:46.028","0","0","0","0","36239","0","0","0","N","0","0","0","5","36239","0","","1","09","N","N","0","","0","0","0","0","0","N","1953","0","2","0","0","0","0","0","3","0","2","N","","","","","","","","","","","","07","  ","","",""
"2153","1","0","0","0","0","0","0","0","0","7","0","","36","07","2018","2018076183","7","40.2237","-76.4256","2144","08","0","0","1","0","0","0","0","0","","0","0","0","21","2","0","00","0","40 13:25.364","","00","76 25:32.287","0","0","0","0","36230","0","0","0","N","0","0","0","1","36410","0","","5","09","N","N","0","","0","0","0","0","0","","2144","0","1","0","0","0","0","0","1","0","1","N","","","","","","","","","","","","07","  ","","",""
"1304","0","0","0","0","0","0","0","0","0","7","0","","36","07","2018","2018076226","2","40.2294","-76.4282","1243","08","0","0","0","0","0","0","1","0","2","0","0","0","12","1","0","00","2","40 13:45.596","3","00","76 25:40.276","0","0","0","0","36230","0","0","0","N","0","0","0","1","68T06","0","","3","01","N","N","1","","0","0","0","0","0","N","1240","0","1","0","0","0","0","0","1","0","1","N","","","","","","","","","","","","03","  ","","",""
"0028","1","0","0","0","0","0","0","0","0","4","0","","36","07","2018","2018076252","1","40.2413","-76.1745","0027","08","0","0","0","0","0","0","0","0","","0","0","0","00","3","0","01","0","40 14:28.829","","00","76 10:28.030","0","0","0","0","36236","0","0","0","N","0","0","0","2","36408","0","","1","09","N","N","1","","0","0","0","3","3","","0025","0","2","0","0","0","0","0","1","0","2","N","","","","","","","","","","","","07","  ","","",""
"1255","2","0","0","0","0","0","0","0","0","1","0","","36","07","2018","2018076269","7","40.0191","-76.3212","1247","08","0","0","0","0","0","0","0","0","","0","0","0","12","1","0","02","0","40 01:08.735","","00","76 19:16.484","0","0","0","0","36220","0","0","0","N","0","0","0","2","36101","0","","1","09","N","N","0","","0","0","0","0","0","","1246","0","2","0","0","0","0","0","3","0","2","N","","","","","","","","","","","","07","  ","","",""
"1405","0","0","0","0","0","0","0","0","0","7","0","","36","07","2018","2018076270","7","40.0553","-76.2788","1358","08","0","0","0","0","0","0","0","0","2","0","0","0","13","1","1","00","1","40 03:18.900","2","00","76 16:43.670","3","0","0","0","36101","0","0","0","N","0","0","0","2","36101","0","","4","09","N","N","0","","1","0","1","0","0","N","1356","1","1","0","0","0","0","0","3","0","1","N","","","","","","","","","","","","07","  ","","",""
"1750","1","0","0","1","0","0","0","0","0","4","0","","36","07","2018","2018076297","5","40.0505","-76.2934","1745","08","0","0","0","0","0","1","0","0","","0","0","0","17","1","1","01","0","40 03:01.936","","00","76 17:36.150","3","0","0","0","36301","1","0","0","N","0","0","0","2","36301","0","","1","01","N","N","0","","1","0","0","3","3","","1742","1","2","0","0","0","0","0","3","0","1","N","","","","","","","","","","","","03","  ","","",""
"1609","1","0","0","0","0","0","0","0","0","2","0","","36","07","2018","2018076301","3","40.038","-76.3202","1607","08","0","0","0","0","0","1","0","0","2","0","0","0","16","1","1","00","2","40 02:16.748","6","00","76 19:12.750","3","0","0","0","36301","0","0","0","N","0","0","0","3","36301","0","","1","01","N","N","0","","1","0","1","0","0","Y","1606","1","3","0","0","0","0","0","3","1","3","N","","","","","","","","","","","","03","  ","","",""
"1506","0","0","0","0","0","0","0","0","0","4","0","","36","07","2018","2018076312","7","40.0357","-76.3143","1456","08","0","0","0","0","0","0","1","0","","0","0","0","14","1","0","02","0","40 02:08.544","","00","76 18:51.312","9","0","0","0","36301","0","0","0","N","0","0","0","3","36301","0","","1","09","N","N","1","","0","0","1","3","3","","1454","0","2","0","0","0","0","1","3","0","2","N","","","","","","","","","","","","07","  ","","",""
"1301","2","0","0","0","0","0","0","0","0","4","0","","36","07","2018","2018076363","1","40.0343","-76.5041","1301","08","0","0","0","0","0","0","0","1","1","0","0","0","13","1","0","00","1","40 02:03.379","4","00","76 30:14.914","0","0","0","0","36404","0","0","0","N","0","0","0","2","36404","0","","1","01","N","N","0","","0","0","0","0","0","Y","1301","0","2","0","0","0","0","0","3","0","2","N","","","","","","","","","","","","03","  ","","",""
"0750","0","0","0","0","0","0","0","0","0","8","0","","36","06","2018","2018076392","2","40.0364","-76.3054","0747","08","0","0","0","0","0","0","0","0","","0","0","0","07","1","1","01","0","40 02:10.973","","00","76 18:19.330","8","0","0","0","36301","1","0","0","N","1","0","0","1","36301","0","","1","01","N","N","0","","0","0","0","3","2","","0730","1","2","0","0","0","1","0","3","0","1","N","","","","","","","","","","","","03","  ","","",""
"1155","0","0","0","0","0","0","0","0","0","4","0","","36","07","2018","2018076393","4","40.0377","-76.3085","1153","08","0","0","0","0","0","1","1","0","1","0","0","0","11","1","1","01","1","40 02:15.572","7","00","76 18:30.512","3","0","0","0","36301","0","0","0","N","0","0","0","2","36301","0","","1","01","N","N","1","","1","0","1","3","2","N","1153","1","2","0","0","0","0","0","3","0","2","N","","","","","","","","","","","","03","  ","","",""
"1018","1","0","0","0","0","0","0","0","0","8","0","","36","07","2018","2018076401","5","40.1253","-76.2143","1016","08","0","0","0","0","0","0","0","0","","0","0","0","10","1","1","01","0","40 07:31.012","","00","76 12:51.319","3","0","0","0","36238","1","0","0","N","1","0","0","2","36238","0","","1","01","N","N","0","","1","0","0","3","2","","1015","1","2","0","0","0","0","0","3","0","1","N","","","","","","","","","","","","03","  ","","",""
"1702","1","0","0","0","0","0","0","0","0","1","0","","36","07","2018","2018076402","1","40.1034","-76.4317","1655","08","0","0","0","0","0","0","0","0","1","0","0","0","16","1","0","02","1","40 06:12.308","4","00","76 25:54.109","0","0","0","0","36239","0","0","0","N","0","0","0","6","36239","0","","1","09","N","N","0","","0","0","0","0","0","N","1655","0","2","0","0","0","0","0","3","1","2","N","","","","","","","","","","","","07","  ","","",""
"1802","2","0","0","0","0","0","0","0","0","4","0","","36","07","2018","2018076407","1","40.0808","-76.4083","1757","08","0","0","0","2","0","0","1","0","1","0","0","0","17","1","0","02","2","40 04:50.944","6","00","76 24:29.891","0","0","0","0","36214","0","0","0","N","0","0","0","5","36214","0","","1","09","N","N","0","","0","0","1","0","0","Y","1755","0","3","0","0","0","0","0","3","0","3","N","","","","","","","","","","","","03","  ","","",""
"0757","1","0","0","0","0","0","0","0","0","4","0","","36","07","2018","2018076539","3","39.9876","-76.2766","0755","08","0","0","0","0","0","0","0","1","","0","0","0","07","1","0","01","0","39 59:15.198","","00","76 16:35.769","0","0","0","0","36240","0","0","0","N","0","0","0","2","36240","0","","1","01","N","N","1","","0","0","0","3","2","","0745","0","2","0","0","0","0","0","1","0","2","N","","","","","","","","","","","","03","  ","","",""
"0728","2","0","0","0","0","0","0","0","0","1","0","","36","07","2018","2018076551","2","","","0726","08","0","0","0","1","0","0","0","0","1","0","0","0","07","1","0","00","1","","3","00","","0","0","0","0","36239","0","0","0","Y","0","0","0","2","36239","0","","1","09","N","N","0","","0","0","0","0","0","N","0726","0","2","0","0","0","0","0","3","0","2","N","","","","","","","","","","","","07","  ","","",""
"1915","2","0","0","0","0","0","0","0","0","3","0","","36","06","2018","2018076647","4","39.9898","-75.9992","1909","08","0","0","0","0","0","2","0","0","3","0","0","0","19","1","1","00","2","39 59:23.205","4","00","75 59:57.289","2","0","0","0","36232","0","0","0","N","0","0","0","3","68J01","0","","1","01","N","N","1","","0","1","0","0","0","N","1906","1","3","0","0","1","0","0","1","0","3","N","","","","","","","","","","","","03","  ","","",""
"0828","0","0","0","0","0","0","0","0","0","7","0","","36","06","2018","2018076654","4","39.8848","-76.1613","0805","08","0","0","0","0","0","0","0","0","4","0","0","0","08","1","1","03","2","39 53:05.445","5","00","76 09:40.638","3","0","0","0","36212","0","0","0","N","0","0","0","3","68J01","0","","4","01","N","N","0","","1","0","0","0","0","Y","0803","1","1","0","0","0","0","0","1","1","1","N","","","","","","","","","","","","03","  ","","",""
"1544","0","0","0","0","0","0","0","0","0","6","0","","36","07","2018","2018076667","7","40.0388","-76.185","1543","08","0","0","0","0","0","1","0","0","","0","0","0","15","1","1","02","0","40 02:19.631","","00","76 11:06.047","3","0","0","1","36215","0","0","0","N","0","0","0","3","68J01","0","","1","01","N","N","0","","1","0","1","0","0","","1541","1","3","0","0","0","0","0","1","0","2","N","","","","","","","","","","","","03","  ","","",""
"0831","1","0","0","0","0","0","0","0","0","1","0","","36","07","2018","2018076671","2","40.0134","-76.0582","0811","08","0","0","1","0","0","0","0","0","2","0","0","0","08","1","0","00","2","40 00:48.180","2","00","76 03:29.470","0","0","0","0","36232","0","0","0","N","0","0","0","2","68J01","0","","1","01","N","N","0","","0","0","0","0","0","N","0803","0","2","0","0","0","0","0","1","0","2","N","","","","","","","","","","","","03","  ","","",""
"1220","0","0","0","0","0","0","0","0","0","1","0","","36","07","2018","2018076675","3","39.8657","-76.1103","1213","08","0","0","0","0","0","0","0","0","","0","0","0","12","1","1","00","0","39 51:56.503","","03","76 06:37.019","8","0","0","0","36205","0","0","0","N","0","0","0","3","68J01","0","","1","01","N","N","2","","0","0","0","0","0","","1205","1","2","0","0","0","1","0","1","0","2","N","","","","","","","","","","","","03","  ","","",""
"1345","0","0","1","0","0","0","0","0","0","2","0","","36","07","2018","2018076678","4","39.9564","-76.2434","1331","08","0","0","0","0","0","0","0","1","2","0","0","0","13","1","2","00","2","39 57:23.044","5","00","76 14:36.302","2","0","0","0","36233","0","0","0","N","0","0","0","2","68J01","0","","1","01","N","N","0","","0","1","2","0","0","Y","1327","2","2","0","0","0","1","0","1","0","2","N","","","","","","","","","","","","03","  ","","",""
"1518","0","0","0","0","0","0","0","0","0","4","0","","36","07","2018","2018076717","7","39.9376","-76.0833","1500","08","0","0","0","0","0","1","0","0","2","0","0","0","14","1","2","01","1","39 56:15.278","2","00","76 04:59.948","3","0","0","0","36201","0","0","0","N","0","0","0","4","68J01","0","","1","09","N","N","0","","2","0","2","3","3","Y","1439","2","2","0","0","0","0","0","1","0","2","N","","","","","","","","","","","","07","  ","","",""
"1505","1","0","0","0","0","0","0","0","0","1","0","","36","07","2018","2018076762","2","40.0672","-76.3285","1454","08","0","0","0","0","0","1","0","0","2","0","0","0","14","1","0","00","2","40 04:01.857","1","00","76 19:42.677","0","0","0","0","36301","0","0","0","N","0","0","0","2","36301","0","","1","09","N","N","0","","0","0","0","0","0","N","1423","0","2","0","0","0","0","0","3","1","2","N","","","","","","","","","","","","03","  ","","",""
"1522","1","0","0","0","0","0","0","0","0","1","0","","36","07","2018","2018076792","3","40.0692","-76.3082","1519","08","0","0","0","0","0","1","0","0","","0","0","0","15","1","0","00","0","40 04:09.147","","00","76 18:29.565","9","0","0","0","36101","0","0","0","N","0","0","0","2","36101","0","","1","01","N","N","1","","0","0","0","0","0","","1512","0","2","0","0","0","0","1","3","0","2","N","","","","","","","","","","","","03","  ","","",""
"1450","1","0","0","0","0","0","0","0","0","2","1","","36","07","2018","2018076793","3","40.0293","-76.2281","1446","08","0","0","0","0","0","0","0","0","2","0","1","0","14","1","0","00","2","40 01:45.529","3","00","76 13:41.071","0","0","0","0","36215","0","0","0","N","0","0","0","3","36215","0","","1","01","N","N","0","","0","0","0","0","0","N","1445","0","3","0","0","0","0","0","1","1","3","N","","","","","","","","","","","","03","  ","","",""
"1920","1","0","0","0","0","0","0","0","0","1","0","","36","07","2018","2018076794","5","40.033","-76.2446","1911","08","0","0","0","0","0","0","1","0","1","0","0","0","19","1","2","00","1","40 01:58.966","4","00","76 14:40.664","3","0","0","0","36215","0","0","0","N","0","0","0","3","36215","0","","1","01","N","N","1","","2","0","1","3","2","N","1909","2","3","0","0","0","0","0","1","0","3","N","","","","","","","","","","","","03","  ","","",""
"1601","0","0","0","0","0","0","0","0","0","4","0","","36","07","2018","2018076795","5","40.0376","-76.3866","1601","08","0","0","0","0","0","0","0","0","","0","0","0","16","1","0","02","0","40 02:15.388","","00","76 23:11.641","0","0","0","0","36223","0","0","0","N","0","0","0","2","36223","0","","1","01","N","N","0","","0","0","2","0","0","","1600","0","2","0","0","0","0","0","1","0","2","N","","","","","","","","","","","","03","  ","","",""
"1727","2","0","0","0","0","0","0","0","0","1","0","","36","07","2018","2018076796","5","40.1558","-76.41","1722","08","0","0","1","0","0","0","0","0","","0","0","0","17","1","0","00","0","40 09:20.817","","00","76 24:36.130","0","0","0","0","36410","0","0","0","N","0","0","0","2","36410","0","","1","01","N","N","0","","0","0","0","0","0","","1719","0","2","0","0","0","0","0","2","0","2","N","","","","","","","","","","","","03","  ","","",""
"1619","0","0","0","0","0","0","0","0","0","4","0","","36","07","2018","2018076960","2","40.0379","-76.5042","1619","08","0","0","0","0","0","0","0","1","","0","0","0","16","1","0","01","0","40 02:16.558","","00","76 30:14.950","0","0","0","0","36404","0","0","0","N","0","0","0","2","36404","0","","1","01","N","N","1","","0","0","1","3","3","N","1619","0","2","0","0","0","0","0","3","0","2","N","","","","","","","","","","","","03","  ","","",""
"1112","1","0","0","0","0","0","0","0","0","1","0","","36","07","2018","2018076992","6","","","1105","08","0","0","0","0","0","1","0","0","2","0","0","0","11","1","1","00","1","","1","00","","3","0","0","0","36238","0","0","0","Y","0","0","0","2","36238","0","","1","01","N","N","1","","1","0","0","0","0","N","1102","1","2","0","0","0","0","0","3","0","2","N","","","","","","","","","","","","03","  ","","",""
"2352","1","0","0","0","0","0","0","0","0","1","0","","36","06","2018","2018077006","1","40.0387","-76.313","2349","08","0","0","0","0","0","0","0","0","","0","0","0","23","3","0","00","0","40 02:19.491","","00","76 18:46.795","9","0","0","0","36301","0","0","0","N","0","0","0","1","36301","0","","4","09","N","N","0","","0","0","1","0","0","","2347","0","2","0","0","0","0","1","3","0","2","N","","","","","","","","","","","","03","  ","","",""
"1255","2","0","0","0","0","0","0","0","0","1","0","","36","07","2018","2018077013","7","40.1186","-76.2144","1255","08","0","0","0","0","0","0","1","0","2","0","0","0","12","1","0","02","1","40 07:07.126","3","00","76 12:51.932","0","0","0","0","36238","0","0","0","N","0","0","0","2","36238","0","","1","01","N","N","0","","0","0","0","0","0","N","1254","0","2","0","0","0","0","0","3","0","2","N","","","","","","","","","","","","03","  ","","",""
"1432","1","0","0","0","0","0","0","0","0","1","0","","36","07","2018","2018077018","5","40.1353","-76.2118","1432","08","1","0","0","0","0","1","0","0","2","0","0","0","14","1","0","00","1","40 08:07.126","1","00","76 12:42.642","0","0","0","0","36238","0","0","0","N","0","0","0","4","36238","0","","1","01","N","N","0","","0","0","1","0","0","N","1431","0","3","0","0","1","0","0","3","1","3","N","","","","","","","","","","","","03","  ","","",""
"2141","0","0","0","0","0","0","0","0","0","0","0","","36","07","2018","2018077133","2","40.1264","-76.6272","2128","08","0","0","0","1","0","0","0","0","1","0","0","0","21","2","0","00","1","40 07:35.060","3","00","76 37:37.752","0","0","0","0","36237","0","0","0","N","0","0","0","2","36505","0","","1","09","N","N","1","","0","0","0","0","0","N","2120","0","1","0","0","0","0","0","1","0","1","N","","","","","","","","","","","","07","  ","","",""
"0717","0","0","0","0","0","0","0","0","0","4","0","","36","07","2018","2018077139","2","40.0758","-76.3253","0716","08","0","0","0","0","0","0","1","0","1","0","0","0","07","1","0","00","1","40 04:33.000","4","07","76 19:31.000","0","0","0","0","36101","0","0","0","N","0","0","0","2","36101","0","","1","09","N","N","0","","0","0","2","3","3","N","0714","0","2","0","0","0","0","0","3","0","2","N","","","","","","","","","","","","03","  ","","",""
"1302","2","0","0","0","0","0","0","0","0","4","0","","36","07","2018","2018077140","2","40.0635","-76.3589","1257","08","0","0","0","0","0","0","0","0","2","0","0","0","12","1","0","01","2","40 03:48.686","3","00","76 21:32.100","0","0","0","0","36214","0","0","0","N","0","0","0","2","36214","0","","1","09","N","N","0","","0","0","0","3","2","N","1250","0","2","0","0","0","0","0","3","0","2","N","","","","","","","","","","","","07","  ","","",""