"ARRIVAL_TM","AUTOMOBILE_COUNT","BELTED_DEATH_COUNT","BELTED_SUSP_SERIOUS_INJ_COUNT","BICYCLE_COUNT","BICYCLE_DEATH_COUNT","BICYCLE_SUSP_SERIOUS_INJ_COUNT","BUS_COUNT","CHLDPAS_DEATH_COUNT","CHLDPAS_SUSP_SERIOUS_INJ_COUNT","COLLISION_TYPE","COMM_VEH_COUNT","CONS_ZONE_SPD_LIM","COUNTY","CRASH_MONTH","CRASH_YEAR","CRN","DAY_OF_WEEK","DEC_LAT","DEC_LONG","DISPATCH_TM","DISTRICT","DRIVER_COUNT_16YR","DRIVER_COUNT_17YR","DRIVER_COUNT_18YR","DRIVER_COUNT_19YR","DRIVER_COUNT_20YR","DRIVER_COUNT_50_64YR","DRIVER_COUNT_65_74YR","DRIVER_COUNT_75PLUS","EST_HRS_CLOSED","FATAL_COUNT","HEAVY_TRUCK_COUNT","HORSE_BUGGY_COUNT","HOUR_OF_DAY","ILLUMINATION","INJURY_COUNT","INTERSECT_TYPE","LANE_CLOSED","LATITUDE","LN_CLOSE_DIR","LOCATION_TYPE","LONGITUDE","MAX_SEVERITY_LEVEL","MCYCLE_DEATH_COUNT","MCYCLE_SUSP_SERIOUS_INJ_COUNT","MOTORCYCLE_COUNT","MUNICIPALITY","NONMOTR_COUNT","NONMOTR_DEATH_COUNT","NONMOTR_SUSP_SERIOUS_INJ_COUNT","NTFY_HIWY_MAINT","PED_COUNT","PED_DEATH_COUNT","PED_SUSP_SERIOUS_INJ_COUNT","PERSON_COUNT","POLICE_AGCY","POSSIBLE_INJ_COUNT","RDWY_SURF_TYPE_CD","RELATION_TO_ROAD","ROAD_CONDITION","SCH_BUS_IND","SCH_ZONE_IND","SMALL_TRUCK_COUNT","SPEC_JURIS_CD","SUSP_MINOR_INJ_COUNT","SUSP_SERIOUS_INJ_COUNT","SUV_COUNT","TCD_FUNC_CD","TCD_TYPE","TFC_DETOUR_IND","TIME_OF_DAY","TOT_INJ_COUNT","TOTAL_UNITS","UNB_DEATH_COUNT","UNB_SUSP_SERIOUS_INJ_COUNT","UNBELTED_OCC_COUNT","UNK_INJ_DEG_COUNT","UNK_INJ_PER_COUNT","URBAN_RURAL","VAN_COUNT","VEHICLE_COUNT","WORK_ZONE_IND","WORK_ZONE_LOC","WORK_ZONE_TYPE","WORKERS_PRES","WZ_CLOSE_DETOUR","WZ_FLAGGER","WZ_LAW_OFFCR_IND","WZ_LN_CLOSURE","WZ_MOVING","WZ_OTHER","WZ_SHLDER_MDN","ROADWAY_CLEARED","WEATHER1","WEATHER2","WZ_WORKERS_INJ_KILLED","SECONDARY_CRASH","INTERSECTION_RELATED"
"1432","1","0","0","0","0","0","0","0","0","1","0","","36","07","2018","2018077151","2","40.1619","-76.2133","1422","08","0","0","0","0","0","0","0","0","1","0","0","0","14","1","0","00","2","40 09:42.950","6","00","76 12:47.887","9","0","0","0","36402","0","0","0","N","0","0","0","3","36402","0","","1","01","N","N","0","","0","0","1","0","0","Y","1420","0","2","0","0","0","0","1","2","0","2","N","","","","","","","","","","","","03","  ","","",""
"1320","1","0","0","0","0","0","0","0","0","4","0","","36","07","2018","2018077155","2","40.0218","-76.2722","1314","08","0","0","0","0","0","0","1","1","","0","0","0","13","1","0","02","0","40 01:18.591","","00","76 16:19.833","0","0","0","0","36240","0","0","0","N","0","0","0","2","36240","0","","1","01","N","N","1","","0","0","0","3","3","","1300","0","2","0","0","0","0","0","1","0","2","N","","","","","","","","","","","","03","  ","","",""
"0552","0","0","0","0","0","0","0","0","0","7","0","","36","07","2018","2018077279","2","39.8835","-76.3537","0551","08","0","0","0","0","1","0","0","0","2","0","0","0","05","5","1","00","2","39 53:00.567","6","00","76 21:13.428","2","0","0","0","36224","0","0","0","N","0","0","0","1","68J01","0","","4","01","N","N","0","","0","1","0","0","0","N","0538","1","1","0","1","1","0","0","1","1","1","N","","","","","","","","","","","","03","  ","","",""
"1957","0","0","0","0","0","0","0","0","0","7","0","","36","07","2018","2018077303","4","39.9095","-76.1602","1947","08","0","0","0","0","0","0","0","0","2","0","0","0","19","1","1","00","1","39 54:34.240","5","00","76 09:36.690","3","0","0","1","36216","0","0","0","N","0","0","0","1","68J01","0","","5","01","N","N","0","","1","0","0","0","0","N","1945","1","1","0","0","0","0","0","1","0","1","N","","","","","","","","","","","","03","  ","","",""
"1234","0","0","0","0","0","0","0","0","0","4","1","","36","07","2018","2018077305","5","40.0392","-76.0644","1231","08","0","0","0","0","0","1","0","0","1","0","1","0","12","1","1","01","2","40 02:21.008","7","00","76 03:51.801","8","0","0","1","36221","0","0","0","N","0","0","0","2","68J01","0","","1","01","N","N","0","","0","0","0","3","3","Y","1229","1","2","0","0","0","1","0","1","0","2","N","","","","","","","","","","","","03","  ","","",""
"1539","1","0","0","1","0","0","0","0","0","4","0","","36","07","2018","2018077306","5","39.8949","-76.2402","1517","08","0","0","1","0","0","0","0","0","1","0","0","0","15","1","1","00","1","39 53:41.623","2","00","76 14:24.749","3","0","0","0","36229","1","0","0","N","0","0","0","2","68J01","0","","1","01","N","N","0","","1","0","0","0","0","N","1516","1","2","0","0","0","0","0","1","0","1","N","","","","","","","","","","","","03","  ","","",""
"2233","0","0","0","0","0","0","0","0","0","7","0","","36","07","2018","2018077309","6","40.0148","-75.9909","2213","08","0","0","0","0","0","1","0","0","","0","0","0","22","2","0","03","0","40 00:53.390","","00","75 59:27.393","0","0","0","0","36232","0","0","0","N","0","0","0","1","68J01","0","","4","01","N","N","0","","0","0","1","0","0","","2213","0","1","0","0","0","0","0","1","0","1","N","","","","","","","","","","","","03","  ","","",""
"1333","1","0","0","0","0","0","0","0","0","7","0","","36","07","2018","2018077325","3","40.2063","-76.1154","1332","08","0","0","0","0","0","0","0","0","1","0","0","0","13","1","0","00","1","40 12:22.599","1","00","76 06:55.290","0","0","0","0","36210","0","0","0","Y","0","0","0","2","36210","0","","3","09","N","N","0","","0","0","0","0","0","N","1325","0","1","0","0","0","0","0","1","0","1","N","","","","","","","","","","","","07","  ","","",""
"1525","2","0","0","0","0","0","0","0","0","4","0","","36","07","2018","2018077337","6","40.1312","-76.5638","1520","08","0","0","0","0","0","0","0","0","1","0","0","0","15","1","0","01","1","40 07:52.429","3","00","76 33:49.559","0","0","0","0","36225","0","0","0","N","0","0","0","3","36505","0","","1","01","N","N","0","","0","0","0","3","2","N","1518","0","2","0","0","0","0","0","2","0","2","N","","","","","","","","","","","","03","  ","","",""
"0832","0","0","0","0","0","0","0","0","0","7","0","","36","07","2018","2018077347","3","40.1815","-76.1723","0827","08","0","0","0","0","0","0","0","0","1","0","0","0","08","1","1","00","2","40 10:53.428","6","00","76 10:20.289","4","0","0","0","36408","0","0","0","N","0","0","0","1","36408","1","","2","09","N","N","0","","0","0","1","0","0","Y","0827","1","1","0","0","0","0","0","2","0","1","N","","","","","","","","","","","","07","  ","","",""
"1531","1","0","0","0","0","0","0","0","0","4","0","","36","07","2018","2018077564","3","39.9758","-76.2752","1526","08","0","0","0","0","0","1","0","0","1","0","0","0","15","1","0","02","1","39 58:32.897","1","00","76 16:30.608","0","0","0","0","36240","0","0","0","N","0","0","0","4","36240","0","","1","09","N","N","0","","0","0","1","3","3","N","1524","0","2","0","0","0","0","0","1","0","2","N","","","","","","","","","","","","07","  ","","",""
"1725","2","0","0","0","0","0","0","0","0","1","0","","36","07","2018","2018077569","3","39.9876","-76.2766","1722","08","0","0","0","0","0","0","0","1","2","0","0","0","17","1","0","01","1","39 59:15.198","1","00","76 16:35.769","0","0","0","0","36240","0","0","0","N","0","0","0","10","36240","0","","1","09","N","N","1","","0","0","0","0","0","N","1718","0","4","0","0","0","0","0","1","1","4","N","","","","","","","","","","","","03","  ","","",""
"1821","1","0","0","0","0","0","0","0","0","1","0","","36","03","2018","2018077574","5","40.0464","-76.3052","1818","08","0","0","0","0","0","0","0","0","1","0","0","0","18","4","1","00","1","40 02:47.102","2","00","76 18:18.852","3","0","0","0","36301","0","0","0","N","0","0","0","3","36301","0","","1","01","N","N","0","","1","0","1","0","0","N","1806","1","2","0","0","0","0","0","3","0","2","N","","","","","","","","","","","","03","  ","","",""
"2209","2","0","0","0","0","0","0","0","0","1","0","","36","07","2018","2018077702","1","40.1582","-76.6132","2207","08","0","0","0","0","0","2","0","0","1","0","0","0","22","3","0","00","2","40 09:29.388","5","00","76 36:47.513","0","0","0","0","36407","0","0","0","N","0","0","0","2","36407","0","","1","09","N","N","0","","0","0","0","0","0","Y","2207","0","2","0","0","0","0","0","2","0","2","N","","","","","","","","","","","","03","  ","","",""
"1637","2","0","0","0","0","0","0","0","0","1","0","","36","07","2018","2018077707","5","40.0502","-76.3048","1637","08","0","0","0","0","0","2","0","0","2","0","0","0","16","1","5","00","2","40 03:00.888","6","00","76 18:17.380","3","0","0","0","36301","0","0","0","N","0","0","0","6","36301","0","","1","01","N","N","0","","5","0","0","0","0","Y","1637","5","2","0","0","0","0","0","3","0","2","N","","","","","","","","","","","","03","  ","","",""
"1525","1","0","0","0","0","0","0","0","0","7","0","","36","07","2018","2018077708","3","40.0161","-76.2801","1515","08","0","0","1","0","0","0","0","0","","0","0","0","15","1","1","00","0","40 00:58.032","","00","76 16:48.249","8","0","0","0","36240","0","0","0","N","0","0","0","1","36240","0","","5","09","N","N","0","","0","0","0","0","0","","1505","1","1","0","0","0","1","0","1","0","1","N","","","","","","","","","","","","03","  ","","",""
"1141","0","0","0","0","0","0","0","0","0","4","0","","36","07","2018","2018077784","4","40.1539","-76.5997","1139","08","0","0","0","0","0","0","1","0","2","0","0","0","11","1","1","01","1","40 09:14.162","7","00","76 35:58.842","3","0","0","0","36407","0","0","0","N","0","0","0","2","36407","0","","1","01","N","N","1","","1","0","1","3","3","Y","1135","1","2","0","0","0","0","0","2","0","2","N","","","","","","","","","","","","03","  ","","",""
"0553","1","0","0","0","0","0","0","0","0","7","0","","36","07","2018","2018077819","6","39.7609","-76.2234","0532","08","0","0","0","0","1","0","0","0","","0","0","0","05","5","1","03","0","39 45:39.254","","00","76 13:24.121","3","0","0","0","36219","0","0","0","N","0","0","0","2","68J01","0","","2","01","N","N","0","","1","0","0","0","0","","0527","1","1","0","0","0","0","1","1","0","1","N","","","","","","","","","","","","03","  ","","",""
"1333","0","0","0","0","0","0","0","0","0","0","0","","36","07","2018","2018077825","3","39.9849","-76.0539","1324","08","0","0","0","0","0","1","0","0","","0","0","0","13","1","0","00","0","39 59:05.606","","00","76 03:14.055","0","0","0","1","36232","0","0","0","N","0","0","0","1","68J01","0","","1","08","N","N","0","","0","0","0","0","0","","1321","0","1","0","0","0","0","0","1","0","1","N","","","","","","","","","","","","07","  ","","",""
"0917","2","0","0","0","0","0","0","0","0","2","0","","36","07","2018","2018077827","5","40.0385","-76.1769","0903","08","0","0","0","0","0","0","1","0","","0","0","0","08","1","0","00","0","40 02:18.650","","00","76 10:36.901","0","0","0","0","36234","0","0","0","N","0","0","0","2","68J01","0","","1","01","N","N","0","","0","0","0","0","0","","0859","0","2","0","0","0","0","0","1","0","2","N","","","","","","","","","","","","03","  ","","",""
"0451","1","0","0","0","0","0","0","0","0","7","0","","36","07","2018","2018077829","6","39.8329","-76.1494","0435","08","0","0","0","0","0","0","0","0","2","0","0","0","04","2","0","00","1","39 49:58.523","2","00","76 08:57.987","0","0","0","0","36212","0","0","0","N","0","0","0","1","68J01","0","","4","01","N","N","0","","0","0","0","0","0","Y","0435","0","1","0","0","0","0","0","1","0","1","N","","","","","","","","","","","","03","  ","","",""
"0516","1","0","0","0","0","0","0","0","0","7","0","","36","07","2018","2018077831","7","39.8324","-76.0215","0501","08","0","0","0","0","0","0","0","0","","0","0","0","05","2","0","00","0","39 49:56.554","","00","76 01:17.310","0","0","0","0","36205","0","0","0","N","0","0","0","1","68J01","0","","4","01","N","N","0","","0","0","0","0","0","","0500","0","1","0","0","0","0","0","1","0","1","N","","","","","","","","","","","","03","  ","","",""
"1148","0","0","0","0","0","0","0","0","0","1","1","","36","07","2018","2018077851","3","40.0043","-76.1023","1148","08","0","0","0","0","0","0","1","0","1","0","1","0","11","1","0","00","2","40 00:15.449","4","00","76 06:08.420","0","0","0","0","36226","0","0","0","N","0","0","0","2","68J01","0","","1","01","N","N","0","","0","0","1","0","0","N","1130","0","2","0","0","0","0","0","1","0","2","N","","","","","","","","","","","","03","  ","","",""
"1730","1","0","0","0","0","0","0","0","0","7","0","","36","07","2018","2018077856","3","40.0568","-76.1349","1725","08","0","1","0","0","0","0","0","0","1","0","0","0","17","1","0","00","1","40 03:24.347","6","00","76 08:05.488","0","0","0","0","36234","0","0","0","N","0","0","0","1","68J01","0","","4","09","N","N","0","","0","0","0","0","0","N","1720","0","1","0","0","0","0","0","1","0","1","N","","","","","","","","","","","","07","  ","","",""
"1441","1","0","0","0","0","0","0","0","0","7","0","","36","07","2018","2018077861","7","40.1661","-76.1457","1439","08","0","0","0","0","0","0","0","0","","0","0","0","14","1","1","00","0","40 09:57.806","","00","76 08:44.474","3","0","0","0","36218","0","0","0","N","0","0","0","1","36408","0","","5","09","N","N","0","","1","0","0","0","0","","1435","1","1","0","0","0","0","0","1","0","1","N","","","","","","","","","","","","07","  ","","",""
"1524","1","0","0","0","0","0","0","0","0","1","0","","36","07","2018","2018077904","7","40.0538","-76.3254","1513","08","0","0","0","0","0","0","0","0","","0","0","0","15","1","1","00","0","40 03:13.646","","00","76 19:31.497","3","0","0","0","36101","0","0","0","N","0","0","0","2","36101","0","","1","01","N","N","1","","1","0","0","0","0","","1502","1","2","0","0","0","0","0","3","0","2","N","","","","","","","","","","","","03","  ","","",""
"0906","0","0","0","0","0","0","0","0","0","4","0","","36","07","2018","2018077905","4","40.0602","-76.2775","0904","08","0","0","0","1","0","0","1","0","2","0","0","0","09","1","0","01","1","40 03:36.113","3","00","76 16:38.939","0","0","0","0","36101","0","0","0","N","0","0","0","2","36101","0","","1","01","N","N","0","","0","0","2","3","2","N","0900","0","2","0","0","0","0","0","3","0","2","N","","","","","","","","","","","","03","  ","","",""
"1053","1","0","0","0","0","0","0","0","0","1","0","","36","07","2018","2018077906","5","40.1051","-76.317","1048","08","1","0","0","0","1","0","0","0","","0","0","0","10","1","0","00","0","40 06:18.411","","00","76 19:01.086","0","0","0","0","36101","0","0","0","N","0","0","0","3","36101","0","","1","01","N","N","0","","0","0","1","0","0","","1020","0","2","0","0","0","0","0","3","0","2","N","","","","","","","","","","","","03","  ","","",""
"1936","2","0","0","0","0","0","0","0","0","4","0","","36","07","2018","2018077907","3","40.051","-76.3534","1925","08","0","0","0","0","0","1","0","0","","0","0","0","19","1","2","01","0","40 03:03.625","","00","76 21:12.345","3","0","0","0","36214","0","0","0","N","0","0","0","2","36214","0","","1","01","N","N","0","","2","0","0","3","2","","1925","2","2","0","0","0","0","0","3","0","2","N","","","","","","","","","","","","03","  ","","",""
"2049","2","0","0","0","0","0","0","0","0","1","0","","36","07","2018","2018077908","7","40.0398","-76.3651","2048","08","0","0","0","0","0","2","0","0","","0","0","0","20","4","1","01","0","40 02:23.179","","00","76 21:54.426","3","0","0","0","36214","0","0","0","N","0","0","0","3","36214","0","","1","01","N","N","0","","1","0","0","3","2","","2048","1","2","0","0","0","0","0","3","0","2","N","","","","","","","","","","","","03","  ","","",""
"1503","1","0","0","0","0","0","0","0","0","4","0","","36","07","2018","2018077909","3","40.0476","-76.3565","1501","08","1","0","0","0","0","0","0","0","2","0","0","0","14","1","6","02","2","40 02:51.205","5","00","76 21:23.489","3","0","0","0","36214","0","0","0","N","0","0","0","11","36214","1","","1","09","N","N","0","","5","0","0","3","2","Y","1459","6","2","0","0","0","0","0","3","1","2","N","","","","","","","","","","","","07","  ","","",""
"1507","1","0","0","0","0","0","0","0","0","1","0","","36","07","2018","2018077910","7","40.0398","-76.3651","1456","08","0","0","0","0","0","2","0","0","","0","0","0","14","1","0","01","0","40 02:23.179","","00","76 21:54.426","0","0","0","0","36214","0","0","0","N","0","0","0","3","36214","0","","1","09","N","N","1","","0","0","0","3","2","","1455","0","2","0","0","0","0","0","3","0","2","N","","","","","","","","","","","","07","  ","","",""
"1557","1","0","0","0","0","0","0","0","0","7","0","","36","07","2018","2018077911","1","40.0636","-76.35","1551","08","0","0","0","0","0","0","0","0","2","0","0","0","15","1","0","00","2","40 03:48.970","2","00","76 20:59.950","0","0","0","0","36214","0","0","0","N","0","0","0","1","36214","0","","4","01","N","N","0","","0","0","0","3","8","N","1545","0","1","0","0","0","0","0","3","0","1","N","","","","","","","","","","","","03","  ","","",""
"1726","1","0","0","0","0","0","0","0","0","4","0","","36","07","2018","2018077912","4","40.0831","-76.1876","1725","08","0","0","0","0","0","0","0","0","2","0","0","0","17","1","2","01","2","40 04:59.032","7","00","76 11:15.349","4","0","0","0","36234","0","0","0","N","0","0","0","3","36215","2","","1","01","N","N","0","","0","0","1","3","2","Y","1724","2","2","0","0","0","0","0","1","0","2","N","","","","","","","","","","","","03","  ","","",""
"1620","0","0","0","0","0","0","0","0","0","2","0","","36","07","2018","2018077977","6","40.049","-76.5155","1615","08","0","0","0","0","0","1","0","0","2","0","0","0","16","1","0","00","2","40 02:56.413","5","00","76 30:55.726","0","0","0","0","36239","0","0","0","N","0","0","0","5","36239","0","","1","01","N","N","1","","0","0","1","0","0","Y","1615","0","2","0","0","1","0","0","3","0","2","N","","","","","","","","","","","","03","  ","","",""
"1442","4","0","0","0","0","0","0","0","0","7","0","","36","07","2018","2018078043","4","40.2351","-76.3058","1421","08","0","0","0","0","0","2","1","0","","0","0","0","13","1","0","00","0","40 14:06.306","","00","76 18:18.727","0","0","0","0","36217","0","0","0","N","0","0","0","6","68T06","0","","1","01","N","N","0","","0","0","1","0","0","","1354","0","6","0","0","0","0","0","1","1","6","N","","","","","","","","","","","","03","  ","","",""
"1818","1","0","0","0","0","0","0","0","0","1","0","","36","07","2018","2018078082","1","40.1744","-75.9619","1808","08","0","0","0","0","0","0","0","0","2","0","0","0","18","1","0","00","1","40 10:28.352","3","00","75 57:45.480","0","0","0","0","36203","0","0","0","N","0","0","0","2","68T06","0","","1","08","N","N","0","","0","0","1","0","0","N","1808","0","2","0","0","0","0","0","1","0","2","N","","","","","","","","","","","","07","  ","","",""
"1953","2","0","0","0","0","0","0","0","0","5","1","","36","07","2018","2018078094","2","40.2415","-76.2477","1944","08","0","0","0","0","0","0","0","0","2","0","1","0","19","1","1","00","1","40 14:29.314","4","00","76 14:52.015","3","0","0","0","36204","0","0","0","N","0","0","0","3","68T06","0","","1","08","N","N","0","","1","0","0","0","0","N","1944","1","3","0","0","0","0","0","1","0","3","N","","","","","","","","","","","","07","  ","","",""
"0316","3","0","0","0","0","0","0","0","0","5","0","","36","07","2018","2018078132","5","40.0384","-76.3079","0311","08","0","0","0","0","0","0","0","0","1","0","0","0","03","3","0","00","2","40 02:18.075","2","00","76 18:28.416","0","0","0","0","36301","0","0","0","N","0","0","0","2","36301","0","","1","01","N","N","0","","0","0","0","0","0","Y","0309","0","3","0","0","0","0","0","3","0","3","N","","","","","","","","","","","","03","  ","","",""
"1033","1","0","0","0","0","0","0","0","0","0","0","","36","07","2018","2018078141","4","39.9751","-76.2473","1030","08","0","0","0","0","0","1","0","0","1","0","0","0","10","1","0","01","1","39 58:30.378","4","00","76 14:50.447","0","0","0","0","36240","0","0","0","N","0","0","0","1","36240","0","","1","01","N","N","0","","0","0","0","3","2","N","1025","0","1","0","0","0","0","0","1","0","1","N","","","","","","","","","","","","03","  ","","",""
"1720","2","0","0","0","0","0","0","0","0","4","0","","36","07","2018","2018078146","4","40.0915","-76.5197","1715","08","0","0","0","0","0","1","0","0","2","0","0","0","17","1","0","01","1","40 05:29.310","7","00","76 31:11.085","0","0","0","0","36211","0","0","0","N","0","0","0","2","36504","0","","1","01","N","N","0","","0","0","0","3","2","Y","1708","0","2","0","0","0","0","0","1","0","2","N","","","","","","","","","","","","03","  ","","",""
"2219","0","0","0","0","0","0","0","0","0","4","0","","36","07","2018","2018078175","5","40.0274","-76.3213","2218","08","0","0","0","0","0","2","0","0","2","0","0","0","21","2","1","01","1","40 01:38.751","1","00","76 19:16.769","8","0","0","1","36301","0","0","0","N","0","0","0","2","36301","0","","1","01","N","N","0","","0","0","1","0","0","N","2122","1","2","0","0","0","1","0","3","0","2","N","","","","","","","","","","","","03","  ","","",""
"1738","2","0","0","0","0","0","0","0","0","4","0","","36","07","2018","2018078184","4","40.1091","-76.0692","1732","08","0","0","0","0","0","1","0","1","1","0","0","0","17","1","1","00","2","40 06:32.859","6","00","76 04:09.229","3","0","0","0","36209","0","0","0","N","0","0","0","4","36415","0","","1","01","N","N","0","","1","0","0","0","0","Y","1730","1","2","0","0","0","0","0","1","0","2","N","","","","","","","","","","","","03","  ","","",""
"1532","0","0","0","0","0","0","0","0","0","7","0","","36","07","2018","2018078238","4","39.9199","-76.2491","1519","08","0","0","0","0","0","0","0","1","2","0","0","0","15","1","1","00","2","39 55:11.566","2","00","76 14:56.695","3","0","0","0","36229","0","0","0","Y","0","0","0","1","68J01","0","","4","01","N","N","0","","1","0","1","0","0","Y","1515","1","1","0","0","0","0","0","1","0","1","N","","","","","","","","","","","","03","  ","","",""
"1613","1","0","0","0","0","0","0","0","0","4","1","","36","07","2018","2018078252","5","39.9756","-75.9939","1556","08","0","0","0","1","0","0","0","0","2","0","1","0","15","1","0","01","1","39 58:32.262","6","00","75 59:37.905","0","0","0","1","36231","0","0","0","N","0","0","0","4","68J01","0","","1","01","N","N","0","","0","0","0","3","3","N","1552","0","4","0","0","0","0","0","1","1","4","N","","","","","","","","","","","","03","  ","","",""
"2005","0","0","0","0","0","0","0","0","0","7","0","","36","07","2018","2018078256","6","39.9415","-76.2072","2001","08","0","0","0","0","0","0","0","0","3","0","0","0","19","1","1","00","2","39 56:29.407","5","00","76 12:26.049","8","0","0","0","36233","0","0","0","N","0","0","0","1","68J01","0","","4","01","N","N","0","","0","0","1","0","0","Y","1956","1","1","0","0","0","1","0","1","0","1","N","","","","","","","","","","","","03","  ","","",""
"0943","1","0","0","0","0","0","0","0","0","7","0","","36","07","2018","2018078265","3","39.9752","-76.1533","0930","08","0","0","0","0","0","0","0","0","","0","0","0","09","1","0","00","0","39 58:30.698","","00","76 09:11.781","0","0","0","0","36233","0","0","0","N","0","0","0","1","68J01","0","","4","09","N","N","0","","0","0","0","0","0","","0929","0","1","0","0","0","0","0","1","0","1","N","","","","","","","","","","","","07","  ","","",""
"0826","1","0","0","0","0","0","0","0","0","1","0","","36","07","2018","2018078268","4","40.2196","-76.2585","0758","08","0","0","0","0","0","0","0","1","","0","0","0","07","1","0","00","0","40 13:10.665","","00","76 15:30.731","0","0","0","0","36217","0","0","0","N","0","0","0","4","68J01","0","","1","01","N","N","0","","0","0","2","0","0","","0744","0","3","0","0","0","0","0","1","0","3","N","","","","","","","","","","","","03","  ","","",""
"2052","0","0","0","0","0","0","0","0","0","4","0","","36","07","2018","2018078271","4","40.0192","-76.1342","2035","08","0","0","0","1","0","0","0","0","2","0","0","0","20","2","0","02","2","40 01:09.200","6","00","76 08:03.200","0","0","0","0","36234","0","0","0","N","0","0","0","2","68J01","0","","1","09","N","N","2","","0","0","0","3","3","Y","2033","0","2","0","0","1","0","0","1","0","2","N","","","","","","","","","","","","07","  ","","",""
"1320","1","0","0","0","0","0","0","0","0","7","0","","36","07","2018","2018078282","5","39.9836","-76.2939","1316","08","0","0","0","0","0","0","0","1","1","0","0","0","12","1","0","00","1","39 59:00.883","6","00","76 17:38.149","0","0","0","0","36228","0","0","0","Y","0","0","0","1","36503","0","","4","01","N","N","0","","0","0","0","0","0","N","1215","0","1","0","0","0","0","0","1","0","1","N","","","","","","","","","","","","03","  ","","",""
"1243","1","0","0","0","0","0","0","0","0","8","0","","36","07","2018","2018078286","5","40.1485","-76.5995","1240","08","0","0","1","0","0","0","0","0","","0","0","0","12","1","1","01","0","40 08:54.441","","00","76 35:58.037","3","0","0","0","36407","1","0","0","N","1","0","0","2","36407","0","","1","01","N","N","0","","1","0","0","3","3","","1240","1","2","0","0","0","0","0","2","0","1","N","","","","","","","","","","","","03","  ","","",""
"1030","1","0","0","0","0","0","0","0","0","4","0","","36","07","2018","2018078345","1","40.0685","-76.3074","1030","08","0","0","0","0","0","0","0","0","1","0","0","0","10","1","0","01","2","40 04:06.605","3","00","76 18:27.559","0","0","0","0","36101","0","0","0","N","0","0","0","5","36101","0","","1","01","N","N","0","","0","0","0","3","2","N","1028","0","2","0","0","0","0","0","3","1","2","N","","","","","","","","","","","","03","  ","","",""
"0142","1","0","0","0","0","0","0","0","0","7","0","","36","06","2018","2018078346","5","40.0875","-76.2123","0142","08","0","0","1","0","0","0","0","0","","0","0","0","01","2","0","02","0","40 05:14.881","","00","76 12:44.312","0","0","0","0","36234","0","0","0","N","0","0","0","1","36215","0","","5","01","N","N","0","","0","0","0","3","3","","0142","0","1","0","0","1","0","0","1","0","1","N","","","","","","","","","","","","03","  ","","",""
"2021","1","0","0","0","0","0","0","0","0","4","0","","36","06","2018","2018078347","5","40.031","-76.2354","2019","08","1","0","0","0","0","0","0","0","2","0","0","0","20","1","0","01","1","40 01:50.356","3","00","76 14:03.582","0","0","0","0","36215","0","0","0","N","0","0","0","2","36215","0","","1","01","N","N","0","","0","0","1","3","2","N","2019","0","2","0","0","0","0","0","1","0","2","N","","","","","","","","","","","","03","  ","","",""
"1145","0","0","0","0","0","0","0","0","0","4","0","","36","07","2018","2018078348","7","40.0519","-76.255","1142","08","0","0","0","0","0","0","0","0","2","0","0","0","11","1","0","01","1","40 03:06.910","2","00","76 15:17.823","0","0","0","0","36215","0","0","0","N","0","0","0","2","36215","0","","1","01","N","N","1","","0","0","1","3","2","N","1142","0","2","0","0","0","0","0","1","0","2","N","","","","","","","","","","","","03","  ","","",""
"1616","2","0","0","0","0","0","0","0","0","4","0","","36","07","2018","2018078349","1","40.0884","-76.1827","1608","08","0","0","0","0","0","1","0","0","","0","0","0","16","1","1","01","0","40 05:18.403","","00","76 10:57.618","3","0","0","0","36234","0","0","0","N","0","0","0","7","36215","0","","1","01","N","N","0","","1","0","0","3","3","","1608","1","2","0","0","0","0","0","1","0","2","N","","","","","","","","","","","","03","  ","","",""
"1715","1","0","0","0","0","0","0","0","0","7","0","","36","07","2018","2018078397","5","40.1028","-76.0073","1710","08","0","0","0","0","0","0","0","0","","0","0","0","16","1","0","00","0","40 06:10.000","","00","76 00:26.100","0","0","0","0","36213","0","0","0","N","0","0","0","2","36213","0","","5","01","N","N","0","","0","0","0","0","0","","1645","0","1","0","0","1","0","0","1","0","1","N","","","","","","","","","","","","03","  ","","",""
"2228","1","0","0","0","0","0","0","0","0","7","0","","36","07","2018","2018078503","4","40.088","-76.266","2222","08","0","0","1","0","0","0","0","0","","0","0","0","22","2","0","00","0","40 05:16.949","","00","76 15:57.549","0","0","0","0","36101","0","0","0","N","0","0","0","1","36101","0","","4","09","N","N","0","","0","0","0","0","0","","2218","0","1","0","0","0","0","0","3","0","1","N","","","","","","","","","","","","07","  ","","",""
"2246","0","0","0","0","0","0","0","0","0","0","0","","36","07","2018","2018078504","4","40.1005","-76.2575","2228","08","0","0","0","0","0","0","0","0","2","0","0","0","22","2","1","00","2","40 06:01.876","1","00","76 15:27.097","2","0","0","0","36101","0","0","0","N","0","0","0","2","36101","0","","1","09","N","N","0","","0","1","1","0","0","N","2224","1","1","0","1","1","0","0","3","0","1","N","","","","","","","","","","","","07","  ","","",""
"1724","1","0","0","0","0","0","0","0","0","1","0","","36","07","2018","2018078505","5","40.1075","-76.3336","1719","08","0","0","1","0","0","1","0","0","2","0","0","0","17","1","0","00","1","40 06:27.073","2","00","76 20:00.836","0","0","0","0","36101","0","0","0","N","0","0","0","3","36101","0","","1","01","N","N","0","","0","0","2","0","0","N","1714","0","3","0","0","0","0","0","3","0","3","N","","","","","","","","","","","","03","  ","","",""