"ARRIVAL_TM","AUTOMOBILE_COUNT","BELTED_DEATH_COUNT","BELTED_SUSP_SERIOUS_INJ_COUNT","BICYCLE_COUNT","BICYCLE_DEATH_COUNT","BICYCLE_SUSP_SERIOUS_INJ_COUNT","BUS_COUNT","CHLDPAS_DEATH_COUNT","CHLDPAS_SUSP_SERIOUS_INJ_COUNT","COLLISION_TYPE","COMM_VEH_COUNT","CONS_ZONE_SPD_LIM","COUNTY","CRASH_MONTH","CRASH_YEAR","CRN","DAY_OF_WEEK","DEC_LAT","DEC_LONG","DISPATCH_TM","DISTRICT","DRIVER_COUNT_16YR","DRIVER_COUNT_17YR","DRIVER_COUNT_18YR","DRIVER_COUNT_19YR","DRIVER_COUNT_20YR","DRIVER_COUNT_50_64YR","DRIVER_COUNT_65_74YR","DRIVER_COUNT_75PLUS","EST_HRS_CLOSED","FATAL_COUNT","HEAVY_TRUCK_COUNT","HORSE_BUGGY_COUNT","HOUR_OF_DAY","ILLUMINATION","INJURY_COUNT","INTERSECT_TYPE","LANE_CLOSED","LATITUDE","LN_CLOSE_DIR","LOCATION_TYPE","LONGITUDE","MAX_SEVERITY_LEVEL","MCYCLE_DEATH_COUNT","MCYCLE_SUSP_SERIOUS_INJ_COUNT","MOTORCYCLE_COUNT","MUNICIPALITY","NONMOTR_COUNT","NONMOTR_DEATH_COUNT","NONMOTR_SUSP_SERIOUS_INJ_COUNT","NTFY_HIWY_MAINT","PED_COUNT","PED_DEATH_COUNT","PED_SUSP_SERIOUS_INJ_COUNT","PERSON_COUNT","POLICE_AGCY","POSSIBLE_INJ_COUNT","RDWY_SURF_TYPE_CD","RELATION_TO_ROAD","ROAD_CONDITION","SCH_BUS_IND","SCH_ZONE_IND","SMALL_TRUCK_COUNT","SPEC_JURIS_CD","SUSP_MINOR_INJ_COUNT","SUSP_SERIOUS_INJ_COUNT","SUV_COUNT","TCD_FUNC_CD","TCD_TYPE","TFC_DETOUR_IND","TIME_OF_DAY","TOT_INJ_COUNT","TOTAL_UNITS","UNB_DEATH_COUNT","UNB_SUSP_SERIOUS_INJ_COUNT","UNBELTED_OCC_COUNT","UNK_INJ_DEG_COUNT","UNK_INJ_PER_COUNT","URBAN_RURAL","VAN_COUNT","VEHICLE_COUNT","WORK_ZONE_IND","WORK_ZONE_LOC","WORK_ZONE_TYPE","WORKERS_PRES","WZ_CLOSE_DETOUR","WZ_FLAGGER","WZ_LAW_OFFCR_IND","WZ_LN_CLOSURE","WZ_MOVING","WZ_OTHER","WZ_SHLDER_MDN","ROADWAY_CLEARED","WEATHER1","WEATHER2","WZ_WORKERS_INJ_KILLED","SECONDARY_CRASH","INTERSECTION_RELATED"
"2048","0","0","0","0","0","0","0","0","0","8","0","","36","06","2018","2018078742","7","40.0316","-76.3032","2046","08","0","0","0","0","0","0","0","0","","0","0","0","20","3","1","00","0","40 01:53.741","","00","76 18:11.623","3","0","0","0","36301","1","0","0","N","1","0","0","4","36301","0","","1","01","N","N","0","","1","0","1","0","0","","2041","1","2","0","0","0","0","0","3","0","1","N","","","","","","","","","","","","03","  ","","",""
"2211","1","0","0","0","0","0","0","0","0","7","0","","36","07","2018","2018078551","3","40.1817","-76.2611","2204","08","0","0","0","0","0","0","0","0","1","0","0","0","22","2","0","00","1","40 10:54.032","6","00","76 15:39.922","0","0","0","0","36235","0","0","0","N","0","0","0","1","36506","0","","5","09","N","N","0","","0","0","0","0","0","N","2204","0","1","0","0","0","0","0","1","0","1","N","","","","","","","","","","","","03","  ","","",""
"1817","2","0","0","0","0","0","0","0","0","1","0","","36","07","2018","2018078552","3","40.1321","-76.3808","1815","08","0","0","0","0","0","0","0","0","1","0","0","0","18","1","1","00","1","40 07:55.738","2","00","76 22:50.796","4","0","0","0","36227","0","0","0","N","0","0","0","2","36506","1","","1","09","N","N","0","","0","0","0","0","0","Y","1815","1","2","0","0","0","0","0","1","0","2","N","","","","","","","","","","","","07","  ","","",""
"1722","2","0","0","0","0","0","0","0","0","4","0","","36","07","2018","2018078554","3","40.1346","-76.3322","1718","08","0","0","0","0","0","0","0","0","","0","0","0","17","1","0","02","0","40 08:04.593","","00","76 19:55.797","0","0","0","0","36235","0","0","0","N","0","0","0","4","36506","0","","1","09","N","N","0","","0","0","0","0","0","","1718","0","2","0","0","0","0","0","1","0","2","N","","","","","","","","","","","","03","  ","","",""
"0811","1","0","0","0","0","0","0","0","0","8","0","","36","07","2018","2018078666","2","40.0388","-76.3303","0808","08","0","0","0","0","0","1","0","0","1","0","0","0","08","1","1","02","1","40 02:19.591","3","00","76 19:49.247","8","0","0","0","36220","1","0","0","N","1","0","0","3","36101","0","","1","09","N","N","0","","0","0","0","3","2","N","0807","1","2","0","0","0","1","0","3","0","1","N","","","","","","","","","","","","03","  ","","",""
"1502","2","0","0","0","0","0","0","0","0","1","0","","36","07","2018","2018078667","2","40.0953","-76.3289","1458","08","0","0","0","1","1","0","0","0","2","0","0","0","14","1","0","00","1","40 05:43.129","2","00","76 19:43.888","0","0","0","0","36101","0","0","0","N","0","0","0","5","36101","0","","1","01","N","N","0","","0","0","0","0","0","N","1454","0","2","0","0","0","0","0","3","0","2","N","","","","","","","","","","","","07","  ","","",""
"1504","1","0","0","0","0","0","0","0","0","4","0","","36","07","2018","2018078668","2","40.0267","-76.3245","1458","08","0","0","0","0","0","0","1","1","2","0","0","0","14","1","0","00","1","40 01:36.100","7","07","76 19:28.300","0","0","0","0","36220","0","0","0","N","0","0","0","5","36101","0","","1","01","N","N","0","","0","0","0","0","0","N","1456","0","2","0","0","0","0","0","3","1","2","N","","","","","","","","","","","","03","  ","","",""
"1635","2","0","0","0","0","0","0","0","0","1","0","","36","07","2018","2018078669","2","40.0799","-76.2793","1635","08","0","0","0","0","0","0","0","0","","0","0","0","16","1","1","00","0","40 04:47.652","","00","76 16:45.637","4","0","0","0","36101","0","0","0","N","0","0","0","2","36101","1","","1","09","N","N","0","","0","0","0","0","0","","1635","1","2","0","0","0","0","0","3","0","2","N","","","","","","","","","","","","07","  ","","",""
"1600","2","0","0","0","0","0","0","0","0","1","0","","36","07","2018","2018078670","2","40.1132","-76.3925","1546","08","0","0","0","0","0","0","1","0","1","0","0","0","15","1","1","00","1","40 06:47.440","3","00","76 23:33.030","3","0","0","0","36214","0","0","0","N","0","0","0","2","36214","0","","1","09","N","N","0","","1","0","0","0","0","Y","1544","1","2","0","0","0","0","0","3","0","2","N","","","","","","","","","","","","07","  ","","",""
"1433","2","0","0","0","0","0","0","0","0","4","0","","36","07","2018","2018078671","3","40.0577","-76.3544","1430","08","0","0","0","0","0","0","1","0","2","0","0","0","14","1","2","01","2","40 03:27.716","7","00","76 21:15.753","3","0","0","0","36214","0","0","0","N","0","0","0","3","36214","0","","1","09","N","N","0","","2","0","0","3","3","Y","1430","2","2","0","0","0","0","0","3","0","2","N","","","","","","","","","","","","07","  ","","",""
"1643","2","0","0","0","0","0","0","0","0","4","0","","36","07","2018","2018078708","6","40.154","-76.5996","1640","08","0","0","0","0","0","0","0","1","1","0","0","0","16","1","1","01","2","40 09:14.241","3","00","76 35:58.636","8","0","0","1","36407","0","0","0","N","0","0","0","2","36407","0","","1","01","N","N","0","","0","0","0","3","3","Y","1640","1","3","0","0","0","1","0","2","0","3","N","","","","","","","","","","","","03","  ","","",""
"2225","2","0","0","0","0","0","0","0","0","4","0","","36","07","2018","2018078822","7","40.038","-76.3438","2219","08","0","0","0","0","0","1","1","0","1","0","0","0","22","2","0","01","1","40 02:16.809","3","00","76 20:37.766","0","0","0","0","36223","0","0","0","N","0","0","0","2","36223","0","","1","09","N","N","0","","0","0","0","3","2","N","2215","0","2","0","0","0","0","0","1","0","2","N","","","","","","","","","","","","07","  ","","",""
"1444","0","0","0","0","0","0","0","0","0","7","0","","36","07","2018","2018078823","5","40.0356","-76.3843","1435","08","0","0","0","0","0","0","0","0","","0","0","0","14","1","0","00","0","40 02:08.270","","00","76 23:03.350","0","0","0","0","36223","0","0","0","N","0","0","0","1","36223","0","","2","01","N","N","0","","0","0","0","0","0","","1433","0","1","0","0","0","0","0","1","1","1","N","","","","","","","","","","","","03","  ","","",""
"0851","2","0","0","0","0","0","0","0","0","1","0","","36","07","2018","2018078824","3","40.1288","-76.4483","0841","08","0","0","0","0","0","1","0","0","","0","0","0","08","1","0","00","0","40 07:43.771","","00","76 26:53.748","0","0","0","0","36230","0","0","0","N","0","0","0","2","36410","0","","1","09","N","N","0","","0","0","0","0","0","","0839","0","2","0","0","0","0","0","1","0","2","N","","","","","","","","","","","","07","  ","","",""
"1154","1","0","0","0","0","0","0","0","0","4","0","","36","07","2018","2018078840","4","40.0329","-76.5037","1150","08","0","0","0","0","0","0","0","1","","0","0","0","11","1","0","01","0","40 01:58.364","","00","76 30:13.291","0","0","0","0","36404","0","0","0","N","0","0","0","5","36404","0","","1","01","N","","0","","0","0","2","2","3","","1150","0","3","0","0","0","0","0","3","0","3","N","","","","","","","","","","","","03","  ","","",""
"1248","2","0","0","0","0","0","0","0","0","1","0","","36","07","2018","2018078847","6","40.1518","-76.6052","1245","08","0","0","0","0","0","1","0","0","","0","0","0","12","1","2","01","0","40 09:06.541","","00","76 36:18.680","3","0","0","0","36407","0","0","0","N","0","0","0","2","36407","0","","1","01","N","N","0","","2","0","0","0","0","","1245","2","2","0","0","0","0","0","2","0","2","N","","","","","","","","","","","","03","  ","","",""
"1137","2","0","0","0","0","0","0","0","0","4","0","","36","07","2018","2018078891","6","40.0427","-76.3094","1134","08","0","0","1","0","0","0","0","0","1","0","0","0","11","1","1","00","2","40 02:33.788","7","00","76 18:33.770","3","0","0","0","36301","0","0","0","N","0","0","0","2","36301","0","","1","01","N","N","0","","1","0","0","0","0","Y","1131","1","2","0","0","0","0","0","3","0","2","N","","","","","","","","","","","","03","  ","","",""
"1505","1","0","0","1","0","0","0","0","0","4","0","","36","07","2018","2018078974","7","40.024","-76.3141","1501","08","0","0","0","0","0","0","1","0","","0","0","0","14","1","1","01","0","40 01:26.493","","00","76 18:50.752","8","0","0","0","36301","1","0","0","N","0","0","0","3","36301","0","","1","01","N","N","0","","0","0","0","3","3","","1459","1","2","0","0","0","1","0","3","0","1","N","","","","","","","","","","","","03","  ","","",""
"1532","1","0","0","0","0","0","0","0","0","4","0","","36","07","2018","2018078983","3","40.0238","-76.3231","1519","08","0","0","0","0","0","0","0","0","2","0","0","0","15","1","0","02","1","40 01:25.827","7","00","76 19:23.138","0","0","0","0","36220","0","0","0","N","0","0","0","6","36101","0","","1","09","N","N","0","","0","0","1","3","3","Y","1517","0","2","0","0","0","0","0","3","0","2","N","","","","","","","","","","","","07","  ","","",""
"0240","4","0","0","0","0","0","0","0","0","4","0","","36","07","2018","2018079006","1","40.0354","-76.3184","0237","08","0","0","0","0","0","0","0","0","2","0","0","0","02","3","0","01","2","40 02:07.476","2","00","76 19:06.355","0","0","0","0","36301","0","0","0","N","0","0","0","1","36301","0","","2","01","N","N","0","","0","0","0","0","0","Y","0238","0","4","0","0","0","0","0","3","0","4","N","","","","","","","","","","","","03","  ","","",""
"0635","1","0","0","0","0","0","0","0","0","1","0","","36","07","2018","2018079077","2","40.0524","-76.3772","0624","08","0","0","0","0","0","0","0","0","1","0","0","0","06","1","1","00","2","40 03:08.720","5","00","76 22:37.808","3","0","0","0","36214","0","0","0","N","0","0","0","2","36214","0","","1","09","N","N","0","","1","0","1","0","0","Y","0624","1","2","0","0","1","0","0","3","0","2","N","","","","","","","","","","","","03","  ","","",""
"0223","0","0","0","0","0","0","0","0","0","7","0","","36","07","2018","2018079081","7","40.1598","-76.2695","0221","08","0","0","0","0","0","0","0","0","","0","0","0","02","2","0","00","0","40 09:35.283","","00","76 16:10.215","0","0","0","0","36235","0","0","0","Y","0","0","0","1","36506","0","","5","01","N","N","0","","0","0","0","0","0","","0221","0","1","0","0","0","0","0","1","1","1","N","","","","","","","","","","","","03","  ","","",""
"1846","2","0","0","0","0","0","0","0","0","4","0","","36","07","2018","2018079082","6","40.1536","-76.3327","1819","08","0","0","1","1","0","0","0","0","1","0","0","0","18","4","0","02","2","40 09:13.005","4","00","76 19:57.664","0","0","0","0","36227","0","0","0","N","0","0","0","3","36506","0","","1","09","N","N","0","","0","0","0","0","0","N","1816","0","2","0","0","0","0","0","1","0","2","N","","","","","","","","","","","","07","  ","","",""
"2038","3","0","1","0","0","0","0","0","0","1","0","","36","07","2018","2018079128","7","40.1579","-76.6083","2037","08","0","0","0","0","0","0","0","0","3","0","0","0","20","3","2","00","2","40 09:28.566","7","00","76 36:29.917","2","0","0","0","36407","0","0","0","N","0","0","0","2","36407","0","","1","01","N","N","1","","1","1","0","0","0","Y","2035","2","4","0","0","0","0","0","2","0","4","N","","","","","","","","","","","","03","  ","","",""
"1625","2","0","0","0","0","0","0","0","0","4","0","","36","07","2018","2018079192","6","39.945","-76.2603","1618","08","0","0","0","0","0","0","0","1","3","0","0","0","16","1","2","10","2","39 56:42.087","5","00","76 15:37.167","2","0","0","0","36228","0","0","0","N","0","0","0","3","36503","0","","1","01","N","N","0","","0","1","0","3","3","Y","1617","2","2","0","1","1","1","0","1","0","2","N","","","","","","","","","","","","03","  ","","",""
"2137","2","0","0","0","0","0","0","0","0","4","0","","36","07","2018","2018079237","5","40.0815","-76.5858","2133","08","0","0","0","2","0","0","0","0","3","0","0","0","21","3","0","02","2","40 04:53.338","6","00","76 35:08.951","0","0","0","0","36211","0","0","0","N","0","0","0","4","36504","0","","1","01","N","N","0","","0","0","0","3","3","Y","2132","0","3","0","0","0","0","0","1","0","2","N","","","","","","","","","","","","03","  ","","",""
"1938","1","0","0","0","0","0","0","0","0","7","0","","36","07","2018","2018079248","1","40.1147","-76.0325","1931","08","0","1","0","0","0","0","0","0","","0","0","0","19","1","0","00","0","40 06:52.751","","00","76 01:56.950","0","0","0","0","36213","0","0","0","N","0","0","0","1","36213","0","","4","01","N","N","0","","0","0","0","0","0","","1930","0","1","0","0","0","0","0","1","0","1","N","","","","","","","","","","","","03","  ","","",""
"1921","2","0","0","0","0","0","0","0","0","1","0","","36","07","2018","2018079261","7","40.0372","-76.3034","1921","08","0","0","0","0","1","0","1","0","2","0","0","0","19","1","3","00","1","40 02:13.811","2","00","76 18:12.172","4","0","0","0","36301","0","0","0","N","0","0","0","8","36301","3","","1","01","N","N","0","","0","0","0","0","0","N","1921","3","2","0","0","0","0","0","3","0","2","N","","","","","","","","","","","","03","  ","","",""
"2237","3","0","0","0","0","0","0","0","0","4","0","","36","07","2018","2018079316","7","40.0277","-76.3058","2235","08","0","1","0","0","0","0","0","0","1","0","0","0","22","3","1","00","1","40 01:39.580","2","00","76 18:20.820","3","0","0","0","36301","3","0","0","N","0","0","0","6","36301","0","","6","01","N","N","0","","1","0","0","3","3","Y","2235","1","3","0","0","0","0","0","3","0","3","N","","","","","","","","","","","","03","  ","","",""
"0803","1","0","0","0","0","0","0","0","0","7","0","","36","07","2018","2018079335","2","40.0303","-76.4154","0754","08","0","1","0","0","0","0","0","0","3","0","0","0","07","1","1","00","2","40 01:48.910","6","00","76 24:55.360","2","0","0","0","36223","0","0","0","N","0","0","0","1","36223","0","","5","09","N","N","0","","0","1","0","0","0","Y","0753","1","1","0","0","0","0","0","1","0","1","N","","","","","","","","","","","","07","  ","","",""
"1724","2","0","0","0","0","0","0","0","0","5","0","","36","07","2018","2018079336","7","40.0368","-76.3531","1718","08","0","0","0","0","0","0","0","0","2","0","0","0","17","1","1","01","2","40 02:12.397","7","00","76 21:11.012","3","0","0","0","36223","0","0","0","N","0","0","0","4","36223","0","","1","01","N","N","0","","1","0","0","3","3","N","1716","1","2","0","0","0","0","0","1","0","2","N","","","","","","","","","","","","03","  ","","",""
"0904","2","0","0","0","0","0","0","0","0","4","0","","36","07","2018","2018079348","4","40.0899","-76.4896","0845","08","0","0","0","0","0","0","0","0","1","0","0","0","08","1","0","00","1","40 05:23.717","2","00","76 29:22.574","0","0","0","0","36230","0","0","0","N","0","0","0","4","36410","0","","1","09","N","N","0","","0","0","0","0","0","N","0840","0","2","0","0","0","0","0","1","0","2","N","","","","","","","","","","","","07","  ","","",""
"0524","1","0","0","0","0","0","0","0","0","7","0","","36","07","2018","2018079351","4","40.1823","-76.4028","0522","08","0","0","0","0","0","0","0","1","","0","0","0","05","5","0","02","0","40 10:56.413","","00","76 24:10.209","0","0","0","0","36230","0","0","0","N","0","0","0","1","36410","0","","4","01","N","N","0","","0","0","0","3","3","","0519","0","1","0","0","0","0","0","1","0","1","N","","","","","","","","","","","","03","  ","","",""
"1450","2","0","0","0","0","0","0","0","0","2","0","","36","07","2018","2018079359","5","40.0274","-76.3213","1443","08","0","0","0","0","0","0","0","0","1","0","0","0","14","1","0","01","2","40 01:38.751","7","00","76 19:16.769","0","0","0","0","36301","0","0","0","N","0","0","0","2","36301","0","","1","01","N","N","0","","0","0","0","3","3","Y","1443","0","2","0","0","0","0","0","3","0","2","N","","","","","","","","","","","","03","  ","","",""
"1739","0","0","0","0","0","0","0","0","0","1","0","","36","07","2018","2018079437","2","39.8167","-76.0404","1716","08","0","0","0","0","0","0","0","0","","0","0","0","17","1","0","01","0","39 49:00.165","","00","76 02:25.284","0","0","0","0","36205","0","0","0","N","0","0","0","5","68J01","0","","1","01","N","N","1","","0","0","1","0","0","","1712","0","2","0","0","0","0","0","1","0","2","N","","","","","","","","","","","","03","  ","","",""
"1955","0","0","0","0","0","0","0","0","0","7","0","","36","07","2018","2018079440","5","39.8953","-76.2403","1948","08","0","0","0","0","0","0","0","1","3","0","0","0","19","1","1","00","2","39 53:42.925","5","00","76 14:24.947","8","0","0","0","36229","0","0","0","Y","0","0","0","1","68J01","0","","4","01","N","N","0","","0","0","1","0","0","Y","1945","1","1","0","0","0","1","0","1","0","1","N","","","","","","","","","","","","03","  ","","",""
"1643","2","0","0","0","0","0","0","0","0","7","0","","36","07","2018","2018079445","1","39.9856","-76.0178","1624","08","0","0","0","1","0","0","1","0","1","0","0","0","16","1","1","01","1","39 59:08.199","2","00","76 01:04.124","4","0","0","0","36232","0","0","0","N","0","0","0","3","68J01","1","","2","09","N","N","0","","0","0","0","3","2","N","1618","1","2","0","0","0","0","0","1","0","2","N","","","","","","","","","","","","07","  ","","",""
"1611","1","0","0","0","0","0","0","0","0","7","0","","36","07","2018","2018079457","4","39.92","-76.2692","1552","08","0","0","0","1","0","0","0","0","4","0","0","0","15","1","0","00","2","39 55:11.820","5","00","76 16:09.044","0","0","0","0","36229","0","0","0","N","0","0","0","1","68J01","0","","4","01","N","N","0","","0","0","0","0","0","Y","1547","0","1","0","0","0","0","0","1","0","1","N","","","","","","","","","","","","03","  ","","",""
"1633","0","0","0","0","0","0","0","0","0","7","0","","36","07","2018","2018079458","4","39.9506","-76.0526","1625","08","0","0","0","0","0","1","0","0","2","0","0","0","16","1","1","00","2","39 57:02.020","6","00","76 03:09.410","3","0","0","1","36231","0","0","0","N","0","0","0","1","68J01","0","","4","09","N","N","0","","1","0","0","0","0","N","1622","1","1","0","0","0","0","0","1","0","1","N","","","","","","","","","","","","03","  ","","",""
"1321","1","0","0","1","0","0","0","0","0","4","0","","36","07","2018","2018079502","2","40.1694","-76.1978","1318","08","0","0","0","0","0","0","0","1","","0","0","0","13","1","1","01","0","40 10:09.748","","00","76 11:51.952","3","0","0","0","36408","1","0","0","N","0","0","0","2","36408","0","","1","01","N","N","0","","1","0","0","3","2","","1316","1","2","0","0","0","0","0","2","0","1","N","","","","","","","","","","","","03","  ","","",""
"1729","1","0","0","0","0","0","0","0","0","1","0","","36","07","2018","2018079529","5","40.0688","-76.3041","1725","08","0","0","0","0","0","1","0","0","1","0","0","0","17","1","0","07","1","40 04:07.842","4","02","76 18:14.733","0","0","0","0","36101","0","0","0","N","0","0","0","2","36101","0","","1","01","N","N","1","","0","0","0","0","0","N","1711","0","2","0","0","0","0","0","3","0","2","N","","","","","","","","","","","","03","  ","","",""
"1138","0","0","0","0","0","0","0","0","0","4","0","","36","06","2018","2018079530","3","40.0304","-76.2324","1135","08","0","0","0","0","0","1","0","0","","0","0","0","11","1","0","00","0","40 01:49.294","","07","76 13:56.517","0","0","0","0","36215","0","0","0","N","0","0","0","2","36215","0","","1","01","N","N","0","","0","0","2","0","0","","1133","0","2","0","0","0","0","0","1","0","2","N","","","","","","","","","","","","03","  ","","",""
"1601","0","0","0","0","0","0","0","0","0","1","0","","36","07","2018","2018079531","5","40.0141","-76.1503","1550","08","0","0","0","0","0","0","0","0","","0","0","0","15","1","0","00","0","40 00:50.756","","00","76 09:01.166","0","0","0","0","36215","0","0","0","N","0","0","0","2","36215","0","","1","01","N","N","1","","0","0","0","0","0","","1547","0","2","0","0","0","0","0","1","1","2","N","","","","","","","","","","","","03","  ","","",""
"1548","2","0","0","0","0","0","0","0","0","4","0","","36","07","2018","2018079532","6","40.0761","-76.2059","1544","08","0","0","0","0","0","1","1","0","2","0","0","0","15","1","5","01","2","40 04:34.113","6","00","76 12:21.249","8","0","0","0","36234","0","0","0","N","0","0","0","5","36215","0","","1","01","N","N","0","","0","0","0","3","3","Y","1542","5","2","0","0","0","5","0","1","0","2","N","","","","","","","","","","","","03","  ","","",""
"1324","0","0","0","0","0","0","0","0","0","7","0","","36","07","2018","2018079533","7","40.0379","-76.2355","1322","08","0","0","0","0","0","0","0","0","2","0","0","0","13","1","0","00","2","40 02:16.619","5","00","76 14:07.893","0","0","0","0","36215","0","0","0","N","0","0","0","1","36215","0","","4","01","N","N","0","","0","0","1","0","0","Y","1321","0","1","0","0","0","0","0","1","0","1","N","","","","","","","","","","","","03","  ","","",""
"1301","2","0","0","0","0","0","0","0","0","4","0","","36","07","2018","2018079534","1","40.0396","-76.2098","1254","08","0","0","0","1","0","1","0","0","","0","0","0","12","1","1","00","0","40 02:22.388","","00","76 12:35.230","3","0","0","0","36215","0","0","0","N","0","0","0","6","36215","0","","1","01","N","N","0","","1","0","0","0","0","","1250","1","2","0","0","0","0","0","1","0","2","N","","","","","","","","","","","","03","  ","","",""
"1657","1","0","0","0","0","0","0","0","0","4","0","","36","07","2018","2018079601","2","40.1478","-76.0462","1652","08","0","0","0","0","0","0","0","1","2","0","0","0","16","1","2","01","2","40 08:52.092","5","00","76 02:46.167","3","0","0","0","36213","0","0","0","N","0","0","0","3","36213","0","","1","01","N","N","1","","1","0","0","3","3","Y","1648","2","2","0","0","0","1","0","1","0","2","N","","","","","","","","","","","","03","  ","","",""
"1636","1","0","0","0","0","0","0","0","0","1","0","","36","07","2018","2018079709","2","40.0413","-76.3639","1633","08","0","0","0","0","1","0","0","0","2","0","0","0","16","1","0","00","1","40 02:28.598","2","00","76 21:50.083","0","0","0","0","36214","0","0","0","N","0","0","0","2","36214","0","","1","01","N","N","1","","0","0","0","0","0","N","1633","0","2","0","0","1","0","0","3","0","2","N","","","","","","","","","","","","03","  ","","",""
"1447","2","0","0","0","0","0","0","0","0","4","0","","36","07","2018","2018079695","5","40.1153","-76.5245","1443","08","0","0","0","0","0","0","0","0","","0","0","0","14","1","0","01","0","40 06:55.202","","00","76 31:28.278","0","0","0","0","36413","0","0","0","N","0","0","0","2","36413","0","","1","01","","","0","","0","0","0","3","3","","1442","0","2","0","0","0","0","0","2","0","2","N","","","","","","","","","","","","03","  ","","",""
"0559","0","1","0","0","0","0","0","0","0","4","1","","36","04","2018","2018079703","2","40.0743","-76.6409","0540","08","0","0","0","0","0","0","1","0","4","1","1","0","05","3","0","00","2","40 04:27.650","5","07","76 38:27.217","1","0","0","0","36207","0","0","0","N","0","0","0","2","36504","0","2","1","01","N","N","0","0","0","0","0","0","0","Y","0538","0","2","0","0","0","0","0","1","1","2","N","","","","","","","","","","","","03","  ","","",""
"1800","0","0","0","0","0","0","0","0","0","1","0","","36","07","2018","2018079774","4","39.9544","-76.2648","1748","08","0","0","0","0","0","0","0","0","2","0","0","0","17","1","0","02","1","39 57:15.750","2","02","76 15:53.290","9","0","0","0","36228","0","0","0","N","0","0","0","2","36503","0","","2","01","N","N","0","","0","0","1","0","0","N","1748","0","2","0","0","0","0","1","1","1","2","N","","","","","","","","","","","","03","  ","","",""
"0410","1","0","0","0","0","0","0","0","0","7","0","","36","07","2018","2018079783","2","40.0885","-76.4517","0400","08","0","0","0","0","0","0","0","0","2","0","0","0","04","2","1","00","1","40 05:18.765","2","00","76 27:06.215","3","0","0","0","36239","0","0","0","N","0","0","0","1","36239","0","","5","09","N","N","0","","1","0","0","0","0","N","0400","1","1","0","0","0","0","0","3","0","1","N","","","","","","","","","","","","07","  ","","",""
"1347","1","0","0","0","0","0","0","0","0","4","0","","36","07","2018","2018079830","6","40.1079","-76.525","1343","08","0","0","0","0","0","1","1","0","1","0","0","0","13","1","0","01","1","40 06:28.376","7","00","76 31:30.036","0","0","0","0","36413","0","0","0","N","0","0","0","3","36413","0","","1","01","N","N","0","","0","0","1","3","3","N","1343","0","2","0","0","0","0","0","2","0","2","N","","","","","","","","","","","","03","  ","","",""
"1029","0","0","0","0","0","0","0","0","0","7","0","","36","07","2018","2018079842","7","40.1782","-76.0075","1010","08","0","0","0","0","0","0","0","0","","0","0","0","10","1","0","01","0","40 10:41.488","","00","76 00:26.897","0","0","0","0","36202","0","0","0","N","0","0","0","3","68J01","0","","4","01","N","N","0","","0","0","1","0","0","","1008","0","1","0","0","0","0","0","1","0","1","N","","","","","","","","","","","","03","  ","","",""
"0817","0","0","0","0","0","0","0","0","0","7","0","","36","07","2018","2018079882","2","39.7805","-76.0997","0743","08","0","0","0","0","0","0","0","0","","0","0","0","07","1","1","00","0","39 46:49.908","","00","76 05:58.873","3","0","0","0","36222","0","0","0","N","0","0","0","1","68J01","0","","4","01","N","N","0","","1","0","1","0","0","","0741","1","1","0","0","0","0","0","1","0","1","N","","","","","","","","","","","","03","  ","","",""
"0845","1","0","0","0","0","0","0","0","0","1","0","","36","07","2018","2018079920","3","40.1994","-76.2044","0843","08","0","0","0","0","0","0","1","0","2","0","0","0","08","1","1","00","1","40 11:57.728","6","00","76 12:15.746","8","0","0","0","36408","0","0","0","N","0","0","0","2","36408","0","","1","01","N","N","0","","0","0","0","0","0","Y","0841","1","2","0","0","0","1","0","2","1","2","N","","","","","","","","","","","","03","  ","","",""
"1238","0","0","0","0","0","0","0","0","0","1","0","","36","07","2018","2018079945","2","40.073","-76.2988","1235","08","0","0","0","0","0","1","0","0","","0","0","0","12","1","1","00","0","40 04:22.816","","00","76 17:55.800","4","0","0","0","36101","0","0","0","N","0","0","0","2","36101","1","","1","01","N","N","1","","0","0","1","0","0","","1231","1","2","0","0","0","0","0","3","0","2","N","","","","","","","","","","","","03","  ","","",""
"0951","1","0","0","0","0","0","0","0","0","8","0","","36","07","2018","2018079946","7","40.0385","-76.1786","0949","08","0","0","0","0","0","0","0","1","","0","0","0","09","1","1","00","0","40 02:18.604","","00","76 10:43.117","3","0","0","0","36215","2","0","0","N","2","0","0","3","36215","0","","2","01","N","N","0","","1","0","0","0","0","","0947","1","3","0","0","0","0","0","1","0","1","N","","","","","","","","","","","","03","  ","","",""
"0532","0","0","0","0","0","0","0","0","0","4","0","","36","07","2018","2018079947","2","40.0395","-76.2083","0532","08","0","0","0","0","0","1","0","0","1","0","0","0","05","5","1","02","1","40 02:22.332","5","00","76 12:29.802","3","0","0","1","36215","0","0","0","N","0","0","0","2","36215","0","","1","09","N","N","1","","1","0","0","3","2","Y","0532","1","2","0","0","0","0","0","1","0","2","N","","","","","","","","","","","","07","  ","","",""
"0214","1","0","0","0","0","0","0","0","0","7","0","","36","07","2018","2018079979","5","","","0211","08","0","0","0","0","0","0","0","0","2","0","0","0","02","3","0","00","1","","2","00","","0","0","0","0","36210","0","0","0","Y","0","0","0","4","36210","0","","5","09","N","N","0","","0","0","0","0","0","N","0208","0","1","0","0","0","0","0","1","0","1","N","","","","","","","","","","","","07","  ","","",""