"ARRIVAL_TM","AUTOMOBILE_COUNT","BELTED_DEATH_COUNT","BELTED_SUSP_SERIOUS_INJ_COUNT","BICYCLE_COUNT","BICYCLE_DEATH_COUNT","BICYCLE_SUSP_SERIOUS_INJ_COUNT","BUS_COUNT","CHLDPAS_DEATH_COUNT","CHLDPAS_SUSP_SERIOUS_INJ_COUNT","COLLISION_TYPE","COMM_VEH_COUNT","CONS_ZONE_SPD_LIM","COUNTY","CRASH_MONTH","CRASH_YEAR","CRN","DAY_OF_WEEK","DEC_LAT","DEC_LONG","DISPATCH_TM","DISTRICT","DRIVER_COUNT_16YR","DRIVER_COUNT_17YR","DRIVER_COUNT_18YR","DRIVER_COUNT_19YR","DRIVER_COUNT_20YR","DRIVER_COUNT_50_64YR","DRIVER_COUNT_65_74YR","DRIVER_COUNT_75PLUS","EST_HRS_CLOSED","FATAL_COUNT","HEAVY_TRUCK_COUNT","HORSE_BUGGY_COUNT","HOUR_OF_DAY","ILLUMINATION","INJURY_COUNT","INTERSECT_TYPE","LANE_CLOSED","LATITUDE","LN_CLOSE_DIR","LOCATION_TYPE","LONGITUDE","MAX_SEVERITY_LEVEL","MCYCLE_DEATH_COUNT","MCYCLE_SUSP_SERIOUS_INJ_COUNT","MOTORCYCLE_COUNT","MUNICIPALITY","NONMOTR_COUNT","NONMOTR_DEATH_COUNT","NONMOTR_SUSP_SERIOUS_INJ_COUNT","NTFY_HIWY_MAINT","PED_COUNT","PED_DEATH_COUNT","PED_SUSP_SERIOUS_INJ_COUNT","PERSON_COUNT","POLICE_AGCY","POSSIBLE_INJ_COUNT","RDWY_SURF_TYPE_CD","RELATION_TO_ROAD","ROAD_CONDITION","SCH_BUS_IND","SCH_ZONE_IND","SMALL_TRUCK_COUNT","SPEC_JURIS_CD","SUSP_MINOR_INJ_COUNT","SUSP_SERIOUS_INJ_COUNT","SUV_COUNT","TCD_FUNC_CD","TCD_TYPE","TFC_DETOUR_IND","TIME_OF_DAY","TOT_INJ_COUNT","TOTAL_UNITS","UNB_DEATH_COUNT","UNB_SUSP_SERIOUS_INJ_COUNT","UNBELTED_OCC_COUNT","UNK_INJ_DEG_COUNT","UNK_INJ_PER_COUNT","URBAN_RURAL","VAN_COUNT","VEHICLE_COUNT","WORK_ZONE_IND","WORK_ZONE_LOC","WORK_ZONE_TYPE","WORKERS_PRES","WZ_CLOSE_DETOUR","WZ_FLAGGER","WZ_LAW_OFFCR_IND","WZ_LN_CLOSURE","WZ_MOVING","WZ_OTHER","WZ_SHLDER_MDN","ROADWAY_CLEARED","WEATHER1","WEATHER2","WZ_WORKERS_INJ_KILLED","SECONDARY_CRASH","INTERSECTION_RELATED"
"1827","1","0","0","0","0","0","0","0","0","1","0","","36","07","2018","2018079984","3","40.1341","-76.2126","1822","08","0","0","0","1","0","0","0","0","","0","0","0","18","1","0","00","0","40 08:02.850","","00","76 12:45.485","0","0","0","0","36238","0","0","0","N","0","0","0","2","36238","0","","1","01","N","N","0","","0","0","1","0","0","N","1820","0","2","0","0","0","0","0","3","0","2","N","","","","","","","","","","","","03","  ","","",""
"1712","1","0","0","0","0","0","0","0","0","7","0","","36","07","2018","2018079993","3","40.129","-76.5019","1711","08","0","0","0","0","0","0","0","0","3","0","0","0","17","1","0","00","1","40 07:44.465","3","00","76 30:06.810","0","0","0","0","36225","0","0","0","Y","0","0","0","1","36505","0","","5","01","N","N","0","","0","0","0","0","0","N","1710","0","1","0","0","0","0","0","2","0","1","N","","","","","","","","","","","","03","  ","","",""
"0532","0","0","0","0","0","0","0","0","0","7","0","","36","07","2018","2018080008","2","40.1074","-76.6426","0523","08","0","0","0","0","0","0","0","0","3","0","0","0","04","2","0","00","2","40 06:26.790","6","00","76 38:33.384","0","0","0","0","36207","0","0","0","N","0","0","0","1","36504","0","","1","09","N","N","1","","0","0","0","0","0","Y","0430","0","1","0","0","0","0","0","1","0","1","N","","","","","","","","","","","","07","  ","","",""
"2052","1","0","0","0","0","0","0","0","0","7","0","","36","07","2018","2018080012","2","40.1828","-76.1846","2048","08","0","0","0","0","0","1","0","0","","0","0","0","20","3","1","00","0","40 10:58.167","","00","76 11:04.622","8","0","0","0","36408","0","0","0","N","0","0","0","1","36408","0","","5","01","N","N","0","","0","0","0","0","0","","2046","1","1","0","0","0","1","0","2","0","1","N","","","","","","","","","","","","03","  ","","",""
"2129","5","0","0","0","0","0","0","0","0","1","0","","36","07","2018","2018080017","3","40.0239","-76.3031","2126","08","0","0","0","0","0","0","0","0","2","0","0","0","21","3","1","00","2","40 01:25.961","1","00","76 18:11.059","8","0","0","0","36301","0","0","0","N","0","0","0","1","36301","0","","6","01","N","N","0","","0","0","0","0","0","Y","2125","1","5","0","0","0","1","0","3","0","5","N","","","","","","","","","","","","03","  ","","",""
"2108","0","0","0","0","0","0","0","0","0","4","0","","36","07","2018","2018080021","4","40.0348","-76.5033","2102","08","0","1","0","0","1","0","0","0","","0","0","0","21","3","0","01","0","40 02:05.449","","00","76 30:11.780","0","0","0","0","36404","0","0","0","N","0","0","0","4","36404","0","","1","09","N","N","0","","0","0","2","3","3","","2102","0","2","0","0","0","0","0","3","0","2","N","","","","","","","","","","","","07","  ","","",""
"2028","1","0","0","0","0","0","0","0","0","4","0","","36","07","2018","2018080022","3","40.0411","-76.3063","2028","08","0","0","0","0","1","0","0","0","2","0","0","0","20","4","0","01","1","40 02:27.991","3","00","76 18:22.594","0","0","0","0","36301","0","0","0","N","0","0","0","2","36301","0","","1","01","N","N","0","","0","0","1","3","2","N","2028","0","2","0","0","0","0","0","3","0","2","N","","","","","","","","","","","","03","  ","","",""
"0126","2","0","0","0","0","0","0","0","0","4","0","","36","08","2018","2018080106","4","40.052","-76.3102","0124","08","0","0","0","0","0","0","0","0","1","0","0","0","01","3","1","01","2","40 03:07.058","2","00","76 18:36.898","4","0","0","0","36301","0","0","0","N","0","0","0","2","36301","1","","1","01","N","N","0","","0","0","0","3","2","N","0123","1","2","0","0","0","0","0","3","0","2","N","","","","","","","","","","","","03","  ","","",""
"2100","2","0","0","0","0","0","0","0","0","5","0","","36","07","2018","2018080109","3","40.0301","-76.3101","2058","08","0","0","0","0","0","0","1","0","1","0","0","0","20","4","1","00","1","40 01:48.466","1","00","76 18:36.253","3","0","0","0","36301","0","0","0","N","0","0","0","1","36301","0","","1","01","N","N","0","","1","0","0","0","0","N","2055","1","2","0","0","0","0","0","3","0","2","N","","","","","","","","","","","","03","  ","","",""
"0850","1","0","0","0","0","0","0","0","0","7","0","","36","07","2018","2018080131","5","40.0407","-76.3798","0846","08","0","0","0","1","0","0","0","0","","0","0","0","08","1","0","00","0","40 02:26.665","","00","76 22:47.375","0","0","0","0","36214","0","0","0","N","0","0","0","2","36214","0","","5","01","N","N","0","","0","0","0","0","0","","0845","0","1","0","0","0","0","0","3","0","1","N","","","","","","","","","","","","03","  ","","",""
"2057","0","0","0","0","0","0","0","0","0","8","0","","36","07","2018","2018080132","3","40.1091","-76.4933","2056","08","0","0","0","0","0","0","0","0","","0","0","0","20","3","2","01","0","40 06:32.595","","00","76 29:35.878","4","0","0","0","36413","2","0","0","N","2","0","0","3","36413","2","","1","01","N","N","0","","0","0","1","0","0","","2053","2","3","0","0","0","0","0","2","0","1","N","","","","","","","","","","","","03","  ","","",""
"2343","2","0","0","0","0","0","0","0","0","4","0","","36","07","2018","2018080140","5","40.077","-76.5541","2341","08","0","1","0","1","0","0","0","0","3","0","0","0","23","2","1","01","2","40 04:37.275","5","00","76 33:14.778","4","0","0","0","36211","0","0","0","N","0","0","0","2","36504","1","","1","01","N","N","0","","0","0","0","3","3","Y","2337","1","2","0","0","0","0","0","1","0","2","N","","","","","","","","","","","","03","  ","","",""
"0716","0","0","0","0","0","0","0","0","0","4","0","","36","08","2018","2018080172","4","40.0378","-76.4218","0715","08","0","1","0","0","0","0","0","0","2","0","0","0","07","1","0","02","1","40 02:15.950","3","00","76 25:18.325","0","0","0","0","36239","0","0","0","N","0","0","0","3","36239","0","","1","01","N","N","0","","0","0","2","3","3","N","0715","0","2","0","0","0","0","0","3","0","2","N","","","","","","","","","","","","03","  ","","",""
"0808","1","0","0","0","0","0","0","0","0","4","1","","36","08","2018","2018080200","4","40.1636","-76.1525","0802","08","0","0","0","0","0","1","1","0","","0","1","0","08","1","1","01","0","40 09:49.023","","00","76 09:08.898","4","0","0","0","36218","0","0","0","N","0","0","0","2","36408","1","","1","09","N","N","0","","0","0","0","3","2","","0800","1","2","0","0","0","0","0","1","0","2","N","","","","","","","","","","","","07","  ","","",""
"1507","2","0","0","0","0","0","0","0","0","1","0","","36","07","2018","2018080215","3","40.1736","-76.1456","1445","08","0","0","0","1","0","0","0","0","2","0","0","0","14","1","0","00","1","40 10:24.961","2","00","76 08:44.089","0","0","0","0","36218","0","0","0","N","0","0","0","2","36408","0","","1","09","N","N","0","","0","0","0","0","0","N","1445","0","2","0","0","0","0","0","1","0","2","N","","","","","","","","","","","","07","  ","","",""
"1324","2","0","0","0","0","0","0","0","0","2","0","","36","07","2018","2018080379","7","40.0377","-76.2718","1313","08","0","0","0","0","1","0","0","0","1","0","0","0","13","1","2","01","2","40 02:16.006","5","00","76 16:18.567","4","0","0","0","36215","0","0","0","N","0","0","0","3","36215","2","","1","09","N","N","0","","0","0","0","3","2","N","1311","2","2","0","0","0","0","0","1","0","2","N","","","","","","","","","","","","07","  ","","",""
"1651","1","0","0","0","0","0","0","0","0","1","0","","36","07","2018","2018080380","1","40.0404","-76.2463","1648","08","0","0","0","0","0","0","0","0","","0","0","0","16","1","1","07","0","40 02:25.543","","02","76 14:49.602","3","0","0","0","36215","0","0","0","N","0","0","0","4","36215","0","","1","09","N","N","0","","1","0","1","3","4","","1645","1","2","0","0","0","0","0","1","0","2","N","","","","","","","","","","","","07","  ","","",""
"1417","2","0","0","0","0","0","0","0","0","4","0","","36","07","2018","2018080381","2","40.0293","-76.2282","1410","08","0","0","0","0","0","0","0","1","","0","0","0","14","1","0","01","0","40 01:45.321","","00","76 13:41.648","0","0","0","0","36215","0","0","0","N","0","0","0","2","36215","0","","1","01","N","N","0","","0","0","0","0","0","","1405","0","2","0","0","1","0","0","1","0","2","N","","","","","","","","","","","","03","  ","","",""
"1232","3","0","0","0","0","0","0","0","0","1","0","","36","07","2018","2018080408","2","40.0429","-76.3066","1225","08","0","0","0","0","0","2","0","0","1","0","0","0","11","1","1","00","2","40 02:34.320","1","00","76 18:23.834","3","0","0","0","36301","0","0","0","N","0","0","0","6","36301","0","","1","01","N","N","0","","1","0","0","0","0","N","1157","1","3","0","0","0","0","0","3","0","3","N","","","","","","","","","","","","03","  ","","",""
"1210","1","0","0","0","0","0","0","0","0","1","0","","36","08","2018","2018080413","4","39.9865","-76.2812","1210","08","0","0","0","0","0","1","0","1","1","0","0","0","12","1","1","01","1","39 59:11.342","2","00","76 16:52.253","8","0","0","0","36240","0","0","0","N","0","0","0","2","36240","0","","1","01","N","N","0","","0","0","1","3","2","N","1210","1","2","0","0","0","1","0","1","0","2","N","","","","","","","","","","","","03","  ","","",""
"1750","0","0","0","0","0","0","0","0","0","7","0","","36","07","2018","2018080435","6","40.2799","-76.1405","1743","08","0","0","0","0","1","0","0","0","1","0","0","0","17","1","0","00","1","40 16:47.676","4","00","76 08:25.878","0","0","0","0","36236","0","0","0","N","0","0","0","1","36408","0","","5","01","N","N","1","","0","0","0","0","0","Y","1740","0","1","0","0","0","0","0","1","0","1","N","","","","","","","","","","","","03","  ","","",""
"0127","1","0","0","0","0","0","0","0","0","7","0","","36","07","2018","2018080515","2","40.1428","-76.5569","0125","08","0","0","0","0","1","0","0","0","2","0","0","0","01","2","0","00","1","40 08:33.954","1","00","76 33:24.744","0","0","0","0","36225","0","0","0","N","0","0","0","1","36505","0","","5","01","N","N","0","","0","0","0","0","0","N","0125","0","1","0","0","0","0","0","2","0","1","N","","","","","","","","","","","","03","  ","","",""
"1758","1","0","0","0","0","0","0","0","0","4","0","","36","06","2018","2018080523","3","40.173","-76.4974","1751","08","0","0","0","0","0","0","0","1","","0","0","0","17","1","0","01","0","40 10:22.674","","00","76 29:50.540","0","0","0","0","36230","0","0","0","N","0","0","0","3","36410","0","","1","01","N","N","0","","0","0","1","9","3","","1747","0","2","0","0","0","0","0","1","0","2","N","","","","","","","","","","","","03","  ","","",""
"1051","0","0","0","0","0","0","0","0","0","7","0","","36","07","2018","2018080524","4","40.1229","-76.4796","1043","08","0","0","0","0","0","0","0","1","","0","0","0","10","1","1","00","0","40 07:22.322","","00","76 28:46.556","3","0","0","0","36230","0","0","0","N","0","0","0","2","36410","0","","4","01","N","N","0","","1","0","1","0","0","","1041","1","1","0","0","0","0","1","1","0","1","N","","","","","","","","","","","","03","  ","","",""
"1419","1","0","0","0","0","0","0","0","0","4","0","","36","07","2018","2018080525","3","40.133","-76.1129","1414","08","0","0","0","0","0","1","0","0","3","0","0","0","14","1","0","01","2","40 07:58.926","7","00","76 06:46.330","0","0","0","0","36209","0","0","0","N","0","0","0","2","36415","0","","1","01","N","N","1","","0","0","0","3","3","Y","1412","0","2","0","0","0","0","0","1","0","2","N","","","","","","","","","","","","03","  ","","",""
"0555","2","0","0","0","0","0","0","0","0","4","0","","36","07","2018","2018080526","4","40.1031","-76.1129","0535","08","0","0","0","0","0","2","0","0","","0","0","0","05","5","0","00","0","40 06:11.320","","00","76 06:46.460","0","0","0","0","36209","0","0","0","N","0","0","0","2","36415","0","","1","09","N","N","0","","0","0","0","0","0","","0535","0","2","0","0","0","0","0","1","0","2","N","","","","","","","","","","","","07","  ","","",""
"1712","2","0","0","0","0","0","0","0","0","4","0","","36","07","2018","2018080527","6","40.1483","-76.1215","1700","08","0","0","0","0","0","2","0","0","","0","0","0","17","1","1","02","0","40 08:54.032","","00","76 07:17.516","3","0","0","0","36209","0","0","0","N","0","0","0","3","36415","0","","1","01","N","N","0","","1","0","0","3","3","","1700","1","2","0","0","0","0","0","1","0","2","N","","","","","","","","","","","","03","  ","","",""
"1610","2","0","0","0","0","0","0","0","0","1","0","","36","08","2018","2018080528","4","40.0903","-76.0975","1607","08","0","0","0","0","1","0","0","0","","0","0","0","16","1","0","02","0","40 05:25.116","","00","76 05:51.133","0","0","0","0","36209","0","0","0","N","0","0","0","2","36415","0","","1","01","N","N","0","","0","0","0","0","0","","1607","0","2","0","0","1","0","0","1","0","2","N","","","","","","","","","","","","03","  ","","",""
"1508","2","0","0","0","0","0","0","0","0","4","0","","36","08","2018","2018080698","5","40.0463","-76.3029","1503","08","0","0","0","0","0","0","0","0","2","0","0","0","14","1","1","01","1","40 02:46.621","1","00","76 18:10.343","3","0","0","0","36301","0","0","0","N","0","0","0","2","36301","0","","1","01","N","N","0","","1","0","0","3","2","N","1459","1","2","0","0","0","0","0","3","0","2","N","","","","","","","","","","","","03","  ","","",""
"1608","1","0","0","0","0","0","0","0","0","1","0","","36","07","2018","2018080723","6","40.0758","-76.3365","1603","08","0","0","0","0","0","0","0","0","2","0","0","0","16","1","0","00","1","40 04:32.801","3","00","76 20:11.566","0","0","0","0","36101","0","0","0","N","0","0","0","6","36101","0","","1","01","N","N","0","","0","0","2","0","0","N","1601","0","3","0","0","0","0","0","3","0","3","N","","","","","","","","","","","","03","  ","","",""
"1120","0","0","0","0","0","0","0","0","0","7","0","","36","07","2018","2018080724","1","40.1101","-76.3354","1114","08","0","0","0","0","0","0","0","0","1","0","0","0","11","1","0","00","1","40 06:36.331","2","00","76 20:07.526","0","0","0","0","36101","0","0","0","N","0","0","0","1","36101","0","","4","01","N","N","0","","0","0","1","0","0","N","1111","0","1","0","0","0","0","0","3","0","1","N","","","","","","","","","","","","03","  ","","",""
"0103","2","0","0","0","0","0","0","0","0","1","0","","36","08","2018","2018080725","5","40.0693","-76.3069","0058","08","0","0","0","0","0","1","0","0","","0","0","0","00","3","0","00","0","40 04:09.650","","00","76 18:25.007","0","0","0","0","36101","0","0","0","N","0","0","0","2","36101","0","","1","09","N","N","0","","0","0","0","3","4","","0055","0","2","0","0","0","0","0","3","0","2","N","","","","","","","","","","","","07","  ","","",""
"2255","1","0","0","0","0","0","0","0","0","7","0","","36","08","2018","2018080774","4","","","2248","08","0","0","0","0","0","0","0","0","","0","0","0","22","2","1","00","0","","","00","","8","0","0","0","36218","0","0","0","Y","0","0","0","1","36408","0","","2","09","N","N","0","","0","0","0","0","0","","2240","1","1","0","0","0","1","0","1","0","1","N","","","","","","","","","","","","07","  ","","",""
"1823","2","0","0","0","0","0","0","0","0","4","0","","36","08","2018","2018080790","4","40.0485","-76.2941","1810","08","0","0","0","0","0","2","0","0","1","0","0","0","17","1","0","01","1","40 02:54.467","4","00","76 17:38.677","0","0","0","0","36301","0","0","0","N","0","0","0","2","36301","0","","1","01","N","N","0","","0","0","0","3","2","N","1751","0","2","0","0","0","0","0","3","0","2","N","","","","","","","","","","","","03","  ","","",""
"1251","2","0","0","0","0","0","0","0","0","2","0","","36","08","2018","2018080904","5","40.0417","-76.3638","1244","08","0","0","0","0","0","1","0","0","","0","0","0","12","1","0","02","0","40 02:30.029","","00","76 21:49.816","0","0","0","0","36214","0","0","0","N","0","0","0","3","36214","0","","1","09","N","N","0","","0","0","0","3","3","","1241","0","2","0","0","0","0","0","3","0","2","N","","","","","","","","","","","","07","  ","","",""
"1625","1","0","0","0","0","0","0","0","0","1","0","","36","07","2018","2018080922","2","40.0508","-76.3105","1618","08","0","0","0","1","0","0","0","0","1","0","0","0","16","1","1","00","1","40 03:02.860","4","00","76 18:37.976","8","0","0","0","36301","0","0","0","N","0","0","0","3","36301","0","","1","01","N","N","1","","0","0","0","0","0","N","1617","1","2","0","0","0","1","0","3","0","2","N","","","","","","","","","","","","03","  ","","",""
"1012","0","0","0","0","0","0","0","0","0","5","0","","36","07","2018","2018080929","3","40.0435","-76.5129","1008","08","0","0","0","0","1","0","1","0","1","0","0","0","10","1","1","00","1","40 02:36.711","2","00","76 30:46.353","3","0","0","0","36239","0","0","0","N","0","0","0","2","36239","0","","1","01","N","N","1","","1","0","1","0","0","N","1008","1","2","0","0","0","0","0","3","0","2","N","","","","","","","","","","","","03","  ","","",""
"1549","2","0","0","0","0","0","0","0","0","1","0","","36","07","2018","2018080938","4","40.1556","-76.3072","1544","08","0","0","0","0","1","1","0","0","","0","0","0","15","1","0","00","0","40 09:20.041","","00","76 18:26.039","9","0","0","0","36409","0","0","0","N","0","0","0","5","36409","0","","1","09","N","N","0","","0","0","1","0","0","","1542","0","3","0","0","0","0","1","3","0","3","N","","","","","","","","","","","","03","  ","","",""
"1725","2","0","0","0","0","0","0","0","0","1","0","","36","08","2018","2018081031","5","39.9911","-76.2603","1718","08","0","1","0","0","0","0","0","0","","0","0","0","17","1","0","02","0","39 59:28.076","","00","76 15:37.017","0","0","0","0","36240","0","0","0","N","0","0","0","6","36240","0","","1","09","N","N","0","","0","0","0","3","3","","1710","0","2","0","0","0","0","0","1","0","2","N","","","","","","","","","","","","07","  ","","",""
"1654","2","0","0","0","0","0","0","0","0","4","0","","36","07","2018","2018081044","1","40.1287","-76.5649","1648","08","0","0","0","0","0","1","0","0","","0","0","0","16","1","0","01","0","40 07:43.434","","00","76 33:53.722","0","0","0","0","36237","0","0","0","N","0","0","0","6","36505","0","","1","01","N","N","0","","0","0","0","3","3","","1644","0","2","0","0","0","0","0","1","0","2","N","","","","","","","","","","","","03","  ","","",""
"0712","1","0","0","0","0","0","0","0","0","1","0","","36","07","2018","2018081155","2","40.0689","-76.2706","0709","08","0","0","0","0","0","0","0","0","1","0","0","0","07","1","0","00","1","40 04:07.926","3","00","76 16:14.262","0","0","0","0","36101","0","0","0","N","0","0","0","2","36101","0","","1","01","N","N","0","","0","0","1","0","0","N","0705","0","2","0","0","0","0","0","3","0","2","N","","","","","","","","","","","","03","  ","","",""
"0834","1","0","0","0","0","0","0","0","0","1","0","","36","07","2018","2018081161","2","40.0755","-76.3368","0831","08","0","0","0","0","0","0","1","0","2","0","0","0","08","1","0","00","1","40 04:31.677","1","00","76 20:12.415","0","0","0","0","36101","0","0","0","N","0","0","0","2","36101","0","","1","01","N","N","0","","0","0","1","0","0","N","0828","0","2","0","0","0","0","0","3","0","2","N","","","","","","","","","","","","03","  ","","",""
"1259","1","0","0","0","0","0","0","0","0","4","0","","36","07","2018","2018081167","3","40.0706","-76.3324","1246","08","0","0","0","0","0","2","0","0","","0","0","0","12","1","0","00","0","40 04:14.092","","00","76 19:56.469","0","0","0","0","36101","0","0","0","N","0","0","0","2","36101","0","","1","01","N","N","0","","0","0","0","0","0","","1245","0","2","0","0","0","0","0","3","1","2","N","","","","","","","","","","","","03","  ","","",""
"1649","1","0","0","0","0","0","0","0","0","1","0","","36","08","2018","2018081170","5","40.0775","-76.2596","1634","08","0","0","0","0","0","0","0","0","","0","0","0","16","1","1","00","0","40 04:39.149","","00","76 15:34.405","4","0","0","0","36101","0","0","0","N","0","0","0","3","36101","1","","1","09","N","N","0","","0","0","1","0","0","","1628","1","2","0","0","0","0","0","3","0","2","N","","","","","","","","","","","","07","  ","","",""
"2329","1","0","0","0","0","0","0","0","0","7","0","","36","08","2018","2018081176","5","40.105","-76.2505","2329","08","0","0","0","0","0","0","0","0","5","0","0","0","23","2","1","00","2","40 06:17.950","5","00","76 15:01.860","2","0","0","0","36101","0","0","0","N","0","0","0","2","36101","0","","5","09","N","N","0","","0","1","1","0","0","Y","2329","1","2","0","0","0","0","0","3","0","2","N","","","","","","","","","","","","03","  ","","",""
"1805","0","0","0","0","0","0","0","0","0","7","0","","36","07","2018","2018081183","2","40.0571","-76.2717","1757","08","0","0","0","0","0","0","0","0","2","0","0","0","17","1","1","00","1","40 03:25.662","4","00","76 16:18.154","3","0","0","0","36215","0","0","0","N","0","0","0","1","36215","0","","3","09","N","N","0","","1","0","1","0","0","N","1754","1","1","0","0","0","0","0","1","0","1","N","","","","","","","","","","","","07","  ","","",""
"0648","2","0","0","0","0","0","0","0","0","1","0","","36","07","2018","2018081188","3","40.0808","-76.2431","0642","08","0","0","0","0","0","1","0","0","","0","0","0","06","1","0","00","0","40 04:50.935","","00","76 14:35.184","0","0","0","0","36215","0","0","0","N","0","0","0","2","36215","0","","1","01","N","N","0","","0","0","0","0","0","","0639","0","2","0","0","0","0","0","1","0","2","N","","","","","","","","","","","","03","  ","","",""
"1640","1","0","0","0","0","0","0","0","0","4","0","","36","07","2018","2018081189","3","40.0381","-76.2644","1632","08","0","0","0","0","0","2","0","0","","0","0","0","16","1","2","00","0","40 02:17.090","","00","76 15:51.990","4","0","0","0","36215","0","0","0","N","0","0","0","3","36215","2","","1","01","N","N","0","","0","0","1","0","0","","1630","2","2","0","0","0","0","0","1","0","2","N","","","","","","","","","","","","03","  ","","",""
"2247","1","0","0","0","0","0","0","0","0","7","0","","36","07","2018","2018081220","5","40.1676","-76.2953","2242","08","0","0","0","0","0","0","0","0","3","0","0","0","22","2","1","00","2","40 10:03.388","6","00","76 17:43.102","8","0","0","0","36235","0","0","0","N","0","0","0","1","36506","0","","5","01","N","N","0","","0","0","0","0","0","Y","2242","1","1","0","0","1","1","0","1","0","1","N","","","","","","","","","","","","03","  ","","",""
"1839","2","0","0","0","0","0","0","0","0","4","0","","36","08","2018","2018081256","6","40.0327","-76.2936","1834","08","0","0","0","0","0","0","0","0","1","0","0","0","18","1","0","00","1","40 01:57.548","1","00","76 17:37.046","0","0","0","0","36301","0","0","0","N","0","0","0","1","36301","0","","2","09","N","N","0","","0","0","0","0","0","N","1809","0","2","0","0","0","0","0","3","0","2","N","","","","","","","","","","","","07","  ","","",""
"1944","1","0","0","0","0","0","0","0","0","7","0","","36","08","2018","2018081258","6","40.0561","-76.4979","1936","08","0","0","0","0","0","1","0","0","1","0","0","0","19","4","0","02","1","40 03:22.063","5","00","76 29:52.380","0","0","0","0","36239","0","0","0","N","0","0","0","1","36239","0","","2","09","N","N","0","","0","0","0","0","0","N","1932","0","1","0","0","0","0","0","3","0","1","N","","","","","","","","","","","","07","  ","","",""
"0923","0","0","0","0","0","0","0","0","0","1","0","","36","07","2018","2018081266","7","40.1298","-76.2166","0920","08","0","0","0","0","0","1","0","0","","0","0","0","09","1","0","01","0","40 07:47.418","","00","76 12:59.627","0","0","0","0","36238","0","0","0","N","0","0","0","4","36238","0","","1","09","N","N","1","","0","0","1","3","4","","0917","0","2","0","0","0","0","0","3","0","2","N","","","","","","","","","","","","07","  ","","",""
"0932","0","0","0","1","0","0","0","0","0","4","0","","36","07","2018","2018081356","3","40.0542","-76.3122","0927","08","0","0","0","0","0","0","0","0","","0","0","0","09","1","1","00","0","40 03:15.073","","00","76 18:43.871","3","0","0","0","36101","1","0","0","N","0","0","0","2","36101","0","","1","01","N","N","1","","1","0","0","0","0","","0925","1","2","0","0","0","0","0","3","0","1","N","","","","","","","","","","","","03","  ","","",""
"1209","1","0","0","0","0","0","0","0","0","4","0","","36","07","2018","2018081357","5","40.0406","-76.3934","1209","08","0","0","0","0","1","0","0","0","3","0","0","0","12","1","7","02","2","40 02:26.198","6","00","76 23:36.170","2","0","0","0","36223","0","0","0","N","0","0","0","7","36223","0","","1","01","N","N","0","","6","1","0","3","3","Y","1206","7","3","0","1","4","0","0","1","2","3","N","","","","","","","","","","","","03","  ","","",""
"0727","0","0","0","0","0","0","0","0","0","4","0","","36","08","2018","2018081382","7","40.2222","-76.1487","0718","08","0","0","0","0","0","1","1","0","","0","0","0","07","1","0","00","0","40 13:19.828","","00","76 08:55.451","0","0","0","0","36210","0","0","0","N","0","0","0","3","36210","0","","1","09","N","N","0","","0","0","2","0","0","","0710","0","2","0","0","0","0","0","1","0","2","N","","","","","","","","","","","","03","  ","","",""
"1653","1","0","0","0","0","0","0","0","0","1","0","","36","08","2018","2018081410","5","39.9511","-76.2634","1644","08","0","0","0","0","0","1","0","0","2","0","0","0","16","1","1","00","1","39 57:03.953","2","00","76 15:48.251","8","0","0","0","36228","0","0","0","N","0","0","0","2","36503","0","","1","09","N","N","0","","0","0","1","0","0","N","1644","1","2","0","0","0","1","0","1","0","2","N","","","","","","","","","","","","07","  ","","",""
"1820","0","0","0","0","0","0","0","0","0","7","0","","36","08","2018","2018081500","7","40.0616","-76.4987","1813","08","0","0","0","0","0","0","1","0","2","0","0","0","18","1","1","00","2","40 03:41.758","5","00","76 29:55.484","8","0","0","1","36239","0","0","0","N","0","0","0","1","36239","0","","1","2","","","0","","0","0","0","0","0","Y","1813","1","1","0","0","0","1","0","3","0","1","N","","","","","","","","","","","","03","  ","","",""
"1951","1","0","0","0","0","0","0","0","0","7","0","","36","08","2018","2018081511","6","40.1253","-76.6278","1946","08","0","0","0","0","0","1","0","0","3","0","0","0","19","1","1","00","2","40 07:30.921","6","00","76 37:40.245","8","0","0","0","36237","0","0","0","N","0","0","0","1","36505","0","","5","01","","","0","","0","0","0","0","0","Y","1943","1","1","0","0","0","1","0","1","0","1","N","","","","","","","","","","","","03","  ","","",""
"0109","1","0","0","0","0","0","0","0","0","7","0","","36","08","2018","2018081518","7","40.1935","-76.1849","0108","08","0","0","0","0","0","0","0","0","","0","0","0","01","2","0","00","0","40 11:36.474","","00","76 11:05.795","0","0","0","0","36218","0","0","0","N","0","0","0","4","36408","0","","5","09","N","N","0","","0","0","0","0","0","","0107","0","1","0","0","0","0","0","1","0","1","N","","","","","","","","","","","","07","  ","","",""