"ARRIVAL_TM","AUTOMOBILE_COUNT","BELTED_DEATH_COUNT","BELTED_SUSP_SERIOUS_INJ_COUNT","BICYCLE_COUNT","BICYCLE_DEATH_COUNT","BICYCLE_SUSP_SERIOUS_INJ_COUNT","BUS_COUNT","CHLDPAS_DEATH_COUNT","CHLDPAS_SUSP_SERIOUS_INJ_COUNT","COLLISION_TYPE","COMM_VEH_COUNT","CONS_ZONE_SPD_LIM","COUNTY","CRASH_MONTH","CRASH_YEAR","CRN","DAY_OF_WEEK","DEC_LAT","DEC_LONG","DISPATCH_TM","DISTRICT","DRIVER_COUNT_16YR","DRIVER_COUNT_17YR","DRIVER_COUNT_18YR","DRIVER_COUNT_19YR","DRIVER_COUNT_20YR","DRIVER_COUNT_50_64YR","DRIVER_COUNT_65_74YR","DRIVER_COUNT_75PLUS","EST_HRS_CLOSED","FATAL_COUNT","HEAVY_TRUCK_COUNT","HORSE_BUGGY_COUNT","HOUR_OF_DAY","ILLUMINATION","INJURY_COUNT","INTERSECT_TYPE","LANE_CLOSED","LATITUDE","LN_CLOSE_DIR","LOCATION_TYPE","LONGITUDE","MAX_SEVERITY_LEVEL","MCYCLE_DEATH_COUNT","MCYCLE_SUSP_SERIOUS_INJ_COUNT","MOTORCYCLE_COUNT","MUNICIPALITY","NONMOTR_COUNT","NONMOTR_DEATH_COUNT","NONMOTR_SUSP_SERIOUS_INJ_COUNT","NTFY_HIWY_MAINT","PED_COUNT","PED_DEATH_COUNT","PED_SUSP_SERIOUS_INJ_COUNT","PERSON_COUNT","POLICE_AGCY","POSSIBLE_INJ_COUNT","RDWY_SURF_TYPE_CD","RELATION_TO_ROAD","ROAD_CONDITION","SCH_BUS_IND","SCH_ZONE_IND","SMALL_TRUCK_COUNT","SPEC_JURIS_CD","SUSP_MINOR_INJ_COUNT","SUSP_SERIOUS_INJ_COUNT","SUV_COUNT","TCD_FUNC_CD","TCD_TYPE","TFC_DETOUR_IND","TIME_OF_DAY","TOT_INJ_COUNT","TOTAL_UNITS","UNB_DEATH_COUNT","UNB_SUSP_SERIOUS_INJ_COUNT","UNBELTED_OCC_COUNT","UNK_INJ_DEG_COUNT","UNK_INJ_PER_COUNT","URBAN_RURAL","VAN_COUNT","VEHICLE_COUNT","WORK_ZONE_IND","WORK_ZONE_LOC","WORK_ZONE_TYPE","WORKERS_PRES","WZ_CLOSE_DETOUR","WZ_FLAGGER","WZ_LAW_OFFCR_IND","WZ_LN_CLOSURE","WZ_MOVING","WZ_OTHER","WZ_SHLDER_MDN","ROADWAY_CLEARED","WEATHER1","WEATHER2","WZ_WORKERS_INJ_KILLED","SECONDARY_CRASH","INTERSECTION_RELATED"
"2154","2","0","0","0","0","0","0","0","0","3","0","","36","07","2018","2018081564","1","40.0359","-76.3153","2152","08","0","0","0","0","0","0","0","0","2","0","0","0","21","3","1","02","2","40 02:09.265","4","00","76 18:55.008","2","0","0","0","36301","0","0","0","N","0","0","0","1","36301","0","","2","01","","","0","","0","1","0","0","0","N","2149","1","2","0","1","1","0","0","3","0","2","N","","","","","","","","","","","","03","  ","","",""
"1502","1","0","3","0","0","0","0","0","1","1","0","","36","07","2018","2018081577","3","40.0073","-76.402","1501","08","0","0","0","0","0","0","1","0","2","0","0","0","15","1","3","00","2","40 00:26.315","6","03","76 24:07.179","2","0","0","0","36223","0","0","0","N","0","0","0","3","36223","0","","1","01","N","N","0","","0","3","1","0","0","Y","1500","3","2","0","0","0","0","0","1","0","2","N","","","","","","","","","","","","03","  ","","",""
"1510","1","0","0","0","0","0","0","0","0","1","0","","36","07","2018","2018081586","6","40.0331","-76.3061","1502","08","0","0","0","0","0","1","0","0","1","0","0","0","14","1","1","00","1","40 01:59.087","4","00","76 18:21.780","4","0","0","0","36301","0","0","0","N","0","0","0","2","36301","1","","1","01","N","N","0","","0","0","0","0","0","Y","1459","1","2","0","0","0","0","1","3","1","2","N","","","","","","","","","","","","03","  ","","",""
"0859","2","0","0","0","0","0","0","0","0","1","0","","36","07","2018","2018081610","3","40.1159","-76.4997","0845","08","0","0","0","0","0","0","1","0","2","0","0","0","08","1","1","02","1","40 06:57.245","4","00","76 29:58.974","3","0","0","0","36225","0","0","0","N","0","0","0","2","36505","0","","1","09","N","N","0","","1","0","0","0","0","Y","0845","1","2","0","0","0","0","0","2","0","2","N","","","","","","","","","","","","07","  ","","",""
"0917","0","0","0","0","0","0","0","0","0","4","0","","36","08","2018","2018081615","7","40.0823","-76.3976","0914","08","0","0","0","0","0","0","0","0","2","0","0","0","09","1","3","01","1","40 04:56.251","6","00","76 23:51.349","3","0","0","0","36214","0","0","0","N","0","0","0","4","36214","2","","1","01","N","N","0","","1","0","1","1","3","N","0910","3","2","0","0","0","0","0","3","1","2","N","","","","","","","","","","","","03","  ","","",""
"1010","2","0","0","0","0","0","0","0","0","4","0","","36","08","2018","2018081626","1","40.0392","-76.4311","0959","08","0","0","0","0","0","0","0","1","2","0","0","0","09","1","0","01","2","40 02:20.941","6","00","76 25:51.799","0","0","0","0","36414","0","0","0","N","0","0","0","4","36239","0","","1","01","N","N","0","","0","0","0","3","2","Y","0959","0","2","0","0","0","0","0","3","0","2","N","","","","","","","","","","","","03","  ","","",""
"1552","1","0","0","0","0","0","0","0","0","4","0","","36","08","2018","2018081673","4","39.9633","-76.2299","1548","08","0","0","0","0","0","0","0","0","1","0","0","0","15","1","1","02","1","39 57:47.782","6","00","76 13:47.815","4","0","0","0","36240","0","0","0","N","0","0","0","5","36240","1","","1","01","N","N","0","","0","0","1","3","3","N","1546","1","2","0","0","0","0","0","1","0","2","N","","","","","","","","","","","","03","  ","","",""
"1107","1","0","0","0","0","0","0","0","0","4","0","","36","07","2018","2018081692","4","40.0877","-76.2846","1103","08","0","0","0","0","0","0","0","1","2","0","0","0","11","1","1","01","1","40 05:15.551","4","00","76 17:04.625","3","0","0","0","36101","0","0","0","N","0","0","0","3","36101","0","","1","01","N","N","1","","1","0","0","3","2","Y","1101","1","2","0","0","0","0","0","3","0","2","N","","","","","","","","","","","","03","  ","","",""
"1555","2","0","0","0","0","0","0","0","0","4","0","","36","07","2018","2018081693","2","40.0606","-76.2768","1552","08","0","0","0","0","0","0","0","0","2","0","0","0","15","1","2","01","1","40 03:38.263","3","00","76 16:36.564","3","0","0","0","36101","0","0","0","N","0","0","0","2","36101","0","","1","01","N","N","0","","2","0","0","3","2","N","1549","2","2","0","0","0","0","0","3","0","2","N","","","","","","","","","","","","03","  ","","",""
"1608","2","0","0","0","0","0","0","0","0","4","0","","36","07","2018","2018081694","3","40.1093","-76.2501","1603","08","0","1","0","0","0","0","1","0","2","0","0","0","15","1","3","01","2","40 06:33.403","3","00","76 15:00.444","4","0","0","0","36101","0","0","0","N","0","0","0","4","36101","3","","1","01","N","N","0","","0","0","1","3","3","N","1559","3","3","0","0","0","0","0","3","0","3","N","","","","","","","","","","","","03","  ","","",""
"0815","1","0","0","0","0","0","0","0","0","7","0","","36","08","2018","2018081695","6","40.1138","-76.3056","0809","08","0","0","0","0","0","1","0","0","1","0","0","0","08","1","0","01","1","40 06:49.608","6","00","76 18:20.148","0","0","0","0","36101","0","0","0","N","0","0","0","1","36101","0","","2","01","N","N","0","","0","0","0","3","2","N","0806","0","1","0","0","0","0","0","3","0","1","N","","","","","","","","","","","","03","  ","","",""
"2145","1","0","0","0","0","0","0","0","0","7","0","","36","08","2018","2018081696","6","40.0814","-76.3402","2139","08","0","0","0","0","0","0","0","1","1","0","0","0","21","3","0","02","1","40 04:51.773","1","00","76 20:23.071","0","0","0","0","36101","0","0","0","N","0","0","0","1","36101","0","","2","09","N","N","0","","0","0","0","3","2","N","2139","0","1","0","0","0","0","0","3","0","1","N","","","","","","","","","","","","07","  ","","",""
"0010","1","0","0","0","0","0","0","0","0","7","0","","36","08","2018","2018081697","6","40.0695","-76.3076","0004","08","0","0","0","0","0","0","0","0","2","0","0","0","23","3","0","01","1","40 04:10.226","2","00","76 18:28.241","0","0","0","0","36101","0","0","0","N","0","0","0","1","36101","0","","2","09","N","N","0","","0","0","0","0","0","N","2339","0","1","0","0","0","0","0","3","0","1","N","","","","","","","","","","","","07","  ","","",""
"1240","0","0","0","0","0","0","0","0","0","4","0","","36","08","2018","2018081698","7","40.073","-76.3083","1235","08","0","0","0","0","0","0","0","0","1","0","0","0","12","1","1","01","1","40 04:22.641","7","00","76 18:29.883","4","0","0","0","36101","0","0","0","N","0","0","0","3","36101","1","","1","01","N","N","0","","0","0","2","3","3","N","1227","1","2","0","0","0","0","0","3","0","2","N","","","","","","","","","","","","03","  ","","",""
"1607","1","0","0","0","0","0","0","0","0","1","0","","36","08","2018","2018081699","1","40.0575","-76.3981","1607","08","0","0","0","0","0","0","0","0","","0","0","0","16","1","0","00","0","40 03:26.879","","00","76 23:53.206","0","0","0","0","36214","0","0","0","N","0","0","0","2","36214","0","","1","01","N","N","0","","0","0","1","0","0","","1607","0","2","0","0","0","0","0","3","0","2","N","","","","","","","","","","","","03","  ","","",""
"1026","2","0","0","0","0","0","0","0","0","1","0","","36","07","2018","2018081719","7","40.1445","-76.21","1022","08","0","0","0","0","0","0","1","0","2","0","0","0","10","1","1","01","2","40 08:40.211","7","00","76 12:36.127","8","0","0","0","36238","0","0","0","N","0","0","0","3","36238","0","","1","09","N","N","0","","0","0","1","3","3","Y","1021","1","3","0","0","0","1","0","3","0","3","N","","","","","","","","","","","","07","  ","","",""
"0540","1","0","0","0","0","0","0","0","0","7","0","","36","08","2018","2018081739","4","40.1548","-76.125","0530","08","0","0","0","0","0","0","0","0","","0","0","0","05","2","0","00","0","40 09:17.385","","00","76 07:30.146","0","0","0","0","36218","0","0","0","N","0","0","0","1","36408","0","","5","09","N","N","0","","0","0","0","0","0","","0528","0","1","0","0","0","0","0","1","0","1","N","","","","","","","","","","","","07","  ","","",""
"1939","0","0","0","0","0","0","0","0","0","7","0","","36","08","2018","2018081743","1","40.1665","-76.0518","1939","08","0","0","0","0","0","0","0","0","2","0","0","0","19","1","1","00","2","40 09:59.398","5","00","76 03:06.528","3","0","0","1","36213","0","0","0","N","0","0","0","1","36213","0","","5","01","N","N","0","","1","0","0","0","0","Y","1939","1","1","0","0","0","0","0","1","0","1","N","","","","","","","","","","","","03","  ","","",""
"0809","2","0","0","0","0","0","0","0","0","4","0","","36","08","2018","2018081781","7","40.2084","-76.4199","0758","08","0","0","0","0","0","1","0","0","2","0","0","0","07","1","2","00","2","40 12:30.294","5","00","76 25:11.619","3","0","0","0","36227","0","0","0","N","0","0","0","3","36506","1","","1","09","N","N","0","","1","0","0","0","0","Y","0758","2","2","0","0","0","0","0","1","0","2","N","","","","","","","","","","","","03","  ","","",""
"2346","1","0","0","0","0","0","0","0","0","4","0","","36","08","2018","2018081815","5","40.181","-76.1813","2345","08","0","0","0","0","0","1","0","0","","1","0","0","23","3","0","01","0","40 10:51.703","","00","76 10:52.842","1","1","0","1","36408","0","0","0","N","0","0","0","2","36408","0","2","1","01","N","N","0","0","0","0","1","0","0","","2344","0","3","0","0","0","0","0","2","0","3","N","","","","","","","","","","","","03","  ","","",""
"1258","2","0","0","0","0","0","0","0","0","4","0","","36","08","2018","2018081834","1","40.1426","-76.5677","1256","08","0","0","0","0","0","0","1","0","1","0","0","0","12","1","1","00","1","40 08:33.425","2","00","76 34:03.635","3","0","0","0","36225","0","0","0","N","0","0","0","3","36505","0","","1","01","N","N","0","","1","0","0","3","3","N","1256","1","2","0","0","0","0","0","2","0","2","N","","","","","","","","","","","","03","  ","","",""
"1332","0","0","0","0","0","0","0","0","0","4","0","","36","07","2018","2018081899","7","40.0381","-76.1066","1314","08","0","0","0","0","0","1","0","0","2","0","0","0","13","1","4","03","2","40 02:17.056","6","00","76 06:23.604","3","0","0","0","36221","0","0","0","N","0","0","0","4","68J01","0","","1","01","N","N","0","","4","0","2","3","3","Y","1312","4","2","0","0","0","0","0","1","0","2","N","","","","","","","","","","","","03","  ","","",""
"1437","0","0","0","0","0","0","0","0","0","4","0","","36","08","2018","2018081947","2","40.0354","-76.2913","1435","08","0","0","1","0","0","0","1","0","2","0","0","0","14","1","2","01","2","40 02:07.364","7","00","76 17:28.806","2","0","1","1","36301","0","0","0","N","0","0","0","3","36301","0","","1","01","N","N","0","","1","1","0","3","3","Y","1434","2","2","0","0","0","0","0","3","1","2","N","","","","","","","","","","","","03","  ","","",""
"1627","1","0","0","0","0","0","0","0","0","4","0","","36","08","2018","2018081951","5","40.033","-76.506","1623","08","0","0","0","1","0","1","0","0","","0","0","0","16","1","0","01","0","40 01:58.979","","00","76 30:21.554","0","0","0","0","36404","0","0","0","N","0","0","0","2","36404","0","","1","01","N","N","1","","0","0","0","3","3","","1623","0","2","0","0","0","0","0","3","0","2","N","","","","","","","","","","","","03","  ","","",""
"0313","0","0","0","0","0","0","0","0","0","7","0","","36","07","2018","2018081973","7","40.0736","-76.3357","0310","08","0","0","0","0","0","0","0","0","2","0","0","0","03","3","1","00","1","40 04:24.810","1","00","76 20:08.633","3","0","0","0","36101","0","0","0","N","0","0","0","1","36101","0","","5","01","N","N","0","","1","0","1","3","2","N","0307","1","1","0","0","0","0","0","3","0","1","N","","","","","","","","","","","","03","  ","","",""
"1433","1","0","0","0","0","0","0","0","0","7","0","","36","08","2018","2018081984","2","40.1593","-76.6291","1425","08","0","0","0","0","0","0","0","1","1","0","0","0","14","1","1","00","1","40 09:33.367","3","00","76 37:44.581","3","0","0","0","36237","0","0","0","N","0","0","0","1","36505","0","","2","01","N","N","0","","1","0","0","0","0","Y","1425","1","1","0","0","0","0","0","1","0","1","N","","","","","","","","","","","","03","  ","","",""
"1501","1","0","0","0","0","0","0","0","0","4","0","","36","08","2018","2018082129","2","40.037","-76.5083","1459","08","0","0","0","0","0","1","0","0","","0","0","0","14","1","0","01","0","40 02:13.102","","00","76 30:29.880","0","0","0","0","36404","0","0","0","N","0","0","0","5","36404","0","","1","01","N","N","0","","0","0","1","3","2","","1459","0","2","0","0","0","0","0","3","0","2","N","","","","","","","","","","","","03","  ","","",""
"1148","1","0","0","0","0","0","0","0","0","5","0","","36","08","2018","2018082105","4","40.0888","-76.3051","1144","08","0","0","0","0","0","0","0","0","","0","0","0","11","1","0","00","0","40 05:19.716","","00","76 18:18.282","0","0","0","0","36101","0","0","0","N","0","0","0","2","36101","0","","1","01","N","N","0","","0","0","1","0","0","","1141","0","2","0","0","0","0","0","3","0","2","N","","","","","","","","","","","","03","  ","","",""
"1047","2","0","0","0","0","0","0","0","0","4","0","","36","08","2018","2018082145","2","40.0345","-76.3156","1043","08","0","0","0","1","0","0","0","0","","0","0","0","10","1","1","02","0","40 02:04.336","","00","76 18:55.961","4","0","0","0","36220","0","0","0","N","0","0","0","4","36301","1","","1","01","N","N","0","","0","0","0","3","2","","1039","1","2","0","0","0","0","0","3","0","2","N","","","","","","","","","","","","03","  ","","",""
"1655","1","0","0","0","0","0","0","0","0","4","0","","36","08","2018","2018082169","5","40.0379","-76.5042","1651","08","0","0","0","0","0","0","2","0","1","0","0","0","16","1","0","01","2","40 02:16.558","5","00","76 30:14.950","0","0","0","0","36404","0","0","0","N","0","0","0","2","36404","0","","1","01","N","N","0","","0","0","1","3","3","Y","1651","0","2","0","0","0","0","0","3","0","2","N","","","","","","","","","","","","03","  ","","",""
"1557","1","0","0","0","0","0","0","0","0","8","0","","36","08","2018","2018082182","5","40.038","-76.3057","1554","08","0","0","0","0","0","1","0","0","","0","0","0","15","1","1","00","0","40 02:16.645","","00","76 18:20.595","3","0","0","0","36301","1","0","0","N","1","0","0","2","36301","0","","1","01","N","N","0","","1","0","0","0","0","","1531","1","2","0","0","0","0","0","3","0","1","N","","","","","","","","","","","","03","  ","","",""
"1040","0","0","0","0","0","0","0","0","0","4","0","","36","08","2018","2018082188","2","40.0778","-76.4211","1031","08","0","0","0","1","0","0","1","0","2","0","0","0","10","1","2","01","2","40 04:40.238","5","00","76 25:15.952","8","0","0","0","36239","0","0","0","N","0","0","0","2","36239","0","","1","01","N","N","0","","0","0","1","2","3","Y","1031","2","2","0","0","0","2","0","3","1","2","N","","","","","","","","","","","","03","  ","","",""
"0937","1","0","0","0","0","0","0","0","0","8","0","","36","08","2018","2018082195","2","40.0371","-76.2964","0928","08","0","0","0","0","0","0","0","0","","0","0","0","09","1","1","00","0","40 02:13.614","","00","76 17:46.909","3","0","0","0","36301","1","0","0","N","1","0","0","2","36301","0","","1","01","N","N","0","","1","0","0","0","0","","0928","1","2","0","0","0","0","0","3","0","1","N","","","","","","","","","","","","03","  ","","",""
"0103","2","0","2","0","0","0","0","0","0","2","0","","36","08","2018","2018082199","5","40.085","-76.2164","0103","08","0","0","0","0","0","1","0","0","4","2","0","0","00","2","3","00","2","40 05:05.906","6","00","76 12:58.911","1","0","0","0","36234","0","0","0","N","0","0","0","5","36215","0","2","1","09","N","N","0","0","0","3","0","3","8","Y","0058","3","2","2","1","3","0","0","1","0","2","N","","","","","","","","","","","","03","  ","","",""
"1008","1","0","0","0","0","0","0","0","0","1","0","","36","08","2018","2018082257","4","","","0955","08","0","0","0","0","0","1","0","0","","0","0","0","09","1","0","00","0","","","00","","0","0","0","0","36234","0","0","0","N","0","0","0","3","68J01","0","","1","01","N","N","1","","0","0","1","0","0","","0953","0","3","0","0","0","0","0","1","0","3","N","","","","","","","","","","","","03","  ","","",""
"1838","0","0","0","0","0","0","0","0","0","4","0","","36","08","2018","2018082269","6","40.0402","-76.0034","1820","08","0","0","0","1","0","0","0","1","2","0","0","0","18","1","2","02","1","40 02:24.770","5","00","76 00:12.405","3","0","0","0","36232","0","0","0","N","0","0","0","2","68J01","0","","1","09","N","N","0","","2","0","2","3","3","N","1818","2","2","0","0","0","0","0","1","0","2","N","","","","","","","","","","","","07","  ","","",""
"1402","0","0","0","0","0","0","0","0","0","2","0","","36","08","2018","2018082279","2","40.008","-76.141","1347","08","0","0","0","0","0","0","0","0","2","0","0","0","13","1","2","00","2","40 00:28.766","7","00","76 08:27.602","8","0","0","0","36226","0","0","0","N","0","0","0","2","68J01","0","","1","01","N","N","1","","0","0","1","0","0","Y","1337","2","2","0","0","0","2","0","1","0","2","N","","","","","","","","","","","","03","  ","","",""
"0727","0","0","0","0","0","0","0","0","0","1","1","","36","07","2018","2018082295","5","40.1146","-76.5019","0713","08","0","0","0","0","0","1","0","0","","0","1","0","06","1","1","02","0","40 06:52.493","","00","76 30:06.921","3","0","0","0","36225","0","0","0","N","0","0","0","2","36505","0","","1","01","N","N","1","","1","0","0","0","0","","0640","1","2","0","0","0","0","0","2","0","2","N","","","","","","","","","","","","03","  ","","",""
"0423","2","0","0","0","0","0","0","0","0","4","0","","36","08","2018","2018082315","6","40.0532","-76.3915","0423","08","0","0","0","0","0","1","0","0","2","0","0","0","04","3","1","00","2","40 03:11.369","3","00","76 23:29.283","4","0","0","0","36214","0","0","0","N","0","0","0","2","36214","1","","1","01","N","N","0","","0","0","0","0","0","Y","0423","1","2","0","0","0","0","0","3","0","2","N","","","","","","","","","","","","03","  ","","",""
"1335","2","0","0","0","0","0","0","0","0","1","0","","36","08","2018","2018082317","5","40.0233","-76.1966","1329","08","0","0","0","0","0","0","0","0","","0","0","0","13","1","0","00","0","40 01:23.782","","00","76 11:47.691","0","0","0","0","36215","0","0","0","N","0","0","0","5","36215","0","","1","01","N","N","0","","0","0","0","9","2","","1326","0","2","0","0","0","0","0","1","0","2","N","","","","","","","","","","","","03","  ","","",""
"0833","0","0","0","0","0","0","0","0","0","1","0","","36","08","2018","2018082318","6","40.05","-76.2559","0829","08","0","0","0","0","0","1","0","1","1","0","0","0","08","1","1","00","2","40 03:00.081","3","00","76 15:21.182","3","0","0","0","36215","0","0","0","N","0","0","0","6","36215","0","","1","01","N","N","1","","1","0","3","0","0","N","0828","1","4","0","0","0","0","0","1","0","4","N","","","","","","","","","","","","03","  ","","",""
"1152","1","0","0","0","0","0","0","0","0","4","1","","36","08","2018","2018082319","6","40.0373","-76.244","1142","08","0","0","0","0","0","1","1","0","3","0","1","0","11","1","0","00","2","40 02:14.459","4","00","76 14:38.277","0","0","0","0","36215","0","0","0","N","0","0","0","3","36215","0","","1","01","N","N","0","","0","0","0","0","0","N","1140","0","2","0","0","0","0","0","1","0","2","N","","","","","","","","","","","","03","  ","","",""
"2302","1","0","0","0","0","0","0","0","0","4","0","","36","08","2018","2018082320","7","40.031","-76.2354","2255","08","0","0","0","0","0","0","0","0","","0","0","0","22","3","0","01","0","40 01:50.123","","00","76 14:03.641","0","0","0","0","36215","0","0","0","N","0","0","0","5","36215","0","","1","01","N","N","0","","0","0","0","3","2","","2255","0","2","0","0","0","0","0","1","1","2","N","","","","","","","","","","","","03","  ","","",""
"1459","1","0","0","0","0","0","0","0","0","4","0","","36","08","2018","2018082321","2","40.0889","-76.1801","1448","08","0","0","0","0","0","1","0","0","","0","0","0","14","1","0","02","0","40 05:20.180","","00","76 10:48.323","0","0","0","0","36234","0","0","0","N","0","0","0","4","36215","0","","1","01","N","N","0","","0","0","2","0","0","","1446","0","3","0","0","0","0","0","1","0","3","N","","","","","","","","","","","","03","  ","","",""
"1006","2","0","0","0","0","0","0","0","0","1","0","","36","07","2018","2018082322","6","40.038","-76.3455","0943","08","0","0","0","0","0","1","0","0","","0","0","0","09","1","0","00","0","40 02:16.830","","00","76 20:43.689","0","0","0","0","36223","0","0","0","N","0","0","0","6","36223","0","","1","01","N","N","0","","0","0","1","3","2","","0939","0","3","0","0","4","0","0","1","0","3","N","","","","","","","","","","","","03","  ","","",""
"0313","3","0","0","0","0","0","0","0","0","1","0","","36","08","2018","2018082372","5","40.044","-76.3016","0311","08","0","0","0","0","0","0","0","0","","0","0","0","03","3","0","00","0","40 02:38.414","","00","76 18:05.654","9","0","0","0","36301","0","0","0","N","0","0","0","1","36301","0","","4","01","N","N","0","","0","0","0","0","0","","0308","0","3","0","0","0","0","1","3","0","3","N","","","","","","","","","","","","03","  ","","",""
"0123","2","0","0","0","0","0","0","0","0","1","0","","36","07","2018","2018082390","7","40.1388","-76.5492","0112","08","0","0","0","0","0","0","0","0","","0","0","0","01","2","0","00","0","40 08:19.676","","00","76 32:57.073","0","0","0","0","36225","0","0","0","N","0","0","0","4","36505","0","","1","01","N","N","0","","0","0","0","0","0","","0104","0","2","0","0","0","0","0","2","0","2","N","","","","","","","","","","","","03","  ","","",""
"2011","1","0","1","0","0","0","0","0","0","7","0","","36","07","2018","2018082400","3","39.9233","-76.2529","1953","08","0","0","0","0","0","0","0","0","2","0","0","0","19","4","2","00","1","39 55:23.854","2","00","76 15:10.517","2","0","0","0","36229","0","0","0","N","0","0","0","2","68J01","0","","4","01","N","N","0","","1","1","0","0","0","Y","1951","2","1","0","0","0","0","0","1","0","1","N","","","","","","","","","","","","03","  ","","",""
"1528","0","0","0","0","0","0","0","0","0","7","0","","36","07","2018","2018082405","7","39.8588","-76.0833","1502","08","0","0","0","0","0","1","0","0","","0","0","0","14","1","0","00","0","39 51:31.544","","00","76 04:59.841","0","0","0","0","36205","0","0","0","N","0","0","0","1","68J01","0","","2","09","N","N","1","","0","0","0","0","0","","1447","0","1","0","0","0","0","0","1","0","1","N","","","","","","","","","","","","07","  ","","",""
"1550","1","0","0","0","0","0","0","0","0","7","0","","36","07","2018","2018082412","5","40.1999","-76.034","1521","08","0","0","1","0","0","0","0","0","2","0","0","0","15","1","0","00","1","40 11:59.700","2","00","76 02:02.520","0","0","0","0","36202","0","0","0","N","0","0","0","1","68J01","0","","4","01","N","N","0","","0","0","0","0","0","N","1507","0","1","0","0","0","0","0","1","0","1","N","","","","","","","","","","","","03","  ","","",""
"0518","0","0","0","0","0","0","0","0","0","4","0","","36","08","2018","2018082440","6","39.8986","-76.1593","0501","08","0","0","0","0","0","0","0","0","","0","0","0","04","3","2","01","0","39 53:54.779","","00","76 09:33.544","3","0","0","0","36416","0","0","0","N","0","0","0","6","68J01","0","","1","01","N","N","1","","2","0","1","3","3","","0457","2","2","0","0","0","0","0","1","0","2","N","","","","","","","","","","","","03","  ","","",""
"0818","1","0","0","0","0","0","0","0","0","1","0","","36","08","2018","2018082442","6","40.0019","-76.0888","0813","08","0","0","0","0","0","0","0","0","","0","0","1","08","1","1","00","0","40 00:06.907","","00","76 05:19.723","4","0","0","0","36226","1","0","0","N","0","0","0","2","68J01","1","","1","01","N","N","0","","0","0","0","0","0","","0810","1","2","0","0","0","0","0","1","0","1","N","","","","","","","","","","","","03","  ","","",""
"0935","0","0","0","0","0","0","0","0","0","4","0","","36","08","2018","2018082457","7","39.9","-76.225","0914","08","0","0","0","0","0","1","0","0","2","0","0","0","09","1","1","01","1","39 53:59.838","1","00","76 13:29.964","8","0","0","0","36229","0","0","0","N","0","0","0","3","68J01","0","","1","01","N","N","0","","0","0","2","3","3","N","0911","1","2","0","0","0","1","0","1","0","2","N","","","","","","","","","","","","03","  ","","",""
"1950","0","0","0","0","0","0","0","0","0","7","0","","36","08","2018","2018082479","3","40.1235","-76.6311","1945","08","0","0","0","0","0","0","0","0","1","0","0","0","19","1","0","00","1","40 07:24.506","5","00","76 37:52.007","9","0","0","0","36237","0","0","0","N","0","0","0","1","36505","0","","5","01","N","N","0","","0","0","1","0","0","N","1944","0","1","0","0","0","0","1","1","0","1","N","","","","","","","","","","","","03","  ","","",""
"2135","1","0","0","0","0","0","0","0","0","9","0","","36","08","2018","2018082489","3","40.172","-76.5627","2056","08","0","0","0","0","0","0","0","0","","0","0","0","20","2","0","00","0","40 10:19.364","","00","76 33:45.789","0","0","0","0","36225","0","0","0","N","0","0","0","1","36505","0","","1","01","N","N","0","","0","0","0","0","0","N","2055","0","1","0","0","0","0","0","2","0","1","N","","","","","","","","","","","","03","  ","","",""
"0830","2","0","0","0","0","0","0","0","0","2","0","","36","08","2018","2018082497","4","40.038","-76.3516","0826","08","0","0","0","0","0","0","0","1","2","0","0","0","08","1","1","00","2","40 02:16.768","4","00","76 21:05.756","4","0","0","0","36214","0","0","0","N","0","0","0","3","36214","1","","1","01","N","N","0","","0","0","0","0","0","Y","0826","1","2","0","0","0","0","0","3","0","2","N","","","","","","","","","","","","03","  ","","",""
"1441","2","0","0","0","0","0","0","0","0","2","0","","36","08","2018","2018082498","2","40.0691","-76.3569","1434","08","0","0","0","0","0","2","0","0","1","0","0","0","14","1","2","01","1","40 04:08.816","1","00","76 21:24.786","3","0","0","0","36214","0","0","0","N","0","0","0","2","36214","0","","1","01","N","N","0","","2","0","0","3","2","Y","1430","2","2","0","0","0","0","0","3","0","2","N","","","","","","","","","","","","03","  ","","",""
"0949","1","0","0","0","0","0","0","0","0","1","0","","36","08","2018","2018082499","3","40.0538","-76.3596","0941","08","0","0","0","0","0","0","0","0","","0","0","0","09","1","0","00","0","40 03:13.859","","00","76 21:34.734","0","0","0","0","36214","0","0","0","N","0","0","0","5","36214","0","","1","01","N","N","0","","0","0","1","0","0","","0930","0","2","0","0","0","0","0","3","0","2","N","","","","","","","","","","","","03","  ","","",""
"1859","1","0","0","0","0","0","0","0","0","4","0","","36","07","2018","2018082500","5","39.983","-76.1852","1855","08","0","0","0","0","1","0","0","1","","0","0","0","18","1","1","02","0","39 58:58.873","","00","76 11:06.695","3","0","0","0","36417","0","0","0","N","0","0","0","2","36417","0","","1","01","N","N","0","","1","0","1","3","3","","1853","1","2","0","0","0","0","0","1","0","2","N","","","","","","","","","","","","03","  ","","",""
"1719","1","0","0","0","0","0","0","0","0","1","0","","36","07","2018","2018082505","3","40.1408","-76.2184","1713","08","0","0","0","0","1","0","0","0","","0","0","0","17","1","0","00","0","40 08:26.996","","00","76 13:06.063","0","0","0","0","36238","0","0","0","N","0","0","0","2","36238","0","","1","01","N","N","1","","0","0","0","0","0","N","1712","0","2","0","0","0","0","0","3","0","2","N","","","","","","","","","","","","03","  ","","",""