"ARRIVAL_TM","AUTOMOBILE_COUNT","BELTED_DEATH_COUNT","BELTED_SUSP_SERIOUS_INJ_COUNT","BICYCLE_COUNT","BICYCLE_DEATH_COUNT","BICYCLE_SUSP_SERIOUS_INJ_COUNT","BUS_COUNT","CHLDPAS_DEATH_COUNT","CHLDPAS_SUSP_SERIOUS_INJ_COUNT","COLLISION_TYPE","COMM_VEH_COUNT","CONS_ZONE_SPD_LIM","COUNTY","CRASH_MONTH","CRASH_YEAR","CRN","DAY_OF_WEEK","DEC_LAT","DEC_LONG","DISPATCH_TM","DISTRICT","DRIVER_COUNT_16YR","DRIVER_COUNT_17YR","DRIVER_COUNT_18YR","DRIVER_COUNT_19YR","DRIVER_COUNT_20YR","DRIVER_COUNT_50_64YR","DRIVER_COUNT_65_74YR","DRIVER_COUNT_75PLUS","EST_HRS_CLOSED","FATAL_COUNT","HEAVY_TRUCK_COUNT","HORSE_BUGGY_COUNT","HOUR_OF_DAY","ILLUMINATION","INJURY_COUNT","INTERSECT_TYPE","LANE_CLOSED","LATITUDE","LN_CLOSE_DIR","LOCATION_TYPE","LONGITUDE","MAX_SEVERITY_LEVEL","MCYCLE_DEATH_COUNT","MCYCLE_SUSP_SERIOUS_INJ_COUNT","MOTORCYCLE_COUNT","MUNICIPALITY","NONMOTR_COUNT","NONMOTR_DEATH_COUNT","NONMOTR_SUSP_SERIOUS_INJ_COUNT","NTFY_HIWY_MAINT","PED_COUNT","PED_DEATH_COUNT","PED_SUSP_SERIOUS_INJ_COUNT","PERSON_COUNT","POLICE_AGCY","POSSIBLE_INJ_COUNT","RDWY_SURF_TYPE_CD","RELATION_TO_ROAD","ROAD_CONDITION","SCH_BUS_IND","SCH_ZONE_IND","SMALL_TRUCK_COUNT","SPEC_JURIS_CD","SUSP_MINOR_INJ_COUNT","SUSP_SERIOUS_INJ_COUNT","SUV_COUNT","TCD_FUNC_CD","TCD_TYPE","TFC_DETOUR_IND","TIME_OF_DAY","TOT_INJ_COUNT","TOTAL_UNITS","UNB_DEATH_COUNT","UNB_SUSP_SERIOUS_INJ_COUNT","UNBELTED_OCC_COUNT","UNK_INJ_DEG_COUNT","UNK_INJ_PER_COUNT","URBAN_RURAL","VAN_COUNT","VEHICLE_COUNT","WORK_ZONE_IND","WORK_ZONE_LOC","WORK_ZONE_TYPE","WORKERS_PRES","WZ_CLOSE_DETOUR","WZ_FLAGGER","WZ_LAW_OFFCR_IND","WZ_LN_CLOSURE","WZ_MOVING","WZ_OTHER","WZ_SHLDER_MDN","ROADWAY_CLEARED","WEATHER1","WEATHER2","WZ_WORKERS_INJ_KILLED","SECONDARY_CRASH","INTERSECTION_RELATED"
"0937","1","0","0","0","0","0","0","0","0","4","0","","36","08","2018","2018082862","4","40.0463","-76.5142","0927","08","0","0","0","0","0","0","0","0","2","0","0","0","09","1","1","01","1","40 02:46.682","1","00","76 30:51.117","8","0","0","0","36239","0","0","0","N","0","0","0","2","36239","0","","1","01","N","N","0","","0","0","1","3","3","N","0927","1","2","0","0","0","1","0","3","0","2","N","","","","","","","","","","","","03","  ","","",""
"1532","0","0","0","0","0","0","0","0","0","0","0","","36","08","2018","2018082885","1","40.0755","-76.2317","1526","08","0","0","0","0","1","0","0","0","2","0","0","0","15","1","1","00","1","40 04:31.773","1","00","76 13:54.029","2","0","1","1","36215","0","0","0","N","0","0","0","1","36215","0","","5","01","N","N","0","","0","1","0","0","0","N","1524","1","1","0","0","0","0","0","1","0","1","N","","","","","","","","","","","","03","  ","","",""
"0753","1","0","0","0","0","0","0","0","0","8","0","","36","08","2018","2018082894","1","40.0525","-76.2991","0750","08","0","0","0","0","0","0","0","0","","0","0","0","07","1","1","00","0","40 03:09.100","","00","76 17:56.905","8","0","0","0","36301","1","0","0","N","1","0","0","2","36301","0","","1","01","N","N","0","","0","0","0","0","0","","0749","1","2","0","0","1","1","0","3","0","1","N","","","","","","","","","","","","03","  ","","",""
"0747","1","0","0","0","0","0","0","0","0","4","0","","36","08","2018","2018082905","5","40.1555","-76.3072","0743","08","0","1","0","0","0","0","1","0","1","0","0","0","07","1","0","01","1","40 09:19.746","4","00","76 18:26.032","0","0","0","0","36409","0","0","0","N","0","0","0","2","36409","0","","1","01","N","N","0","","0","0","1","3","2","N","0747","0","2","0","0","0","0","0","3","0","2","N","","","","","","","","","","","","03","  ","","",""
"1734","2","0","1","0","0","0","0","0","0","4","0","","36","07","2018","2018082922","7","40.0493","-76.2951","1731","08","0","0","0","0","0","0","0","0","1","0","0","0","17","1","2","01","1","40 02:57.379","5","00","76 17:42.226","2","0","0","0","36301","0","0","0","N","0","0","0","2","36301","0","","1","01","N","N","0","","1","1","0","3","3","Y","1731","2","2","0","0","0","0","0","3","0","2","N","","","","","","","","","","","","03","  ","","",""
"1227","1","0","0","0","0","0","0","0","0","7","0","","36","07","2018","2018082952","2","39.7686","-76.0693","1216","08","0","0","0","0","0","0","1","0","1","0","0","0","12","1","0","00","2","39 46:07.068","4","00","76 04:09.359","0","0","0","0","36222","0","0","0","N","0","0","0","2","68J01","0","","4","01","N","N","0","","0","0","0","0","0","N","1210","0","1","0","0","0","0","0","1","0","1","N","","","","","","","","","","","","03","  ","","",""
"1752","1","0","0","0","0","0","0","0","0","7","0","","36","07","2018","2018082964","5","39.9876","-76.0188","1746","08","0","0","0","0","0","0","0","0","","0","0","0","17","1","0","01","0","39 59:15.481","","00","76 01:07.852","0","0","0","0","36232","0","0","0","N","0","0","0","1","68J01","0","","5","01","N","N","0","","0","0","0","0","0","","1745","0","1","0","0","0","0","0","1","0","1","N","","","","","","","","","","","","03","  ","","",""
"1055","0","0","0","1","0","1","0","0","0","4","1","","36","07","2018","2018082977","2","40.0906","-75.9454","1045","08","0","0","0","0","0","1","0","0","2","0","1","0","09","1","1","02","2","40 05:26.257","5","00","75 56:43.263","2","0","0","0","36232","1","0","1","N","0","0","0","2","68J01","0","","1","01","N","N","0","","0","1","0","0","0","N","0943","1","2","0","0","0","0","0","1","0","1","N","","","","","","","","","","","","03","  ","","",""
"0535","0","0","0","0","0","0","0","0","0","7","0","","36","08","2018","2018082988","5","39.9554","-76.1685","0529","08","0","0","1","0","0","0","0","0","","0","0","0","05","2","0","00","0","39 57:19.380","","00","76 10:06.443","0","0","0","0","36233","0","0","0","N","0","0","0","1","68J01","0","","4","09","N","N","1","","0","0","0","0","0","","0528","0","1","0","0","0","0","0","1","0","1","N","","","","","","","","","","","","07","  ","","",""
"1235","1","0","0","0","0","0","0","0","0","4","0","","36","08","2018","2018083010","2","40.1964","-76.0175","1148","08","0","0","0","0","0","1","0","0","2","0","0","0","11","1","1","00","2","40 11:47.138","5","00","76 01:03.014","3","0","0","0","36202","0","0","0","N","0","0","0","2","68J01","0","","1","01","N","N","1","","1","0","0","0","0","Y","1147","1","2","0","0","0","0","0","1","0","2","N","","","","","","","","","","","","03","  ","","",""
"1614","1","0","0","0","0","0","0","0","0","7","0","","36","08","2018","2018083015","4","39.9684","-75.9892","1547","08","0","0","1","0","0","0","0","0","","0","0","0","15","1","0","00","0","39 58:06.410","","00","75 59:21.162","0","0","0","0","36231","0","0","0","N","0","0","0","1","68J01","0","","4","09","N","N","0","","0","0","0","0","0","","1543","0","1","0","0","0","0","0","1","0","1","N","","","","","","","","","","","","07","  ","","",""
"1411","1","0","0","0","0","0","0","0","0","1","0","","36","08","2018","2018083135","5","40.1253","-76.2143","1406","08","0","0","0","0","0","0","0","0","1","0","0","0","14","1","2","01","1","40 07:31.012","2","00","76 12:51.319","3","0","0","0","36238","0","0","0","N","0","0","0","2","36238","0","","1","01","N","N","0","","2","0","0","3","2","N","1404","2","2","0","0","1","0","0","3","1","2","N","","","","","","","","","","","","03","  ","","",""
"0604","2","0","0","0","0","0","0","0","0","5","0","","36","08","2018","2018083147","7","40.0445","-76.4899","0559","08","0","0","0","0","0","0","0","0","","0","0","0","05","1","0","00","0","40 02:40.278","","00","76 29:23.490","0","0","0","0","36404","0","0","0","N","0","0","0","1","36404","0","","2","09","N","N","0","","0","0","0","0","0","N","0558","0","2","0","0","0","0","0","3","0","2","N","","","","","","","","","","","","98","  ","","",""
"1645","1","0","0","0","0","0","0","0","0","7","0","","36","08","2018","2018083168","2","39.9991","-76.2441","1635","08","0","0","0","0","0","0","0","0","","0","0","0","16","1","0","00","0","39 59:56.873","","00","76 14:38.631","0","0","0","0","36240","0","0","0","N","0","0","0","1","36240","0","","4","01","N","N","0","","0","0","0","0","0","","1630","0","1","0","0","0","0","0","1","0","1","N","","","","","","","","","","","","03","  ","","",""
"1726","0","0","0","0","0","0","0","0","0","4","0","","36","08","2018","2018083169","5","40.2085","-76.1366","1725","08","0","0","0","0","0","0","0","0","2","0","0","0","17","1","1","00","1","40 12:30.507","5","00","76 08:11.865","2","0","1","1","36210","0","0","0","N","0","0","0","2","36210","0","","1","01","N","N","0","","0","1","1","3","3","N","1724","1","2","0","0","0","0","0","1","0","2","N","","","","","","","","","","","","03","  ","","",""
"2119","0","0","0","0","0","0","0","0","0","9","0","","36","08","2018","2018083184","1","40.1356","-76.2197","2119","08","0","0","0","0","0","0","0","0","","0","0","0","21","2","0","00","0","40 08:08.127","","00","76 13:10.913","0","0","0","0","36238","0","0","0","N","0","0","0","1","36238","0","","1","01","N","N","1","","0","0","0","0","0","","2115","0","1","0","0","0","0","0","3","0","1","N","","","","","","","","","","","","03","  ","","",""
"2150","1","0","0","0","0","0","0","0","0","4","0","","36","07","2018","2018083185","3","40.1309","-76.2172","2150","08","0","0","0","0","1","0","0","0","2","0","0","0","21","2","1","01","1","40 07:51.556","7","00","76 13:01.609","8","0","0","0","36238","0","0","0","N","0","0","0","2","36238","0","","1","01","N","N","0","","0","0","1","3","2","Y","2150","1","2","0","0","0","1","0","3","0","2","N","","","","","","","","","","","","03","  ","","",""
"1948","1","0","0","0","0","0","0","0","0","7","0","","36","07","2018","2018083213","2","40.218","-76.0589","1838","08","0","0","0","1","0","0","0","0","","0","0","0","18","1","0","00","0","40 13:04.644","","00","76 03:31.985","0","0","0","0","36202","0","0","0","N","0","0","0","1","68J01","0","","4","09","N","N","0","","0","0","0","0","0","","1836","0","1","0","0","0","0","0","1","0","1","N","","","","","","","","","","","","03","  ","","",""
"1845","1","0","0","0","0","0","0","0","0","7","0","","36","08","2018","2018083224","6","40.2097","-76.0282","1838","08","0","0","0","0","0","0","0","0","","0","0","0","18","1","0","00","0","40 12:34.920","","00","76 01:41.904","0","0","0","0","36202","0","0","0","N","0","0","0","1","68T06","0","","2","09","N","N","0","","0","0","0","0","0","","1837","0","1","0","0","0","0","0","1","0","1","N","","","","","","","","","","","","07","  ","","",""
"2354","2","0","0","0","0","0","0","0","0","1","0","","36","08","2018","2018083270","4","40.0669","-76.3044","2353","08","0","0","1","0","0","0","0","0","1","0","0","0","23","3","2","00","1","40 04:00.689","2","00","76 18:15.730","3","0","0","0","36101","0","0","0","N","0","0","0","3","36101","0","","1","09","N","N","0","","2","0","0","3","2","N","2351","2","2","0","0","0","0","0","3","0","2","N","","","","","","","","","","","","07","  ","","",""
"0839","3","0","0","0","0","0","0","0","0","1","0","35","36","08","2018","2018083271","5","40.0609","-76.336","0833","08","0","0","0","0","0","0","1","0","","0","0","0","08","1","1","00","0","40 03:39.296","","00","76 20:09.708","4","0","0","0","36101","0","0","0","N","0","0","0","3","36101","1","","1","01","N","N","0","","0","0","0","3","2","","0830","1","3","0","0","0","0","0","3","0","3","Y","4","1","Y","N","N","N","N","N","N","Y","","03","  ","","",""
"1740","1","0","0","0","0","0","0","0","0","0","0","","36","08","2018","2018083272","7","40.0697","-76.3087","1734","08","0","0","0","0","0","0","0","0","","0","0","0","17","1","0","00","0","40 04:10.790","","00","76 18:31.467","0","0","0","0","36101","0","0","0","N","0","0","0","1","36101","0","","1","01","N","N","0","","0","0","0","0","0","","1730","0","1","0","0","0","0","0","3","0","1","N","","","","","","","","","","","","03","  ","","",""
"0104","0","0","0","0","0","0","0","0","0","7","0","","36","08","2018","2018083273","7","40.0065","-76.4277","0056","08","0","0","0","0","0","0","0","0","3","0","1","0","00","2","0","00","2","40 00:23.416","5","00","76 25:39.730","0","0","0","0","36223","0","0","0","N","0","0","0","1","36223","0","","2","09","N","N","0","","0","0","0","0","0","Y","0052","0","1","0","0","0","0","0","1","0","1","N","","","","","","","","","","","","07","  ","","",""
"1355","1","0","0","0","0","0","0","0","0","7","0","","36","08","2018","2018083287","5","40.0267","-76.3201","1351","08","0","0","0","0","0","1","0","0","","0","0","0","13","1","1","01","0","40 01:35.975","","00","76 19:12.417","3","0","0","0","36301","0","0","0","N","0","0","0","1","36301","0","","5","01","N","N","0","","1","0","0","0","0","","1349","1","1","0","0","0","0","0","3","0","1","N","","","","","","","","","","","","03","  ","","",""
"1305","0","0","0","0","0","0","0","0","0","4","0","","36","08","2018","2018083295","3","40.0668","-76.328","1255","08","0","0","0","0","0","1","0","1","","0","0","0","12","1","0","02","0","40 04:00.391","","00","76 19:40.951","0","0","0","0","36301","0","0","0","N","0","0","0","2","36301","0","","1","01","N","N","0","","0","0","1","3","3","","1254","0","2","0","0","0","0","0","3","1","2","N","","","","","","","","","","","","03","  ","","",""
"0809","1","0","1","0","0","0","0","0","0","6","1","","36","07","2018","2018083367","1","39.7743","-76.1204","0748","08","0","0","0","0","0","2","0","0","2","0","1","0","07","1","2","00","2","39 46:27.546","5","00","76 07:13.293","2","0","0","0","36222","0","0","0","N","0","0","0","3","68J01","0","","1","09","N","N","0","","1","1","0","0","0","Y","0743","2","2","0","0","0","0","0","1","0","2","N","","","","","","","","","","","","03","  ","","",""
"0148","0","0","0","0","0","0","0","0","0","7","1","","36","07","2018","2018083374","4","40.2294","-76.4282","0115","08","0","0","0","0","0","0","0","0","2","0","1","0","01","3","0","00","1","40 13:46.168","3","00","76 25:44.659","0","0","0","0","36230","0","0","0","N","0","0","0","1","68T06","0","","2","09","N","N","0","","0","0","0","0","0","N","0115","0","1","0","0","0","0","0","1","0","1","N","","","","","","","","","","","","07","  ","","",""
"1310","0","0","0","0","0","0","0","0","0","7","0","","36","08","2018","2018083414","3","40.0322","-76.4669","1253","08","0","0","0","0","0","0","0","0","2","0","0","0","12","1","1","00","2","40 01:56.030","6","00","76 28:00.918","8","0","0","0","36239","0","0","0","N","0","0","0","1","36239","0","","2","01","N","N","0","","0","0","1","0","0","Y","1253","1","1","0","0","0","1","0","3","0","1","N","","","","","","","","","","","","03","  ","","",""
"1629","1","0","0","0","0","0","0","0","0","1","0","","36","08","2018","2018083434","6","40.0319","-76.4908","1625","08","0","0","0","0","0","2","0","0","1","0","0","0","16","1","1","00","1","40 01:54.940","3","00","76 29:26.918","8","0","0","0","36404","0","0","0","N","0","0","0","3","36404","0","","1","01","N","N","0","","0","0","0","0","0","Y","1625","1","2","0","0","1","1","0","3","1","2","N","","","","","","","","","","","","03","  ","","",""
"2258","1","0","0","0","0","0","0","0","0","7","0","","36","08","2018","2018083440","4","40.089","-76.3556","2251","08","0","0","0","0","0","0","0","0","1","0","0","0","22","2","1","00","1","40 05:20.230","2","00","76 21:20.110","3","0","0","0","36214","0","0","0","N","0","0","0","1","36214","0","","4","09","N","N","0","","1","0","0","0","0","N","2250","1","1","0","0","0","0","0","3","0","1","N","","","","","","","","","","","","07","  ","","",""
"0331","2","0","0","0","0","0","0","0","0","1","0","","36","08","2018","2018083441","5","40.0623","-76.3686","0324","08","0","0","0","0","0","1","0","0","","0","0","0","03","2","0","00","0","40 03:44.370","","00","76 22:07.010","0","0","0","0","36214","0","0","0","N","0","0","0","1","36214","0","","1","01","N","N","0","","0","0","0","0","0","","0324","0","2","0","0","0","0","0","3","0","2","N","","","","","","","","","","","","03","  ","","",""
"0113","1","0","0","0","0","0","0","0","0","7","0","","36","07","2018","2018083443","7","40.0747","-76.2418","0059","08","0","0","0","0","0","0","0","0","","0","0","0","00","3","0","00","0","40 04:29.020","","00","76 14:30.340","9","0","0","0","36215","0","0","0","N","0","0","0","1","36215","0","","2","01","N","N","0","","0","0","0","0","0","","0000","0","1","0","0","0","0","1","1","0","1","N","","","","","","","","","","","","03","  ","","",""
"1805","1","0","0","0","0","0","0","0","0","8","0","","36","08","2018","2018083485","6","40.1712","-76.1253","1755","08","0","0","0","0","0","1","0","0","","0","0","0","17","1","1","00","0","40 10:16.478","","00","76 07:30.931","3","0","0","0","36218","1","0","0","N","1","0","0","2","36408","0","","5","01","N","N","0","","1","0","0","0","0","","1755","1","2","0","0","0","0","0","1","0","1","N","","","","","","","","","","","","03","  ","","",""
"2320","1","0","0","0","0","0","0","0","0","1","0","","36","08","2018","2018083549","5","40.1647","-76.1568","2314","08","0","0","0","1","0","0","0","0","","0","0","0","23","2","0","00","0","40 09:53.049","","07","76 09:24.303","0","0","0","0","36218","0","0","0","N","0","0","0","3","36408","0","","1","01","N","N","1","","0","0","0","0","0","","2310","0","2","0","0","0","0","0","1","0","2","N","","","","","","","","","","","","03","  ","","",""
"2056","1","0","0","1","0","0","0","0","0","4","0","","36","08","2018","2018083559","2","40.0848","-76.3075","2054","08","0","0","0","0","0","1","0","0","","0","0","0","20","3","1","02","0","40 05:05.120","","00","76 18:26.917","3","0","0","0","36101","1","0","0","N","0","0","0","2","36101","0","","2","01","N","N","0","","1","0","0","3","3","","2054","1","2","0","0","0","0","0","3","0","1","N","","","","","","","","","","","","03","  ","","",""
"1040","1","0","0","0","0","0","0","0","0","5","1","","36","08","2018","2018083577","6","40.1531","-76.607","1030","08","0","0","0","0","0","0","0","0","","0","1","0","10","1","0","00","0","40 09:11.128","","00","76 36:25.282","0","0","0","0","36407","0","0","0","N","0","0","0","1","36407","0","","6","01","N","N","0","","0","0","0","0","0","","1030","0","2","0","0","0","0","0","2","0","2","N","","","","","","","","","","","","03","  ","","",""
"1454","2","0","0","0","0","0","0","0","0","4","0","","36","08","2018","2018083609","6","40.1389","-76.2223","1444","08","1","0","0","0","0","0","0","0","2","0","0","0","14","1","3","01","1","40 08:20.182","6","00","76 13:20.414","3","0","0","0","36238","0","0","0","N","0","0","0","3","36238","2","","1","01","N","N","0","","1","0","0","0","0","N","1443","3","2","0","0","0","0","0","3","0","2","N","","","","","","","","","","","","03","  ","","",""
"0848","1","0","0","0","0","0","0","0","0","1","0","","36","08","2018","2018083622","6","40.1243","-76.214","0845","08","0","0","0","0","0","1","0","0","","0","0","0","08","1","0","00","0","40 07:27.513","","00","76 12:50.452","0","0","0","0","36238","0","0","0","N","0","0","0","4","36238","0","","1","01","N","N","1","","0","0","0","0","0","","0843","0","2","0","0","0","0","0","3","0","2","N","","","","","","","","","","","","03","  ","","",""
"1217","0","0","0","0","0","0","0","0","0","0","0","","36","07","2018","2018083629","4","40.1333","-75.9647","1154","08","0","0","0","0","0","0","0","0","2","0","0","0","11","1","2","02","2","40 07:59.728","3","00","75 57:52.783","8","0","0","1","36203","0","0","0","N","0","0","0","2","68J01","0","","1","01","N","N","0","","0","0","0","3","3","N","1153","2","1","0","0","0","2","0","1","0","1","N","","","","","","","","","","","","03","  ","","",""
"1710","0","0","0","0","0","0","0","0","0","7","0","","36","07","2018","2018083633","7","40.2442","-76.1611","1702","08","0","0","0","0","0","0","0","0","","0","0","0","17","1","0","00","0","40 14:39.035","","00","76 09:38.570","0","0","0","0","36236","0","0","0","N","0","0","0","1","68T06","0","","4","09","N","N","0","","0","0","0","0","0","","1700","0","1","0","0","0","0","0","1","1","1","N","","","","","","","","","","","","07","  ","","",""
"1914","1","0","0","0","0","0","0","0","0","9","0","","36","07","2018","2018083639","6","40.2436","-76.2985","1859","08","0","0","0","0","0","0","0","1","2","0","0","0","18","1","1","00","2","40 14:36.946","5","00","76 17:54.679","3","0","0","0","36217","0","0","0","N","0","0","0","1","68J01","0","","1","01","N","N","0","","1","0","0","0","0","Y","1857","1","1","0","0","0","0","0","1","0","1","N","","","","","","","","","","","","07","  ","","",""
"1603","1","0","0","0","0","0","0","0","0","4","0","","36","07","2018","2018083641","3","39.8825","-76.249","1557","08","1","0","0","0","0","1","0","0","1","0","0","0","15","1","1","01","1","39 52:56.953","7","00","76 14:56.565","3","0","0","0","36229","0","0","0","N","0","0","0","2","68J01","0","","1","01","N","N","0","","1","0","1","3","3","N","1556","1","2","0","0","0","0","0","1","0","2","N","","","","","","","","","","","","03","  ","","",""
"1830","1","0","0","0","0","0","0","0","0","0","0","","36","08","2018","2018083648","7","40.15","-75.9815","1819","08","0","0","0","0","0","1","0","0","1","0","0","0","18","1","2","02","2","40 09:00.122","6","00","75 58:53.245","3","0","0","1","36203","0","0","0","N","0","0","0","3","68J01","0","","1","01","N","N","0","","1","0","0","0","0","Y","1817","2","2","0","0","0","1","0","1","0","2","N","","","","","","","","","","","","03","  ","","",""
"1929","1","0","0","0","0","0","0","0","0","7","0","","36","08","2018","2018083649","7","39.938","-76.1583","1910","08","0","0","0","0","0","0","0","0","3","0","0","0","19","1","0","00","2","39 56:16.920","6","00","76 09:29.700","0","0","0","0","36233","0","0","0","N","0","0","0","1","68J01","0","","4","01","N","N","0","","0","0","0","0","0","Y","1907","0","1","0","0","0","0","0","1","0","1","N","","","","","","","","","","","","03","  ","","",""
"2135","1","0","0","0","0","0","0","0","0","1","0","","36","08","2018","2018083651","1","40.2282","-76.3077","2103","08","2","0","0","0","0","0","0","0","","0","0","0","21","3","0","00","0","40 13:41.495","","00","76 18:27.741","0","0","0","0","36217","0","0","0","N","0","0","0","4","68J01","0","","1","01","N","N","1","","0","0","0","0","0","","2100","0","2","0","0","0","0","0","1","0","2","N","","","","","","","","","","","","03","  ","","",""
"0135","0","0","0","0","0","0","0","0","0","7","0","","36","08","2018","2018083659","5","39.9884","-75.982","0122","08","0","0","0","0","1","0","0","0","","0","0","0","01","2","0","00","0","39 59:18.317","","00","75 58:55.352","0","0","0","0","36231","0","0","0","N","0","0","0","1","68J01","0","","4","09","N","N","0","","0","0","1","0","0","","0121","0","1","0","0","0","0","0","1","0","1","N","","","","","","","","","","","","07","  ","","",""
"1556","0","0","0","0","0","0","0","0","0","1","0","","36","08","2018","2018083663","5","39.7898","-76.1841","1534","08","0","0","0","0","0","0","0","0","","0","0","0","15","1","0","00","0","39 47:23.388","","00","76 11:02.734","9","0","0","0","36219","0","0","0","N","0","0","0","2","68J01","0","","1","01","N","N","1","","0","0","1","0","0","","1510","0","2","0","0","0","0","1","1","0","2","N","","","","","","","","","","","","03","  ","","",""
"2106","0","0","0","0","0","0","0","0","0","9","0","","36","08","2018","2018083664","5","39.9044","-76.2913","2045","08","0","0","1","0","0","0","0","0","","0","0","0","20","2","0","00","0","39 54:15.690","","00","76 17:28.670","0","0","0","0","36224","0","0","0","N","0","0","0","1","68J01","0","","1","01","N","N","1","","0","0","0","0","0","","2022","0","1","0","0","1","0","0","1","0","1","N","","","","","","","","","","","","03","  ","","",""
"0745","1","0","0","0","0","0","0","0","0","1","0","","36","08","2018","2018083705","2","40.0945","-76.3291","0742","08","0","0","0","0","0","0","0","0","2","0","0","0","07","1","1","00","1","40 05:40.284","1","00","76 19:44.662","4","0","0","0","36101","0","0","0","N","0","0","0","3","36101","1","","1","01","N","N","1","","0","0","1","3","2","N","0740","1","3","0","0","0","0","0","3","0","3","N","","","","","","","","","","","","03","  ","","",""
"1925","1","0","0","0","0","0","0","0","0","7","0","","36","08","2018","2018083706","3","40.0687","-76.2883","1925","08","0","0","0","0","0","0","0","0","","0","0","0","19","1","1","00","0","40 04:07.330","","02","76 17:17.809","4","0","0","0","36101","0","0","0","N","0","0","0","2","36101","1","","5","09","N","N","0","","0","0","0","0","0","","1922","1","1","0","0","0","0","0","3","0","1","N","","","","","","","","","","","","07","  ","","",""
"0056","1","0","0","0","0","0","0","0","0","4","0","","36","07","2018","2018083759","1","40.0358","-76.3022","0046","08","0","0","0","0","0","0","0","0","2","0","0","0","00","3","0","00","1","40 02:08.908","1","00","76 18:07.993","0","0","0","0","36301","0","0","0","N","0","0","0","1","36301","0","","4","01","N","N","0","","0","0","2","0","0","N","0034","0","3","0","0","0","0","0","3","0","3","N","","","","","","","","","","","","03","  ","","",""
"0301","2","0","0","0","0","0","0","0","0","5","0","","36","08","2018","2018083762","7","40.0376","-76.3177","0259","08","0","0","0","0","0","0","0","0","2","0","0","0","02","3","1","00","2","40 02:15.524","3","00","76 19:03.793","8","0","0","0","36301","0","0","0","N","0","0","0","1","36301","0","","6","01","","","0","","0","0","0","0","0","Y","0256","1","2","0","0","0","1","0","3","0","2","N","","","","","","","","","","","","03","  ","","",""
"1926","2","0","0","0","0","0","0","0","0","4","0","","36","08","2018","2018083812","6","40.0251","-76.3039","1921","08","0","0","1","1","0","0","0","0","","0","0","0","19","1","0","01","0","40 01:30.378","","00","76 18:14.198","0","0","0","0","36301","0","0","0","N","0","0","0","4","36301","0","","1","01","N","N","0","","0","0","0","3","3","","1919","0","2","0","0","0","0","0","3","0","2","N","","","","","","","","","","","","03","  ","","",""
"2243","1","0","0","0","0","0","0","0","0","7","0","","36","08","2018","2018083834","7","39.9991","-76.2647","2238","08","0","0","0","0","0","0","0","0","2","0","0","0","22","2","1","02","2","39 59:56.924","7","00","76 15:52.767","3","0","0","0","36240","0","0","0","N","0","0","0","2","36240","0","","5","01","N","N","0","","1","0","0","3","3","Y","2237","1","1","0","0","0","0","0","1","0","1","N","","","","","","","","","","","","03","  ","","",""
"1112","0","0","0","0","0","0","0","0","0","5","1","","36","08","2018","2018083856","2","","","1111","08","0","0","0","0","0","2","0","0","3","0","1","0","11","1","1","00","1","","1","00","","3","0","0","0","36218","0","0","0","N","0","0","0","4","36408","0","","1","01","N","N","0","","1","0","2","0","0","N","1105","1","3","0","0","1","0","0","1","0","3","N","","","","","","","","","","","","03","  ","","",""
"1531","1","0","0","0","0","0","0","0","0","4","0","","36","08","2018","2018083872","3","40.0503","-76.2916","1525","08","0","0","0","0","0","0","0","0","2","0","0","0","15","1","1","00","2","40 03:01.065","6","00","76 17:29.757","3","0","0","0","36301","0","0","0","N","0","0","0","1","36301","0","","1","01","N","N","0","","1","0","0","0","0","Y","1525","1","2","0","0","0","0","0","3","1","2","N","","","","","","","","","","","","03","  ","","",""
"1320","2","0","0","0","0","0","0","0","0","4","0","","36","08","2018","2018083873","7","40.1297","-76.3048","1315","08","0","0","0","0","0","0","0","0","","0","0","0","13","1","0","01","0","40 07:47.006","","00","76 18:17.258","0","0","0","0","36235","0","0","0","N","0","0","0","2","36506","0","","1","01","N","N","0","","0","0","0","0","0","","1315","0","2","0","0","0","0","0","1","0","2","N","","","","","","","","","","","","03","  ","","",""
"0719","0","0","0","0","0","0","0","0","0","4","0","","36","07","2018","2018083887","3","40.0392","-76.0644","0705","08","0","0","0","0","0","0","0","0","2","0","0","0","06","1","0","01","2","40 02:20.980","6","00","76 03:51.790","0","0","0","0","36234","0","0","0","N","0","0","0","2","68J01","0","","1","01","N","N","0","","0","0","0","3","3","Y","0654","0","2","0","0","0","0","0","1","2","2","N","","","","","","","","","","","","03","  ","","",""
"1530","2","0","0","0","0","0","0","0","0","4","0","","36","08","2018","2018083907","5","40.0392","-76.0644","1515","08","0","0","0","1","0","1","0","0","","0","0","0","15","1","2","02","0","40 02:21.008","","00","76 03:51.801","3","0","0","0","36221","0","0","0","N","0","0","0","4","68J01","0","","1","01","N","N","0","","2","0","0","3","3","","1506","2","2","0","0","0","0","0","1","0","2","N","","","","","","","","","","","","03","  ","","",""
"1326","2","0","1","0","0","0","0","0","0","4","0","","36","08","2018","2018083947","3","40.0698","-76.3168","1324","08","0","0","0","0","0","1","1","0","2","0","0","0","13","1","3","01","1","40 04:11.407","7","00","76 19:01.471","2","0","0","0","36101","0","0","0","N","0","0","0","4","36101","0","","1","01","N","N","0","","2","1","1","3","2","N","1320","3","3","0","0","0","0","0","3","0","3","N","","","","","","","","","","","","03","  ","","",""