"ARRIVAL_TM","AUTOMOBILE_COUNT","BELTED_DEATH_COUNT","BELTED_SUSP_SERIOUS_INJ_COUNT","BICYCLE_COUNT","BICYCLE_DEATH_COUNT","BICYCLE_SUSP_SERIOUS_INJ_COUNT","BUS_COUNT","CHLDPAS_DEATH_COUNT","CHLDPAS_SUSP_SERIOUS_INJ_COUNT","COLLISION_TYPE","COMM_VEH_COUNT","CONS_ZONE_SPD_LIM","COUNTY","CRASH_MONTH","CRASH_YEAR","CRN","DAY_OF_WEEK","DEC_LAT","DEC_LONG","DISPATCH_TM","DISTRICT","DRIVER_COUNT_16YR","DRIVER_COUNT_17YR","DRIVER_COUNT_18YR","DRIVER_COUNT_19YR","DRIVER_COUNT_20YR","DRIVER_COUNT_50_64YR","DRIVER_COUNT_65_74YR","DRIVER_COUNT_75PLUS","EST_HRS_CLOSED","FATAL_COUNT","HEAVY_TRUCK_COUNT","HORSE_BUGGY_COUNT","HOUR_OF_DAY","ILLUMINATION","INJURY_COUNT","INTERSECT_TYPE","LANE_CLOSED","LATITUDE","LN_CLOSE_DIR","LOCATION_TYPE","LONGITUDE","MAX_SEVERITY_LEVEL","MCYCLE_DEATH_COUNT","MCYCLE_SUSP_SERIOUS_INJ_COUNT","MOTORCYCLE_COUNT","MUNICIPALITY","NONMOTR_COUNT","NONMOTR_DEATH_COUNT","NONMOTR_SUSP_SERIOUS_INJ_COUNT","NTFY_HIWY_MAINT","PED_COUNT","PED_DEATH_COUNT","PED_SUSP_SERIOUS_INJ_COUNT","PERSON_COUNT","POLICE_AGCY","POSSIBLE_INJ_COUNT","RDWY_SURF_TYPE_CD","RELATION_TO_ROAD","ROAD_CONDITION","SCH_BUS_IND","SCH_ZONE_IND","SMALL_TRUCK_COUNT","SPEC_JURIS_CD","SUSP_MINOR_INJ_COUNT","SUSP_SERIOUS_INJ_COUNT","SUV_COUNT","TCD_FUNC_CD","TCD_TYPE","TFC_DETOUR_IND","TIME_OF_DAY","TOT_INJ_COUNT","TOTAL_UNITS","UNB_DEATH_COUNT","UNB_SUSP_SERIOUS_INJ_COUNT","UNBELTED_OCC_COUNT","UNK_INJ_DEG_COUNT","UNK_INJ_PER_COUNT","URBAN_RURAL","VAN_COUNT","VEHICLE_COUNT","WORK_ZONE_IND","WORK_ZONE_LOC","WORK_ZONE_TYPE","WORKERS_PRES","WZ_CLOSE_DETOUR","WZ_FLAGGER","WZ_LAW_OFFCR_IND","WZ_LN_CLOSURE","WZ_MOVING","WZ_OTHER","WZ_SHLDER_MDN","ROADWAY_CLEARED","WEATHER1","WEATHER2","WZ_WORKERS_INJ_KILLED","SECONDARY_CRASH","INTERSECTION_RELATED"
"2252","1","0","0","0","0","0","0","0","0","7","0","","36","08","2018","2018083948","6","40.0604","-76.3613","2252","08","0","0","0","0","0","0","0","0","2","0","0","0","22","3","3","00","1","40 03:37.524","4","00","76 21:40.661","2","0","0","0","36214","0","0","0","N","0","0","0","4","36214","0","","3","01","N","N","0","","2","1","0","0","0","N","2251","3","1","0","1","3","0","0","3","0","1","N","","","","","","","","","","","","03","  ","","",""
"2151","2","0","0","0","0","0","0","0","0","1","0","","36","08","2018","2018084081","6","40.0544","-76.3267","2145","08","0","0","0","0","0","0","0","0","","0","0","0","21","3","1","00","0","40 03:15.989","","00","76 19:36.200","3","0","0","0","36101","0","0","0","N","0","0","0","6","36101","0","","1","01","N","N","0","","1","0","0","0","0","","2144","1","2","0","0","0","0","1","3","0","2","N","","","","","","","","","","","","03","  ","","",""
"0504","2","0","0","0","0","0","0","0","0","4","0","","36","07","2018","2018084103","6","40.1309","-76.2172","0502","08","0","0","0","0","0","1","0","0","2","0","0","0","05","2","3","01","1","40 07:51.556","4","00","76 13:01.609","3","0","0","0","36238","0","0","0","N","0","0","0","3","36238","0","","1","01","N","N","0","","3","0","0","3","2","Y","0500","3","2","0","0","0","0","0","3","0","2","N","","","","","","","","","","","","03","  ","","",""
"1342","1","0","0","0","0","0","0","0","0","4","0","","36","08","2018","2018084141","6","39.9666","-76.2956","1337","08","0","0","0","0","1","1","0","0","2","0","0","0","13","1","2","00","1","39 57:59.700","4","00","76 17:44.000","3","0","0","0","36228","0","0","0","N","0","0","0","2","36503","0","","1","01","N","N","0","","2","0","1","0","0","N","1335","2","2","0","0","0","0","0","1","0","2","N","","","","","","","","","","","","03","  ","","",""
"1846","2","0","0","0","0","0","0","0","0","4","0","","36","08","2018","2018084273","3","40.0194","-76.3206","1841","08","0","0","0","0","0","0","0","0","2","0","0","0","18","1","1","00","1","40 01:09.920","1","00","76 19:14.010","3","0","0","0","36220","0","0","0","N","0","0","0","1","36101","0","","2","01","N","N","0","","1","0","0","0","0","N","1839","1","2","0","0","0","0","0","3","0","2","N","","","","","","","","","","","","03","  ","","",""
"1808","0","0","0","0","0","0","0","0","0","4","0","","36","08","2018","2018084274","1","40.0685","-76.3074","1804","08","0","0","0","0","0","1","1","0","3","0","0","0","18","1","3","01","1","40 04:06.527","1","00","76 18:26.750","3","0","0","0","36101","0","0","0","N","0","0","0","4","36101","0","","1","01","N","N","0","","2","0","2","3","2","N","1800","3","2","0","0","0","1","0","3","0","2","N","","","","","","","","","","","","03","  ","","",""
"0024","2","0","0","0","0","0","0","0","0","4","0","","36","08","2018","2018084275","7","40.0403","-76.245","0020","08","0","1","0","0","0","0","0","0","1","0","0","0","00","3","0","02","1","40 02:25.231","4","00","76 14:41.992","0","0","0","0","36215","0","0","0","N","0","0","0","3","36215","0","","1","01","N","N","0","","0","0","0","0","0","N","0018","0","2","0","0","0","0","0","1","0","2","N","","","","","","","","","","","","03","  ","","",""
"1602","0","0","0","0","0","0","0","0","0","4","0","","36","08","2018","2018084318","6","40.0494","-76.3914","1540","08","0","0","0","0","0","0","0","0","","0","0","0","15","1","0","00","0","40 02:57.900","","07","76 23:29.200","0","0","0","0","36214","0","0","0","N","0","0","0","2","36214","0","","1","01","N","N","0","","0","0","1","0","0","","1540","0","2","0","0","0","0","0","3","1","2","N","","","","","","","","","","","","03","  ","","",""
"1522","0","0","0","0","0","0","0","0","0","1","0","","36","08","2018","2018084321","2","39.9751","-76.2473","1519","08","0","0","0","0","0","0","0","0","2","0","0","0","15","1","0","01","1","39 58:30.378","6","00","76 14:50.447","0","0","0","0","36240","0","0","0","N","0","0","0","5","36240","0","","1","01","N","N","0","","0","0","1","3","2","Y","1518","0","2","0","0","0","0","0","1","1","2","N","","","","","","","","","","","","03","  ","","",""
"0508","0","0","0","0","0","0","0","0","0","7","0","","36","08","2018","2018084324","2","40.0849","-76.3533","0456","08","0","0","0","0","0","0","0","0","1","0","0","0","04","2","0","00","2","40 05:05.503","5","00","76 21:11.766","0","0","0","0","36214","0","0","0","N","0","0","0","1","36214","0","","5","09","N","N","0","","0","0","0","0","0","Y","0455","0","1","0","0","0","0","0","3","1","1","N","","","","","","","","","","","","07","  ","","",""
"2113","1","0","0","0","0","0","0","0","0","2","0","","36","08","2018","2018084481","2","40.2093","-76.4652","2107","08","0","0","0","0","0","1","0","1","2","0","0","0","21","2","1","02","1","40 12:33.399","6","00","76 27:54.582","8","0","0","0","36230","0","0","0","N","0","0","0","3","36410","0","","1","01","N","N","0","","0","0","1","0","0","Y","2107","1","2","0","0","0","1","0","1","0","2","N","","","","","","","","","","","","03","  ","","",""
"1529","1","0","0","0","0","0","0","0","0","7","0","","36","08","2018","2018084492","3","40.0718","-76.4096","1522","08","0","0","0","0","0","0","1","0","2","0","0","0","15","1","1","00","2","40 04:18.388","2","00","76 24:34.507","8","0","0","0","36214","0","0","0","N","0","0","0","1","36214","0","","4","01","N","N","0","","0","0","0","0","0","N","1518","1","1","0","0","0","1","0","3","0","1","N","","","","","","","","","","","","03","  ","","",""
"0902","1","0","0","0","0","0","0","0","0","4","0","","36","08","2018","2018084493","4","40.1251","-76.4701","0854","08","0","0","0","0","0","0","1","0","2","0","0","0","08","1","0","00","1","40 07:30.409","4","00","76 28:12.297","9","0","0","0","36230","0","0","0","N","0","0","0","2","36410","0","","1","09","N","N","0","","0","0","1","0","0","N","0851","0","2","0","0","0","0","1","1","0","2","N","","","","","","","","","","","","03","  ","","",""
"1600","0","0","0","0","0","0","0","0","0","2","0","","36","08","2018","2018084494","5","40.1661","-76.3976","1557","08","0","0","0","0","0","1","0","0","2","0","0","0","15","1","1","00","2","40 09:57.883","5","00","76 23:51.320","4","0","0","0","36410","0","0","0","N","0","0","0","2","36410","1","","1","01","N","N","1","","0","0","1","0","0","Y","1557","1","2","0","0","0","0","0","2","0","2","N","","","","","","","","","","","","03","  ","","",""
"1700","1","0","0","0","0","0","0","0","0","7","0","","36","08","2018","2018084495","3","40.1415","-76.4637","1655","08","0","0","0","0","0","0","0","0","2","0","0","0","16","1","1","00","2","40 08:29.300","5","00","76 27:49.240","8","0","0","0","36230","0","0","0","N","0","0","0","1","36410","0","","2","01","N","N","0","","0","0","0","0","0","Y","1652","1","1","0","0","0","1","0","1","0","1","N","","","","","","","","","","","","03","  ","","",""
"1054","1","0","0","0","0","0","0","0","0","1","0","","36","08","2018","2018084496","6","40.2","-76.421","1047","08","0","0","0","0","0","0","1","0","","0","0","0","10","1","0","01","0","40 11:59.848","","00","76 25:15.755","0","0","0","0","36230","0","0","0","N","0","0","0","2","36410","0","","1","01","N","N","0","","0","0","1","0","0","","1045","0","2","0","0","0","0","0","1","0","2","N","","","","","","","","","","","","03","  ","","",""
"1226","2","0","0","0","0","0","0","0","0","1","0","","36","08","2018","2018084563","5","40.0319","-76.4897","1226","08","0","0","0","0","0","1","0","0","1","0","0","0","12","1","0","00","2","40 01:54.795","6","00","76 29:22.964","0","0","0","0","36404","0","0","0","N","0","0","0","1","36404","0","","2","01","N","N","0","","0","0","0","0","0","Y","1224","0","2","0","0","0","0","0","3","0","2","N","","","","","","","","","","","","03","  ","","",""
"0720","0","0","0","0","0","0","0","0","0","2","1","","36","08","2018","2018084567","2","40.0109","-76.2657","0715","08","0","0","0","0","0","0","0","0","3","0","1","0","07","1","1","00","2","40 00:39.157","6","00","76 15:56.562","8","0","0","0","36240","0","0","0","N","0","0","0","2","36240","0","","1","09","N","N","0","","0","0","1","0","0","Y","0715","1","2","0","0","0","1","0","1","0","2","N","","","","","","","","","","","","07","  ","","",""
"1733","1","0","0","0","0","0","0","0","0","4","0","","36","08","2018","2018084582","4","40.1775","-76.6012","1726","08","0","0","0","0","0","1","0","0","2","0","0","0","17","1","2","01","1","40 10:39.055","2","00","76 36:04.454","3","0","0","0","36225","0","0","0","N","0","0","0","2","36505","0","","1","01","N","N","0","","2","0","1","3","2","N","1724","2","2","0","0","0","0","0","2","0","2","N","","","","","","","","","","","","03","  ","","",""
"1135","2","0","0","0","0","0","0","0","0","4","0","","36","08","2018","2018084592","1","40.0526","-76.3041","1135","08","0","1","0","0","0","0","0","0","","0","0","0","11","1","0","01","0","40 03:09.338","","00","76 18:14.646","0","0","0","0","36301","0","0","0","Y","0","0","0","2","36301","0","","1","01","N","N","0","","0","0","0","3","2","","1135","0","2","0","0","0","0","0","3","0","2","N","","","","","","","","","","","","03","  ","","",""
"1729","1","0","0","0","0","0","0","0","0","1","0","","36","07","2018","2018084647","6","39.9945","-76.1821","1713","08","0","0","0","0","0","0","0","0","","0","0","0","17","1","1","00","0","39 59:40.212","","00","76 10:55.718","3","0","0","0","36233","0","0","0","N","0","0","0","3","68J01","0","","1","01","N","N","0","","1","0","1","0","0","","1710","1","2","0","0","0","0","0","1","0","2","N","","","","","","","","","","","","03","  ","","",""
"2051","1","0","0","0","0","0","0","0","0","4","0","","36","08","2018","2018084735","6","40.1505","-76.3042","2044","08","0","0","0","0","0","2","0","0","","0","0","0","20","3","0","01","0","40 09:01.875","","00","76 18:15.026","0","0","0","0","36409","0","0","0","N","0","0","0","3","36409","0","","1","09","N","N","1","","0","0","0","3","3","","2042","0","2","0","0","0","0","0","3","0","2","N","","","","","","","","","","","","07","  ","","",""
"1223","1","0","0","0","0","0","0","0","0","1","1","","36","08","2018","2018084776","2","40.0552","-76.3594","1222","08","0","0","0","0","0","0","0","1","","0","1","0","12","1","1","02","0","40 03:18.658","","00","76 21:33.765","4","0","0","0","36214","0","0","0","N","0","0","0","3","36214","1","","1","01","N","N","0","","0","0","0","0","0","","1221","1","2","0","0","0","0","0","3","0","2","N","","","","","","","","","","","","03","  ","","",""
"0930","0","0","0","0","0","0","0","0","0","4","0","","36","08","2018","2018084777","2","39.9969","-76.4465","0917","08","0","0","0","1","0","0","0","0","1","0","0","0","09","1","1","01","1","39 59:48.725","5","00","76 26:47.502","4","0","0","0","36223","0","0","0","N","0","0","0","2","36223","1","","1","01","N","N","0","","0","0","1","3","3","N","0915","1","2","0","0","0","0","0","1","1","2","N","","","","","","","","","","","","03","  ","","",""
"0312","0","0","0","0","0","0","0","0","0","7","0","","36","07","2018","2018084968","7","40.1496","-76.1762","0303","08","0","0","0","0","0","0","0","0","2","0","0","0","02","2","1","00","1","40 08:58.545","1","00","76 10:34.428","8","0","0","0","36238","0","0","0","Y","0","0","0","1","36238","0","","2","01","N","N","0","","0","0","1","0","0","N","0259","1","1","0","0","0","1","0","3","0","1","N","","","","","","","","","","","","03","  ","","",""
"1535","1","0","0","0","0","0","0","0","0","7","0","","36","07","2018","2018085024","3","40.0433","-76.494","1530","08","0","0","0","0","1","0","0","0","1","0","0","0","15","1","0","00","1","40 02:35.842","4","00","76 29:38.492","0","0","0","0","36404","0","0","0","Y","0","0","0","2","36404","0","","5","09","N","N","0","","0","0","0","0","0","N","1530","0","1","0","0","0","0","0","3","0","1","N","","","","","","","","","","","","07","  ","","",""
"0709","1","0","0","0","0","0","0","0","0","4","1","","36","08","2018","2018085035","4","40.1298","-76.2166","0707","08","0","0","0","0","0","0","0","0","2","0","1","0","07","1","1","01","1","40 07:47.738","4","02","76 12:59.285","4","0","0","0","36238","0","0","0","N","0","0","0","3","36238","1","","1","01","N","N","0","","0","0","0","3","2","N","0705","1","2","0","0","0","0","0","3","0","2","N","","","","","","","","","","","","03","  ","","",""
"0431","1","0","0","0","0","0","0","0","0","7","0","","36","08","2018","2018085144","2","40.0473","-76.4119","0431","08","0","0","0","0","0","0","0","0","2","0","0","0","04","2","1","00","2","40 02:50.356","4","01","76 24:42.891","3","0","0","0","36239","0","0","0","Y","0","0","0","1","36239","0","","2","08","N","N","0","","1","0","0","0","0","N","0428","1","1","0","0","0","0","0","3","0","1","N","","","","","","","","","","","","07","  ","","",""
"1549","1","0","1","0","0","0","0","0","0","2","0","","36","08","2018","2018085184","5","40.1128","-76.3374","1545","08","0","0","0","0","0","0","1","1","2","0","0","0","15","1","2","00","1","40 06:46.201","5","00","76 20:14.686","2","0","0","0","36101","0","0","0","N","0","0","0","3","36101","0","","1","01","N","N","0","","1","1","1","0","0","N","1543","2","2","0","0","0","0","0","3","0","2","N","","","","","","","","","","","","03","  ","","",""
"1723","0","0","0","0","0","0","0","0","0","1","0","","36","08","2018","2018085185","7","40.1215","-76.3056","1708","08","0","0","0","1","0","0","0","0","","0","0","0","17","1","1","00","0","40 07:17.486","","00","76 18:20.039","8","0","0","0","36101","0","0","0","N","0","0","0","3","36101","0","","1","09","N","N","1","","0","0","1","0","0","","1705","1","2","0","0","0","1","0","3","0","2","N","","","","","","","","","","","","07","  ","","",""
"1352","1","0","0","0","0","0","0","0","0","4","0","","36","08","2018","2018085186","3","40.07","-76.3003","1350","08","0","0","0","0","0","1","0","0","2","0","0","0","13","1","0","00","1","40 04:11.970","3","00","76 18:00.960","0","0","0","0","36101","0","0","0","N","0","0","0","2","36101","0","","1","01","N","N","0","","0","0","0","0","0","N","1347","0","2","0","0","0","0","0","3","1","2","N","","","","","","","","","","","","03","  ","","",""
"1420","0","0","0","0","0","0","0","0","0","4","0","","36","08","2018","2018085187","3","40.0791","-76.3387","1415","08","0","0","0","0","0","1","1","0","2","0","0","0","14","1","0","00","1","40 04:44.846","1","00","76 20:19.265","0","0","0","0","36101","0","0","0","N","0","0","0","2","36101","0","","1","01","N","N","0","","0","0","2","0","0","N","1410","0","2","0","0","0","0","0","3","0","2","N","","","","","","","","","","","","03","  ","","",""
"2119","1","0","0","0","0","0","0","0","0","4","0","","36","07","2018","2018085188","2","40.0306","-76.2343","2117","08","0","0","0","0","0","0","0","0","3","0","0","0","21","3","1","01","2","40 01:50.123","7","00","76 14:03.641","2","0","1","1","36215","0","0","0","N","0","0","0","5","36215","0","","1","01","N","N","0","","0","1","0","3","2","Y","2117","1","2","0","0","0","0","0","1","0","2","N","","","","","","","","","","","","03","  ","","",""
"1805","4","0","0","0","0","0","0","0","0","1","0","","36","08","2018","2018085189","1","40.0264","-76.2143","1805","08","0","0","0","0","0","0","0","1","1","0","0","0","17","1","2","00","1","40 01:35.187","4","00","76 12:51.541","3","0","0","0","36215","0","0","0","N","0","0","0","6","36215","0","","1","01","N","N","0","","2","0","0","0","0","N","1756","2","4","0","0","0","0","0","1","0","4","N","","","","","","","","","","","","03","  ","","",""
"2006","0","0","0","0","0","0","0","0","0","7","0","","36","08","2018","2018085190","5","40.0242","-76.1935","1959","08","0","0","0","0","0","0","0","0","","0","0","0","19","1","0","00","0","40 01:26.949","","07","76 11:36.733","0","0","0","0","36215","0","0","0","N","0","0","0","1","36215","0","","4","01","N","N","0","","0","0","1","3","3","","1950","0","1","0","0","0","0","0","1","0","1","N","","","","","","","","","","","","03","  ","","",""
"2152","1","0","0","0","0","0","1","0","0","4","1","","36","08","2018","2018085191","2","40.0399","-76.2258","2150","08","0","0","0","0","0","0","0","1","2","0","0","0","21","2","2","02","2","40 02:23.751","6","00","76 13:33.017","4","0","0","0","36215","0","0","0","N","0","0","0","14","36215","2","","1","09","N","N","0","","0","0","0","0","0","Y","2149","2","2","0","0","0","0","0","1","0","2","N","","","","","","","","","","","","03","  ","","",""
"0603","3","0","0","0","0","0","0","0","0","5","0","","36","08","2018","2018085494","7","40.0433","-76.3088","0603","08","0","0","0","0","0","0","0","0","2","0","0","0","06","5","0","00","1","40 02:35.903","1","00","76 18:31.534","0","0","0","0","36301","0","0","0","N","0","0","0","1","36301","0","","2","01","N","N","0","","0","0","0","0","0","N","0600","0","3","0","0","0","0","0","3","0","3","N","","","","","","","","","","","","03","  ","","",""
"1901","2","0","0","0","0","0","0","0","0","4","0","","36","08","2018","2018085499","4","40.0462","-76.2838","1833","08","0","0","0","0","1","1","0","0","1","0","0","0","18","1","2","01","1","40 02:46.492","1","00","76 17:01.575","3","0","0","0","36301","0","0","0","N","0","0","0","4","36301","0","","1","01","N","N","0","","2","0","0","3","3","Y","1833","2","2","0","0","0","0","0","3","0","2","N","","","","","","","","","","","","03","  ","","",""
"1652","0","0","0","0","0","0","0","0","0","7","0","","36","08","2018","2018085589","1","40.0642","-76.2828","1647","08","1","0","0","0","0","0","0","0","2","0","0","0","16","1","3","00","1","40 03:51.103","4","00","76 16:57.997","4","0","0","0","36101","0","0","0","N","0","0","0","3","36101","3","","4","01","N","N","0","","0","0","1","0","0","N","1643","3","1","0","0","0","0","0","3","0","1","N","","","","","","","","","","","","03","  ","","",""
"1649","2","0","0","0","0","0","0","0","0","4","0","","36","07","2018","2018085590","7","40.1107","-76.0667","1646","08","0","0","0","0","0","1","0","0","1","0","0","0","16","1","0","01","1","40 06:38.437","3","00","76 04:00.245","0","0","0","0","36209","0","0","0","N","0","0","0","2","36415","0","","1","09","N","N","0","","0","0","0","3","2","N","1644","0","2","0","0","0","0","0","1","0","2","N","","","","","","","","","","","","07","  ","","",""
"0123","1","0","0","0","0","0","0","0","0","7","0","","36","07","2018","2018085591","2","40.0682","-76.0704","0116","08","0","0","0","0","0","1","0","0","","0","0","0","01","2","0","00","0","40 04:05.572","","00","76 04:13.401","0","0","0","0","36209","0","0","0","N","0","0","0","1","36415","0","","5","09","N","N","0","","0","0","0","3","8","","0115","0","1","0","0","0","0","0","1","0","1","N","","","","","","","","","","","","07","  ","","",""
"0610","1","0","0","0","0","0","0","0","0","7","0","","36","08","2018","2018085592","4","40.1099","-76.0911","0605","08","0","0","0","0","0","0","0","0","2","0","0","0","06","5","0","00","2","40 06:35.705","2","00","76 05:27.967","0","0","0","0","36209","0","0","0","N","0","0","0","1","36415","0","","4","09","N","N","0","","0","0","0","0","0","Y","0605","0","1","0","0","0","0","0","1","0","1","N","","","","","","","","","","","","07","  ","","",""
"1450","2","0","0","0","0","0","0","0","0","4","0","","36","08","2018","2018085593","4","40.0817","-76.1157","1440","08","0","0","0","0","0","0","0","2","1","0","0","0","14","1","0","01","1","40 04:54.116","3","00","76 06:56.550","0","0","0","0","36209","0","0","0","N","0","0","0","2","36415","0","","1","01","N","N","0","","0","0","0","3","3","N","1440","0","2","0","0","0","0","0","1","0","2","N","","","","","","","","","","","","03","  ","","",""
"1126","1","0","0","0","0","0","0","0","0","4","0","","36","08","2018","2018085594","7","40.1026","-76.0971","1125","08","0","0","0","0","0","0","0","1","1","0","0","0","11","1","1","01","2","40 06:09.478","5","00","76 05:49.434","8","0","0","0","36415","0","0","0","N","0","0","0","3","36415","0","","1","01","N","N","1","","0","0","0","3","3","Y","1125","1","2","0","0","0","1","0","1","0","2","N","","","","","","","","","","","","03","  ","","",""
"1239","1","0","0","0","0","0","0","0","0","1","0","","36","08","2018","2018085595","3","40.1464","-76.1187","1230","08","0","0","0","0","0","0","1","1","1","0","0","0","12","1","1","00","1","40 08:47.143","3","00","76 07:07.200","8","0","0","0","36209","0","0","0","N","0","0","0","4","36415","0","","1","01","N","N","0","","0","0","1","0","0","N","1228","1","2","0","0","0","1","0","1","0","2","N","","","","","","","","","","","","03","  ","","",""
"0854","0","0","0","0","0","0","0","0","0","7","1","","36","08","2018","2018085620","7","40.1763","-76.5984","0849","08","0","0","0","0","0","0","0","0","3","0","1","0","08","1","0","07","1","40 10:30.310","4","02","76 35:48.517","0","0","0","0","36225","0","0","0","Y","0","0","0","1","36505","0","","3","01","N","N","0","","0","0","0","0","0","N","0844","0","1","0","0","0","0","0","2","0","1","N","","","","","","","","","","","","03","  ","","",""
"0932","0","0","0","0","0","0","0","0","0","7","0","","36","08","2018","2018085731","2","40.1825","-75.9931","0742","08","0","0","0","0","0","0","0","0","","0","0","0","07","1","0","00","0","40 10:58.338","","00","75 59:37.346","0","0","0","0","36202","0","0","0","N","0","0","0","1","68T06","0","","4","08","N","N","0","","0","0","1","0","0","","0742","0","1","0","0","0","0","0","1","0","1","N","","","","","","","","","","","","07","  ","","",""
"1052","0","0","0","0","0","0","0","0","0","7","1","","36","08","2018","2018085737","3","40.2095","-76.0263","1030","08","0","0","0","0","0","0","0","0","1","0","1","0","10","1","0","00","1","40 12:34.682","4","00","76 01:37.388","0","0","0","0","36202","0","0","0","N","0","0","0","1","68T06","0","","1","01","N","N","0","","0","0","0","0","0","N","1030","0","1","0","0","0","0","0","1","0","1","N","","","","","","","","","","","","03","  ","","",""
"1857","1","0","0","0","0","0","0","0","0","2","0","","36","08","2018","2018085759","5","40.1534","-76.5993","1856","08","0","0","1","0","0","0","0","0","","0","0","0","18","1","1","01","0","40 09:12.110","","00","76 35:57.343","3","0","0","1","36407","0","0","0","N","0","0","0","2","36407","0","","1","01","N","N","0","","1","0","0","3","3","","1855","1","2","0","0","0","0","0","2","0","2","N","","","","","","","","","","","","03","  ","","",""
"1433","2","0","0","0","0","0","0","0","0","4","0","","36","08","2018","2018085760","5","40.0415","-76.3251","1425","08","0","0","0","1","0","0","0","0","","0","0","0","13","1","0","01","0","40 02:29.319","","00","76 19:30.533","0","0","0","0","36301","0","0","0","N","0","0","0","2","36301","0","","1","01","N","N","0","","0","0","0","3","2","","1356","0","2","0","0","0","0","0","3","0","2","N","","","","","","","","","","","","03","  ","","",""
"0700","2","0","0","0","0","0","0","0","0","4","0","","36","08","2018","2018085775","4","40.041","-76.2916","0654","08","0","0","0","0","0","0","0","0","","0","0","0","06","1","1","01","0","40 02:27.689","","00","76 17:29.630","3","0","0","0","36301","0","0","0","N","0","0","0","2","36301","0","","1","01","N","N","0","","1","0","0","3","2","","0654","1","2","0","0","0","0","0","3","0","2","N","","","","","","","","","","","","03","  ","","",""
"0025","1","0","0","0","0","0","0","0","0","0","0","","36","08","2018","2018085797","5","40.0681","-76.3014","0025","08","0","0","0","0","0","0","0","0","","0","0","0","00","3","0","00","0","40 04:05.138","","00","76 18:04.966","0","0","0","0","36101","0","0","0","N","0","0","0","1","36101","0","","1","01","N","N","0","","0","0","0","0","0","","0025","0","1","0","0","0","0","0","3","0","1","N","","","","","","","","","","","","03","  ","","",""
"1708","1","0","0","0","0","0","0","0","0","4","0","","36","07","2018","2018085798","7","40.172","-76.3979","1640","08","0","0","0","0","0","2","0","0","","0","0","0","16","1","0","01","0","40 10:19.156","","00","76 23:52.317","0","0","0","0","36230","0","0","0","N","0","0","0","2","36410","0","","1","01","N","N","0","","0","0","1","3","3","","1639","0","2","0","0","0","0","0","1","0","2","N","","","","","","","","","","","","03","  ","","",""
"2203","0","0","0","0","0","0","0","0","0","7","0","","36","08","2018","2018085878","4","40.1789","-76.1775","2202","08","0","0","0","0","0","0","0","0","","0","0","0","20","3","1","01","0","40 10:43.824","","00","76 10:38.932","3","0","0","0","36408","0","0","0","N","0","0","0","2","36408","0","","5","01","N","N","0","","1","0","1","3","2","","2000","1","1","0","0","0","0","0","2","0","1","N","","","","","","","","","","","","03","  ","","",""
"1710","1","0","0","0","0","0","0","0","0","4","0","","36","08","2018","2018085884","5","40.1468","-76.0613","1703","08","0","0","0","0","0","0","0","1","2","0","0","0","17","1","4","01","2","40 08:48.508","7","00","76 03:40.586","8","0","0","0","36213","0","0","0","N","0","0","0","5","36213","0","","1","01","N","N","0","","0","0","0","3","3","Y","1703","4","2","0","0","1","4","0","1","1","2","N","","","","","","","","","","","","03","  ","","",""
"2112","1","0","0","0","0","0","0","0","0","7","0","","36","08","2018","2018085887","4","40.0442","-76.3077","2109","08","0","0","0","0","0","0","0","0","2","0","0","0","21","3","0","00","2","40 02:39.164","3","00","76 18:27.715","0","0","0","0","36301","0","0","0","N","0","0","0","2","36301","0","","4","01","N","N","0","","0","0","0","0","0","Y","2109","0","1","0","0","0","0","0","3","0","1","N","","","","","","","","","","","","03","  ","","",""
"0400","0","0","0","0","0","0","0","0","0","7","0","","36","08","2018","2018085897","5","40.0257","-76.4546","0356","08","0","0","0","0","0","0","0","0","2","0","0","0","03","2","1","10","2","40 01:32.447","6","04","76 27:16.718","3","0","0","0","36239","0","0","0","N","0","0","0","1","36239","0","","2","01","N","N","0","","1","0","1","0","0","N","0356","1","1","0","0","0","0","0","3","0","1","N","","","","","","","","","","","","03","  ","","",""
"2032","1","0","0","0","0","0","0","0","0","1","0","","36","07","2018","2018085907","1","40.0415","-76.3191","2028","08","0","0","0","0","0","0","0","0","","0","0","0","20","3","1","00","0","40 02:29.414","","00","76 19:08.731","4","0","0","0","36301","0","0","0","N","0","0","0","1","36301","1","","1","01","N","N","0","","0","0","1","0","0","","2027","1","4","0","0","0","0","0","3","1","4","N","","","","","","","","","","","","03","  ","","",""
"0831","0","0","0","0","0","0","0","0","0","7","0","","36","08","2018","2018085934","2","40.1729","-75.9726","0702","08","0","0","0","0","0","0","0","0","1","0","0","0","07","1","1","00","1","40 10:22.201","3","00","75 58:21.823","4","0","0","0","36202","0","0","0","N","0","0","0","1","68T06","1","","4","09","N","N","0","","0","0","1","0","0","N","0700","1","1","0","0","0","0","0","1","0","1","N","","","","","","","","","","","","07","  ","","",""
"2135","2","0","0","0","0","0","0","0","0","4","0","","36","08","2018","2018085963","5","39.9991","-76.2647","2130","08","0","1","0","0","0","0","0","0","2","0","0","0","21","2","1","03","2","39 59:56.924","7","00","76 15:52.767","4","0","0","0","36240","0","0","0","N","0","0","0","2","36240","1","","1","01","N","N","0","","0","0","0","3","4","N","2129","1","2","0","0","0","0","0","1","0","2","N","","","","","","","","","","","","03","  ","","",""