"ARRIVAL_TM","AUTOMOBILE_COUNT","BELTED_DEATH_COUNT","BELTED_SUSP_SERIOUS_INJ_COUNT","BICYCLE_COUNT","BICYCLE_DEATH_COUNT","BICYCLE_SUSP_SERIOUS_INJ_COUNT","BUS_COUNT","CHLDPAS_DEATH_COUNT","CHLDPAS_SUSP_SERIOUS_INJ_COUNT","COLLISION_TYPE","COMM_VEH_COUNT","CONS_ZONE_SPD_LIM","COUNTY","CRASH_MONTH","CRASH_YEAR","CRN","DAY_OF_WEEK","DEC_LAT","DEC_LONG","DISPATCH_TM","DISTRICT","DRIVER_COUNT_16YR","DRIVER_COUNT_17YR","DRIVER_COUNT_18YR","DRIVER_COUNT_19YR","DRIVER_COUNT_20YR","DRIVER_COUNT_50_64YR","DRIVER_COUNT_65_74YR","DRIVER_COUNT_75PLUS","EST_HRS_CLOSED","FATAL_COUNT","HEAVY_TRUCK_COUNT","HORSE_BUGGY_COUNT","HOUR_OF_DAY","ILLUMINATION","INJURY_COUNT","INTERSECT_TYPE","LANE_CLOSED","LATITUDE","LN_CLOSE_DIR","LOCATION_TYPE","LONGITUDE","MAX_SEVERITY_LEVEL","MCYCLE_DEATH_COUNT","MCYCLE_SUSP_SERIOUS_INJ_COUNT","MOTORCYCLE_COUNT","MUNICIPALITY","NONMOTR_COUNT","NONMOTR_DEATH_COUNT","NONMOTR_SUSP_SERIOUS_INJ_COUNT","NTFY_HIWY_MAINT","PED_COUNT","PED_DEATH_COUNT","PED_SUSP_SERIOUS_INJ_COUNT","PERSON_COUNT","POLICE_AGCY","POSSIBLE_INJ_COUNT","RDWY_SURF_TYPE_CD","RELATION_TO_ROAD","ROAD_CONDITION","SCH_BUS_IND","SCH_ZONE_IND","SMALL_TRUCK_COUNT","SPEC_JURIS_CD","SUSP_MINOR_INJ_COUNT","SUSP_SERIOUS_INJ_COUNT","SUV_COUNT","TCD_FUNC_CD","TCD_TYPE","TFC_DETOUR_IND","TIME_OF_DAY","TOT_INJ_COUNT","TOTAL_UNITS","UNB_DEATH_COUNT","UNB_SUSP_SERIOUS_INJ_COUNT","UNBELTED_OCC_COUNT","UNK_INJ_DEG_COUNT","UNK_INJ_PER_COUNT","URBAN_RURAL","VAN_COUNT","VEHICLE_COUNT","WORK_ZONE_IND","WORK_ZONE_LOC","WORK_ZONE_TYPE","WORKERS_PRES","WZ_CLOSE_DETOUR","WZ_FLAGGER","WZ_LAW_OFFCR_IND","WZ_LN_CLOSURE","WZ_MOVING","WZ_OTHER","WZ_SHLDER_MDN","ROADWAY_CLEARED","WEATHER1","WEATHER2","WZ_WORKERS_INJ_KILLED","SECONDARY_CRASH","INTERSECTION_RELATED"
"1725","1","0","0","0","0","0","0","0","0","4","0","","36","08","2018","2018085974","5","40.0756","-76.3368","1719","08","0","0","0","0","0","1","0","0","2","0","0","0","17","1","0","02","2","40 04:31.674","2","00","76 20:12.960","0","0","0","0","36101","0","0","0","N","0","0","0","3","36101","0","","1","01","N","N","0","","0","0","1","3","2","N","1717","0","2","0","0","0","0","0","3","0","2","N","","","","","","","","","","","","03","  ","","",""
"1118","2","0","0","0","0","0","0","0","0","4","0","","36","07","2018","2018085975","1","40.0373","-76.4082","1110","08","0","0","0","0","0","0","0","0","","0","0","0","11","1","1","01","0","40 02:14.323","","00","76 24:29.659","3","0","0","0","36223","0","0","0","N","0","0","0","7","36223","0","","1","01","N","N","0","","1","0","0","3","2","","1107","1","2","0","0","0","0","0","1","0","2","N","","","","","","","","","","","","03","  ","","",""
"2252","1","0","0","0","0","0","0","0","0","7","0","","36","08","2018","2018085976","4","39.9968","-76.4446","2238","08","0","0","1","0","0","0","0","0","","0","0","0","22","2","1","00","0","39 59:48.508","","00","76 26:40.609","3","0","0","0","36223","0","0","0","N","0","0","0","1","36223","0","","5","08","N","N","0","","1","0","0","0","0","","2235","1","1","0","0","0","0","0","1","0","1","N","","","","","","","","","","","","07","  ","","",""
"0749","2","0","0","0","0","0","0","0","0","4","0","","36","08","2018","2018085998","6","40.1734","-76.1939","0744","08","0","0","1","0","0","1","0","0","2","0","0","0","07","1","1","03","1","40 10:24.160","5","00","76 11:38.086","8","0","0","0","36408","0","0","0","N","0","0","0","2","36408","0","","1","01","N","N","0","","0","0","0","3","3","N","0744","1","2","0","0","0","1","0","2","0","2","N","","","","","","","","","","","","03","  ","","",""
"0855","1","0","0","0","0","0","0","0","0","4","0","","36","08","2018","2018086042","2","40.0387","-76.2993","0850","08","0","0","0","0","0","0","0","0","1","0","0","0","08","1","0","01","1","40 02:19.147","2","00","76 17:57.358","0","0","0","0","36301","0","0","0","N","0","0","0","3","36301","0","","1","01","N","N","0","","0","0","0","3","3","N","0848","0","2","0","0","0","0","0","3","1","2","N","","","","","","","","","","","","03","  ","","",""
"0230","1","0","0","0","0","0","0","0","0","1","0","","36","08","2018","2018086171","5","40.0529","-76.3104","0221","08","0","0","0","0","0","0","0","0","2","0","0","0","02","3","0","00","1","40 03:10.467","2","00","76 18:37.503","0","0","0","0","36101","0","0","0","N","0","0","0","1","36101","0","","2","01","N","N","0","","0","0","1","0","0","N","0218","0","2","0","0","0","0","0","3","0","2","N","","","","","","","","","","","","03","  ","","",""
"1950","0","0","0","0","0","0","0","0","0","7","0","","36","08","2018","2018086172","5","40.1066","-76.3263","1947","08","0","0","0","0","0","0","0","0","3","0","0","0","19","1","1","02","2","40 06:23.918","7","00","76 19:34.765","2","0","1","1","36101","0","0","0","N","0","0","0","1","36101","0","","5","01","N","N","0","","0","1","0","0","0","Y","1945","1","1","0","0","0","0","0","3","0","1","N","","","","","","","","","","","","03","  ","","",""
"1646","2","0","0","0","0","0","0","0","0","1","0","","36","08","2018","2018086173","5","40.0718","-76.3268","1646","08","0","0","0","1","0","0","0","0","","0","0","0","15","1","0","00","0","40 04:18.386","","00","76 19:36.421","0","0","0","0","36101","0","0","0","N","0","0","0","2","36101","0","","1","01","N","N","0","","0","0","0","0","0","","1546","0","2","0","0","0","0","0","3","0","2","N","","","","","","","","","","","","03","  ","","",""
"1900","1","0","0","0","0","0","0","0","0","4","0","","36","08","2018","2018086174","5","40.0579","-76.3117","1904","08","0","0","0","0","0","1","0","0","3","0","0","0","19","1","1","00","2","40 03:28.426","7","06","76 18:41.987","8","0","0","0","36101","0","0","0","N","0","0","0","3","36101","0","","1","01","N","N","0","","0","0","1","0","0","Y","1900","1","2","0","0","2","1","0","3","0","2","N","","","","","","","","","","","","03","  ","","",""
"2003","2","0","0","0","0","0","0","0","0","4","0","","36","08","2018","2018086238","3","40.035","-76.2941","1956","08","0","0","0","0","0","0","0","0","1","0","0","0","19","4","1","01","1","40 02:06.010","5","00","76 17:38.882","3","0","0","0","36301","0","0","0","N","0","0","0","2","36301","0","","1","01","N","N","0","","1","0","0","3","3","Y","1956","1","2","0","0","0","0","0","3","0","2","N","","","","","","","","","","","","03","  ","","",""
"1700","2","0","0","0","0","0","0","0","0","1","0","","36","08","2018","2018086245","6","40.1628","-76.1499","1645","08","0","0","1","0","0","0","0","0","2","0","0","0","16","1","0","01","2","40 09:46.140","4","00","76 08:59.472","0","0","0","0","36218","0","0","0","N","0","0","0","3","36408","0","","1","09","N","N","0","","0","0","0","3","2","N","1645","0","2","0","0","0","0","0","1","0","2","N","","","","","","","","","","","","07","  ","","",""
"1740","2","0","0","0","0","0","0","0","0","4","0","","36","08","2018","2018086310","2","40.1818","-76.4945","1730","08","0","0","1","0","0","0","0","0","","0","0","0","17","1","0","01","0","40 10:54.338","","00","76 29:40.023","0","0","0","0","36230","0","0","0","N","0","0","0","2","36410","0","","1","01","N","N","0","","0","0","0","3","3","","1725","0","2","0","0","0","0","0","1","0","2","N","","","","","","","","","","","","03","  ","","",""
"1656","3","0","0","0","0","0","0","0","0","1","0","","36","08","2018","2018086319","3","40.0776","-76.338","1651","08","0","0","0","0","0","0","1","0","1","0","0","0","16","1","1","00","1","40 04:39.206","2","00","76 20:16.748","4","0","0","0","36101","0","0","0","N","0","0","0","3","36101","1","","1","01","N","N","0","","0","0","0","0","0","N","1647","1","3","0","0","0","0","0","3","0","3","N","","","","","","","","","","","","03","  ","","",""
"0245","0","0","0","0","0","0","0","0","0","7","0","","36","08","2018","2018086332","4","40.1728","-76.6034","0239","08","0","0","0","0","0","0","0","0","","0","0","0","02","3","0","00","0","40 10:21.991","","00","76 36:12.138","0","0","0","0","36225","0","0","0","N","0","0","0","2","36505","0","","5","01","N","N","0","","0","0","1","0","0","","0228","0","1","0","0","0","0","0","2","0","1","N","","","","","","","","","","","","03","  ","","",""
"1555","2","0","0","0","0","0","0","0","0","1","0","","36","08","2018","2018086334","6","40.1219","-76.4831","1548","08","0","0","1","0","0","0","0","0","1","0","0","0","15","1","0","02","1","40 07:18.757","4","00","76 28:59.211","0","0","0","0","36230","0","0","0","N","0","0","0","2","36410","0","","1","01","N","N","0","","0","0","0","3","2","N","1548","0","2","0","0","0","0","0","1","0","2","N","","","","","","","","","","","","03","  ","","",""
"1122","0","0","0","0","0","0","0","0","0","4","0","","36","08","2018","2018086336","6","40.1455","-76.1898","1116","08","0","0","0","0","0","0","1","1","2","0","0","0","11","1","0","00","1","40 08:43.638","2","00","76 11:23.132","0","0","0","0","36238","0","0","0","N","0","0","0","3","36238","0","","1","01","N","N","2","","0","0","0","0","0","N","1113","0","2","0","0","0","0","0","3","0","2","N","","","","","","","","","","","","03","  ","","",""
"1549","2","0","0","0","0","0","0","0","0","4","0","","36","08","2018","2018086337","5","40.1444","-76.1151","1542","08","0","0","0","0","0","0","0","0","","0","0","0","15","1","0","00","0","40 08:39.765","","00","76 06:54.388","0","0","0","0","36209","0","0","0","N","0","0","0","3","36415","0","","1","01","N","N","0","","0","0","0","0","0","","1541","0","2","0","0","0","0","0","1","0","2","N","","","","","","","","","","","","03","  ","","",""
"1511","1","0","0","0","0","0","0","0","0","7","0","","36","08","2018","2018086340","2","40.101","-76.0952","1506","08","0","0","0","0","0","0","0","0","4","0","0","0","15","1","0","00","2","40 06:03.601","6","00","76 05:42.573","0","0","0","0","36415","0","0","0","N","0","0","0","2","36415","0","","5","01","N","N","0","","0","0","0","0","0","Y","1503","0","1","0","0","0","0","0","1","0","1","N","","","","","","","","","","","","03","  ","","",""
"1659","1","0","0","0","0","0","0","0","0","7","0","","36","08","2018","2018086384","6","40.1808","-76.1341","1650","08","0","0","0","0","0","0","0","0","","0","0","0","16","1","0","00","0","40 10:50.892","","00","76 08:02.602","0","0","0","0","36218","0","0","0","N","0","0","0","1","36408","0","","5","09","N","N","0","","0","0","0","0","0","","1650","0","1","0","0","0","0","0","1","0","1","N","","","","","","","","","","","","07","  ","","",""
"1023","1","0","0","0","0","0","0","0","0","0","0","","36","08","2018","2018086405","4","40.2078","-76.281","0937","08","0","0","0","1","0","0","0","0","","0","0","0","09","1","0","00","0","40 12:27.930","","00","76 16:51.748","0","0","0","0","36407","0","0","0","N","0","0","0","1","68J01","0","","1","08","N","N","0","","0","0","0","0","0","","0935","0","1","0","0","0","0","0","2","0","1","N","","","","","","","","","","","","03","  ","","",""
"1443","1","0","0","0","0","0","0","0","0","7","0","","36","08","2018","2018086407","4","40.0761","-76.0148","1433","08","0","1","0","0","0","0","0","0","1","0","0","0","14","1","0","00","2","40 04:33.986","5","00","76 00:53.388","0","0","0","0","36232","0","0","0","N","0","0","0","1","68J01","0","","4","01","N","N","0","","0","0","0","0","0","Y","1420","0","1","0","0","0","0","0","1","0","1","N","","","","","","","","","","","","03","  ","","",""
"0222","1","0","0","0","0","0","0","0","0","7","0","","36","08","2018","2018086413","1","40.1972","-76.0247","0211","08","0","0","1","0","0","0","0","0","","0","0","0","01","2","1","00","0","40 11:50.055","","00","76 01:29.045","3","0","0","0","36202","0","0","0","N","0","0","0","1","68J01","0","","4","01","N","N","0","","1","0","0","0","0","","0137","1","1","0","0","0","0","0","1","0","1","N","","","","","","","","","","","","03","  ","","",""
"0917","0","0","0","0","0","0","0","0","0","7","1","","36","08","2018","2018086414","2","39.9997","-76.1568","0858","08","0","0","0","0","0","1","0","0","2","0","0","0","08","1","0","03","2","39 59:58.757","1","00","76 09:24.457","0","0","0","0","36226","0","0","0","N","0","0","0","1","68J01","0","","4","09","N","N","1","","0","0","0","0","0","N","0857","0","1","0","0","0","0","0","1","0","1","N","","","","","","","","","","","","98","  ","","",""
"0647","2","0","0","0","0","0","0","0","0","1","0","","36","08","2018","2018086418","4","40.2109","-76.0158","0614","08","0","0","0","0","0","1","0","0","","0","0","0","06","1","0","00","0","40 12:39.298","","00","76 00:56.987","0","0","0","0","36202","0","0","0","N","0","0","0","2","68J01","0","","1","01","N","N","0","","0","0","0","0","0","","0614","0","2","0","0","0","0","0","1","0","2","N","","","","","","","","","","","","03","  ","","",""
"1539","2","0","0","0","0","0","0","0","0","4","0","","36","08","2018","2018086464","6","40.0564","-76.3056","1535","08","0","0","0","0","0","0","0","0","2","0","0","0","15","1","3","01","1","40 03:22.924","2","00","76 18:20.469","3","0","0","0","36101","0","0","0","N","0","0","0","4","36101","0","","1","01","N","N","0","","3","0","0","3","2","N","1532","3","2","0","0","0","0","0","3","0","2","N","","","","","","","","","","","","03","  ","","",""
"1555","1","0","0","0","0","0","0","0","0","1","0","","36","08","2018","2018086465","6","40.0795","-76.28","1552","08","0","0","0","0","0","0","1","0","2","0","0","0","15","1","1","00","1","40 04:46.267","2","00","76 16:47.843","3","0","0","0","36101","0","0","0","N","0","0","0","2","36101","0","","1","01","N","N","0","","1","0","0","0","0","N","1551","1","2","0","0","0","0","0","3","1","2","N","","","","","","","","","","","","03","  ","","",""
"1701","1","0","0","0","0","0","0","0","0","1","0","","36","08","2018","2018086466","6","40.0643","-76.2872","1655","08","0","0","0","0","0","0","0","0","","0","0","0","16","1","1","00","0","40 03:51.370","","00","76 17:13.840","3","0","0","0","36101","0","0","0","N","0","0","0","4","36101","0","","1","01","N","N","0","","1","0","1","0","0","","1652","1","2","0","0","0","0","0","3","0","2","N","","","","","","","","","","","","03","  ","","",""
"1536","2","0","0","0","0","0","0","0","0","1","0","","36","08","2018","2018086499","6","40.207","-76.2199","1527","08","0","0","0","0","0","0","1","1","","0","0","0","15","1","0","01","0","40 12:25.201","","00","76 13:11.691","0","0","0","0","36204","0","0","0","N","0","0","0","2","36506","0","","1","01","N","N","0","","0","0","0","3","2","","1527","0","2","0","0","0","0","0","1","0","2","N","","","","","","","","","","","","03","  ","","",""
"2151","0","0","0","0","0","0","0","0","0","5","0","","36","07","2018","2018086500","5","40.0598","-76.5415","2146","08","0","0","0","0","1","0","0","0","2","0","0","0","21","3","1","01","1","40 03:35.110","3","00","76 32:29.292","8","0","0","0","36411","0","0","0","N","0","0","0","2","36504","0","","2","01","N","N","0","","0","0","1","3","3","Y","2135","1","3","0","0","0","1","0","1","2","3","N","","","","","","","","","","","","03","  ","","",""
"2143","1","0","0","0","0","0","0","0","0","7","0","","36","08","2018","2018086530","6","39.9161","-76.245","2129","08","0","1","0","0","0","0","0","0","","0","0","0","21","3","0","02","0","39 54:57.794","","00","76 14:41.985","0","0","0","0","36229","0","0","0","N","0","0","0","1","68J01","0","","5","01","N","N","0","","0","0","0","0","0","","2118","0","1","0","0","0","0","0","1","0","1","N","","","","","","","","","","","","03","  ","","",""
"1247","2","0","0","0","0","0","0","0","0","4","0","","36","08","2018","2018086609","3","40.0396","-76.3231","1244","08","0","0","0","0","0","0","2","0","1","0","0","0","12","1","1","02","1","40 02:22.725","2","00","76 19:23.332","4","0","0","0","36301","0","0","0","N","0","0","0","3","36301","1","","1","01","N","N","0","","0","0","0","3","3","Y","1237","1","2","0","0","0","0","0","3","0","2","N","","","","","","","","","","","","03","  ","","",""
"1436","0","0","0","0","0","0","0","0","0","7","1","","36","08","2018","2018086627","5","39.9824","-76.356","1414","08","0","0","0","0","0","1","0","0","4","0","1","0","14","1","0","03","2","39 58:56.764","6","00","76 21:21.538","0","0","0","0","36206","0","0","0","N","0","0","0","1","68J01","0","","5","01","N","N","0","","0","0","0","3","7","Y","1400","0","1","0","0","1","0","0","1","0","1","N","","","","","","","","","","","","03","  ","","",""
"1719","1","0","0","0","0","0","0","0","0","4","0","","36","08","2018","2018086636","3","39.8313","-76.2636","1714","08","0","0","0","1","0","0","0","0","","0","0","0","17","1","1","01","0","39 49:52.665","","00","76 15:49.017","8","0","0","0","36208","0","0","0","N","0","0","0","2","68J01","0","","1","01","N","N","0","","0","0","1","3","3","","1711","1","2","0","0","0","1","0","1","0","2","N","","","","","","","","","","","","03","  ","","",""
"0536","1","0","0","0","0","0","0","0","0","4","0","","36","08","2018","2018086670","4","40.2195","-76.0805","0528","08","0","0","0","0","0","0","0","0","","0","0","0","05","2","0","00","0","40 13:10.060","","00","76 04:49.857","0","0","0","0","36210","0","0","0","Y","0","0","0","2","36210","0","","1","01","N","N","1","","0","0","0","0","0","","0526","0","2","0","0","0","0","0","1","0","2","N","","","","","","","","","","","","03","  ","","",""
"1643","0","0","0","0","0","0","0","0","0","8","0","","36","08","2018","2018086680","4","40.1228","-76.1792","1634","08","0","0","0","0","0","1","0","0","","0","0","0","06","1","1","02","0","40 07:22.016","","00","76 10:45.149","3","0","0","0","36238","1","0","0","N","1","0","0","2","36238","0","","1","01","N","N","1","","1","0","0","3","3","N","0630","1","2","0","0","0","0","0","3","0","1","N","","","","","","","","","","","","03","  ","","",""
"1535","1","0","0","0","0","0","0","0","0","4","0","","36","08","2018","2018086685","7","40.0232","-76.2794","1528","08","0","0","0","0","0","0","0","0","2","0","0","0","15","1","0","02","1","40 01:23.555","1","00","76 16:45.844","9","0","0","0","36240","0","0","0","N","0","0","0","3","36240","0","","1","01","N","N","0","","0","0","1","3","3","Y","1516","0","2","0","0","0","0","1","1","0","2","N","","","","","","","","","","","","03","  ","","",""
"1457","1","0","0","0","0","0","0","0","0","7","0","","36","08","2018","2018086723","1","40.1341","-76.3274","1447","08","0","0","0","0","0","0","0","0","1","0","0","0","14","1","0","00","1","40 08:02.769","1","00","76 19:38.605","0","0","0","0","36235","0","0","0","N","0","0","0","1","36506","0","","2","09","N","N","0","","0","0","0","0","0","N","1447","0","1","0","0","0","0","0","1","0","1","N","","","","","","","","","","","","07","  ","","",""
"1548","0","0","0","0","0","0","0","0","0","7","0","","36","08","2018","2018086757","2","40.1023","-76.4204","1546","08","0","0","0","0","0","0","0","0","","0","0","0","15","1","0","00","0","40 06:08.432","","00","76 25:13.518","0","0","0","0","36214","0","0","0","Y","0","0","0","1","36214","0","","2","2","N","N","0","","0","0","0","0","0","","1546","0","1","0","0","0","0","0","3","1","1","N","","","","","","","","","","","","03","  ","","",""
"1658","1","0","0","0","0","0","0","0","0","1","0","","36","08","2018","2018086769","3","40.1233","-76.3753","1653","08","0","0","0","0","0","0","0","0","","0","0","0","16","1","1","03","0","40 07:23.702","","00","76 22:31.147","4","0","0","0","36214","0","0","0","N","0","0","0","2","36214","1","","1","01","N","N","1","","0","0","0","0","0","","1653","1","2","0","0","1","0","0","3","0","2","N","","","","","","","","","","","","03","  ","","",""
"0014","3","0","0","0","0","0","0","0","0","1","0","","36","08","2018","2018086853","7","40.0425","-76.3094","0012","08","0","0","0","0","0","0","0","0","","0","0","0","23","3","0","00","0","40 02:32.982","","00","76 18:33.764","0","0","0","0","36301","0","0","0","N","0","0","0","1","36301","0","","6","01","N","N","0","","0","0","0","0","0","","2328","0","3","0","0","0","0","0","3","0","3","N","","","","","","","","","","","","03","  ","","",""
"0228","1","0","0","0","0","0","0","0","0","7","0","","36","08","2018","2018086859","4","39.9678","-76.2766","0226","08","0","0","0","0","0","0","0","0","","0","0","0","02","2","0","00","0","39 58:03.927","","00","76 16:35.815","0","0","0","0","36228","0","0","0","N","0","0","0","1","36503","0","","5","01","N","N","0","","0","0","0","0","0","","0220","0","1","0","0","0","0","0","1","0","1","N","","","","","","","","","","","","03","  ","","",""
"1733","4","0","0","0","0","0","0","0","0","1","0","","36","08","2018","2018086864","2","40.0834","-76.328","1728","08","0","0","0","0","0","0","1","1","","0","0","0","17","1","0","00","0","40 05:00.299","","00","76 19:40.842","0","0","0","0","36101","0","0","0","N","0","0","0","4","36101","0","","1","01","N","N","0","","0","0","0","0","0","","1725","0","4","0","0","0","0","0","3","0","4","N","","","","","","","","","","","","03","  ","","",""
"1121","2","0","0","0","0","0","0","0","0","1","0","","36","08","2018","2018086865","1","40.077","-76.3088","1105","08","0","1","0","0","0","1","0","0","2","0","0","0","11","1","0","00","1","40 04:37.097","3","00","76 18:31.693","0","0","0","0","36101","0","0","0","N","0","0","0","2","36101","0","","1","09","N","N","0","","0","0","0","0","0","N","1105","0","2","0","0","0","0","0","3","0","2","N","","","","","","","","","","","","07","  ","","",""
"0929","2","0","0","0","0","0","0","0","0","4","0","","36","07","2018","2018086866","7","39.9969","-76.3581","0925","08","0","0","1","0","0","0","0","0","2","0","0","0","09","1","1","02","1","39 59:48.693","3","00","76 21:29.107","3","0","0","0","36412","0","0","0","N","0","0","0","5","36412","0","","1","01","N","N","0","","1","0","0","3","3","Y","0920","1","2","0","0","1","0","0","3","0","2","N","","","","","","","","","","","","03","  ","","",""
"0752","0","0","0","0","0","0","0","0","0","4","0","","36","08","2018","2018086888","2","40.0447","-76.3049","0747","08","0","0","0","0","0","0","0","0","2","0","0","0","07","1","0","00","2","40 02:41.059","2","00","76 18:17.671","0","0","0","0","36301","0","0","0","N","0","0","0","1","36301","0","","6","01","N","N","0","","0","0","2","0","0","N","0744","0","2","0","0","0","0","0","3","0","2","N","","","","","","","","","","","","03","  ","","",""
"0547","2","0","0","0","0","0","0","0","0","4","0","","36","08","2018","2018086900","2","40.1228","-76.023","0544","08","1","0","0","0","0","1","0","0","2","0","0","0","05","2","1","02","1","40 07:22.117","7","00","76 01:22.865","8","0","0","0","36213","0","0","0","N","0","0","0","2","36213","0","","1","09","N","N","0","","0","0","0","3","3","N","0543","1","2","0","0","0","1","0","1","0","2","N","","","","","","","","","","","","07","  ","","",""
"1430","2","0","0","0","0","0","0","0","0","4","0","","36","08","2018","2018086902","5","40.0432","-76.3182","1408","08","0","0","0","0","0","0","0","0","2","0","0","0","14","1","0","01","1","40 02:35.469","6","00","76 19:05.620","0","0","0","0","36301","0","0","0","N","0","0","0","2","36301","0","","1","01","N","N","0","","0","0","0","3","3","N","1408","0","2","0","0","0","0","0","3","0","2","N","","","","","","","","","","","","03","  ","","",""
"1641","0","0","0","0","0","0","0","0","0","1","0","","36","08","2018","2018086929","6","40.1413","-76.6116","1626","08","0","0","0","1","0","2","0","0","1","0","0","0","16","1","1","00","1","40 08:28.637","1","00","76 36:41.765","8","0","0","0","36237","0","0","0","N","0","0","0","3","36505","0","","1","01","N","N","1","","0","0","1","0","0","N","1624","1","3","0","0","0","1","0","1","1","3","N","","","","","","","","","","","","03","  ","","",""
"0903","0","0","0","0","0","0","0","0","0","0","0","","36","08","2018","2018087049","1","40.0314","-76.2376","0901","08","0","0","0","0","0","1","0","0","1","0","0","0","09","1","1","01","1","40 01:53.140","4","02","76 14:15.183","4","0","0","1","36215","0","0","0","N","0","0","0","2","36215","1","","1","01","N","N","0","","0","0","0","3","2","N","0901","1","1","0","0","0","0","0","1","0","1","N","","","","","","","","","","","","03","  ","","",""
"1504","2","0","0","0","0","0","0","0","0","1","0","","36","08","2018","2018087050","4","40.0102","-76.188","1457","08","0","1","0","1","0","0","0","0","","0","0","0","14","1","0","02","0","40 00:36.779","","00","76 11:16.965","0","0","0","0","36215","0","0","0","N","0","0","0","2","36215","0","","1","01","N","N","0","","0","0","0","0","0","","1455","0","2","0","0","0","0","0","1","0","2","N","","","","","","","","","","","","03","  ","","",""
"1343","1","0","0","0","0","0","0","0","0","4","0","","36","08","2018","2018087051","6","40.0776","-76.2587","1338","08","0","0","0","1","0","0","0","0","2","0","0","0","13","1","0","02","2","40 04:39.294","7","00","76 15:31.416","0","0","0","0","36215","0","0","0","N","0","0","0","2","36215","0","","1","01","N","N","0","","0","0","1","3","3","Y","1335","0","2","0","0","0","0","0","1","0","2","N","","","","","","","","","","","","03","  ","","",""
"1609","1","0","0","0","0","0","0","0","0","4","0","","36","08","2018","2018087052","6","40.0761","-76.2059","1602","08","0","0","1","0","0","0","0","1","3","0","0","0","16","1","2","01","1","40 04:34.113","6","00","76 12:21.249","8","0","0","0","36234","0","0","0","N","0","0","0","4","36215","0","","1","01","N","N","0","","0","0","1","3","3","N","1600","2","2","0","0","0","2","0","1","0","2","N","","","","","","","","","","","","03","  ","","",""
"1657","0","0","0","0","0","0","0","0","0","1","1","","36","08","2018","2018087053","6","40.0856","-76.2092","1654","08","0","0","1","0","0","0","0","0","2","0","1","0","16","1","1","00","1","40 05:08.044","3","00","76 12:33.195","3","0","0","0","36234","0","0","0","N","0","0","0","3","36215","0","","1","01","N","N","1","","1","0","0","0","0","N","1650","1","3","0","0","0","0","0","1","1","3","N","","","","","","","","","","","","03","  ","","",""
"1614","2","0","0","0","0","0","0","0","0","4","0","","36","08","2018","2018087162","7","40.1317","-76.2175","1609","08","0","0","0","0","0","1","0","0","1","0","0","0","16","1","0","00","1","40 07:54.036","3","00","76 13:03.019","0","0","0","0","36238","0","0","0","N","0","0","0","5","36238","0","","1","01","N","N","0","","0","0","0","0","0","N","1608","0","2","0","0","2","0","0","3","0","2","N","","","","","","","","","","","","03","  ","","",""
"2025","2","0","0","0","0","0","0","0","0","4","0","","36","08","2018","2018087172","2","40.2653","-76.1092","2017","08","0","0","0","0","1","0","0","0","2","0","0","0","20","2","2","10","2","40 15:55.179","5","00","76 06:33.107","3","0","0","0","36210","0","0","0","N","0","0","0","2","36210","1","","1","01","N","N","0","","1","0","0","0","0","Y","2015","2","2","0","0","0","0","0","1","0","2","N","","","","","","","","","","","","03","  ","","",""
"1857","2","0","0","0","0","0","0","0","0","4","0","","36","08","2018","2018087184","5","40.035","-76.2941","1857","08","0","0","0","0","0","1","0","0","","0","0","0","18","1","0","01","0","40 02:06.010","","00","76 17:38.882","0","0","0","0","36301","0","0","0","N","0","0","0","2","36301","0","","1","01","N","N","0","","0","0","0","3","3","","1855","0","2","0","0","0","0","0","3","0","2","N","","","","","","","","","","","","03","  ","","",""
"0206","0","0","0","0","0","0","0","0","0","0","0","","36","06","2018","2018087199","7","40.1381","-75.8874","0128","08","0","0","0","0","0","0","0","0","1","0","0","0","01","2","1","00","1","40 08:17.170","3","00","75 53:14.780","2","0","1","1","36203","0","0","0","N","0","0","0","1","68J03","0","","1","01","N","N","0","","0","1","0","0","0","N","0127","1","1","0","0","0","0","0","1","0","1","N","","","","","","","","","","","","03","  ","","",""
"2136","2","0","0","0","0","0","0","0","0","2","0","","36","08","2018","2018087287","2","40.0094","-76.2663","2129","08","0","0","0","0","0","0","0","0","1","0","0","0","21","2","0","02","2","40 00:33.809","5","00","76 15:58.640","0","0","0","0","36240","0","0","0","N","0","0","0","3","36240","0","","1","01","N","N","0","","0","0","0","3","3","Y","2127","0","2","0","0","0","0","0","1","0","2","N","","","","","","","","","","","","03","  ","","",""
"1137","2","0","0","0","0","0","0","0","0","4","0","","36","08","2018","2018087292","4","40.0141","-76.3131","1131","08","0","0","0","0","0","0","0","0","","0","0","0","11","1","0","01","0","40 00:50.729","","00","76 18:47.238","0","0","0","0","36220","0","0","0","N","0","0","0","3","36101","0","","1","01","N","N","0","","0","0","0","0","0","","1115","0","2","0","0","0","0","0","3","0","2","N","","","","","","","","","","","","03","  ","","",""
"1316","0","0","0","0","0","0","0","0","0","6","0","","36","08","2018","2018087293","4","40.1073","-76.3004","1306","08","0","0","0","0","0","2","0","0","2","0","0","0","13","1","1","00","2","40 06:26.247","6","00","76 18:01.430","3","0","0","0","36101","0","0","0","N","0","0","0","2","36101","0","","1","01","N","N","0","","1","0","2","0","0","Y","1305","1","2","0","0","0","0","0","3","0","2","N","","","","","","","","","","","","03","  ","","",""