"ARRIVAL_TM","AUTOMOBILE_COUNT","BELTED_DEATH_COUNT","BELTED_SUSP_SERIOUS_INJ_COUNT","BICYCLE_COUNT","BICYCLE_DEATH_COUNT","BICYCLE_SUSP_SERIOUS_INJ_COUNT","BUS_COUNT","CHLDPAS_DEATH_COUNT","CHLDPAS_SUSP_SERIOUS_INJ_COUNT","COLLISION_TYPE","COMM_VEH_COUNT","CONS_ZONE_SPD_LIM","COUNTY","CRASH_MONTH","CRASH_YEAR","CRN","DAY_OF_WEEK","DEC_LAT","DEC_LONG","DISPATCH_TM","DISTRICT","DRIVER_COUNT_16YR","DRIVER_COUNT_17YR","DRIVER_COUNT_18YR","DRIVER_COUNT_19YR","DRIVER_COUNT_20YR","DRIVER_COUNT_50_64YR","DRIVER_COUNT_65_74YR","DRIVER_COUNT_75PLUS","EST_HRS_CLOSED","FATAL_COUNT","HEAVY_TRUCK_COUNT","HORSE_BUGGY_COUNT","HOUR_OF_DAY","ILLUMINATION","INJURY_COUNT","INTERSECT_TYPE","LANE_CLOSED","LATITUDE","LN_CLOSE_DIR","LOCATION_TYPE","LONGITUDE","MAX_SEVERITY_LEVEL","MCYCLE_DEATH_COUNT","MCYCLE_SUSP_SERIOUS_INJ_COUNT","MOTORCYCLE_COUNT","MUNICIPALITY","NONMOTR_COUNT","NONMOTR_DEATH_COUNT","NONMOTR_SUSP_SERIOUS_INJ_COUNT","NTFY_HIWY_MAINT","PED_COUNT","PED_DEATH_COUNT","PED_SUSP_SERIOUS_INJ_COUNT","PERSON_COUNT","POLICE_AGCY","POSSIBLE_INJ_COUNT","RDWY_SURF_TYPE_CD","RELATION_TO_ROAD","ROAD_CONDITION","SCH_BUS_IND","SCH_ZONE_IND","SMALL_TRUCK_COUNT","SPEC_JURIS_CD","SUSP_MINOR_INJ_COUNT","SUSP_SERIOUS_INJ_COUNT","SUV_COUNT","TCD_FUNC_CD","TCD_TYPE","TFC_DETOUR_IND","TIME_OF_DAY","TOT_INJ_COUNT","TOTAL_UNITS","UNB_DEATH_COUNT","UNB_SUSP_SERIOUS_INJ_COUNT","UNBELTED_OCC_COUNT","UNK_INJ_DEG_COUNT","UNK_INJ_PER_COUNT","URBAN_RURAL","VAN_COUNT","VEHICLE_COUNT","WORK_ZONE_IND","WORK_ZONE_LOC","WORK_ZONE_TYPE","WORKERS_PRES","WZ_CLOSE_DETOUR","WZ_FLAGGER","WZ_LAW_OFFCR_IND","WZ_LN_CLOSURE","WZ_MOVING","WZ_OTHER","WZ_SHLDER_MDN","ROADWAY_CLEARED","WEATHER1","WEATHER2","WZ_WORKERS_INJ_KILLED","SECONDARY_CRASH","INTERSECTION_RELATED"
"0901","0","0","0","0","0","0","0","0","0","4","0","","36","08","2018","2018087294","5","40.0615","-76.3133","0859","08","0","1","0","0","0","0","0","0","","0","0","0","08","1","1","02","0","40 03:41.530","","00","76 18:47.944","4","0","0","0","36101","0","0","0","N","0","0","0","3","36101","1","","1","01","N","N","0","","0","0","2","0","0","","0836","1","2","0","0","0","0","0","3","0","2","N","","","","","","","","","","","","03","  ","","",""
"0654","1","0","0","0","0","0","0","0","0","4","0","","36","08","2018","2018087295","5","40.0834","-76.3516","0649","08","0","0","0","0","0","0","0","1","1","0","0","0","06","1","1","02","1","40 05:00.164","5","00","76 21:05.727","3","0","0","0","36214","0","0","0","N","0","0","0","2","36214","0","","1","01","N","N","0","","1","0","1","3","3","Y","0645","1","2","0","0","0","0","0","3","0","2","N","","","","","","","","","","","","03","  ","","",""
"0231","2","0","0","0","0","0","0","0","0","1","0","","36","08","2018","2018087296","7","40.0246","-76.2031","0226","08","0","0","0","0","1","0","0","0","2","0","0","0","02","3","1","00","1","40 01:28.521","4","00","76 12:11.232","4","0","0","0","36215","0","0","0","N","0","0","0","7","36215","1","","1","01","N","N","0","","0","0","0","0","0","N","0222","1","3","0","0","0","0","0","1","1","3","N","","","","","","","","","","","","03","  ","","",""
"2205","2","0","0","0","0","0","0","0","0","4","0","","36","08","2018","2018087297","1","40.0376","-76.2682","2200","08","0","1","0","0","0","0","0","0","","0","0","0","21","3","1","00","0","40 02:15.453","","00","76 16:05.654","4","0","0","0","36215","0","0","0","N","0","0","0","3","36215","1","","1","09","N","N","0","","0","0","0","0","0","","2159","1","2","0","0","0","0","0","1","0","2","N","","","","","","","","","","","","03","  ","","",""
"1615","1","0","0","0","0","0","0","0","0","7","0","","36","08","2018","2018087298","6","40.0295","-76.3514","1609","08","0","0","0","0","0","0","0","0","2","0","0","0","16","1","1","00","1","40 01:46.250","6","00","76 21:05.010","4","0","0","0","36223","0","0","0","N","0","0","0","1","36223","1","","4","01","N","N","0","","0","0","0","0","0","N","1609","1","1","0","0","0","0","0","1","0","1","N","","","","","","","","","","","","03","  ","","",""
"1615","1","0","0","0","0","0","0","0","0","4","0","","36","08","2018","2018087347","3","40.0653","-76.3416","1606","08","0","0","0","0","0","0","0","0","","0","0","0","16","1","1","01","0","40 03:55.000","","07","76 20:29.900","8","0","0","0","36301","0","0","0","N","0","0","0","3","36301","0","","1","01","N","N","0","","0","0","1","3","4","","1604","1","2","0","0","0","1","0","3","0","2","N","","","","","","","","","","","","03","  ","","",""
"0620","1","0","0","0","0","0","0","0","0","4","0","","36","08","2018","2018087360","1","40.0443","-76.3069","0618","08","0","0","0","0","0","1","0","0","2","0","0","0","06","5","1","01","2","40 02:39.403","1","00","76 18:24.797","3","0","0","0","36301","0","0","0","Y","0","0","0","2","36301","0","","1","09","","","0","","1","0","1","3","2","N","0618","1","2","0","0","0","0","0","3","0","2","N","","","","","","","","","","","","07","  ","","",""
"1949","1","0","0","0","0","0","0","0","0","7","0","","36","08","2018","2018087722","3","40.1344","-76.4325","1943","08","0","0","0","0","0","0","0","0","","0","0","0","19","2","0","02","0","40 08:03.723","","00","76 25:56.835","0","0","0","0","36230","0","0","0","Y","0","0","0","2","36410","0","","5","09","N","N","0","","0","0","0","0","0","","1942","0","1","0","0","1","0","0","1","0","1","N","","","","","","","","","","","","07","  ","","",""
"2349","1","0","0","0","0","0","0","0","0","6","0","","36","08","2018","2018087741","6","39.9182","-76.1884","2330","08","0","0","0","0","0","0","0","0","1","0","0","0","23","3","0","00","1","39 55:05.589","1","00","76 11:18.220","9","0","0","0","36229","0","0","0","N","0","0","0","2","68J01","0","","1","09","N","N","0","","0","0","0","0","0","N","2328","0","2","0","0","0","0","1","1","0","2","N","","","","","","","","","","","","07","  ","","",""
"2254","1","0","0","0","0","0","0","0","0","7","0","","36","08","2018","2018087754","4","40.1806","-76.0074","2227","08","0","0","0","0","0","0","0","0","2","0","0","0","22","2","0","00","1","40 10:49.988","5","00","76 00:26.528","0","0","0","0","36202","0","0","0","N","0","0","0","1","68J01","0","","4","01","N","N","0","","0","0","0","0","0","N","2225","0","1","0","0","0","0","0","1","0","1","N","","","","","","","","","","","","03","  ","","",""
"1620","2","0","0","0","0","0","0","0","0","4","0","","36","08","2018","2018087791","4","40.0776","-76.3269","1617","08","0","0","0","0","0","0","0","0","2","0","0","0","16","1","1","01","2","40 04:39.181","4","00","76 19:36.857","3","0","0","0","36101","0","0","0","N","0","0","0","2","36101","0","","1","01","N","N","0","","1","0","0","3","2","N","1615","1","2","0","0","0","0","0","3","0","2","N","","","","","","","","","","","","03","  ","","",""
"1454","0","0","0","0","0","0","0","0","0","5","0","","36","08","2018","2018087792","2","40.068","-76.2922","1451","08","0","0","0","0","0","0","0","0","","0","0","0","14","1","1","00","0","40 04:04.730","","00","76 17:31.957","3","0","0","0","36101","0","0","0","N","0","0","0","4","36101","0","","1","01","N","N","1","","1","0","1","0","0","","1444","1","2","0","0","0","0","0","3","0","2","N","","","","","","","","","","","","03","  ","","",""
"2028","1","0","0","1","0","0","0","0","0","4","0","","36","08","2018","2018087793","3","40.0919","-76.3037","2024","08","0","0","0","0","0","0","0","0","1","0","0","0","20","3","1","00","2","40 05:30.727","5","00","76 18:13.425","3","0","0","0","36101","1","0","0","N","0","0","0","2","36101","0","","2","01","N","N","0","","1","0","0","0","0","N","2024","1","2","0","0","0","0","0","3","0","1","N","","","","","","","","","","","","03","  ","","",""
"2231","0","0","0","0","0","0","0","0","0","7","0","","36","08","2018","2018087794","5","40.0224","-76.3627","2225","08","0","0","0","0","0","0","0","0","","0","1","0","22","2","0","00","0","40 01:20.720","","00","76 21:45.880","0","0","0","0","36223","0","0","0","N","0","0","0","1","36223","0","","5","01","N","N","0","","0","0","0","0","0","","2221","0","1","0","0","0","0","0","1","0","1","N","","","","","","","","","","","","03","  ","","",""
"2236","2","0","0","0","0","0","0","0","0","1","0","","36","08","2018","2018087804","3","40.1378","-76.3033","2222","08","0","0","0","0","0","1","0","0","2","0","0","0","22","3","1","00","1","40 08:16.127","2","00","76 18:11.900","8","0","0","0","36204","0","0","0","N","0","0","0","3","36506","0","","1","09","N","N","0","","0","0","0","3","2","N","2222","1","2","0","0","0","1","0","1","0","2","N","","","","","","","","","","","","07","  ","","",""
"2024","2","0","0","0","0","0","0","0","0","4","0","","36","08","2018","2018087826","7","40.1589","-76.3075","2022","08","0","0","0","0","0","1","0","0","","0","0","0","20","3","1","00","0","40 09:32.080","","07","76 18:26.912","8","0","0","0","36409","0","0","0","N","0","0","0","3","36409","0","","1","01","N","N","0","","0","0","0","0","0","","2021","1","2","0","0","0","1","0","3","0","2","N","","","","","","","","","","","","03","  ","","",""
"0734","0","0","0","0","0","0","0","0","0","4","0","","36","08","2018","2018087842","4","40.0391","-76.4333","0733","08","0","0","0","0","0","0","0","0","","0","0","0","07","1","0","02","0","40 02:20.909","","00","76 25:59.787","0","0","0","0","36414","0","0","0","N","0","0","0","2","36239","0","","1","01","N","N","1","","0","0","1","3","3","","0730","0","2","0","0","0","0","0","3","0","2","N","","","","","","","","","","","","03","  ","","",""
"1515","1","0","0","0","0","0","0","0","0","4","0","","36","08","2018","2018087888","3","40.0534","-76.3629","1458","08","0","0","0","0","0","1","0","0","2","0","0","0","14","1","0","02","1","40 03:12.270","3","00","76 21:46.602","0","0","0","0","36214","0","0","0","N","0","0","0","2","36214","0","","2","01","N","N","0","","0","0","1","3","3","N","1455","0","2","0","0","0","0","0","3","0","2","N","","","","","","","","","","","","03","  ","","",""
"0829","1","0","0","0","0","0","0","0","0","4","0","","36","08","2018","2018087990","4","40.0619","-76.2757","0823","08","0","0","0","0","0","0","2","0","1","0","0","0","08","1","2","01","1","40 03:42.916","6","00","76 16:32.597","8","0","0","0","36227","0","0","0","N","0","0","0","3","36506","0","","1","01","N","N","0","","0","0","2","0","0","N","0823","2","3","0","0","0","2","0","1","0","3","N","","","","","","","","","","","","03","  ","","",""
"0110","1","0","0","0","0","0","0","0","0","7","0","","36","08","2018","2018087996","4","40.1386","-76.5865","0106","08","0","0","0","0","0","0","0","0","1","0","0","0","01","3","0","00","2","40 08:18.894","6","00","76 35:11.443","0","0","0","0","36225","0","0","0","N","0","0","0","1","36505","0","","5","09","N","N","0","","0","0","0","0","0","Y","0103","0","1","0","0","0","0","0","2","0","1","N","","","","","","","","","","","","03","  ","","",""
"1352","0","0","0","0","0","0","0","0","0","1","0","","36","08","2018","2018088022","4","40.0775","-76.3269","1347","08","0","1","0","0","0","0","0","0","2","0","0","0","13","1","2","00","2","40 04:38.995","1","00","76 19:36.666","3","0","0","0","36101","0","0","0","N","0","0","0","2","36101","0","","1","01","N","N","0","","2","0","2","3","2","N","1345","2","2","0","0","0","0","0","3","0","2","N","","","","","","","","","","","","03","  ","","",""
"1625","0","0","0","0","0","0","0","0","0","4","0","","36","08","2018","2018088023","3","40.078","-76.3381","1618","08","0","0","0","0","0","1","0","0","3","0","0","0","16","1","1","01","1","40 04:40.938","2","00","76 20:17.286","4","0","0","0","36101","0","0","0","N","0","0","0","2","36101","1","","1","08","N","N","1","","0","0","1","3","2","N","1616","1","2","0","0","0","0","0","3","0","2","N","","","","","","","","","","","","07","  ","","",""
"1806","1","0","0","0","0","0","0","0","0","4","0","","36","08","2018","2018088024","3","40.0389","-76.2669","1801","08","1","0","0","0","0","0","0","0","1","0","0","0","17","1","1","00","1","40 02:19.870","6","00","76 16:00.886","3","0","0","0","36215","0","0","0","N","0","0","0","3","36215","0","","1","01","N","N","0","","1","0","1","3","3","N","1759","1","2","0","0","0","0","0","1","0","2","N","","","","","","","","","","","","03","  ","","",""
"1109","2","0","0","0","0","0","0","0","0","4","0","","36","08","2018","2018088025","3","40.0456","-76.2924","1108","08","0","0","0","0","0","1","0","0","2","0","0","0","10","1","1","01","1","40 02:44.163","6","00","76 17:32.546","3","0","0","0","36301","0","0","0","N","0","0","0","2","36301","0","","1","01","N","Y","0","","1","0","0","9","3","N","1058","1","2","0","0","0","0","0","3","0","2","N","","","","","","","","","","","","03","  ","","",""
"1253","1","0","0","0","0","0","0","0","0","4","0","","36","08","2018","2018088026","1","40.0274","-76.3213","1248","08","0","0","0","0","0","1","0","0","1","0","0","0","12","1","0","01","1","40 01:38.720","2","00","76 19:16.760","0","0","0","0","36301","0","0","0","N","0","0","0","3","36301","0","","1","09","N","N","0","","0","0","1","3","3","N","1241","0","2","0","0","0","0","0","3","0","2","N","","","","","","","","","","","","07","  ","","",""
"1851","1","0","0","0","0","0","0","0","0","7","0","","36","08","2018","2018088095","4","40.1679","-76.3994","1851","08","0","0","0","0","0","0","0","0","2","0","0","0","18","1","0","11","1","40 10:04.413","1","00","76 23:57.777","0","0","0","0","36410","0","0","0","N","0","0","0","4","36410","0","","5","01","N","N","0","","0","0","0","0","0","Y","1851","0","1","0","0","0","0","0","2","0","1","N","","","","","","","","","","","","03","  ","","",""
"0918","2","0","0","0","0","0","0","0","0","5","0","","36","08","2018","2018088099","3","40.0359","-76.5071","0915","08","0","0","0","0","0","1","0","0","1","0","0","0","09","1","0","00","1","40 02:09.239","5","00","76 30:25.558","0","0","0","0","36404","0","0","0","N","0","0","0","1","36404","0","","4","01","N","N","0","","0","0","2","0","0","N","0915","0","4","0","0","0","0","0","3","0","4","N","","","","","","","","","","","","03","  ","","",""
"2010","0","0","0","0","0","0","0","0","0","7","0","","36","08","2018","2018088175","3","40.1717","-76.1612","2006","08","0","0","0","0","0","0","0","0","1","0","0","0","20","1","0","00","2","40 10:18.146","5","00","76 09:40.294","9","0","0","0","36218","0","0","0","N","0","0","0","2","36408","0","","5","01","N","N","0","","0","0","1","0","0","Y","2003","0","1","0","0","0","0","2","1","0","1","N","","","","","","","","","","","","03","  ","","",""
"2047","0","0","0","0","0","0","0","0","0","8","0","","36","08","2018","2018088176","3","40.1761","-76.1416","2044","08","0","0","0","0","0","0","0","0","4","1","0","0","20","2","1","00","2","40 10:34.126","2","00","76 08:29.884","1","0","0","0","36218","1","1","0","N","1","1","0","7","36408","0","2","1","09","N","N","0","0","1","0","0","0","0","Y","2044","1","2","0","0","0","0","0","1","1","1","N","","","","","","","","","","","","07","  ","","",""
"0157","0","0","0","0","0","0","0","0","0","7","0","","36","08","2018","2018088178","5","39.9708","-76.2722","0152","08","0","0","0","0","0","0","0","0","4","0","0","0","01","2","1","00","2","39 58:15.039","6","00","76 16:19.786","8","0","0","0","36240","0","0","0","N","0","0","0","2","36240","0","","2","01","N","N","1","","0","0","0","0","0","Y","0150","1","1","0","0","0","1","0","1","0","1","N","","","","","","","","","","","","03","  ","","",""
"1215","0","0","0","0","0","0","0","0","0","0","1","","36","08","2018","2018088185","5","39.9904","-76.3604","1207","08","0","0","0","0","0","1","0","0","3","0","1","0","12","1","0","00","2","39 59:25.405","5","00","76 21:37.493","0","0","0","0","36223","0","0","0","N","0","0","0","1","36223","0","","2","01","N","N","0","","0","0","0","0","0","Y","1204","0","1","0","0","0","0","0","1","0","1","N","","","","","","","","","","","","03","  ","","",""
"1920","2","0","0","0","0","0","0","0","0","4","0","","36","08","2018","2018088205","4","40.16","-76.2255","1914","08","0","0","0","0","0","1","0","0","","0","0","0","19","1","0","02","0","40 09:35.961","","00","76 13:31.967","0","0","0","0","36235","0","0","0","N","0","0","0","3","36506","0","","1","01","N","N","0","","0","0","0","3","3","","1914","0","2","0","0","0","0","0","1","0","2","N","","","","","","","","","","","","03","  ","","",""
"1123","0","0","0","1","0","0","0","0","0","4","0","","36","07","2018","2018088261","6","40.0357","-76.3143","1122","08","0","0","0","0","0","1","0","0","1","0","0","0","11","1","1","01","1","40 02:08.544","3","00","76 18:51.312","3","0","0","0","36301","1","0","0","N","0","0","0","2","36301","0","","1","01","N","N","1","","1","0","0","3","3","Y","1122","1","2","0","0","0","0","0","3","0","1","N","","","","","","","","","","","","03","  ","","",""
"0939","1","0","0","0","0","0","0","0","0","7","0","","36","08","2018","2018088301","5","40.1504","-76.4421","0936","08","0","0","0","0","0","0","1","0","3","0","0","0","09","1","0","00","2","40 09:01.542","5","00","76 26:31.509","0","0","0","0","36230","0","0","0","N","0","0","0","1","36410","0","","2","01","N","N","0","","0","0","0","0","0","Y","0930","0","1","0","0","0","0","0","1","0","1","N","","","","","","","","","","","","03","  ","","",""
"1425","1","0","0","0","0","0","0","0","0","7","0","","36","08","2018","2018088386","5","40.1851","-76.2492","1418","08","0","0","0","1","0","0","0","0","3","0","0","0","14","1","1","00","2","40 11:06.199","6","00","76 14:57.085","8","0","0","0","36204","0","0","0","N","0","0","0","1","36506","0","","4","01","N","N","0","","0","0","0","0","0","Y","1411","1","1","0","0","0","1","0","1","0","1","N","","","","","","","","","","","","03","  ","","",""
"2011","1","0","0","0","0","0","0","0","0","4","0","","36","08","2018","2018088406","6","40.0783","-76.3421","2007","08","0","0","0","0","0","0","0","1","2","0","0","0","20","3","1","00","1","40 04:42.059","3","00","76 20:31.566","3","0","0","0","36101","0","0","0","N","0","0","0","2","36101","0","","1","01","N","N","0","","1","0","1","0","0","N","2004","1","2","0","0","0","0","0","3","0","2","N","","","","","","","","","","","","03","  ","","",""
"0228","1","0","0","0","0","0","0","0","0","1","0","","36","08","2018","2018088407","7","40.0696","-76.3112","0227","08","0","0","0","0","0","0","0","0","","0","0","0","02","3","0","00","0","40 04:10.649","","00","76 18:40.205","0","0","0","0","36101","0","0","0","N","0","0","0","2","36101","0","","1","01","N","N","0","","0","0","1","0","0","","0222","0","2","0","0","0","0","0","3","0","2","N","","","","","","","","","","","","03","  ","","",""
"1635","2","0","0","0","0","0","0","0","0","1","0","","36","08","2018","2018088408","1","40.0679","-76.2973","1629","08","0","0","0","0","0","0","0","1","","0","0","0","16","1","0","00","0","40 04:04.472","","00","76 17:50.102","0","0","0","0","36101","0","0","0","N","0","0","0","2","36101","0","","1","09","N","N","0","","0","0","0","0","0","","1624","0","2","0","0","0","0","0","3","0","2","N","","","","","","","","","","","","07","  ","","",""
"0539","0","0","0","0","0","0","0","0","0","0","0","","36","08","2018","2018088409","2","40.0314","-76.3332","0537","08","0","0","0","0","0","0","0","0","1","0","0","0","05","3","0","00","2","40 01:53.210","5","00","76 19:59.550","0","0","0","0","36220","0","0","0","N","0","0","0","1","36101","0","","1","09","N","N","0","","0","0","1","0","0","Y","0536","0","1","0","0","0","0","0","3","0","1","N","","","","","","","","","","","","07","  ","","",""
"1414","2","0","0","0","0","0","0","0","0","5","0","","36","08","2018","2018088410","4","40.0619","-76.2757","1408","08","0","0","0","0","0","0","0","1","2","0","0","0","14","1","1","02","1","40 03:42.916","3","00","76 16:32.597","3","0","0","0","36101","0","0","0","N","0","0","0","2","36101","0","","1","01","N","N","0","","1","0","0","3","3","N","1406","1","2","0","0","0","0","0","3","0","2","N","","","","","","","","","","","","03","  ","","",""
"2235","2","0","0","0","0","0","0","0","0","4","0","","36","08","2018","2018088549","4","40.1046","-76.4325","2230","08","0","0","0","0","0","0","0","0","1","0","0","0","22","3","0","02","1","40 06:16.701","2","00","76 25:56.856","0","0","0","0","36214","0","0","0","N","0","0","0","2","36214","0","","1","01","N","N","0","","0","0","0","3","3","N","2228","0","2","0","0","0","0","0","3","0","2","N","","","","","","","","","","","","03","  ","","",""
"0340","0","0","0","0","0","0","0","0","0","7","1","","36","04","2018","2018088560","7","40.0761","-76.6443","0339","08","0","0","0","0","0","0","0","0","6","0","1","0","03","2","0","02","2","40 04:33.923","5","00","76 38:39.647","0","0","0","0","36207","0","0","0","N","0","0","0","1","36504","0","","5","09","N","N","0","","0","0","0","0","0","Y","0316","0","1","0","0","0","0","0","1","0","1","N","","","","","","","","","","","","07","05","","",""
"2346","1","0","0","0","0","0","0","0","0","7","0","","36","08","2018","2018088563","5","40.1618","-76.393","2343","08","0","0","0","0","0","0","0","0","","0","0","0","23","3","0","01","0","40 09:42.560","","00","76 23:34.873","0","0","0","0","36410","0","0","0","N","0","0","0","1","36410","0","","5","01","N","N","0","","0","0","0","0","0","","2343","0","1","0","0","0","0","0","2","0","1","N","","","","","","","","","","","","03","  ","","",""
"1947","2","0","0","0","0","0","0","0","0","4","0","","36","08","2018","2018088568","2","40.0487","-76.3088","1943","08","0","0","0","0","0","0","0","0","1","0","0","0","19","4","0","01","1","40 02:55.474","3","00","76 18:31.528","9","0","0","0","36301","0","0","0","N","0","0","0","2","36301","0","","1","01","N","N","0","","0","0","0","3","3","N","1937","0","2","0","0","0","0","1","3","0","2","N","","","","","","","","","","","","03","  ","","",""
"1058","1","0","0","0","0","0","0","0","0","7","0","","36","07","2018","2018088641","2","40.0011","-76.3547","1056","08","0","0","0","0","0","0","0","1","","0","0","0","10","1","2","01","0","40 00:03.985","","00","76 21:16.790","8","0","0","0","36412","0","0","0","N","0","0","0","2","36412","0","","5","01","N","N","0","","0","0","0","3","3","","1050","2","1","0","0","2","2","0","3","0","1","N","","","","","","","","","","","","03","  ","","",""
"0759","4","0","0","0","0","0","0","0","0","1","0","","36","08","2018","2018088679","6","40.0455","-76.4227","0754","08","0","0","0","0","0","3","0","0","2","0","0","0","07","1","2","00","1","40 02:43.764","3","00","76 25:21.881","3","0","0","0","36239","0","0","0","N","0","0","0","5","36239","1","","1","01","N","N","0","","1","0","0","0","0","Y","0751","2","4","0","0","0","0","0","3","0","4","N","","","","","","","","","","","","03","  ","","",""
"1205","3","0","0","0","0","0","0","0","0","5","0","","36","08","2018","2018088703","6","40.0408","-76.2935","1152","08","0","0","0","0","0","0","0","0","2","0","0","0","11","1","0","01","1","40 02:26.970","2","00","76 17:36.562","0","0","0","0","36301","0","0","0","N","0","0","0","2","36301","0","","1","01","N","N","0","","0","0","0","0","0","N","1150","0","3","0","0","0","0","0","3","0","3","N","","","","","","","","","","","","03","  ","","",""
"1738","2","0","0","0","0","0","0","0","0","1","0","","36","08","2018","2018088788","5","40.0779","-76.341","1735","08","0","0","0","0","0","1","1","0","","0","0","0","17","1","0","00","0","40 04:40.274","","00","76 20:27.695","0","0","0","0","36101","0","0","0","N","0","0","0","3","36101","0","","1","01","N","N","0","","0","0","1","0","0","","1730","0","3","0","0","0","0","0","3","0","3","N","","","","","","","","","","","","03","  ","","",""
"1941","1","0","0","0","0","0","0","0","0","7","0","","36","08","2018","2018088789","3","40.0406","-76.2722","1935","08","0","0","0","0","0","0","0","0","","0","0","0","19","1","1","00","0","40 02:26.035","","00","76 16:19.867","3","0","0","0","36215","0","0","0","N","0","0","0","2","36215","0","","5","01","N","N","0","","1","0","0","0","0","","1935","1","1","0","0","0","0","0","1","0","1","N","","","","","","","","","","","","03","  ","","",""
"1509","2","0","0","0","0","0","0","0","0","4","0","","36","08","2018","2018088790","3","40.0519","-76.2217","1502","08","1","0","0","0","0","1","0","0","","0","0","0","14","1","0","00","0","40 03:06.725","","00","76 13:17.987","0","0","0","0","36215","0","0","0","N","0","0","0","3","36215","0","","1","09","N","Y","0","","0","0","0","3","1","","1459","0","2","0","0","0","0","0","1","0","2","N","","","","","","","","","","","","07","  ","","",""
"0513","1","0","0","0","0","0","0","0","0","1","0","","36","08","2018","2018088791","5","40.0868","-76.195","0509","08","0","0","0","0","0","0","0","0","","0","0","0","05","3","0","02","0","40 05:12.440","","00","76 11:42.014","0","0","0","0","36234","0","0","0","N","0","0","0","2","36215","0","","1","01","N","N","0","","0","0","1","3","2","","0509","0","2","0","0","0","0","0","1","0","2","N","","","","","","","","","","","","03","  ","","",""
"1656","2","0","0","0","0","0","0","0","0","4","0","","36","08","2018","2018088827","6","40.1762","-76.1742","1652","08","0","0","0","0","0","1","0","0","","0","0","0","16","1","1","02","0","40 10:34.208","","00","76 10:27.044","4","0","0","0","36408","0","0","0","N","0","0","0","2","36408","1","","1","01","N","N","0","","0","0","0","3","2","N","1648","1","2","0","0","0","0","1","2","0","2","N","","","","","","","","","","","","03","  ","","",""
"0035","1","0","0","0","0","0","0","0","0","7","0","","36","08","2018","2018088946","7","40.0386","-76.4366","0027","08","0","0","0","0","0","0","0","0","1","0","0","0","00","2","1","00","2","40 02:19.103","4","00","76 26:11.769","4","0","0","0","36239","0","0","0","Y","0","0","0","2","36239","1","","5","01","N","N","0","","0","0","0","0","0","N","0027","1","1","0","0","1","0","1","3","0","1","N","","","","","","","","","","","","03","  ","","",""
"1546","1","0","0","0","0","0","0","0","0","1","0","","36","08","2018","2018088994","3","40.0707","-76.3259","1537","08","0","0","0","0","0","0","0","1","","0","0","0","15","1","0","00","0","40 04:14.688","","00","76 19:33.288","0","0","0","0","36301","0","0","0","N","0","0","0","4","36301","0","","1","09","N","N","0","","0","0","2","0","0","","1537","0","3","0","0","0","0","0","3","0","3","N","","","","","","","","","","","","07","  ","","",""
"1615","2","0","0","0","0","0","0","0","0","4","0","","36","08","2018","2018089002","7","40.1318","-76.216","1612","08","0","0","0","0","0","1","0","0","","0","0","0","16","1","0","00","0","40 07:54.642","","00","76 12:57.637","0","0","0","0","36238","0","0","0","N","0","0","0","2","36238","0","","1","01","N","N","0","","0","0","0","0","0","","1610","0","2","0","0","0","0","0","3","0","2","N","","","","","","","","","","","","03","  ","","",""
"1002","1","0","0","0","0","0","0","0","0","2","0","","36","08","2018","2018089022","7","40.051","-76.4491","1000","08","0","0","0","0","0","0","0","0","2","0","0","0","09","1","1","00","2","40 03:03.600","6","00","76 26:56.800","3","0","0","0","36239","0","0","0","N","0","0","0","2","36239","0","","1","01","N","N","1","","1","0","0","0","0","Y","0959","1","2","0","0","0","0","0","3","0","2","N","","","","","","","","","","","","03","  ","","",""
"1445","0","0","0","0","0","0","0","0","0","7","0","","36","08","2018","2018089024","6","40.1464","-76.6194","1439","08","0","0","0","0","0","0","0","0","1","0","0","0","14","1","0","00","1","40 08:46.942","3","00","76 37:10.013","0","0","0","0","36237","0","0","0","N","0","0","0","1","36505","0","","5","01","N","N","1","","0","0","0","0","0","N","1436","0","1","0","0","0","0","0","1","0","1","N","","","","","","","","","","","","03","  ","","",""
"2312","1","0","0","0","0","0","0","0","0","7","0","","36","08","2018","2018089091","6","40.0578","-76.3167","2308","08","0","0","0","0","0","0","0","0","","0","0","0","23","3","0","00","0","40 03:28.055","","00","76 19:00.133","0","0","0","0","36101","0","0","0","N","0","0","0","1","36101","0","","4","01","N","N","0","","0","0","0","0","0","","2306","0","1","0","0","0","0","0","3","0","1","N","","","","","","","","","","","","03","  ","","",""
"1705","1","0","0","0","0","0","0","0","0","7","0","","36","08","2018","2018089143","3","40.2409","-76.152","1656","08","0","1","0","0","0","0","0","0","3","0","0","0","16","1","0","02","1","40 14:27.302","6","00","76 09:07.175","0","0","0","0","36236","0","0","0","Y","0","0","0","1","36408","0","","5","09","N","N","0","","0","0","0","0","0","N","1650","0","1","0","0","0","0","0","1","0","1","N","","","","","","","","","","","","07","  ","","",""