"ARRIVAL_TM","AUTOMOBILE_COUNT","BELTED_DEATH_COUNT","BELTED_SUSP_SERIOUS_INJ_COUNT","BICYCLE_COUNT","BICYCLE_DEATH_COUNT","BICYCLE_SUSP_SERIOUS_INJ_COUNT","BUS_COUNT","CHLDPAS_DEATH_COUNT","CHLDPAS_SUSP_SERIOUS_INJ_COUNT","COLLISION_TYPE","COMM_VEH_COUNT","CONS_ZONE_SPD_LIM","COUNTY","CRASH_MONTH","CRASH_YEAR","CRN","DAY_OF_WEEK","DEC_LAT","DEC_LONG","DISPATCH_TM","DISTRICT","DRIVER_COUNT_16YR","DRIVER_COUNT_17YR","DRIVER_COUNT_18YR","DRIVER_COUNT_19YR","DRIVER_COUNT_20YR","DRIVER_COUNT_50_64YR","DRIVER_COUNT_65_74YR","DRIVER_COUNT_75PLUS","EST_HRS_CLOSED","FATAL_COUNT","HEAVY_TRUCK_COUNT","HORSE_BUGGY_COUNT","HOUR_OF_DAY","ILLUMINATION","INJURY_COUNT","INTERSECT_TYPE","LANE_CLOSED","LATITUDE","LN_CLOSE_DIR","LOCATION_TYPE","LONGITUDE","MAX_SEVERITY_LEVEL","MCYCLE_DEATH_COUNT","MCYCLE_SUSP_SERIOUS_INJ_COUNT","MOTORCYCLE_COUNT","MUNICIPALITY","NONMOTR_COUNT","NONMOTR_DEATH_COUNT","NONMOTR_SUSP_SERIOUS_INJ_COUNT","NTFY_HIWY_MAINT","PED_COUNT","PED_DEATH_COUNT","PED_SUSP_SERIOUS_INJ_COUNT","PERSON_COUNT","POLICE_AGCY","POSSIBLE_INJ_COUNT","RDWY_SURF_TYPE_CD","RELATION_TO_ROAD","ROAD_CONDITION","SCH_BUS_IND","SCH_ZONE_IND","SMALL_TRUCK_COUNT","SPEC_JURIS_CD","SUSP_MINOR_INJ_COUNT","SUSP_SERIOUS_INJ_COUNT","SUV_COUNT","TCD_FUNC_CD","TCD_TYPE","TFC_DETOUR_IND","TIME_OF_DAY","TOT_INJ_COUNT","TOTAL_UNITS","UNB_DEATH_COUNT","UNB_SUSP_SERIOUS_INJ_COUNT","UNBELTED_OCC_COUNT","UNK_INJ_DEG_COUNT","UNK_INJ_PER_COUNT","URBAN_RURAL","VAN_COUNT","VEHICLE_COUNT","WORK_ZONE_IND","WORK_ZONE_LOC","WORK_ZONE_TYPE","WORKERS_PRES","WZ_CLOSE_DETOUR","WZ_FLAGGER","WZ_LAW_OFFCR_IND","WZ_LN_CLOSURE","WZ_MOVING","WZ_OTHER","WZ_SHLDER_MDN","ROADWAY_CLEARED","WEATHER1","WEATHER2","WZ_WORKERS_INJ_KILLED","SECONDARY_CRASH","INTERSECTION_RELATED"
"1456","2","0","0","0","0","0","0","0","0","4","0","","36","08","2018","2018089310","1","40.0422","-76.2957","1454","08","0","0","0","1","0","1","0","0","1","0","0","0","14","1","0","01","1","40 02:32.089","3","00","76 17:44.343","0","0","0","0","36301","0","0","0","N","0","0","0","3","36301","0","","1","01","N","N","0","","0","0","0","3","3","N","1453","0","2","0","0","0","0","0","3","0","2","N","","","","","","","","","","","","03","  ","","",""
"1205","2","0","0","0","0","0","0","0","0","4","0","","36","08","2018","2018089236","6","40.0392","-76.4311","1201","08","0","0","0","0","0","0","0","0","2","0","0","0","11","1","0","01","1","40 02:20.941","7","00","76 25:51.799","0","0","0","0","36414","0","0","0","N","0","0","0","2","36239","0","","1","01","N","N","0","","0","0","0","3","2","Y","1156","0","2","0","0","0","0","0","3","0","2","N","","","","","","","","","","","","03","  ","","",""
"1635","1","0","0","0","0","0","0","0","0","4","1","","36","08","2018","2018089240","7","40.06","-76.5085","1611","08","0","0","0","0","0","0","2","0","1","0","1","0","16","1","1","00","1","40 03:36.003","2","00","76 30:30.516","4","0","0","0","36239","0","0","0","N","0","0","0","2","36239","1","","1","01","N","N","0","","0","0","0","0","0","N","1611","1","2","0","0","1","0","0","3","0","2","N","","","","","","","","","","","","03","  ","","",""
"1510","2","0","0","0","0","0","0","0","0","4","0","","36","08","2018","2018089247","6","40.1845","-76.601","1503","08","0","0","0","0","0","0","0","1","2","0","0","0","15","1","0","01","2","40 11:04.371","7","00","76 36:03.692","0","0","0","0","36225","0","0","0","N","0","0","0","3","36505","0","","1","01","N","N","0","","0","0","0","0","0","N","1500","0","2","0","0","0","0","0","2","0","2","N","","","","","","","","","","","","03","  ","","",""
"1301","2","0","0","0","0","0","0","0","0","4","0","","36","08","2018","2018089259","1","40.1313","-76.564","1254","08","0","0","0","0","0","1","0","0","","0","0","0","12","1","0","00","0","40 07:52.705","","07","76 33:50.416","0","0","0","0","36225","0","0","0","N","0","0","0","3","36505","0","","1","01","N","N","0","","0","0","0","0","0","N","1253","0","2","0","0","0","0","0","2","0","2","N","","","","","","","","","","","","03","  ","","",""
"1734","2","0","0","0","0","0","0","0","0","4","0","","36","08","2018","2018089315","6","40.0049","-76.3572","1733","08","1","0","0","0","0","0","0","1","3","0","0","0","17","1","2","01","2","40 00:17.607","7","00","76 21:25.930","4","0","0","0","36412","0","0","0","N","0","0","0","8","36412","2","","1","01","N","N","0","","0","0","0","3","3","Y","1730","2","3","0","0","2","0","0","3","1","3","N","","","","","","","","","","","","03","  ","","",""
"2034","3","0","0","0","0","0","0","0","0","1","0","","36","08","2018","2018089335","6","40.0892","-76.3049","2029","08","0","1","0","0","0","0","1","0","2","0","0","0","20","3","1","00","2","40 05:21.029","2","00","76 18:17.528","3","0","0","0","36101","0","0","0","N","0","0","0","3","36101","0","","1","01","N","N","0","","1","0","0","3","2","N","2028","1","3","0","0","0","0","0","3","0","3","N","","","","","","","","","","","","03","  ","","",""
"1734","2","0","0","0","0","0","0","0","0","1","0","","36","08","2018","2018089336","7","40.0851","-76.3283","1722","08","0","0","1","0","0","1","1","0","2","0","0","0","17","1","0","00","1","40 05:06.514","1","00","76 19:41.987","0","0","0","0","36101","0","0","0","N","0","0","0","3","36101","0","","1","01","N","N","0","","0","0","1","0","0","N","1719","0","3","0","0","0","0","0","3","0","3","N","","","","","","","","","","","","03","  ","","",""
"0923","1","0","0","0","0","0","0","0","0","7","0","","36","08","2018","2018089337","7","40.0891","-76.3557","0915","08","0","0","0","0","0","0","0","0","","0","0","0","08","1","1","00","0","40 05:20.700","","00","76 21:20.340","4","0","0","0","36214","0","0","0","N","0","0","0","1","36214","1","","4","01","N","N","0","","0","0","0","0","0","","0859","1","1","0","0","0","0","0","3","0","1","N","","","","","","","","","","","","03","  ","","",""
"2330","2","0","0","0","0","0","0","0","0","7","0","","36","08","2018","2018089367","2","40.2654","-76.1104","2327","08","0","0","0","0","0","0","0","0","","0","0","0","23","3","0","00","0","40 15:55.614","","00","76 06:37.614","9","0","0","0","36236","0","0","0","N","0","0","0","3","36408","0","","5","01","N","N","0","","0","0","0","0","0","","2326","0","2","0","0","0","0","1","1","0","2","N","","","","","","","","","","","","03","  ","","",""
"1729","3","0","0","0","0","0","0","0","0","1","0","","36","08","2018","2018089448","3","40.2063","-76.419","1715","08","0","0","0","0","0","0","0","0","1","0","0","0","17","1","0","00","1","40 12:22.603","2","00","76 25:08.381","0","0","0","0","36227","0","0","0","N","0","0","0","3","36506","0","","1","09","N","N","0","","0","0","0","0","0","Y","1715","0","3","0","0","0","0","0","1","0","3","N","","","","","","","","","","","","07","  ","","",""
"1742","0","0","0","0","0","0","0","0","0","4","0","","36","08","2018","2018089453","4","40.0606","-76.2768","1737","08","0","0","0","0","0","0","1","0","2","0","0","0","17","1","0","02","2","40 03:38.263","3","08","76 16:36.564","0","0","0","0","36101","0","0","0","N","0","0","0","2","36101","0","","1","01","N","N","0","","0","0","1","3","2","N","1736","0","2","0","0","0","0","0","3","1","2","N","","","","","","","","","","","","03","  ","","",""
"0135","2","0","0","0","0","0","0","0","0","7","0","","36","08","2018","2018089462","6","40.0412","-76.383","0132","08","0","1","0","0","0","0","0","0","2","0","0","0","01","3","1","00","2","40 02:28.320","6","00","76 22:58.923","3","0","0","0","36214","0","0","0","N","0","0","0","2","36214","0","","5","01","N","N","0","","1","0","0","0","0","Y","0125","1","2","0","0","1","0","0","3","0","2","N","","","","","","","","","","","","03","  ","","",""
"0617","2","0","0","0","0","0","0","0","0","4","0","","36","08","2018","2018089466","3","40.0443","-76.3069","0612","08","0","0","0","0","0","0","0","0","2","0","0","0","06","5","0","01","1","40 02:39.403","1","00","76 18:24.797","0","0","0","0","36301","0","0","0","N","0","0","0","2","36301","0","","1","01","N","N","0","","0","0","0","3","2","N","0612","0","3","0","0","0","0","0","3","1","3","N","","","","","","","","","","","","03","  ","","",""
"1656","5","0","0","0","0","0","0","0","0","1","0","","36","08","2018","2018089477","4","40.0532","-76.2614","1644","08","0","0","1","0","0","2","0","0","3","0","0","0","16","1","1","02","1","40 03:11.605","4","00","76 15:40.871","3","0","0","0","36301","0","0","0","N","0","0","0","5","36301","0","","1","01","N","N","0","","1","0","0","3","2","N","1629","1","5","0","0","1","0","0","3","0","5","N","","","","","","","","","","","","03","  ","","",""
"1604","2","0","0","0","0","0","0","0","0","4","0","","36","08","2018","2018089549","1","40.0046","-76.2948","1549","08","0","0","0","0","0","0","0","0","","0","0","0","15","1","2","02","0","40 00:16.193","","00","76 17:40.835","3","0","0","0","36240","0","0","0","N","0","0","0","2","36240","0","","1","01","N","N","0","","2","0","0","0","0","","1549","2","2","0","0","0","0","0","1","0","2","N","","","","","","","","","","","","03","  ","","",""
"0408","0","0","0","0","0","0","0","0","0","9","0","","36","08","2018","2018089639","7","40.2353","-76.2883","0345","08","0","0","0","0","0","1","0","0","","0","0","0","03","2","0","00","0","40 14:07.232","","00","76 17:18.048","0","0","0","0","36217","0","0","0","N","0","0","0","1","68T06","0","","1","01","N","N","0","","0","0","1","0","0","","0345","0","1","0","0","0","0","0","1","0","1","N","","","","","","","","","","","","03","  ","","",""
"0725","0","0","0","0","0","0","0","0","0","9","0","","36","08","2018","2018089662","1","39.987","-76.2324","0717","08","0","0","0","0","0","0","0","0","","0","0","0","99","2","0","00","0","39 59:13.122","","00","76 13:56.616","9","0","0","0","36240","0","0","0","N","0","0","0","1","36240","0","","1","01","N","N","1","","0","0","0","0","0","","9999","0","1","0","0","0","0","1","1","0","1","N","","","","","","","","","","","","03","  ","","",""
"1307","1","0","0","0","0","0","0","0","0","7","0","","36","08","2018","2018089664","2","40.1573","-76.2912","1255","08","0","0","0","1","0","0","0","0","1","0","0","0","12","1","0","00","1","40 09:26.100","2","00","76 17:28.400","0","0","0","0","36409","0","0","0","N","0","0","0","1","36409","0","","5","01","N","N","0","","0","0","0","0","0","N","1255","0","1","0","0","0","0","0","3","0","1","N","","","","","","","","","","","","03","  ","","",""
"1846","1","0","0","0","0","0","0","0","0","1","0","","36","08","2018","2018089692","3","40.0148","-76.1541","1844","08","0","0","0","0","0","0","0","0","1","0","0","0","18","4","0","00","1","40 00:53.352","4","00","76 09:14.783","9","0","0","0","36215","0","0","0","N","0","0","0","2","36215","0","","1","01","N","N","0","","0","0","0","0","0","N","1844","0","2","0","0","0","0","1","1","0","2","N","","","","","","","","","","","","03","  ","","",""
"1538","0","0","0","0","0","0","0","0","0","1","0","","36","08","2018","2018089693","6","40.0378","-76.2444","1535","08","0","0","0","0","0","1","1","0","3","0","0","0","15","1","1","00","1","40 02:15.993","3","00","76 14:39.676","3","0","0","0","36215","0","0","0","N","0","0","0","13","36215","0","","1","01","N","N","0","","1","0","4","0","0","N","1533","1","5","0","0","0","0","0","1","1","5","N","","","","","","","","","","","","03","  ","","",""
"1613","1","0","0","0","0","0","0","0","0","4","0","","36","08","2018","2018089759","1","40.0339","-76.5048","1613","08","0","0","0","0","0","1","0","0","1","0","0","0","16","1","0","01","1","40 02:01.889","1","00","76 30:17.169","0","0","0","0","36404","0","0","0","N","0","0","0","2","36404","0","","1","01","N","N","1","","0","0","0","3","2","Y","1613","0","2","0","0","0","0","0","3","0","2","N","","","","","","","","","","","","03","  ","","",""
"0514","0","0","0","0","0","0","0","0","0","4","0","","36","08","2018","2018089765","4","40.2747","-76.1354","0503","08","0","0","0","0","0","0","0","0","","0","0","0","04","2","0","01","0","40 16:29.078","","00","76 08:07.606","0","0","0","0","36236","0","0","0","N","0","0","0","3","36408","0","","1","01","N","N","1","","0","0","0","3","3","","0453","0","2","0","0","0","0","0","1","1","2","N","","","","","","","","","","","","03","  ","","",""
"1637","1","0","1","0","0","0","0","0","0","1","1","","36","08","2018","2018089851","4","40.1106","-76.4686","1624","08","0","0","0","0","0","1","0","0","1","0","1","0","16","1","1","00","2","40 06:38.205","6","00","76 28:07.111","2","0","0","0","36230","1","0","0","N","0","0","0","2","36410","0","","2","01","N","N","0","","0","1","0","0","0","Y","1624","1","2","0","0","0","0","0","1","0","2","N","","","","","","","","","","","","03","  ","","",""
"1025","1","0","0","0","0","0","0","0","0","4","0","","36","08","2018","2018089856","4","39.9811","-76.3177","1018","08","0","0","0","0","0","0","0","0","","0","0","0","10","1","0","01","0","39 58:51.844","","00","76 19:03.584","0","0","0","0","36228","0","0","0","N","0","0","0","2","36503","0","","1","01","N","N","1","","0","0","0","3","2","","1015","0","2","0","0","0","0","0","1","0","2","N","","","","","","","","","","","","03","  ","","",""
"1904","2","0","0","0","0","0","0","0","0","4","0","","36","08","2018","2018089861","1","40.1781","-76.1961","1902","08","0","0","1","0","0","0","0","0","2","0","0","0","19","1","3","00","1","40 10:41.272","1","00","76 11:46.009","3","0","0","0","36408","0","0","0","N","0","0","0","3","36408","0","","1","01","N","N","0","","3","0","1","0","0","Y","1900","3","3","0","0","0","0","0","2","0","3","N","","","","","","","","","","","","03","  ","","",""
"0720","1","0","0","0","0","0","0","0","0","1","0","","36","08","2018","2018089871","5","40.0915","-76.4099","0717","08","0","0","0","0","1","1","0","0","","0","0","0","07","1","0","00","0","40 05:29.545","","00","76 24:35.469","0","0","0","0","36214","0","0","0","N","0","0","0","2","36214","0","","1","01","N","N","0","","0","0","1","3","2","","0715","0","2","0","0","0","0","0","3","0","2","N","","","","","","","","","","","","03","  ","","",""
"0910","2","0","0","0","0","0","0","0","0","4","0","","36","08","2018","2018089872","5","40.0716","-76.0996","0900","08","0","0","0","0","0","2","0","0","2","0","0","0","09","1","1","02","2","40 04:17.601","6","00","76 05:58.494","3","0","0","0","36209","0","0","0","N","0","0","0","2","36415","0","","1","01","N","N","0","","1","0","0","0","0","Y","0900","1","2","0","0","0","0","0","1","0","2","N","","","","","","","","","","","","03","  ","","",""
"0945","2","0","0","0","0","0","0","0","0","1","0","","36","08","2018","2018089873","6","40.1584","-76.1375","0938","08","0","0","0","0","0","0","0","0","2","0","0","0","09","1","0","00","2","40 09:29.411","4","00","76 08:12.746","0","0","0","0","36209","0","0","0","N","0","0","0","2","36415","0","","1","01","N","N","0","","0","0","0","0","0","Y","0936","0","2","0","0","0","0","0","1","0","2","N","","","","","","","","","","","","03","  ","","",""
"0816","1","0","0","0","0","0","0","0","0","4","0","","36","08","2018","2018089874","5","40.0759","-76.0947","0810","08","0","0","0","0","0","0","0","0","1","0","0","1","08","1","2","00","2","40 04:33.150","6","00","76 05:40.960","2","0","0","0","36209","3","0","1","N","0","0","0","4","36415","0","","1","01","N","N","0","","1","1","0","0","0","Y","0808","2","2","0","0","0","0","0","1","0","1","N","","","","","","","","","","","","03","  ","","",""
"1718","0","0","0","0","0","0","0","0","0","4","0","","36","08","2018","2018089875","4","40.0747","-76.0739","1714","08","0","0","0","0","0","0","0","0","2","0","0","0","17","1","1","01","2","40 04:28.922","7","00","76 04:25.954","3","0","0","0","36209","0","0","0","N","0","0","0","2","36415","0","","1","01","N","N","0","","1","0","2","3","3","Y","1712","1","2","0","0","0","0","0","1","0","2","N","","","","","","","","","","","","03","  ","","",""
"2045","2","0","0","0","0","0","0","0","0","4","0","","36","08","2018","2018089891","6","40.131","-76.2171","2040","08","0","0","0","0","0","0","0","0","2","0","0","0","20","2","2","01","1","40 07:51.556","7","00","76 13:01.609","3","0","0","0","36238","0","0","0","N","0","0","0","4","36238","0","","1","01","N","N","0","","2","0","0","3","2","Y","2038","2","2","0","0","1","0","0","3","0","2","N","","","","","","","","","","","","03","  ","","",""
"0554","2","0","0","0","0","0","0","0","0","4","0","","36","08","2018","2018089904","3","40.04","-76.2873","0550","08","0","0","0","0","0","0","0","0","2","0","0","0","05","5","2","01","1","40 02:24.011","5","00","76 17:14.418","3","0","0","0","36301","0","0","0","N","0","0","0","3","36301","0","","1","01","N","N","0","","2","0","0","3","2","N","0550","2","2","0","0","0","0","0","3","0","2","N","","","","","","","","","","","","03","  ","","",""
"1006","2","0","0","0","0","0","0","0","0","5","1","90","36","08","2018","2018089909","2","40.0349","-76.3051","1004","08","0","0","0","0","0","0","0","0","4","0","1","0","10","1","1","00","2","40 02:05.696","1","00","76 18:18.373","2","0","0","0","36301","0","0","0","N","0","0","0","2","36301","0","","1","01","N","N","1","","0","1","4","3","7","Y","1002","1","8","0","0","0","0","0","3","0","8","Y","3","1","Y","","Y","N","Y","","","","","03","  ","","",""
"0657","1","0","0","0","0","0","0","0","0","7","0","","36","08","2018","2018089930","3","40.2198","-76.0801","0650","08","0","0","0","0","0","0","0","0","2","0","0","0","06","5","0","00","1","40 13:11.427","2","00","76 04:48.229","9","0","0","0","36210","0","0","0","Y","0","0","0","1","36210","0","","4","01","N","N","0","","0","0","0","0","0","N","0640","0","1","0","0","0","0","1","1","0","1","N","","","","","","","","","","","","03","  ","","",""
"1327","1","0","0","0","0","0","0","0","0","4","1","","36","08","2018","2018089968","2","40.0431","-76.3022","1327","08","0","0","0","0","0","1","1","0","1","0","1","0","13","1","1","01","1","40 02:35.283","1","00","76 18:08.098","3","0","0","0","36301","0","0","0","N","0","0","0","2","36301","0","","1","01","N","N","0","","1","0","0","3","2","N","1327","1","2","0","0","0","0","0","3","0","2","N","","","","","","","","","","","","03","  ","","",""
"0342","0","0","0","0","0","0","0","0","0","7","0","","36","07","2018","2018089999","4","39.8188","-76.2728","0315","08","0","0","0","1","0","0","0","0","","0","0","0","03","2","0","00","0","39 49:07.580","","00","76 16:22.160","0","0","0","0","36208","0","0","0","N","0","0","0","1","68J01","0","","4","01","N","N","0","","0","0","1","0","0","","0303","0","1","0","0","0","0","0","1","0","1","N","","","","","","","","","","","","03","  ","","",""
"1116","1","0","0","0","0","0","0","0","0","4","0","","36","07","2018","2018090005","3","40.0029","-76.2752","1057","08","0","0","0","0","0","0","1","0","1","0","0","0","10","1","2","00","2","40 00:10.390","5","00","76 16:30.640","3","0","0","0","36240","0","0","0","N","0","0","0","4","68J01","0","","1","01","N","N","0","","2","0","1","0","0","N","1057","2","2","0","0","0","0","0","1","0","2","N","","","","","","","","","","","","03","  ","","",""
"1456","0","0","0","0","0","0","0","0","0","4","0","","36","08","2018","2018090034","7","40.0584","-76.1137","1435","08","0","0","0","0","0","1","0","0","2","0","0","0","14","1","2","01","2","40 03:30.167","1","00","76 06:49.490","3","0","0","1","36221","0","0","0","N","0","0","0","8","68J01","0","","1","01","N","N","0","","2","0","1","3","3","Y","1435","2","2","0","0","0","0","0","1","0","2","N","","","","","","","","","","","","03","  ","","",""
"1556","0","0","0","0","0","0","0","0","0","4","0","","36","08","2018","2018090038","1","39.8902","-76.238","1538","08","0","0","0","0","0","0","0","1","2","0","0","0","15","1","1","01","1","39 53:24.827","3","00","76 14:16.772","3","0","0","0","36229","0","0","0","N","0","0","0","3","68J01","0","","1","09","N","N","1","","1","0","1","3","2","N","1536","1","2","0","0","0","0","1","1","0","2","N","","","","","","","","","","","","07","  ","","",""
"2315","1","0","0","0","0","0","0","0","0","1","0","","36","08","2018","2018090039","1","39.9162","-76.1879","2252","08","0","0","0","0","0","0","0","0","2","0","0","1","22","2","2","00","1","39 54:58.308","1","00","76 11:16.425","3","0","0","0","36229","2","0","0","N","0","0","0","3","68J01","0","","1","09","N","N","0","","2","0","0","0","0","Y","2245","2","2","0","0","0","0","1","1","0","1","N","","","","","","","","","","","","07","05","","",""
"1954","1","0","0","0","0","0","0","0","0","7","0","","36","08","2018","2018090046","3","39.8837","-76.3189","1944","08","0","0","1","0","0","0","0","0","","0","0","0","19","4","0","03","0","39 53:01.213","","00","76 19:07.864","0","0","0","0","36224","0","0","0","N","0","0","0","1","68J01","0","","4","09","N","N","0","","0","0","0","0","0","","1940","0","1","0","0","0","0","0","1","0","1","N","","","","","","","","","","","","07","  ","","",""
"2115","1","0","0","0","0","0","0","0","0","0","1","","36","08","2018","2018090047","3","39.9818","-76.0172","2105","08","0","0","0","0","0","0","0","0","","0","1","0","21","2","1","00","0","39 58:54.582","","00","76 01:01.900","3","0","0","0","36232","0","0","0","N","0","0","0","2","68J01","0","","1","09","N","N","0","","1","0","0","0","0","","2102","1","2","0","0","0","0","0","1","0","2","N","","","","","","","","","","","","07","  ","","",""
"0922","0","0","0","0","0","0","0","0","0","8","0","","36","08","2018","2018090056","4","39.8909","-76.0697","0850","08","0","0","0","0","0","1","0","0","","0","0","0","08","1","1","00","0","39 53:27.118","","00","76 04:10.804","2","0","0","0","36201","1","0","1","N","1","0","1","3","68J01","0","","1","01","N","N","1","","0","1","0","0","0","","0842","1","2","0","0","0","0","0","1","0","1","N","","","","","","","","","","","","03","  ","","",""
"0408","1","0","0","0","0","0","0","0","0","4","0","","36","08","2018","2018090061","5","39.984","-76.0973","0407","08","0","0","0","0","0","0","0","1","2","0","0","0","04","2","2","01","2","39 59:02.474","7","00","76 05:50.433","3","0","0","0","36226","0","0","0","N","0","0","0","5","68J01","0","","1","01","N","N","0","","1","0","0","3","2","Y","0406","2","2","0","0","1","1","0","1","1","2","N","","","","","","","","","","","","03","  ","","",""
"1628","0","0","0","0","0","0","0","0","0","7","0","","36","08","2018","2018090085","1","39.9756","-75.9939","1611","08","0","0","0","0","0","0","0","0","","0","0","0","16","1","0","01","0","39 58:32.262","","00","75 59:37.905","0","0","0","0","36231","0","0","0","N","0","0","0","2","68J01","0","","5","01","N","N","0","","0","0","1","3","3","","1602","0","2","0","0","0","0","0","1","1","2","N","","","","","","","","","","","","03","  ","","",""
"0952","0","0","0","0","0","0","0","0","0","4","1","","36","08","2018","2018090095","3","40.1128","-76.3965","0946","08","0","0","0","0","0","2","0","0","2","0","1","0","09","1","0","01","1","40 06:45.982","3","00","76 23:47.576","0","0","0","0","36214","0","0","0","N","0","0","0","2","36214","0","","1","01","N","N","0","","0","0","1","3","3","N","0945","0","2","0","0","0","0","0","3","0","2","N","","","","","","","","","","","","03","  ","","",""
"1635","1","0","0","0","0","0","0","0","0","7","0","","36","08","2018","2018090100","2","40.2825","-76.1519","1629","08","0","0","0","0","0","0","0","0","2","0","0","0","16","1","1","00","1","40 16:57.110","4","00","76 09:06.735","3","0","0","0","36236","0","0","0","Y","0","0","0","1","36408","0","","5","01","N","N","0","","1","0","0","0","0","N","1625","1","1","0","0","0","0","0","1","0","1","N","","","","","","","","","","","","03","  ","","",""
"1200","3","0","0","0","0","0","0","0","0","2","0","","36","08","2018","2018090108","7","40.1064","-76.4991","1155","08","0","0","1","0","0","0","0","0","","0","0","0","11","1","1","00","0","40 06:23.208","","00","76 29:56.835","8","0","0","0","36413","0","0","0","N","0","0","0","1","36413","0","","1","01","N","N","0","","0","0","0","3","3","","1155","1","3","0","0","0","1","0","2","0","3","N","","","","","","","","","","","","03","  ","","",""
"0510","1","0","0","0","0","0","0","0","0","7","0","","36","08","2018","2018090146","3","40.1216","-76.0599","0507","08","0","0","0","0","0","1","0","0","","0","0","0","04","2","0","00","0","40 07:17.732","","00","76 03:35.700","0","0","0","0","36213","0","0","0","N","0","0","0","1","36213","0","","4","01","N","N","0","","0","0","0","0","0","","0455","0","1","0","0","0","0","0","1","0","1","N","","","","","","","","","","","","03","  ","","",""
"1837","2","0","0","0","0","0","0","0","0","4","0","","36","08","2018","2018090153","2","39.9924","-76.2859","1833","08","0","0","0","0","0","0","0","0","","0","0","0","18","1","0","01","0","39 59:32.484","","00","76 17:09.068","0","0","0","0","36240","0","0","0","N","0","0","0","4","36240","0","","1","01","N","N","0","","0","0","0","3","2","","1830","0","2","0","0","0","0","0","1","0","2","N","","","","","","","","","","","","03","  ","","",""
"2051","2","0","0","0","0","0","0","0","0","4","0","","36","08","2018","2018090173","1","40.013","-76.263","2042","08","0","0","1","0","0","0","1","0","","0","0","0","20","2","0","00","0","40 00:46.889","","00","76 15:46.631","0","0","0","0","36240","0","0","0","N","0","0","0","4","36240","0","","1","01","N","N","0","","0","0","0","0","0","","2040","0","2","0","0","0","0","0","1","0","2","N","","","","","","","","","","","","03","  ","","",""
"2011","0","0","0","0","0","0","0","0","0","9","0","","36","07","2018","2018090209","5","39.8693","-76.3428","1954","08","0","0","0","0","0","0","0","0","","0","0","0","19","4","1","00","0","39 52:09.616","","00","76 20:33.943","8","0","0","1","36224","0","0","0","N","0","0","0","1","68J01","0","","1","09","N","N","0","","0","0","0","0","0","","1952","1","1","0","0","0","1","0","1","0","1","N","","","","","","","","","","","","07","05","","",""
"1957","0","0","0","0","0","0","0","0","0","1","0","","36","07","2018","2018090211","7","40.0339","-75.9867","1952","08","0","0","0","0","0","1","0","0","2","0","0","1","19","1","1","00","2","40 02:02.139","6","00","75 59:12.265","3","0","0","0","36232","4","0","0","N","0","0","0","5","68J01","0","","1","01","N","N","0","","1","0","1","0","0","Y","1949","1","2","0","0","0","0","0","1","0","1","N","","","","","","","","","","","","03","  ","","",""
"0245","0","0","0","0","0","0","0","0","0","7","0","","36","08","2018","2018090216","1","39.8947","-76.2402","0229","08","0","0","0","1","0","0","0","0","3","0","0","0","02","2","1","00","1","39 53:40.903","5","00","76 14:24.640","8","0","0","0","36229","0","0","0","N","0","0","0","1","68J01","0","","4","01","N","N","1","","0","0","2","0","0","N","0225","1","4","0","0","0","1","0","1","1","4","N","","","","","","","","","","","","03","  ","","",""
"1224","0","0","0","0","0","0","0","0","0","7","0","","36","08","2018","2018090225","7","40.0696","-76.0172","1148","08","0","0","0","0","1","0","0","0","2","0","0","0","11","1","1","00","2","40 04:10.566","5","00","76 01:01.799","3","0","0","0","36232","0","0","0","N","0","0","0","1","68J01","0","","4","01","N","N","0","","1","0","1","3","8","Y","1140","1","1","0","0","0","0","0","1","0","1","N","","","","","","","","","","","","03","  ","","",""
"0742","0","0","0","0","0","0","0","0","0","2","2","","36","08","2018","2018090230","2","40.0383","-76.0479","0727","08","0","0","0","0","0","0","0","0","","0","2","0","07","1","0","00","0","40 02:17.922","","00","76 02:52.352","0","0","0","0","36232","0","0","0","N","0","0","0","1","68J01","0","","4","08","N","N","1","","0","0","0","0","0","","0725","0","3","0","0","0","0","0","1","0","3","N","","","","","","","","","","","","07","  ","","",""
"0830","1","0","0","0","0","0","0","0","0","1","0","","36","08","2018","2018090338","4","40.0186","-76.1733","0810","08","0","0","0","0","0","1","0","0","","0","0","0","08","1","0","00","0","40 01:06.946","","00","76 10:23.726","0","0","0","0","36301","0","0","0","N","0","0","0","2","36301","0","","1","01","N","N","1","","0","0","0","0","0","","0810","0","2","0","0","0","0","0","3","0","2","N","","","","","","","","","","","","03","  ","","",""
"0707","0","0","1","0","0","0","0","0","0","4","0","","36","08","2018","2018090342","4","40.123","-76.231","0705","08","0","0","0","0","0","1","0","0","3","0","0","0","07","1","3","00","2","40 07:22.915","7","00","76 13:51.596","2","0","0","0","36238","0","0","0","Y","0","0","0","3","36238","0","","1","01","N","N","1","","2","1","1","0","0","Y","0703","3","2","0","0","0","0","0","3","0","2","N","","","","","","","","","","","","03","  ","","",""
"1100","2","0","0","0","0","0","0","0","0","4","0","","36","08","2018","2018090345","1","40.1497","-76.3843","1051","08","0","0","0","0","0","0","0","1","1","0","0","0","10","1","0","01","1","40 08:58.869","3","00","76 23:03.404","0","0","0","0","36227","0","0","0","N","0","0","0","3","36506","0","","1","01","N","N","0","","0","0","0","3","3","N","1051","0","2","0","0","0","0","0","1","0","2","N","","","","","","","","","","","","03","  ","","",""