"ARRIVAL_TM","AUTOMOBILE_COUNT","BELTED_DEATH_COUNT","BELTED_SUSP_SERIOUS_INJ_COUNT","BICYCLE_COUNT","BICYCLE_DEATH_COUNT","BICYCLE_SUSP_SERIOUS_INJ_COUNT","BUS_COUNT","CHLDPAS_DEATH_COUNT","CHLDPAS_SUSP_SERIOUS_INJ_COUNT","COLLISION_TYPE","COMM_VEH_COUNT","CONS_ZONE_SPD_LIM","COUNTY","CRASH_MONTH","CRASH_YEAR","CRN","DAY_OF_WEEK","DEC_LAT","DEC_LONG","DISPATCH_TM","DISTRICT","DRIVER_COUNT_16YR","DRIVER_COUNT_17YR","DRIVER_COUNT_18YR","DRIVER_COUNT_19YR","DRIVER_COUNT_20YR","DRIVER_COUNT_50_64YR","DRIVER_COUNT_65_74YR","DRIVER_COUNT_75PLUS","EST_HRS_CLOSED","FATAL_COUNT","HEAVY_TRUCK_COUNT","HORSE_BUGGY_COUNT","HOUR_OF_DAY","ILLUMINATION","INJURY_COUNT","INTERSECT_TYPE","LANE_CLOSED","LATITUDE","LN_CLOSE_DIR","LOCATION_TYPE","LONGITUDE","MAX_SEVERITY_LEVEL","MCYCLE_DEATH_COUNT","MCYCLE_SUSP_SERIOUS_INJ_COUNT","MOTORCYCLE_COUNT","MUNICIPALITY","NONMOTR_COUNT","NONMOTR_DEATH_COUNT","NONMOTR_SUSP_SERIOUS_INJ_COUNT","NTFY_HIWY_MAINT","PED_COUNT","PED_DEATH_COUNT","PED_SUSP_SERIOUS_INJ_COUNT","PERSON_COUNT","POLICE_AGCY","POSSIBLE_INJ_COUNT","RDWY_SURF_TYPE_CD","RELATION_TO_ROAD","ROAD_CONDITION","SCH_BUS_IND","SCH_ZONE_IND","SMALL_TRUCK_COUNT","SPEC_JURIS_CD","SUSP_MINOR_INJ_COUNT","SUSP_SERIOUS_INJ_COUNT","SUV_COUNT","TCD_FUNC_CD","TCD_TYPE","TFC_DETOUR_IND","TIME_OF_DAY","TOT_INJ_COUNT","TOTAL_UNITS","UNB_DEATH_COUNT","UNB_SUSP_SERIOUS_INJ_COUNT","UNBELTED_OCC_COUNT","UNK_INJ_DEG_COUNT","UNK_INJ_PER_COUNT","URBAN_RURAL","VAN_COUNT","VEHICLE_COUNT","WORK_ZONE_IND","WORK_ZONE_LOC","WORK_ZONE_TYPE","WORKERS_PRES","WZ_CLOSE_DETOUR","WZ_FLAGGER","WZ_LAW_OFFCR_IND","WZ_LN_CLOSURE","WZ_MOVING","WZ_OTHER","WZ_SHLDER_MDN","ROADWAY_CLEARED","WEATHER1","WEATHER2","WZ_WORKERS_INJ_KILLED","SECONDARY_CRASH","INTERSECTION_RELATED"
"1754","1","0","0","0","0","0","0","0","0","7","0","","36","08","2018","2018090354","4","40.0887","-76.3337","1752","08","0","0","0","0","0","0","0","1","","0","0","0","17","1","1","02","0","40 05:19.269","","00","76 20:01.356","3","0","0","0","36101","0","0","0","N","0","0","0","1","36101","0","","4","01","N","N","0","","1","0","0","3","3","","1748","1","1","0","0","0","0","0","3","0","1","N","","","","","","","","","","","","03","  ","","",""
"1821","4","0","0","0","0","0","0","0","0","4","0","","36","08","2018","2018090355","4","40.0903","-76.2799","1818","08","0","0","0","0","0","0","0","0","1","0","0","0","18","1","0","00","2","40 05:25.080","6","00","76 16:47.560","0","0","0","0","36101","0","0","0","N","0","0","0","4","36101","0","","1","01","N","N","0","","0","0","0","0","0","Y","1816","0","4","0","0","0","0","0","3","0","4","N","","","","","","","","","","","","03","  ","","",""
"1455","0","0","0","0","0","0","0","0","0","1","0","","36","08","2018","2018090356","5","40.0733","-76.2986","1437","08","0","0","0","0","0","1","0","0","","0","0","0","14","1","0","00","0","40 04:23.892","","00","76 17:54.870","0","0","0","0","36101","0","0","0","N","0","0","0","2","36101","0","","1","01","N","N","0","","0","0","2","0","0","","1435","0","2","0","0","0","0","0","3","0","2","N","","","","","","","","","","","","03","  ","","",""
"1604","1","0","0","0","0","0","0","0","0","4","0","","36","08","2018","2018090357","5","40.0843","-76.2889","1603","08","1","0","0","0","0","0","0","0","","0","0","0","16","1","0","01","0","40 05:03.483","","00","76 17:20.096","0","0","0","0","36101","0","0","0","N","0","0","0","2","36101","0","","1","01","N","N","0","","0","0","1","3","2","","1600","0","2","0","0","0","0","0","3","0","2","N","","","","","","","","","","","","03","  ","","",""
"1754","2","0","0","0","0","0","0","0","0","4","0","","36","08","2018","2018090358","5","40.1147","-76.2446","1730","08","0","0","0","0","0","1","0","1","3","0","0","0","16","1","0","00","1","40 06:52.889","4","00","76 14:40.615","0","0","0","0","36101","0","0","0","N","0","0","0","2","36101","0","","1","01","N","N","0","","0","0","0","0","0","N","1653","0","2","0","0","0","0","0","3","0","2","N","","","","","","","","","","","","03","  ","","",""
"1235","1","0","0","0","0","0","0","0","0","4","0","","36","08","2018","2018090359","2","40.0776","-76.3269","1233","08","0","0","0","0","0","0","0","0","","0","0","0","12","1","2","01","0","40 04:39.181","","00","76 19:36.857","3","0","0","0","36101","0","0","0","N","0","0","0","3","36101","0","","1","01","N","N","0","","2","0","1","3","2","","1231","2","2","0","0","0","0","0","3","0","2","N","","","","","","","","","","","","03","  ","","",""
"1548","1","0","0","0","0","0","0","0","0","4","0","","36","08","2018","2018090360","2","40.0564","-76.3056","1544","08","0","0","0","0","0","1","0","0","1","0","0","0","15","1","3","01","1","40 03:22.940","4","00","76 18:20.087","3","0","0","0","36101","0","0","0","N","0","0","0","4","36101","0","","1","01","N","N","0","","3","0","0","3","2","N","1542","3","2","0","0","0","0","0","3","1","2","N","","","","","","","","","","","","03","  ","","",""
"1615","1","0","0","0","0","0","0","0","0","1","0","","36","08","2018","2018090361","2","40.0676","-76.3308","1602","08","0","0","0","0","0","1","1","0","","0","0","0","15","1","1","00","0","40 04:03.372","","02","76 19:50.901","3","0","0","0","36101","0","0","0","N","0","0","0","2","36101","0","","1","01","N","N","1","","1","0","0","0","0","","1558","1","2","0","0","0","0","0","3","0","2","N","","","","","","","","","","","","03","  ","","",""
"1322","2","0","0","0","0","0","0","0","0","4","0","","36","08","2018","2018090362","4","40.0402","-76.2391","1319","08","0","0","0","0","0","1","0","0","2","0","0","0","13","1","1","01","1","40 02:24.730","4","00","76 14:20.844","4","0","0","0","36215","0","0","0","N","0","0","0","2","36215","1","","1","01","N","N","0","","0","0","0","3","2","Y","1319","1","2","0","0","0","0","0","1","0","2","N","","","","","","","","","","","","03","  ","","",""
"1259","1","0","0","0","0","0","0","0","0","4","0","","36","08","2018","2018090363","5","40.0888","-76.1808","1255","08","0","0","1","0","0","0","1","0","2","0","0","0","12","1","1","00","1","40 05:19.685","4","00","76 10:50.764","4","0","0","0","36234","0","0","0","N","0","0","0","2","36215","1","","1","01","N","N","0","","0","0","1","0","0","N","1255","1","2","0","0","0","0","0","1","0","2","N","","","","","","","","","","","","03","  ","","",""
"0220","1","0","0","0","0","0","0","0","0","7","0","","36","08","2018","2018090364","2","40.0449","-76.1758","0215","08","0","0","0","0","0","0","0","0","","0","0","0","02","2","0","02","0","40 02:41.463","","00","76 10:32.849","0","0","0","0","36234","0","0","0","N","0","0","0","1","36215","0","","4","01","N","N","0","","0","0","0","0","0","","0212","0","1","0","0","0","0","0","1","0","1","N","","","","","","","","","","","","03","  ","","",""
"2045","0","0","0","0","0","0","0","0","0","7","0","","36","08","2018","2018090419","4","40.2254","-76.3336","2032","08","0","0","0","0","0","0","0","0","","0","0","0","20","2","1","00","0","40 13:31.298","","00","76 20:00.948","3","0","0","0","36407","1","0","0","N","1","0","0","2","68J01","0","","4","01","N","N","0","","1","0","1","0","0","","2026","1","2","0","0","0","0","0","2","0","1","N","","","","","","","","","","","","03","  ","","",""
"1956","1","0","1","0","0","0","0","0","0","7","0","","36","08","2018","2018090420","6","40.2236","-76.4117","1938","08","0","0","0","0","0","0","0","0","","0","0","0","19","1","2","00","0","40 13:24.940","","00","76 24:42.092","2","0","0","0","36227","0","0","0","N","0","0","0","2","68T06","0","","4","09","N","N","0","","1","1","0","0","0","","1938","2","1","0","0","0","0","0","1","0","1","N","","","","","","","","","","","","07","  ","","",""
"1737","0","0","0","0","0","0","0","0","0","2","0","","36","08","2018","2018090437","1","39.9849","-76.0427","1727","08","0","0","0","0","0","0","1","0","3","0","0","0","17","1","1","02","1","39 59:05.786","3","00","76 02:33.991","2","0","1","1","36232","0","0","0","N","0","0","0","2","68J01","0","","1","01","N","N","0","","0","1","1","3","3","N","1714","1","2","0","0","0","0","0","1","0","2","N","","","","","","","","","","","","03","  ","","",""
"0756","2","0","0","0","0","0","0","0","0","1","0","","36","08","2018","2018090518","3","40.0628","-76.2809","0742","08","0","0","0","0","0","1","0","0","","0","0","0","07","5","0","00","0","40 03:45.924","","00","76 16:51.174","0","0","0","0","36101","0","0","0","N","0","0","0","2","36101","0","","1","01","N","N","0","","0","0","0","0","0","","0740","0","2","0","0","0","0","0","3","0","2","N","","","","","","","","","","","","03","  ","","",""
"0757","0","0","0","0","0","0","0","0","0","1","0","","36","08","2018","2018090519","6","40.0709","-76.3241","0751","08","0","0","0","0","0","0","0","1","","0","0","0","07","1","0","00","0","40 04:15.415","","00","76 19:26.715","0","0","0","0","36101","0","0","0","N","0","0","0","4","36101","0","","1","01","N","N","2","","0","0","0","0","0","","0745","0","2","0","0","0","0","0","3","0","2","N","","","","","","","","","","","","03","  ","","",""
"1514","0","0","0","0","0","0","0","0","0","1","0","","36","08","2018","2018090520","6","40.0938","-76.2842","1459","08","0","1","0","0","0","0","0","0","2","0","0","0","14","1","1","02","1","40 05:37.800","6","00","76 17:03.220","4","0","0","0","36101","0","0","0","N","0","0","0","2","36101","1","","1","01","N","N","1","","0","0","1","0","0","N","1456","1","2","0","0","0","0","0","3","0","2","N","","","","","","","","","","","","03","  ","","",""
"1818","0","0","0","0","0","0","0","0","0","1","0","","36","08","2018","2018090521","6","40.07","-76.3141","1816","08","0","1","0","0","0","0","0","0","2","0","0","0","18","1","0","00","1","40 04:12.084","4","00","76 18:50.808","0","0","0","0","36101","0","0","0","N","0","0","0","5","36101","0","","1","01","N","N","0","","0","0","2","0","0","N","1813","0","2","0","0","0","0","0","3","0","2","N","","","","","","","","","","","","03","  ","","",""
"1314","2","0","0","0","0","0","0","0","0","1","0","","36","08","2018","2018090522","6","40.0893","-76.3805","1310","08","0","0","0","0","0","1","0","0","2","0","0","0","13","1","1","01","1","40 05:21.426","2","03","76 22:49.716","3","0","0","0","36214","0","0","0","N","0","0","0","3","36214","0","","1","01","N","N","0","","1","0","1","3","2","N","1309","1","3","0","0","0","0","0","3","0","3","N","","","","","","","","","","","","03","  ","","",""
"1607","0","0","0","0","0","0","0","0","0","1","0","","36","08","2018","2018090523","1","40.0283","-76.1695","1602","08","0","0","0","0","0","1","0","0","1","0","0","1","16","1","1","00","1","40 01:41.955","5","00","76 10:10.067","3","0","0","0","36215","2","0","0","N","0","0","0","3","36215","0","","1","01","N","N","1","","1","0","0","0","0","N","1601","1","2","0","0","1","0","0","1","0","1","N","","","","","","","","","","","","03","  ","","",""
"2148","0","0","0","0","0","0","0","0","0","7","0","","36","08","2018","2018090524","4","40.1568","-76.3815","2145","08","0","0","1","0","0","0","0","0","","0","0","0","21","3","0","02","0","40 09:24.452","","00","76 22:53.324","0","0","0","0","36227","0","0","0","N","0","0","0","2","36410","0","","5","09","N","N","0","","0","0","1","0","0","","2140","0","1","0","0","0","0","0","1","0","1","N","","","","","","","","","","","","07","  ","","",""
"2210","2","0","0","0","0","0","0","0","0","4","0","","36","08","2018","2018090525","2","40.1117","-76.4517","2205","08","0","0","0","0","1","0","0","0","2","0","0","0","22","3","3","01","2","40 06:42.025","3","00","76 27:06.017","8","0","0","0","36230","0","0","0","N","0","0","0","4","36410","0","","1","01","N","N","0","","0","0","0","3","2","N","2203","3","2","0","0","3","3","0","1","0","2","N","","","","","","","","","","","","03","  ","","",""
"1208","1","0","0","0","0","0","0","0","0","2","0","","36","08","2018","2018090587","4","40.1724","-76.5984","1206","08","0","0","0","0","0","0","1","0","3","0","0","0","12","1","2","00","2","40 10:20.741","6","00","76 35:54.063","2","0","1","1","36225","0","0","0","N","0","0","0","2","36505","0","","1","01","N","N","0","","0","1","0","0","0","Y","1204","2","2","0","0","0","1","0","2","0","2","N","","","","","","","","","","","","03","  ","","",""
"2256","1","0","0","0","0","0","0","0","0","7","0","","36","08","2018","2018090605","3","40.2315","-76.0801","2251","08","0","0","0","0","0","0","0","0","","0","0","0","22","3","0","00","0","40 13:53.579","","00","76 04:48.407","0","0","0","0","36210","0","0","0","N","0","0","0","1","36210","0","","5","08","N","N","0","","0","0","0","0","0","","2246","0","1","0","0","0","0","0","1","0","1","N","","","","","","","","","","","","07","  ","","",""
"1043","1","0","0","0","0","0","0","0","0","9","0","","36","08","2018","2018090630","6","40.2216","-76.2224","1040","08","0","0","0","0","0","0","0","0","","0","0","0","10","1","0","10","0","40 13:17.885","","00","76 13:20.560","0","0","0","0","36204","0","0","0","N","0","0","0","1","36506","0","","5","01","N","N","0","","0","0","0","0","0","","1040","0","1","0","0","0","0","0","1","0","1","N","","","","","","","","","","","","03","  ","","",""
"2141","0","0","0","0","0","0","0","0","0","4","0","","36","08","2018","2018090674","4","40.214","-76.1583","2136","08","0","0","0","1","0","1","0","0","1","0","0","0","21","2","1","01","1","40 12:50.225","2","00","76 09:29.744","3","0","0","0","36218","0","0","0","N","0","0","0","2","36408","0","","1","01","N","N","1","","1","0","1","3","3","Y","2134","1","2","0","0","0","0","0","1","0","2","N","","","","","","","","","","","","03","  ","","",""
"1726","0","0","0","0","0","0","0","0","0","4","0","","36","08","2018","2018090697","6","40.0373","-76.4082","1719","08","0","0","0","0","0","1","0","0","","0","0","0","17","1","1","01","0","40 02:14.320","","00","76 24:29.684","3","0","0","1","36214","0","0","0","N","0","0","0","3","36214","0","","1","01","N","N","0","","1","0","0","0","0","","1715","1","2","0","0","0","0","1","3","0","2","N","","","","","","","","","","","","03","  ","","",""
"1417","0","0","0","0","0","0","0","0","0","1","0","","36","08","2018","2018090698","6","40.0808","-76.2435","1417","08","0","0","0","0","0","2","0","0","","0","0","0","14","1","0","00","0","40 04:50.849","","00","76 14:36.503","0","0","0","0","36215","0","0","0","N","0","0","0","3","36215","0","","1","01","N","N","2","","0","0","1","0","0","","1416","0","3","0","0","0","0","0","1","0","3","N","","","","","","","","","","","","03","  ","","",""
"1212","1","0","0","0","0","0","0","0","0","1","0","","36","08","2018","2018090699","2","40.0245","-76.2032","1206","08","0","0","0","0","0","0","0","1","","0","0","0","12","1","1","00","0","40 01:28.227","","00","76 12:11.579","4","0","0","0","36215","0","0","0","N","0","0","0","3","36215","1","","1","01","N","N","1","","0","0","0","0","0","","1202","1","2","0","0","0","0","0","1","0","2","N","","","","","","","","","","","","03","  ","","",""
"0625","1","0","0","0","0","0","0","0","0","7","0","","36","08","2018","2018090718","5","40.0345","-76.3079","0619","08","0","0","0","0","0","1","0","0","3","0","0","0","06","1","0","01","2","40 02:04.189","6","00","76 18:28.439","0","0","0","0","36301","0","0","0","Y","0","0","0","1","36301","0","","2","01","N","N","0","","0","0","0","3","3","Y","0618","0","1","0","0","0","0","0","3","0","1","N","","","","","","","","","","","","03","  ","","",""
"2000","2","0","0","0","0","0","0","0","0","2","0","","36","08","2018","2018090751","2","39.9924","-76.2859","1950","08","0","0","0","1","0","0","0","0","","0","0","0","19","1","0","01","0","39 59:32.484","","00","76 17:09.068","0","0","0","0","36240","0","0","0","N","0","0","0","4","36240","0","","1","01","N","N","0","","0","0","0","3","2","","1950","0","2","0","0","0","0","0","1","0","2","N","","","","","","","","","","","","03","  ","","",""
"0640","1","0","0","0","0","0","0","0","0","4","0","","36","08","2018","2018090758","4","39.9813","-76.282","0630","08","0","0","0","0","0","1","0","0","1","0","0","0","06","1","0","01","1","39 58:52.515","2","00","76 16:55.238","0","0","0","0","36240","0","0","0","N","0","0","0","2","36240","0","","1","01","N","N","0","","0","0","1","3","3","Y","0630","0","2","0","0","0","0","0","1","0","2","N","","","","","","","","","","","","03","  ","","",""
"1813","1","0","0","0","0","0","0","0","0","5","0","","36","08","2018","2018090778","4","40.0289","-76.2977","1806","08","0","0","0","0","0","2","0","0","","0","0","0","18","1","0","01","0","40 01:44.004","","00","76 17:51.843","0","0","0","0","36301","0","0","0","N","0","0","0","3","36301","0","","4","01","N","N","1","","0","0","0","0","0","","1804","0","2","0","0","0","0","0","3","0","2","N","","","","","","","","","","","","03","  ","","",""
"1329","2","0","1","0","0","0","0","0","0","2","0","","36","07","2018","2018090789","5","39.9165","-76.1879","1317","08","0","0","0","0","0","1","0","0","3","0","0","0","13","1","1","02","2","39 54:59.289","1","00","76 11:16.582","2","0","0","0","36229","0","0","0","N","0","0","0","2","68J01","0","","1","01","N","N","0","","0","1","0","0","0","Y","1312","1","2","0","0","0","0","0","1","0","2","N","","","","","","","","","","","","03","  ","","",""
"2323","0","0","0","0","0","0","0","0","0","7","0","","36","07","2018","2018090790","1","40.1818","-76.0436","2256","08","0","0","0","1","0","0","0","0","2","0","0","0","22","3","1","00","2","40 10:54.560","6","00","76 02:37.130","8","0","0","1","36202","0","0","0","N","0","0","0","1","68J01","0","","4","01","N","N","0","","0","0","0","0","0","Y","2253","1","1","0","0","0","1","0","1","0","1","N","","","","","","","","","","","","03","  ","","",""
"1637","0","0","0","0","0","0","0","0","0","7","0","","36","08","2018","2018090798","5","40.0656","-76.0185","1630","08","0","0","0","0","0","0","0","0","","0","0","0","16","1","0","00","0","40 03:56.228","","00","76 01:06.607","0","0","0","0","36232","0","0","0","N","0","0","0","1","68J01","0","","2","01","N","N","1","","0","0","0","0","0","","1615","0","1","0","0","0","0","0","1","0","1","N","","","","","","","","","","","","03","  ","","",""
"0641","0","0","0","0","0","0","0","0","0","1","0","","36","08","2018","2018090801","4","40.0052","-76.1067","0628","08","0","0","0","0","0","0","0","0","2","0","0","0","06","5","0","00","1","40 00:18.698","3","00","76 06:24.280","9","0","0","0","36226","0","0","0","N","0","0","0","3","68J01","0","","1","01","N","N","3","","0","0","0","3","2","N","0606","0","3","0","0","0","0","1","1","0","3","N","","","","","","","","","","","","03","  ","","",""
"0652","1","0","0","0","0","0","0","0","0","7","0","","36","08","2018","2018090802","5","39.9329","-76.2015","0634","08","0","0","0","0","0","0","0","0","2","0","0","0","06","1","0","00","1","39 55:58.505","5","00","76 12:05.481","0","0","0","0","36233","0","0","0","Y","0","0","0","1","68J01","0","","4","01","N","N","0","","0","0","0","0","0","N","0623","0","1","0","0","0","0","0","1","0","1","N","","","","","","","","","","","","03","  ","","",""
"1548","1","0","0","0","0","0","0","0","0","7","0","","36","08","2018","2018090803","5","39.7746","-76.1203","1522","08","0","0","0","1","0","0","0","0","2","0","0","0","15","1","0","00","1","39 46:28.552","1","00","76 07:13.074","0","0","0","0","36222","0","0","0","N","0","0","0","1","68J01","0","","4","01","N","N","0","","0","0","0","0","0","N","1513","0","1","0","0","0","0","0","1","0","1","N","","","","","","","","","","","","03","  ","","",""
"1236","1","0","0","0","0","0","0","0","0","4","2","","36","08","2018","2018090815","5","40.0631","-76.1569","1233","08","0","0","0","0","0","1","1","0","2","0","2","0","12","1","1","02","1","40 03:47.143","6","00","76 09:24.928","3","0","0","0","36234","0","0","0","N","0","0","0","4","68J01","0","","1","01","N","N","0","","1","0","0","3","3","Y","1232","1","4","0","0","0","0","0","1","1","4","N","","","","","","","","","","","","03","  ","","",""
"1056","0","0","0","0","0","0","0","0","0","4","0","","36","08","2018","2018090818","1","39.9843","-76.0734","1032","08","0","0","0","0","0","1","1","0","3","0","0","0","10","1","1","01","2","39 59:03.298","6","00","76 04:24.361","8","0","0","1","36226","0","0","0","N","0","0","0","2","68J01","0","","1","01","N","N","0","","0","0","0","0","0","Y","1031","1","2","0","0","0","1","0","1","1","2","N","","","","","","","","","","","","03","  ","","",""
"1453","3","0","0","0","0","0","0","0","0","4","0","","36","08","2018","2018090821","2","40.0392","-76.0644","1442","08","0","1","0","0","0","1","1","0","2","0","0","0","14","1","1","01","1","40 02:21.012","3","00","76 03:51.798","3","0","0","0","36232","0","0","0","N","0","0","0","5","68J01","0","","1","01","N","N","1","","1","0","0","0","0","Y","1434","1","4","0","0","0","0","0","1","0","4","N","","","","","","","","","","","","03","  ","","",""
"1551","1","0","0","0","0","0","0","0","0","4","0","","36","08","2018","2018090827","3","39.7613","-76.1764","1522","08","0","0","0","0","0","0","1","1","","0","0","0","14","1","0","01","0","39 45:40.525","","00","76 10:34.952","0","0","0","0","36219","0","0","0","N","0","0","0","2","68J01","0","","1","01","N","N","1","","0","0","0","3","3","","1454","0","2","0","0","0","0","0","1","0","2","N","","","","","","","","","","","","03","  ","","",""
"1655","1","0","0","0","0","0","0","0","0","3","0","","36","08","2018","2018090829","3","40.0391","-76.1133","1640","08","0","0","0","1","0","0","0","0","1","0","0","0","16","1","0","00","2","40 02:20.930","4","00","76 06:47.985","0","0","0","0","36234","0","0","0","N","0","0","0","3","68J01","0","","1","01","N","N","0","","0","0","1","0","0","N","1640","0","3","0","0","0","0","0","1","0","3","N","","","","","","","","","","","","03","  ","","",""
"1113","1","0","0","0","0","0","0","0","0","1","0","","36","08","2018","2018090834","4","39.8161","-76.191","1056","08","0","0","0","0","0","0","1","0","","0","0","0","10","1","0","02","0","39 48:58.106","","00","76 11:27.757","0","0","0","0","36208","0","0","0","N","0","0","0","2","68J01","0","","1","01","N","N","1","","0","0","0","0","0","","1052","0","2","0","0","0","0","0","1","0","2","N","","","","","","","","","","","","03","  ","","",""
"2112","1","0","0","0","0","0","0","0","0","2","0","","36","08","2018","2018090865","6","40.1424","-76.591","2109","08","0","0","0","0","0","1","0","0","1","0","0","0","21","3","1","01","1","40 08:32.510","3","00","76 35:27.650","4","0","0","0","36407","0","0","0","N","0","0","0","2","36407","1","","1","01","N","N","0","","0","0","1","3","3","N","2108","1","2","0","0","0","0","0","2","0","2","N","","","","","","","","","","","","03","  ","","",""
"1720","1","0","0","0","0","0","0","0","0","1","0","","36","08","2018","2018090884","3","40.0788","-76.3464","1715","08","0","0","0","0","0","0","0","0","","0","0","0","17","1","0","00","0","40 04:43.597","","00","76 20:46.960","0","0","0","0","36101","0","0","0","N","0","0","0","2","36101","0","","1","01","N","N","0","","0","0","1","3","3","","1707","0","2","0","0","0","0","0","3","0","2","N","","","","","","","","","","","","03","  ","","",""
"1656","0","0","0","0","0","0","0","0","0","1","0","","36","08","2018","2018090885","6","40.0672","-76.3318","1647","08","0","0","0","0","0","1","0","0","2","0","0","0","16","1","1","00","1","40 04:01.848","3","00","76 19:54.577","3","0","0","0","36101","0","0","0","N","0","0","0","2","36101","0","","1","01","N","N","0","","1","0","2","0","0","N","1643","1","2","0","0","1","0","0","3","0","2","N","","","","","","","","","","","","03","  ","","",""
"0807","2","0","0","0","0","0","0","0","0","1","0","","36","08","2018","2018090886","4","40.0741","-76.2979","0804","08","0","0","1","0","0","1","0","0","2","0","0","0","08","1","1","00","2","40 04:26.851","5","00","76 17:52.561","3","0","0","0","36101","0","0","0","N","0","0","0","2","36101","0","","1","01","N","N","0","","1","0","0","0","0","N","0802","1","2","0","0","0","0","0","3","0","2","N","","","","","","","","","","","","03","  ","","",""
"0625","2","0","0","0","0","0","0","0","0","4","0","","36","08","2018","2018090887","5","40.0705","-76.2941","0624","08","0","0","0","0","0","0","0","0","2","0","0","0","06","5","1","00","1","40 04:13.730","3","00","76 17:38.860","4","0","0","0","36101","0","0","0","N","0","0","0","2","36101","1","","1","01","N","N","0","","0","0","0","0","0","N","0622","1","2","0","0","0","0","0","3","0","2","N","","","","","","","","","","","","03","  ","","",""
"0028","1","0","0","0","0","0","0","0","0","4","0","","36","08","2018","2018090888","4","40.0761","-76.2059","0025","08","0","0","0","0","1","1","0","0","2","0","0","0","00","2","1","01","2","40 04:34.113","7","00","76 12:21.249","3","0","0","0","36234","0","0","0","N","0","0","0","2","36215","0","","1","09","N","N","1","","1","0","0","3","3","Y","0023","1","2","0","0","0","0","0","1","0","2","N","","","","","","","","","","","","07","  ","","",""
"1619","0","0","0","0","0","0","0","0","0","0","0","","36","08","2018","2018090889","7","40.0226","-76.3754","1615","08","0","0","0","0","0","0","0","0","","0","0","0","16","1","1","00","0","40 01:21.350","","00","76 22:31.350","8","0","0","1","36223","0","0","0","N","0","0","0","1","36223","0","","1","01","N","N","0","","0","0","0","0","0","","1615","1","1","0","0","0","1","0","1","0","1","N","","","","","","","","","","","","03","  ","","",""
"0625","1","0","0","0","0","0","0","0","0","4","0","","36","08","2018","2018091015","5","40.0363","-76.5113","0620","08","0","0","0","0","0","0","0","0","2","0","0","0","06","1","3","00","2","40 02:10.712","5","08","76 30:40.681","8","0","0","0","36404","0","0","0","N","0","0","0","5","36404","0","","1","01","N","N","2","","0","0","0","0","0","Y","0620","3","3","0","0","0","3","0","3","0","3","N","","","","","","","","","","","","03","  ","","",""
"1905","1","0","0","0","0","0","0","0","0","4","0","","36","08","2018","2018091037","4","40.1641","-76.1539","1900","08","0","0","1","0","0","1","0","0","","0","0","0","18","1","1","00","0","40 09:51.131","","07","76 09:15.503","3","0","0","0","36218","0","0","0","N","0","0","0","3","36408","0","","1","01","N","N","1","","1","0","0","3","2","","1858","1","2","0","0","0","0","0","1","0","2","N","","","","","","","","","","","","03","  ","","",""
"1618","1","0","0","0","0","0","0","0","0","1","0","","36","08","2018","2018091060","5","40.1541","-76.2063","1616","08","0","0","0","0","0","1","0","0","1","0","0","0","16","1","0","00","2","40 09:14.777","1","00","76 12:22.846","0","0","0","0","36402","0","0","0","N","0","0","0","2","36402","0","","1","01","N","N","0","","0","0","1","0","0","N","1616","0","2","0","0","0","0","0","2","0","2","N","","","","","","","","","","","","03","  ","","",""
"1621","1","0","0","0","0","0","0","0","0","7","1","","36","08","2018","2018091133","4","40.0573","-76.3092","1620","08","0","0","0","0","0","1","0","1","2","0","1","0","16","1","1","00","1","40 03:26.380","3","00","76 18:33.070","4","0","0","0","36101","0","0","0","N","0","0","0","2","36101","1","","2","01","N","N","0","","0","0","0","0","0","N","1618","1","2","0","0","0","0","0","3","0","2","N","","","","","","","","","","","","03","  ","","",""
"1822","0","0","0","0","0","0","0","0","0","0","0","","36","08","2018","2018091134","4","40.0679","-76.3034","1822","08","0","0","0","0","0","0","0","0","2","0","0","0","18","1","0","01","1","40 04:04.574","2","00","76 18:12.893","0","0","0","0","36101","0","0","0","N","0","0","0","1","36101","0","","1","01","N","N","0","","0","0","1","3","2","N","1820","0","1","0","0","0","0","0","3","0","1","N","","","","","","","","","","","","03","  ","","",""
"0058","2","0","0","0","0","0","0","0","0","1","0","","36","08","2018","2018091146","6","40.1394","-76.5658","0052","08","0","0","0","0","0","0","0","0","","0","0","0","00","2","0","00","0","40 08:21.981","","00","76 33:56.896","0","0","0","0","36225","0","0","0","N","0","0","0","1","36505","0","","6","01","N","N","0","","0","0","0","0","0","","0040","0","2","0","0","0","0","0","2","0","2","N","","","","","","","","","","","","03","  ","","",""
"2118","2","0","0","0","0","0","0","0","0","6","0","","36","08","2018","2018091190","5","40.2389","-76.2282","2115","08","0","0","0","0","0","1","0","0","","0","0","0","21","2","0","02","0","40 14:19.931","","00","76 13:41.696","0","0","0","0","36204","0","0","0","N","0","0","0","2","36506","0","","1","01","N","N","0","","0","0","0","0","0","","2115","0","2","0","0","0","0","0","1","0","2","N","","","","","","","","","","","","03","  ","","",""
"1958","0","0","0","0","0","0","0","0","0","7","0","","36","08","2018","2018091297","2","40.0387","-76.2787","1952","08","0","0","0","0","0","0","0","0","2","0","0","0","19","2","1","02","1","40 02:19.518","3","00","76 16:43.325","3","0","0","0","36220","0","0","0","N","0","0","0","1","36101","0","","4","01","N","N","0","","1","0","1","0","0","N","1951","1","1","0","0","0","0","0","3","0","1","N","","","","","","","","","","","","03","  ","","",""