"ARRIVAL_TM","AUTOMOBILE_COUNT","BELTED_DEATH_COUNT","BELTED_SUSP_SERIOUS_INJ_COUNT","BICYCLE_COUNT","BICYCLE_DEATH_COUNT","BICYCLE_SUSP_SERIOUS_INJ_COUNT","BUS_COUNT","CHLDPAS_DEATH_COUNT","CHLDPAS_SUSP_SERIOUS_INJ_COUNT","COLLISION_TYPE","COMM_VEH_COUNT","CONS_ZONE_SPD_LIM","COUNTY","CRASH_MONTH","CRASH_YEAR","CRN","DAY_OF_WEEK","DEC_LAT","DEC_LONG","DISPATCH_TM","DISTRICT","DRIVER_COUNT_16YR","DRIVER_COUNT_17YR","DRIVER_COUNT_18YR","DRIVER_COUNT_19YR","DRIVER_COUNT_20YR","DRIVER_COUNT_50_64YR","DRIVER_COUNT_65_74YR","DRIVER_COUNT_75PLUS","EST_HRS_CLOSED","FATAL_COUNT","HEAVY_TRUCK_COUNT","HORSE_BUGGY_COUNT","HOUR_OF_DAY","ILLUMINATION","INJURY_COUNT","INTERSECT_TYPE","LANE_CLOSED","LATITUDE","LN_CLOSE_DIR","LOCATION_TYPE","LONGITUDE","MAX_SEVERITY_LEVEL","MCYCLE_DEATH_COUNT","MCYCLE_SUSP_SERIOUS_INJ_COUNT","MOTORCYCLE_COUNT","MUNICIPALITY","NONMOTR_COUNT","NONMOTR_DEATH_COUNT","NONMOTR_SUSP_SERIOUS_INJ_COUNT","NTFY_HIWY_MAINT","PED_COUNT","PED_DEATH_COUNT","PED_SUSP_SERIOUS_INJ_COUNT","PERSON_COUNT","POLICE_AGCY","POSSIBLE_INJ_COUNT","RDWY_SURF_TYPE_CD","RELATION_TO_ROAD","ROAD_CONDITION","SCH_BUS_IND","SCH_ZONE_IND","SMALL_TRUCK_COUNT","SPEC_JURIS_CD","SUSP_MINOR_INJ_COUNT","SUSP_SERIOUS_INJ_COUNT","SUV_COUNT","TCD_FUNC_CD","TCD_TYPE","TFC_DETOUR_IND","TIME_OF_DAY","TOT_INJ_COUNT","TOTAL_UNITS","UNB_DEATH_COUNT","UNB_SUSP_SERIOUS_INJ_COUNT","UNBELTED_OCC_COUNT","UNK_INJ_DEG_COUNT","UNK_INJ_PER_COUNT","URBAN_RURAL","VAN_COUNT","VEHICLE_COUNT","WORK_ZONE_IND","WORK_ZONE_LOC","WORK_ZONE_TYPE","WORKERS_PRES","WZ_CLOSE_DETOUR","WZ_FLAGGER","WZ_LAW_OFFCR_IND","WZ_LN_CLOSURE","WZ_MOVING","WZ_OTHER","WZ_SHLDER_MDN","ROADWAY_CLEARED","WEATHER1","WEATHER2","WZ_WORKERS_INJ_KILLED","SECONDARY_CRASH","INTERSECTION_RELATED"
"1810","1","0","0","0","0","0","0","0","0","7","0","","36","08","2018","2018091339","6","39.8927","-76.1583","1806","08","0","0","0","0","1","0","0","0","","0","0","0","18","1","0","00","0","39 53:33.819","","00","76 09:29.763","0","0","0","0","36416","0","0","0","N","0","0","0","1","36416","0","","2","09","N","N","0","","0","0","0","3","8","","1802","0","1","0","0","0","0","0","1","0","1","N","","","","","","","","","","","","07","  ","","",""
"2020","0","0","0","0","0","0","0","0","0","2","0","","36","08","2018","2018091366","3","40.2203","-76.4404","2010","08","0","0","0","0","0","1","0","0","1","0","0","0","20","2","0","01","1","40 13:12.958","4","00","76 26:25.539","0","0","0","0","36230","0","0","0","N","0","0","0","2","36410","0","","1","01","N","N","1","","0","0","1","3","3","N","2005","0","2","0","0","0","0","0","1","0","2","N","","","","","","","","","","","","03","  ","","",""
"2318","0","0","0","0","0","0","0","0","0","8","0","","36","08","2018","2018091400","6","40.0489","-76.3067","2314","08","0","0","0","0","0","0","1","0","","0","0","0","23","3","1","02","0","40 02:56.162","","00","76 18:24.177","4","0","0","0","36301","1","0","0","N","1","0","0","2","36301","1","","1","01","N","N","0","","0","0","1","0","0","","2312","1","2","0","0","0","0","0","3","0","1","N","","","","","","","","","","","","03","  ","","",""
"2354","3","0","0","0","0","0","0","0","0","5","0","","36","08","2018","2018091402","6","40.0263","-76.3195","2345","08","0","0","0","0","0","0","0","0","2","0","0","0","23","3","0","00","1","40 01:34.562","2","00","76 19:10.204","9","0","0","0","36301","0","0","0","N","0","0","0","1","36301","0","","6","09","N","N","0","","0","0","0","0","0","N","2345","0","3","0","0","0","0","1","3","0","3","N","","","","","","","","","","","","07","  ","","",""
"0020","0","0","0","0","0","0","0","0","0","7","0","","36","09","2018","2018091403","7","40.1793","-76.5863","0017","08","0","0","0","0","0","0","0","0","1","0","0","0","00","2","1","00","1","40 10:45.648","1","00","76 35:10.738","3","0","0","0","36225","0","0","0","N","0","0","0","1","36505","0","","5","09","N","N","0","","1","0","1","0","0","N","0015","1","1","0","0","0","0","0","2","0","1","N","","","","","","","","","","","","07","  ","","",""
"1851","2","0","0","0","0","0","0","0","0","4","0","","36","08","2018","2018091408","6","40.0425","-76.3086","1847","08","0","0","0","0","0","1","0","0","1","0","0","0","18","1","0","01","1","40 02:33.169","1","00","76 18:31.085","0","0","0","0","36301","0","0","0","N","0","0","0","2","36301","0","","1","01","N","N","0","","0","0","0","3","2","N","1841","0","2","0","0","0","0","0","3","0","2","N","","","","","","","","","","","","03","  ","","",""
"1004","2","0","0","0","0","0","0","0","0","2","0","","36","08","2018","2018091421","5","40.1529","-76.6024","1001","08","0","0","0","0","0","0","0","1","","0","0","0","10","1","0","01","0","40 09:10.440","","00","76 36:08.626","0","0","0","0","36407","0","0","0","N","0","0","0","2","36407","0","","1","01","N","N","0","","0","0","0","3","2","","1001","0","2","0","0","0","0","0","2","0","2","N","","","","","","","","","","","","03","  ","","",""
"1530","1","0","0","0","0","0","0","0","0","1","0","","36","08","2018","2018091423","6","40.0882","-76.379","1520","08","0","1","0","0","0","0","0","0","","0","0","0","15","1","0","06","0","40 05:17.562","","02","76 22:44.524","0","0","0","0","36214","0","0","0","N","0","0","0","2","36214","0","","1","09","N","N","0","","0","0","1","0","0","","1520","0","2","0","0","0","0","0","3","0","2","N","","","","","","","","","","","","07","  ","","",""
"0720","1","0","0","0","0","0","0","0","0","4","0","","36","08","2018","2018091424","4","40.2007","-76.1718","0720","08","0","0","0","0","0","2","0","0","1","0","0","0","07","1","1","01","1","40 12:02.510","1","00","76 10:18.574","3","0","0","0","36218","0","0","0","N","0","0","0","2","36408","0","","1","01","N","N","0","","1","0","1","3","3","Y","0720","1","2","0","0","0","0","0","1","0","2","N","","","","","","","","","","","","03","  ","","",""
"1234","1","0","0","1","0","0","0","0","0","8","0","","36","08","2018","2018091490","6","40.1059","-76.0254","1230","08","0","0","0","0","0","1","0","0","","0","0","0","12","1","1","01","0","40 06:21.120","","00","76 01:31.461","3","0","0","0","36213","1","0","0","N","0","0","0","2","36213","0","","1","09","N","N","0","","1","0","0","3","3","","1229","1","2","0","0","0","0","0","1","0","1","N","","","","","","","","","","","","07","  ","","",""
"1755","1","0","0","0","0","0","0","0","0","1","0","","36","08","2018","2018091612","5","40.0591","-76.3341","1730","08","0","0","0","0","0","0","0","0","","0","0","0","17","1","0","00","0","40 03:32.623","","00","76 20:02.848","0","0","0","0","36101","0","0","0","N","0","0","0","2","36101","0","","1","01","N","N","0","","0","0","1","0","0","","1726","0","2","0","0","0","0","0","3","0","2","N","","","","","","","","","","","","03","  ","","",""
"2049","1","0","0","0","0","0","0","0","0","4","0","","36","08","2018","2018091613","6","40.0808","-76.4083","2047","08","0","0","0","0","0","2","0","0","","0","0","0","20","2","0","02","0","40 04:50.944","","00","76 24:29.891","0","0","0","0","36214","0","0","0","N","0","0","0","3","36214","0","","1","09","N","N","0","","0","0","1","9","3","","2047","0","2","0","0","0","0","0","3","0","2","N","","","","","","","","","","","","03","  ","","",""
"2151","1","0","0","0","0","0","0","0","0","5","0","","36","08","2018","2018091614","6","40.039","-76.3598","2146","08","0","0","0","0","0","0","0","0","","0","0","0","21","3","0","02","0","40 02:20.432","","00","76 21:35.292","0","0","0","0","36214","0","0","0","N","0","0","0","3","36214","0","","1","09","N","N","0","","0","0","1","0","0","","2143","0","2","0","0","0","0","0","3","0","2","N","","","","","","","","","","","","07","  ","","",""
"0630","1","0","0","0","0","0","0","0","0","7","0","","36","09","2018","2018091622","1","40.1023","-76.4203","0625","08","0","0","0","0","0","0","0","0","2","0","0","0","06","1","0","00","1","40 06:08.318","4","00","76 25:13.232","0","0","0","0","36214","0","0","0","Y","0","0","0","5","36214","0","","2","01","N","N","0","","0","0","0","0","0","N","0625","0","1","0","0","0","0","0","3","0","1","N","","","","","","","","","","","","03","  ","","",""
"1249","0","0","0","0","0","0","0","0","0","1","0","","36","08","2018","2018091627","6","40.0543","-76.2662","1249","08","0","0","0","0","0","0","0","0","","0","0","0","12","1","0","06","0","40 03:11.642","","02","76 15:48.919","0","0","0","0","36301","0","0","0","N","0","0","0","3","36301","0","","1","01","N","N","0","","0","0","2","3","4","","1200","0","2","0","0","0","0","0","3","0","2","N","","","","","","","","","","","","03","  ","","",""
"1324","2","0","0","0","0","0","0","0","0","1","0","","36","08","2018","2018091657","6","40.1091","-76.488","1320","08","0","0","0","0","0","1","0","0","2","0","0","0","13","1","1","00","2","40 06:32.621","3","03","76 29:16.890","8","0","0","0","36413","0","0","0","N","0","0","0","2","36413","0","","1","09","N","N","0","","0","0","0","0","0","N","1320","1","2","0","0","0","1","0","2","0","2","N","","","","","","","","","","","","07","  ","","",""
"0843","2","0","0","0","0","0","0","0","0","4","0","","36","08","2018","2018091704","6","40.1003","-76.2573","0843","08","0","0","0","0","0","0","0","0","2","0","0","0","08","1","2","07","2","40 06:01.038","1","02","76 15:26.427","3","0","0","0","36101","0","0","0","N","0","0","0","4","36101","0","","1","01","N","N","1","","2","0","1","0","0","N","0840","2","4","0","0","0","0","0","3","0","4","N","","","","","","","","","","","","03","  ","","",""
"1500","2","0","0","0","0","0","0","0","0","2","0","","36","09","2018","2018091705","7","40.1052","-76.3416","1441","08","0","0","0","0","0","1","0","0","1","0","0","0","14","1","0","00","1","40 06:18.711","3","00","76 20:29.936","0","0","0","0","36406","0","0","0","N","0","0","0","2","36101","0","","1","01","N","N","0","","0","0","0","0","0","N","1432","0","2","0","0","0","0","0","3","0","2","N","","","","","","","","","","","","03","  ","","",""
"2110","1","0","0","0","0","0","0","0","0","4","0","","36","08","2018","2018091787","6","40.042","-76.2977","2104","08","0","0","0","0","0","1","0","0","","0","0","0","21","4","1","01","0","40 02:31.214","","00","76 17:51.648","3","0","0","0","36301","0","0","0","N","0","0","0","2","36301","0","","1","01","N","N","0","","1","0","1","3","2","","2102","1","2","0","0","0","0","1","3","0","2","N","","","","","","","","","","","","03","  ","","",""
"1916","2","0","0","0","0","0","0","0","0","4","0","","36","09","2018","2018091789","7","40.0169","-76.4548","1857","08","0","0","0","0","0","1","1","0","3","0","0","0","18","1","1","01","1","40 01:00.844","4","00","76 27:17.122","8","0","0","0","36223","0","0","0","N","0","0","0","2","36223","0","","1","01","N","N","0","","0","0","0","3","3","N","1854","1","2","0","0","1","1","0","1","0","2","N","","","","","","","","","","","","03","  ","","",""
"1444","0","0","0","0","0","0","0","0","0","4","0","","36","08","2018","2018091901","6","40.1137","-76.2489","1442","08","0","0","0","0","0","0","0","1","1","0","0","0","14","1","2","02","1","40 06:49.394","4","00","76 14:56.107","3","0","0","0","36101","0","0","0","N","0","0","0","3","36101","0","","1","09","N","N","0","","2","0","2","3","3","N","1440","2","2","0","0","0","0","0","3","0","2","N","","","","","","","","","","","","07","  ","","",""
"2158","1","0","0","0","0","0","0","0","0","1","0","","36","09","2018","2018091902","7","40.0444","-76.3263","2154","08","0","0","0","0","0","0","0","1","1","0","0","0","21","2","0","00","1","40 02:39.850","6","00","76 19:34.740","0","0","0","0","36220","0","0","0","N","0","0","0","1","36101","0","","1","01","N","N","0","","0","0","1","0","0","Y","2119","0","2","0","0","0","0","0","3","0","2","N","","","","","","","","","","","","03","  ","","",""
"2149","0","0","0","0","0","0","0","0","0","1","0","","36","09","2018","2018091903","7","40.0571","-76.2977","2144","08","0","0","0","0","0","1","0","0","","0","0","0","21","3","0","00","0","40 03:25.530","","00","76 17:51.660","0","0","0","0","36101","0","0","0","N","0","0","0","2","36101","0","","6","01","N","N","1","","0","0","1","0","0","","2138","0","2","0","0","0","0","0","3","0","2","N","","","","","","","","","","","","03","  ","","",""
"1512","0","0","0","0","0","0","0","0","0","4","0","","36","08","2018","2018091904","7","40.001","-76.4215","1512","08","0","0","0","0","0","0","0","1","2","0","0","0","15","1","1","01","1","40 00:03.498","3","00","76 25:17.439","3","0","0","0","36223","0","0","0","N","0","0","0","3","36223","0","","1","01","N","N","0","","1","0","0","3","3","N","1510","1","2","0","0","0","0","0","1","2","2","N","","","","","","","","","","","","03","  ","","",""
"1831","1","0","0","0","0","0","0","0","0","1","0","","36","08","2018","2018091957","6","40.0648","-76.3366","1814","08","0","3","0","0","0","0","0","0","2","0","0","0","18","1","0","00","1","40 03:53.340","4","00","76 20:11.580","0","0","0","0","36301","0","0","0","N","0","0","0","4","36301","0","","1","01","N","N","0","","0","0","3","0","0","N","1808","0","5","0","0","0","0","0","3","0","4","N","","","","","","","","","","","","03","  ","","",""
"1336","1","0","0","0","0","0","0","0","0","4","0","","36","08","2018","2018092008","5","40.0685","-76.3074","1334","08","0","0","0","0","0","0","0","0","2","0","0","0","13","1","1","01","1","40 04:06.605","3","00","76 18:27.559","4","0","0","0","36101","0","0","0","N","0","0","0","3","36101","1","","1","01","N","N","0","","0","0","0","3","2","N","1332","1","2","0","0","0","0","0","3","1","2","N","","","","","","","","","","","","03","  ","","",""
"0653","1","0","0","0","0","0","0","0","0","4","0","","36","09","2018","2018092106","2","40.0112","-76.1358","0646","08","0","0","0","0","1","0","1","0","2","0","0","0","06","5","3","01","2","40 00:40.355","7","00","76 08:08.950","3","0","0","0","36226","0","0","0","N","0","0","0","6","68J01","0","","1","01","N","N","0","","3","0","0","3","3","U","0645","3","2","0","0","0","0","1","1","1","2","N","","","","","","","","","","","","05","  ","","",""
"2100","2","0","1","0","0","0","0","0","0","4","0","","36","07","2018","2018092115","5","39.928","-76.253","2053","08","1","0","0","0","0","1","0","0","3","0","0","0","20","6","3","01","2","39 55:40.897","7","00","76 15:10.965","2","0","0","0","36229","0","0","0","N","0","0","0","6","68J01","0","","1","01","N","N","0","","2","1","0","3","3","Y","2053","3","3","0","0","0","0","0","1","1","3","N","","","","","","","","","","","","03","  ","","",""
"2048","1","0","0","0","0","0","0","0","0","7","0","","36","08","2018","2018092135","6","39.9099","-76.2429","2043","08","0","0","0","0","0","0","0","0","3","0","0","0","19","2","2","00","2","39 54:35.750","5","00","76 14:34.612","3","0","0","0","36229","0","0","0","N","0","0","0","2","68J01","1","","4","01","N","N","0","","1","0","0","0","0","Y","1934","2","1","0","0","0","0","0","1","0","1","N","","","","","","","","","","","","03","  ","","",""
"1546","0","0","0","0","0","0","0","0","0","0","0","","36","08","2018","2018092137","1","40.2436","-76.0385","1544","08","0","0","0","0","0","0","1","0","","0","0","0","15","1","0","00","0","40 14:36.946","","00","76 02:18.754","0","0","0","0","36202","0","0","0","N","0","0","0","2","68J01","0","","1","01","N","N","0","","0","0","1","0","0","","1541","0","1","0","0","0","0","0","1","0","1","N","","","","","","","","","","","","03","  ","","",""
"2239","0","0","0","0","0","0","0","0","0","1","0","","36","08","2018","2018092138","1","39.9839","-76.1156","2228","08","0","0","1","0","0","0","0","0","2","0","0","0","22","2","0","02","1","39 59:01.867","3","00","76 06:56.313","0","0","0","0","36226","0","0","0","N","0","0","0","2","68J01","0","","1","01","N","N","1","","0","0","1","0","0","N","2225","0","2","0","0","0","0","0","1","0","2","N","","","","","","","","","","","","03","  ","","",""
"1751","1","0","0","0","0","0","0","0","0","7","0","","36","08","2018","2018092147","6","40.0106","-76.1073","1735","08","0","0","0","1","0","0","0","0","","0","0","0","17","1","0","00","0","40 00:38.000","","00","76 06:26.300","0","0","0","0","36234","0","0","0","N","0","0","0","1","68J01","0","","4","01","N","N","0","","0","0","0","0","0","","1728","0","1","0","0","0","0","0","1","0","1","N","","","","","","","","","","","","03","  ","","",""
"0658","1","0","0","0","0","0","0","0","0","7","0","","36","08","2018","2018092159","6","40.0024","-76.1596","0645","08","0","0","0","0","0","1","0","0","1","0","0","0","06","5","1","00","1","40 00:08.610","1","00","76 09:34.730","3","0","0","0","36233","0","0","0","N","0","0","0","1","68J01","0","","4","01","N","N","0","","1","0","0","0","0","N","0639","1","1","0","0","0","0","0","1","0","1","N","","","","","","","","","","","","03","  ","","",""
"0720","0","0","0","0","0","0","0","0","0","7","0","","36","08","2018","2018092162","7","39.9104","-76.1645","0654","08","0","0","0","0","0","1","0","0","","0","0","0","01","2","1","10","0","39 54:37.566","","03","76 09:52.196","3","0","0","1","36216","0","0","0","N","0","0","0","1","68J01","0","","4","01","N","N","0","","1","0","0","0","0","","0100","1","1","0","0","0","0","0","1","0","1","N","","","","","","","","","","","","03","  ","","",""
"1521","3","0","0","0","0","0","0","0","0","1","0","","36","08","2018","2018092169","1","39.8801","-76.1326","1458","08","0","0","0","0","1","0","0","0","1","0","0","0","14","1","3","02","1","39 52:48.419","2","00","76 07:57.492","3","0","0","0","36205","0","0","0","N","0","0","0","3","68J01","0","","1","01","N","N","0","","2","0","0","0","0","N","1441","3","3","0","0","0","1","0","1","0","3","N","","","","","","","","","","","","03","  ","","",""
"1840","1","0","0","0","0","0","0","0","0","1","0","","36","08","2018","2018092174","2","40.1417","-75.9374","1829","08","0","0","0","0","0","0","1","0","","0","0","0","18","1","0","01","0","40 08:29.984","","00","75 56:14.547","0","0","0","0","36203","0","0","0","N","0","0","0","2","68J01","0","","1","01","N","N","0","","0","0","1","0","0","","1827","0","2","0","0","0","0","0","1","0","2","N","","","","","","","","","","","","03","  ","","",""
"2047","0","0","0","0","0","0","0","0","0","7","1","","36","08","2018","2018092175","2","40.1991","-76.0748","2040","08","0","0","0","0","0","0","0","0","3","0","1","0","20","2","0","00","2","40 11:56.640","7","00","76 04:29.130","0","0","0","0","36202","0","0","0","N","0","0","0","1","68J01","0","","4","01","N","N","0","","0","0","0","0","0","Y","2039","0","1","0","0","0","0","0","1","0","1","N","","","","","","","","","","","","03","  ","","",""
"1413","1","0","0","0","0","0","0","0","0","4","0","","36","08","2018","2018092176","3","39.9395","-76.0232","1404","08","0","0","0","0","0","0","1","0","","0","0","0","14","1","1","00","0","39 56:22.150","","00","76 01:23.370","3","0","0","1","36231","0","0","0","N","0","0","0","3","68J01","0","","1","01","N","N","0","","1","0","0","0","0","","1400","1","2","0","0","0","0","0","1","0","2","N","","","","","","","","","","","","03","  ","","",""
"1535","2","0","0","0","0","0","0","0","0","1","0","","36","08","2018","2018092177","3","39.8689","-76.1527","1512","08","0","0","0","0","0","0","1","0","2","0","0","0","15","1","0","01","1","39 52:08.118","2","00","76 09:09.743","0","0","0","0","36212","0","0","0","N","0","0","0","2","68J01","0","","1","01","N","Y","0","","0","0","0","0","0","N","1501","0","2","0","0","0","0","0","1","0","2","N","","","","","","","","","","","","03","  ","","",""
"1051","1","0","0","0","0","0","0","0","0","4","0","","36","08","2018","2018092186","5","40.1861","-76.0652","1035","08","0","0","0","0","0","0","0","1","1","0","0","0","10","1","2","00","2","40 11:09.854","6","00","76 03:54.540","3","0","0","0","36202","0","0","0","N","0","0","0","2","68J01","0","","1","01","N","N","0","","2","0","1","0","0","N","1033","2","2","0","0","0","0","0","1","0","2","N","","","","","","","","","","","","03","  ","","",""
"1332","2","0","0","0","0","0","0","0","0","1","0","","36","08","2018","2018092187","5","40.0392","-76.1353","1323","08","0","1","0","0","0","1","0","0","","0","0","0","12","1","0","00","0","40 02:21.080","","00","76 08:07.127","0","0","0","0","36221","0","0","0","N","0","0","0","3","68J01","0","","1","01","N","N","0","","0","0","0","0","0","","1254","0","2","0","0","0","0","0","1","0","2","N","","","","","","","","","","","","03","  ","","",""
"1742","1","0","0","0","0","0","0","0","0","1","0","","36","08","2018","2018092192","5","40.0392","-76.0644","1729","08","0","0","0","0","0","0","2","0","1","0","0","0","17","1","0","01","1","40 02:21.012","3","00","76 03:51.831","0","0","0","0","36232","0","0","0","N","0","0","0","3","68J01","0","","1","01","N","N","0","","0","0","0","0","0","N","1727","0","2","0","0","0","0","0","1","1","2","N","","","","","","","","","","","","03","  ","","",""
"1543","0","0","0","0","0","0","0","0","0","4","0","","36","08","2018","2018092198","6","40.0186","-76.0638","1529","08","0","0","0","0","0","1","0","1","1","0","0","0","15","1","1","02","2","40 01:07.020","5","00","76 03:49.852","4","0","0","0","36221","0","0","0","N","0","0","0","2","68J01","1","","1","08","N","N","1","","0","0","1","3","3","Y","1524","1","2","0","0","0","0","0","1","0","2","N","","","","","","","","","","","","07","  ","","",""
"0439","1","0","0","0","0","0","0","0","0","7","0","","36","09","2018","2018092203","7","40.1308","-75.9022","0337","08","0","0","0","0","0","0","0","0","","0","0","0","03","2","0","00","0","40 07:50.973","","00","75 54:08.022","9","0","0","0","36203","0","0","0","N","0","0","0","1","68J01","0","","4","09","N","N","0","","0","0","0","0","0","","0334","0","1","0","0","0","0","1","1","0","1","N","","","","","","","","","","","","07","  ","","",""
"0908","1","0","0","0","0","0","0","0","0","1","0","","36","09","2018","2018092232","3","40.1096","-76.0272","0905","08","0","0","0","0","0","0","1","0","","0","0","0","09","1","0","01","0","40 06:34.623","","00","76 01:37.885","0","0","0","0","36213","0","0","0","N","0","0","0","2","36213","0","","1","01","N","N","0","","0","0","1","0","0","","0901","0","2","0","0","0","0","0","1","0","2","N","","","","","","","","","","","","03","  ","","",""
"2019","1","0","0","0","0","0","0","0","0","4","0","","36","09","2018","2018092303","3","39.985","-76.2801","2013","08","0","0","0","0","0","1","1","0","","0","0","0","20","3","0","00","0","39 59:06.087","","00","76 16:48.216","0","0","0","0","36240","0","0","0","N","0","0","0","5","36240","0","","1","01","N","N","1","","0","0","0","3","4","","2010","0","2","0","0","0","0","0","1","0","2","N","","","","","","","","","","","","03","  ","","",""
"1229","1","0","0","0","0","0","0","0","0","4","0","","36","09","2018","2018092452","1","40.0321","-76.2984","1226","08","0","0","0","0","0","0","0","1","2","0","0","0","12","1","2","01","2","40 01:55.617","2","00","76 17:54.187","8","0","0","0","36301","0","0","0","N","0","0","0","3","36301","0","","2","01","N","N","0","","0","0","0","3","2","Y","1226","2","2","0","0","0","2","0","3","1","2","N","","","","","","","","","","","","03","  ","","",""
"2255","2","0","0","0","0","0","0","0","0","4","0","","36","08","2018","2018092434","6","40.0606","-76.2768","2247","08","1","0","1","0","0","0","0","0","1","0","0","0","22","3","1","01","1","40 03:38.398","6","00","76 16:37.304","3","0","0","0","36101","0","0","0","N","0","0","0","3","36101","0","","1","01","N","N","0","","1","0","0","3","2","N","2247","1","2","0","0","0","0","0","3","0","2","N","","","","","","","","","","","","03","  ","","",""
"2130","2","0","0","0","0","0","0","0","0","1","0","","36","08","2018","2018092435","4","40.0685","-76.3029","2126","08","0","0","0","0","0","0","0","0","2","0","0","0","21","3","0","00","1","40 04:06.491","1","00","76 18:10.333","0","0","0","0","36101","0","0","0","N","0","0","0","2","36101","0","","1","01","N","N","0","","0","0","0","3","2","N","2123","0","2","0","0","0","0","0","3","0","2","N","","","","","","","","","","","","03","  ","","",""
"2127","1","0","0","0","0","0","0","0","0","4","0","","36","08","2018","2018092437","5","40.0606","-76.2768","2113","08","0","1","0","0","0","1","0","0","","0","0","0","21","3","0","01","0","40 03:38.398","","00","76 16:37.304","0","0","0","0","36101","0","0","0","N","0","0","0","3","36101","0","","1","01","N","N","0","","0","0","1","3","2","","2108","0","2","0","0","0","0","0","3","0","2","N","","","","","","","","","","","","03","  ","","",""
"1111","0","0","0","0","0","0","0","0","0","1","0","","36","08","2018","2018092438","5","40.0702","-76.3553","1110","08","0","0","0","0","0","0","0","0","","0","0","0","11","1","1","02","0","40 04:12.690","","00","76 21:19.071","3","0","0","0","36214","0","0","0","N","0","0","0","6","36214","0","","1","01","N","N","0","","1","0","2","0","0","","1109","1","2","0","0","0","0","0","3","0","2","N","","","","","","","","","","","","03","  ","","",""
"2047","1","0","0","0","0","0","0","0","0","4","0","","36","09","2018","2018092439","2","40.0387","-76.3578","2046","08","0","0","0","0","0","0","0","0","","0","0","0","20","3","1","02","0","40 02:19.409","","00","76 21:27.999","3","0","0","0","36214","0","0","0","N","0","0","0","2","36214","0","","1","01","N","N","0","","1","0","0","0","0","","2040","1","2","0","0","0","0","0","3","1","2","N","","","","","","","","","","","","03","  ","","",""
"0147","1","0","0","0","0","0","0","0","0","7","0","","36","08","2018","2018092440","4","40.0319","-76.343","0144","08","0","0","0","0","0","0","0","0","","0","0","0","01","2","0","02","0","40 01:54.714","","00","76 20:34.918","9","0","0","0","36223","0","0","0","N","0","0","0","1","36223","0","","5","09","N","N","0","","0","0","0","0","0","","0141","0","1","0","0","0","0","1","1","0","1","N","","","","","","","","","","","","03","  ","","",""
"2221","0","0","0","0","0","0","0","0","0","7","0","","36","08","2018","2018092441","6","40.012","-76.4326","2216","08","0","0","1","0","0","0","0","0","2","0","0","0","22","2","1","00","2","40 00:43.182","5","00","76 25:57.537","2","0","0","0","36223","0","0","0","N","0","0","0","2","36223","0","","4","01","N","N","0","","0","1","1","0","0","Y","2216","1","1","0","1","2","0","1","1","0","1","N","","","","","","","","","","","","03","  ","","",""
"0907","1","0","0","0","0","0","0","0","0","1","0","","36","09","2018","2018092442","3","40.1241","-76.4711","0856","08","0","0","0","0","0","0","0","0","","0","0","0","08","1","0","02","0","40 07:26.895","","02","76 28:15.883","0","0","0","0","36230","0","0","0","N","0","0","0","2","36410","0","","1","01","N","N","0","","0","0","1","3","3","","0852","0","2","0","0","0","0","0","1","0","2","N","","","","","","","","","","","","03","  ","","",""
"1420","1","0","0","0","0","0","0","0","0","8","0","","36","08","2018","2018092457","6","40.0422","-76.3065","1418","08","0","0","0","0","0","0","0","0","1","0","0","0","14","1","1","00","2","40 02:31.810","1","00","76 18:23.345","8","0","0","0","36301","1","0","0","N","1","0","0","2","36301","0","","1","09","N","N","0","","0","0","0","0","0","Y","1418","1","2","0","0","0","1","0","3","0","1","N","","","","","","","","","","","","07","  ","","",""
"1222","1","0","0","0","0","0","0","0","0","7","0","","36","09","2018","2018092648","4","40.0601","-76.32","1214","08","0","0","0","0","0","0","0","1","2","0","0","0","12","1","0","00","1","40 03:36.187","4","00","76 19:12.147","0","0","0","0","36301","0","0","0","N","0","0","0","1","36301","0","","2","01","N","N","0","","0","0","0","0","0","N","1210","0","1","0","0","0","0","0","3","0","1","N","","","","","","","","","","","","03","  ","","",""
"1615","1","0","0","0","0","0","0","0","0","1","1","","36","08","2018","2018092686","5","40.077","-76.3377","1606","08","0","0","0","0","0","1","0","0","3","0","1","0","16","1","0","00","1","40 04:37.078","2","00","76 20:15.678","0","0","0","0","36101","0","0","0","N","0","0","0","5","36101","0","","1","01","N","N","1","","0","0","0","0","0","N","1600","0","3","0","0","0","0","0","3","0","3","N","","","","","","","","","","","","03","  ","","",""
"1827","1","0","0","0","0","0","0","0","0","4","0","","36","09","2018","2018092727","1","40.0075","-76.2975","1821","08","0","1","0","0","0","0","0","0","2","0","0","0","18","1","1","00","2","40 00:26.921","5","00","76 17:51.054","3","0","0","0","36240","0","0","0","N","0","0","0","4","36240","0","","1","01","N","N","0","","1","0","1","0","0","Y","1821","1","2","0","0","0","0","0","1","0","2","N","","","","","","","","","","","","03","  ","","",""
"1439","2","0","0","0","0","0","0","0","0","4","0","","36","08","2018","2018092754","6","40.109","-76.4913","1430","08","0","0","0","0","1","0","0","1","2","0","0","0","14","1","1","00","2","40 06:32.443","3","03","76 29:28.708","4","0","0","0","36413","0","0","0","N","0","0","0","2","36413","1","","1","09","N","N","0","","0","0","0","0","0","N","1427","1","2","0","0","0","0","0","2","0","2","N","","","","","","","","","","","","07","  ","","",""