"ARRIVAL_TM","AUTOMOBILE_COUNT","BELTED_DEATH_COUNT","BELTED_SUSP_SERIOUS_INJ_COUNT","BICYCLE_COUNT","BICYCLE_DEATH_COUNT","BICYCLE_SUSP_SERIOUS_INJ_COUNT","BUS_COUNT","CHLDPAS_DEATH_COUNT","CHLDPAS_SUSP_SERIOUS_INJ_COUNT","COLLISION_TYPE","COMM_VEH_COUNT","CONS_ZONE_SPD_LIM","COUNTY","CRASH_MONTH","CRASH_YEAR","CRN","DAY_OF_WEEK","DEC_LAT","DEC_LONG","DISPATCH_TM","DISTRICT","DRIVER_COUNT_16YR","DRIVER_COUNT_17YR","DRIVER_COUNT_18YR","DRIVER_COUNT_19YR","DRIVER_COUNT_20YR","DRIVER_COUNT_50_64YR","DRIVER_COUNT_65_74YR","DRIVER_COUNT_75PLUS","EST_HRS_CLOSED","FATAL_COUNT","HEAVY_TRUCK_COUNT","HORSE_BUGGY_COUNT","HOUR_OF_DAY","ILLUMINATION","INJURY_COUNT","INTERSECT_TYPE","LANE_CLOSED","LATITUDE","LN_CLOSE_DIR","LOCATION_TYPE","LONGITUDE","MAX_SEVERITY_LEVEL","MCYCLE_DEATH_COUNT","MCYCLE_SUSP_SERIOUS_INJ_COUNT","MOTORCYCLE_COUNT","MUNICIPALITY","NONMOTR_COUNT","NONMOTR_DEATH_COUNT","NONMOTR_SUSP_SERIOUS_INJ_COUNT","NTFY_HIWY_MAINT","PED_COUNT","PED_DEATH_COUNT","PED_SUSP_SERIOUS_INJ_COUNT","PERSON_COUNT","POLICE_AGCY","POSSIBLE_INJ_COUNT","RDWY_SURF_TYPE_CD","RELATION_TO_ROAD","ROAD_CONDITION","SCH_BUS_IND","SCH_ZONE_IND","SMALL_TRUCK_COUNT","SPEC_JURIS_CD","SUSP_MINOR_INJ_COUNT","SUSP_SERIOUS_INJ_COUNT","SUV_COUNT","TCD_FUNC_CD","TCD_TYPE","TFC_DETOUR_IND","TIME_OF_DAY","TOT_INJ_COUNT","TOTAL_UNITS","UNB_DEATH_COUNT","UNB_SUSP_SERIOUS_INJ_COUNT","UNBELTED_OCC_COUNT","UNK_INJ_DEG_COUNT","UNK_INJ_PER_COUNT","URBAN_RURAL","VAN_COUNT","VEHICLE_COUNT","WORK_ZONE_IND","WORK_ZONE_LOC","WORK_ZONE_TYPE","WORKERS_PRES","WZ_CLOSE_DETOUR","WZ_FLAGGER","WZ_LAW_OFFCR_IND","WZ_LN_CLOSURE","WZ_MOVING","WZ_OTHER","WZ_SHLDER_MDN","ROADWAY_CLEARED","WEATHER1","WEATHER2","WZ_WORKERS_INJ_KILLED","SECONDARY_CRASH","INTERSECTION_RELATED"
"1018","1","0","0","0","0","0","0","0","0","7","0","","36","09","2018","2018092830","4","40.0207","-76.3335","1015","08","0","0","0","0","0","1","0","0","","0","0","0","07","1","0","00","0","40 01:14.400","","00","76 20:00.570","0","0","0","0","36220","0","0","0","N","0","0","0","1","36101","0","","4","01","N","N","0","","0","0","0","0","0","","0715","0","1","0","0","0","0","0","3","0","1","N","","","","","","","","","","","","03","  ","","",""
"0414","0","0","0","0","0","0","0","0","0","7","0","","36","09","2018","2018092831","1","40.0612","-76.3551","0414","08","0","0","0","0","0","0","0","0","","0","0","0","04","3","0","00","0","40 03:40.359","","00","76 21:18.338","0","0","0","0","36214","0","0","0","N","0","0","0","1","36214","0","","3","01","N","N","0","","0","0","1","0","0","","0414","0","1","0","0","0","0","0","3","0","1","N","","","","","","","","","","","","03","  ","","",""
"0330","1","0","1","0","0","0","0","0","0","7","0","","36","09","2018","2018092832","2","40.0247","-76.3974","0325","08","0","0","0","1","0","0","0","0","3","0","0","0","03","2","5","03","2","40 01:29.005","7","00","76 23:50.784","2","0","0","0","36223","0","0","0","N","0","0","0","5","36223","0","","2","01","N","N","0","","2","3","0","3","3","Y","0322","5","1","0","1","1","0","0","1","0","1","N","","","","","","","","","","","","05","  ","","",""
"1251","1","0","0","0","0","0","0","0","0","4","1","","36","09","2018","2018092841","4","40.1873","-76.1844","1250","08","0","0","0","0","0","1","0","0","2","0","1","0","12","1","0","01","1","40 11:14.331","4","00","76 11:03.790","0","0","0","0","36408","0","0","0","N","0","0","0","2","36408","0","","1","01","N","N","0","","0","0","0","3","2","N","1249","0","2","0","0","0","0","0","2","0","2","N","","","","","","","","","","","","03","  ","","",""
"1054","1","0","0","0","0","0","0","0","0","4","1","","36","08","2018","2018092844","6","40.0446","-76.2882","1053","08","0","0","0","0","0","0","0","0","1","0","1","0","10","1","4","01","1","40 02:40.565","4","00","76 17:17.394","3","0","0","0","36301","0","0","0","N","0","0","0","5","36301","1","","1","01","N","N","0","","3","0","0","3","2","N","1053","4","2","0","0","1","0","0","3","0","2","N","","","","","","","","","","","","03","  ","","",""
"1040","1","0","0","0","0","0","0","0","0","1","0","","36","09","2018","2018092903","5","40.0427","-76.3066","1034","08","0","0","0","0","0","0","1","0","2","0","0","0","10","1","1","00","2","40 02:33.890","1","00","76 18:23.752","8","0","0","0","36301","0","0","0","Y","0","0","0","3","36301","0","","1","01","N","N","0","","0","0","1","0","0","Y","1034","1","2","0","0","1","1","0","3","0","2","N","","","","","","","","","","","","03","  ","","",""
"1507","2","0","0","0","0","0","0","0","0","1","0","","36","09","2018","2018093006","5","39.9748","-76.2473","1459","08","0","1","0","0","0","0","0","0","","0","0","0","14","1","1","00","0","39 58:29.403","","00","76 14:50.244","4","0","0","0","36240","0","0","0","N","0","0","0","2","36240","1","","1","01","N","N","0","","0","0","0","0","0","","1459","1","2","0","0","0","0","0","1","0","2","N","","","","","","","","","","","","03","  ","","",""
"0927","0","0","0","0","0","0","0","0","0","4","0","","36","08","2018","2018093040","5","40.0306","-76.2343","0918","08","0","0","0","0","0","0","1","0","","0","0","0","09","1","0","01","0","40 01:50.739","","06","76 14:11.032","0","0","0","0","36215","0","0","0","N","0","0","0","2","36215","0","","1","01","N","N","2","","0","0","0","3","3","","0915","0","2","0","0","0","0","0","1","0","2","N","","","","","","","","","","","","03","  ","","",""
"0521","1","0","0","0","0","0","0","0","0","7","0","","36","08","2018","2018093041","4","40.0856","-76.1207","0511","08","0","0","0","0","0","0","0","0","1","0","0","0","05","3","0","00","1","40 05:08.065","2","00","76 07:14.411","0","0","0","0","36234","0","0","0","N","0","0","0","1","36215","0","","5","08","N","N","0","","0","0","0","0","0","N","0511","0","1","0","0","0","0","0","1","0","1","N","","","","","","","","","","","","07","  ","","",""
"1128","1","0","0","0","0","0","0","0","0","4","0","","36","08","2018","2018093042","6","40.0519","-76.2549","1122","08","0","0","0","0","0","0","2","0","","0","0","0","11","1","0","01","0","40 03:06.876","","00","76 15:17.809","0","0","0","0","36215","0","0","0","N","0","0","0","2","36215","0","","1","01","N","N","1","","0","0","0","3","2","","1120","0","2","0","0","0","0","0","1","0","2","N","","","","","","","","","","","","03","  ","","",""
"0812","1","0","0","0","0","0","0","0","0","5","0","","36","09","2018","2018093045","7","40.031","-76.2354","0812","08","0","0","0","0","0","0","0","0","1","0","0","0","08","1","2","01","1","40 01:50.123","4","00","76 14:03.641","4","0","0","0","36215","0","0","0","N","0","0","0","3","36215","2","","1","01","N","N","0","","0","0","1","3","2","N","0810","2","2","0","0","0","0","0","1","0","2","N","","","","","","","","","","","","03","  ","","",""
"1406","0","0","0","0","0","0","0","0","0","7","0","","36","09","2018","2018093049","1","40.078","-76.1444","1402","08","0","0","0","0","0","1","0","0","2","0","0","0","14","1","1","00","1","40 04:40.820","3","03","76 08:39.850","3","0","0","0","36234","0","0","0","N","0","0","0","1","36215","0","","4","01","N","N","0","","1","0","0","0","0","N","1402","1","1","0","0","0","0","0","1","1","1","N","","","","","","","","","","","","03","  ","","",""
"2041","1","0","0","0","0","0","0","0","0","1","0","","36","09","2018","2018093054","1","40.0922","-76.1378","2027","08","0","0","0","0","0","0","0","0","1","0","0","0","20","2","1","02","1","40 05:31.879","6","00","76 08:16.058","3","0","0","1","36234","0","0","0","N","0","0","0","3","36215","0","","1","01","N","N","0","","1","0","0","0","0","N","2025","1","2","0","0","0","0","0","1","0","2","N","","","","","","","","","","","","03","  ","","",""
"0647","1","0","0","0","0","0","0","0","0","7","0","","36","09","2018","2018093058","4","40.0306","-76.2342","0644","08","0","0","0","0","0","0","0","0","1","0","0","0","06","5","0","00","1","40 01:50.025","4","00","76 14:03.076","0","0","0","0","36215","0","0","0","Y","0","0","0","1","36215","0","","4","01","N","N","0","","0","0","0","0","0","N","0644","0","1","0","0","0","0","0","1","0","1","N","","","","","","","","","","","","03","  ","","",""
"0804","3","0","0","0","0","0","0","0","0","1","0","","36","09","2018","2018093146","5","40.0815","-76.3534","0748","08","0","1","0","0","0","2","0","0","2","0","0","0","07","1","0","00","1","40 04:53.225","3","03","76 21:12.093","0","0","0","0","36214","0","0","0","N","0","0","0","3","36214","0","","1","01","N","N","0","","0","0","0","0","0","N","0745","0","3","0","0","0","0","0","3","0","3","N","","","","","","","","","","","","03","  ","","",""
"0659","2","0","0","0","0","0","0","0","0","4","0","","36","09","2018","2018093296","5","40.0576","-76.3058","0659","08","0","0","0","0","0","0","0","0","2","0","0","0","06","5","0","00","1","40 03:27.494","2","00","76 18:20.703","0","0","0","0","36101","0","0","0","N","0","0","0","2","36101","0","","1","01","N","N","0","","0","0","0","0","0","N","0657","0","2","0","0","0","0","0","3","0","2","N","","","","","","","","","","","","03","  ","","",""
"1824","2","0","0","0","0","0","0","0","0","1","0","","36","09","2018","2018093297","4","40.0614","-76.3596","1817","08","0","1","0","0","0","1","0","0","","0","0","0","18","1","1","01","0","40 03:41.086","","00","76 21:34.594","4","0","0","0","36214","0","0","0","N","0","0","0","4","36214","1","","1","01","N","N","0","","0","0","0","3","2","","1817","1","3","0","0","0","0","0","3","1","3","N","","","","","","","","","","","","03","  ","","",""
"1255","0","0","0","0","0","0","0","0","0","5","0","","36","09","2018","2018093310","3","40.2344","-76.1268","1239","08","0","0","0","0","0","0","1","0","","0","0","0","12","1","0","00","0","40 14:03.700","","00","76 07:36.300","0","0","0","0","36210","0","0","0","N","0","0","0","1","36210","0","","1","01","N","N","1","","0","0","1","0","0","","1237","0","2","0","0","0","0","0","1","0","2","N","","","","","","","","","","","","03","  ","","",""
"1522","0","0","0","0","0","0","0","0","0","4","0","","36","09","2018","2018093313","3","40.1876","-76.1901","1515","08","0","0","0","0","0","0","0","0","1","0","0","0","15","1","0","01","1","40 11:15.560","1","00","76 11:24.542","0","0","0","0","36408","0","0","0","N","0","0","0","2","36408","0","","1","01","N","N","1","","0","0","1","3","2","N","1513","0","2","0","0","0","0","0","2","0","2","N","","","","","","","","","","","","03","  ","","",""
"0826","1","0","0","0","0","0","0","0","0","8","0","","36","09","2018","2018093324","2","40.0463","-76.3029","0823","08","0","0","0","0","0","0","0","0","1","0","0","0","08","1","1","01","1","40 02:46.621","1","00","76 18:10.343","8","0","0","0","36301","1","0","0","N","1","0","0","3","36301","0","","1","01","N","N","0","","0","0","0","3","2","N","0822","1","2","0","0","0","1","0","3","0","1","N","","","","","","","","","","","","03","  ","","",""
"2146","2","0","0","0","0","0","0","0","0","6","0","","36","08","2018","2018093348","6","40.0379","-76.5042","2146","08","0","0","0","0","0","1","0","0","","0","0","0","","3","0","01","0","40 02:16.558","","00","76 30:14.950","9","0","0","0","36404","0","0","0","N","0","0","0","3","36404","0","","4","01","N","N","0","","0","0","0","3","3","","","0","2","0","0","0","0","2","3","0","2","N","","","","","","","","","","","","03","  ","","",""
"1856","0","0","0","0","0","0","0","0","0","4","0","","36","09","2018","2018093459","1","40.0966","-76.3523","1854","08","0","0","0","0","0","0","0","0","2","0","0","0","18","1","1","02","2","40 05:47.734","5","00","76 21:08.426","3","0","0","0","36406","0","0","0","N","0","0","0","6","36101","0","","1","01","N","N","0","","1","0","2","3","3","Y","1851","1","2","0","0","0","0","0","3","0","2","N","","","","","","","","","","","","03","  ","","",""
"1123","1","0","0","0","0","0","0","0","0","7","0","","36","09","2018","2018093460","4","40.1134","-76.2423","1116","08","0","0","0","0","0","0","0","0","2","0","0","0","11","1","0","00","1","40 06:48.318","1","01","76 14:32.417","0","0","0","0","36101","0","0","0","N","0","0","0","2","36101","0","","5","01","N","N","0","","0","0","0","0","0","N","1113","0","1","0","0","0","0","0","3","0","1","N","","","","","","","","","","","","03","  ","","",""
"2133","0","0","0","0","0","0","0","0","0","4","0","","36","09","2018","2018093461","4","40.0561","-76.3056","2133","08","0","0","0","1","0","0","0","0","2","0","0","0","21","3","0","01","1","40 03:21.862","1","00","76 18:20.114","0","0","0","0","36101","0","0","0","N","0","0","0","3","36101","0","","1","01","N","N","2","","0","0","0","3","2","N","2106","0","2","0","0","0","0","0","3","0","2","N","","","","","","","","","","","","03","  ","","",""
"1210","2","0","0","0","0","0","0","0","0","1","0","","36","09","2018","2018093462","5","40.0716","-76.3184","1210","08","0","0","0","0","0","0","0","0","","0","0","0","12","1","1","00","0","40 04:17.666","","00","76 19:06.069","3","0","0","0","36101","0","0","0","N","0","0","0","2","36101","0","","1","01","N","N","0","","1","0","0","0","0","","1205","1","2","0","0","0","0","0","3","0","2","N","","","","","","","","","","","","03","  ","","",""
"1309","1","0","0","0","0","0","0","0","0","7","0","","36","08","2018","2018093479","1","40.0366","-76.4543","1304","08","0","1","0","0","0","0","0","0","2","0","0","0","13","1","0","00","1","40 02:11.590","4","00","76 27:15.602","0","0","0","0","36414","0","0","0","Y","0","0","0","1","36239","0","","3","01","N","N","0","","0","0","0","0","0","Y","1301","0","1","0","0","0","0","0","3","0","1","N","","","","","","","","","","","","03","  ","","",""
"2022","1","0","0","1","0","0","0","0","0","4","0","","36","09","2018","2018093562","6","40.1784","-76.1769","2020","08","0","0","0","0","0","0","0","0","","0","0","0","20","3","1","00","0","40 10:42.195","","00","76 10:36.870","3","0","0","0","36408","1","0","0","N","0","0","0","2","36408","0","","1","01","N","N","0","","1","0","0","0","0","","2019","1","2","0","0","0","0","0","2","0","1","N","","","","","","","","","","","","03","  ","","",""
"2022","1","0","0","0","0","0","0","0","0","1","0","","36","08","2018","2018093568","4","40.0456","-76.3071","2017","08","0","0","0","0","0","0","0","0","1","0","0","0","20","3","0","00","1","40 02:44.096","1","00","76 18:25.669","0","0","0","0","36301","0","0","0","N","0","0","0","3","36301","0","","1","01","N","N","1","","0","0","0","0","0","N","2011","0","2","0","0","0","0","0","3","0","2","N","","","","","","","","","","","","03","  ","","",""
"1101","1","0","0","0","0","0","0","0","0","7","0","","36","09","2018","2018093594","6","40.2738","-76.1335","1059","08","0","0","0","0","0","0","0","0","3","0","0","0","10","1","1","00","2","40 16:25.659","5","00","76 08:00.640","8","0","0","0","36236","0","0","0","N","0","0","0","1","36408","0","","2","01","N","N","0","","0","0","0","0","0","Y","1059","1","1","0","0","1","1","0","1","0","1","N","","","","","","","","","","","","03","  ","","",""
"1618","1","0","0","0","0","0","0","0","0","4","0","","36","09","2018","2018093605","6","40.0394","-76.2933","1616","08","0","0","0","0","0","0","0","0","2","0","0","0","16","1","1","01","1","40 02:21.963","3","00","76 17:35.707","8","0","0","0","36301","0","0","0","N","0","0","0","3","36301","0","","1","01","N","N","0","","0","0","0","3","3","N","1616","1","2","0","0","0","1","0","3","1","2","N","","","","","","","","","","","","03","  ","","",""
"0930","1","0","0","0","0","0","0","0","0","4","0","","36","08","2018","2018093639","7","40.0556","-76.5671","0925","08","0","0","0","0","0","1","1","0","2","0","0","0","08","1","1","00","2","40 03:20.056","6","00","76 34:01.584","3","0","0","1","36411","0","0","0","N","0","0","0","2","36504","0","","1","01","N","N","0","","1","0","0","0","0","Y","0820","1","2","0","0","0","0","0","1","0","2","N","","","","","","","","","","","","03","  ","","",""
"1528","1","0","0","0","0","0","0","0","0","4","0","","36","09","2018","2018093648","3","39.9679","-76.3224","1522","08","0","0","0","1","0","1","0","0","2","0","0","0","15","1","1","01","1","39 58:04.314","2","00","76 19:20.496","8","0","0","0","36228","0","0","0","N","0","0","0","2","36503","0","","1","01","N","N","0","","0","0","1","3","3","N","1519","1","2","0","0","0","1","0","1","0","2","N","","","","","","","","","","","","03","  ","","",""
"0910","1","0","0","0","0","0","0","0","0","7","0","","36","09","2018","2018093705","7","40.2761","-76.0992","0907","08","0","0","0","0","0","0","0","0","","0","0","0","09","1","0","00","0","40 16:33.844","","00","76 05:57.076","0","0","0","0","36236","0","0","0","N","0","0","0","1","36408","0","","4","09","N","N","0","","0","0","0","0","0","","0904","0","1","0","0","0","0","0","1","0","1","N","","","","","","","","","","","","98","  ","","",""
"0320","0","0","0","0","0","0","0","0","0","7","1","","36","09","2018","2018093756","7","40.2111","-76.1038","0315","08","0","0","0","0","0","0","0","0","4","0","1","0","03","2","0","00","2","40 12:40.045","1","00","76 06:13.632","0","0","0","0","36210","0","0","0","Y","0","0","0","1","36210","0","","3","08","N","N","0","","0","0","0","0","0","Y","0313","0","1","0","0","0","0","0","1","0","1","N","","","","","","","","","","","","07","  ","","",""
"0338","1","0","0","0","0","0","0","0","0","4","0","","36","09","2018","2018093821","7","40.031","-76.319","0333","08","0","0","0","0","0","0","0","0","2","0","0","0","03","3","0","00","1","40 01:51.422","6","00","76 19:08.257","0","0","0","0","36301","0","0","0","N","0","0","0","1","36301","0","","6","09","N","N","0","","0","0","2","0","0","N","0331","0","3","0","0","0","0","0","3","0","3","N","","","","","","","","","","","","07","  ","","",""
"0528","1","0","0","0","0","0","0","0","0","7","0","","36","09","2018","2018093835","7","40.0679","-76.2978","0514","08","0","0","0","0","0","0","0","0","1","0","0","0","05","3","1","00","1","40 04:04.443","3","00","76 17:52.008","3","0","0","0","36101","0","0","0","N","0","0","0","3","36101","0","","2","09","N","N","0","","1","0","0","0","0","N","0513","1","1","0","0","0","0","0","3","0","1","N","","","","","","","","","","","","07","  ","","",""
"0330","1","0","0","0","0","0","0","0","0","7","0","","36","09","2018","2018093836","7","40.0607","-76.3601","0326","08","0","0","0","0","0","0","0","0","2","0","0","0","03","3","1","00","1","40 03:38.633","4","00","76 21:36.355","3","0","0","0","36214","0","0","0","N","0","0","0","4","36214","0","","4","01","N","N","0","","1","0","0","0","0","N","0310","1","1","0","0","0","0","0","3","0","1","N","","","","","","","","","","","","03","  ","","",""
"1122","1","0","0","0","0","0","0","0","0","4","0","","36","09","2018","2018093938","1","40.0484","-76.3011","1115","08","0","0","0","0","1","0","1","0","","0","0","0","10","1","0","01","0","40 02:54.355","","00","76 18:03.826","0","0","0","0","36301","0","0","0","N","0","0","0","2","36301","0","","1","09","N","N","0","","0","0","1","3","3","","1045","0","2","0","0","0","0","0","3","0","2","N","","","","","","","","","","","","07","  ","","",""
"1218","1","0","0","0","0","0","0","0","0","5","1","","36","09","2018","2018093969","6","40.1182","-76.2291","1214","08","0","0","0","0","0","0","0","0","2","0","1","0","12","1","0","00","1","40 07:05.645","1","00","76 13:44.652","0","0","0","0","36238","0","0","0","N","0","0","0","2","36238","0","","1","01","N","N","0","","0","0","0","0","0","N","1211","0","2","0","0","0","0","0","3","0","2","N","","","","","","","","","","","","03","  ","","",""
"1720","1","0","0","0","0","0","0","0","0","1","0","","36","09","2018","2018093985","6","40.1385","-76.2111","1717","08","0","0","0","0","0","1","0","0","","0","0","0","17","1","0","00","0","40 08:18.486","","00","76 12:40.044","0","0","0","0","36238","0","0","0","N","0","0","0","2","36238","0","","1","01","N","N","0","","0","0","1","0","0","","1714","0","2","0","0","0","0","0","3","0","2","N","","","","","","","","","","","","03","  ","","",""
"1112","2","0","0","0","0","0","0","0","0","4","0","","36","09","2018","2018093994","1","40.0928","-76.1466","1058","08","0","0","0","0","0","1","0","0","","0","0","0","10","1","0","00","0","40 05:34.158","","00","76 08:47.811","0","0","0","0","36238","0","0","0","N","0","0","0","3","36238","0","","1","09","N","N","0","","0","0","0","0","0","","1056","0","2","0","0","0","0","0","3","0","2","N","","","","","","","","","","","","07","  ","","",""
"0718","2","0","0","0","0","0","0","0","0","1","0","","36","09","2018","2018094001","6","40.0776","-76.3404","0716","08","0","0","0","0","0","0","0","0","2","0","0","0","07","1","1","00","2","40 04:39.222","3","00","76 20:25.416","4","0","0","0","36101","0","0","0","N","0","0","0","5","36101","1","","1","01","N","N","0","","0","0","1","0","0","N","0710","1","3","0","0","0","0","0","3","0","3","N","","","","","","","","","","","","03","  ","","",""
"0315","2","0","0","0","0","0","0","0","0","2","0","","36","09","2018","2018094026","1","40.0506","-76.3014","0310","08","0","0","0","0","0","0","0","0","","0","0","0","03","3","0","01","0","40 03:02.073","","00","76 18:05.147","9","0","0","0","36301","0","0","0","N","0","0","0","3","36301","0","","1","09","N","N","0","","0","0","0","3","3","","0303","0","2","0","0","0","0","1","3","0","2","N","","","","","","","","","","","","07","  ","","",""
"1859","3","0","0","0","0","0","0","0","0","1","0","","36","09","2018","2018094029","5","40.1159","-76.4997","1849","08","0","0","0","0","0","1","0","0","2","0","0","0","18","4","2","02","1","40 06:57.245","5","00","76 29:58.974","8","0","0","0","36225","0","0","0","N","0","0","0","3","36505","0","","1","01","N","N","0","","0","0","0","0","0","Y","1847","2","3","0","0","0","2","0","2","0","3","N","","","","","","","","","","","","03","  ","","",""
"0525","0","0","0","0","0","0","0","0","0","7","0","","36","08","2018","2018094038","3","40.0345","-76.3156","0523","08","0","0","0","0","0","0","0","0","1","0","0","0","05","5","0","00","1","40 02:04.277","6","00","76 18:56.029","0","0","0","0","36301","0","0","0","N","0","0","0","1","36301","0","","2","01","N","N","1","","0","0","0","0","0","N","0522","0","1","0","0","0","0","0","3","0","1","N","","","","","","","","","","","","03","  ","","",""
"0108","1","0","0","0","0","0","0","0","0","7","0","","36","09","2018","2018094039","6","40.1654","-76.6079","0104","08","0","0","0","0","0","0","0","0","2","0","0","0","01","2","0","00","1","40 09:55.420","1","00","76 36:28.352","0","0","0","0","36225","0","0","0","Y","0","0","0","2","36505","0","","5","01","N","N","0","","0","0","0","0","0","N","0100","0","1","0","0","0","0","0","2","0","1","N","","","","","","","","","","","","03","  ","","",""
"1540","2","0","0","0","0","0","0","0","0","4","0","","36","09","2018","2018094045","1","40.1685","-76.6058","1534","08","0","0","0","0","0","1","0","0","2","0","0","0","15","1","3","01","1","40 10:06.611","1","00","76 36:21.046","8","0","0","0","36225","0","0","0","N","0","0","0","3","36505","0","","1","09","N","N","0","","0","0","0","3","2","N","1530","3","2","0","0","0","3","0","2","0","2","N","","","","","","","","","","","","07","  ","","",""
"2036","1","0","0","0","0","0","0","0","0","7","0","","36","09","2018","2018094087","1","40.0306","-76.4433","2027","08","0","0","0","0","1","0","0","0","2","0","0","0","20","1","0","00","1","40 01:50.014","3","00","76 26:35.974","0","0","0","0","36239","0","0","0","N","0","0","0","2","36239","0","","5","09","N","N","0","","0","0","0","0","0","Y","2024","0","1","0","0","0","0","0","3","0","1","N","","","","","","","","","","","","07","  ","","",""
"0241","1","0","0","0","0","0","0","0","0","7","0","","36","07","2018","2018094136","5","40.1828","-75.9935","0221","08","0","0","0","0","0","0","0","0","5","0","0","0","02","2","0","00","2","40 10:57.904","4","00","75 59:36.607","9","0","0","0","36202","0","0","0","N","0","0","0","1","68T06","0","","4","01","N","N","0","","0","0","0","0","0","Y","0221","0","1","0","0","0","0","1","1","0","1","N","","","","","","","","","","","","03","  ","","",""
"1234","0","0","0","0","0","0","0","0","0","7","0","","36","08","2018","2018094151","6","40.1731","-75.9821","1223","08","0","0","0","0","0","0","0","0","2","0","0","0","12","1","1","00","2","40 10:23.134","4","00","75 58:55.607","3","0","0","0","36202","0","0","0","N","0","0","0","1","68T06","0","","4","09","N","N","1","","1","0","0","0","0","N","1223","1","1","0","0","0","0","0","1","0","1","N","","","","","","","","","","","","07","  ","","",""
"1714","2","0","0","0","0","0","0","0","0","4","0","","36","09","2018","2018094171","7","40.154","-76.5996","1711","08","0","0","0","1","0","0","0","1","","0","0","0","17","1","2","01","0","40 09:14.241","","00","76 35:58.636","4","0","0","0","36407","0","0","0","N","0","0","0","5","36407","2","","1","09","N","N","0","","0","0","0","3","3","","1710","2","2","0","0","0","0","0","2","0","2","N","","","","","","","","","","","","03","  ","","",""
"0951","0","0","0","0","0","0","0","0","0","4","0","35","36","09","2018","2018094182","1","40.0679","-76.3034","0941","08","0","0","0","0","0","1","0","0","2","0","0","0","09","1","0","01","1","40 04:04.462","2","00","76 18:12.202","0","0","0","0","36101","0","0","0","N","0","0","0","3","36101","0","","1","09","N","N","0","","0","0","2","3","2","N","0939","0","2","0","0","0","0","0","3","0","2","Y","5","1","N","N","N","N","N","N","N","Y","","07","  ","","",""
"1320","0","0","0","0","0","0","0","0","0","1","0","","36","09","2018","2018094183","1","40.0761","-76.2966","1316","08","0","0","0","0","0","0","0","0","1","0","0","0","13","1","0","02","1","40 04:34.134","2","00","76 17:47.799","0","0","0","0","36101","0","0","0","N","0","0","0","2","36101","0","","1","09","N","N","0","","0","0","1","0","0","N","1316","0","2","0","0","0","0","0","3","1","2","N","","","","","","","","","","","","07","  ","","",""
"0448","1","0","0","0","0","0","0","0","0","2","0","","36","08","2018","2018094184","3","40.1116","-76.1082","0444","08","0","0","0","0","0","0","0","0","2","0","0","0","04","2","1","02","2","40 06:41.706","7","00","76 06:29.592","2","0","0","0","36209","0","0","0","N","0","0","0","1","36415","0","","5","01","N","N","1","","0","1","1","3","3","N","0443","1","3","0","1","1","0","0","1","0","3","N","","","","","","","","","","","","03","  ","","",""
"0928","2","0","0","0","0","0","0","0","0","1","0","","36","08","2018","2018094185","3","40.148","-76.1211","0922","08","0","1","0","0","0","0","0","0","","0","0","0","09","1","0","00","0","40 08:52.780","","00","76 07:16.052","0","0","0","0","36209","0","0","0","N","0","0","0","2","36415","0","","1","01","N","N","0","","0","0","0","0","0","","0920","0","2","0","0","0","0","0","1","0","2","N","","","","","","","","","","","","03","  ","","",""
"0024","1","0","0","0","0","0","0","0","0","7","0","","36","09","2018","2018094186","4","40.1204","-76.0859","0020","08","0","0","1","0","0","0","0","0","2","0","0","0","00","2","1","00","2","40 07:13.400","5","00","76 05:09.160","4","0","0","0","36209","0","0","0","N","0","0","0","3","36415","1","","4","01","N","N","0","","0","0","0","0","0","Y","0020","1","1","0","0","0","0","0","1","0","1","N","","","","","","","","","","","","03","  ","","",""
"1334","1","0","0","0","0","0","0","0","0","4","0","","36","09","2018","2018094187","7","40.133","-76.1129","1330","08","0","0","0","0","0","0","1","0","2","0","0","0","13","1","1","01","2","40 07:58.926","7","00","76 06:46.330","4","0","0","0","36209","0","0","0","N","0","0","0","4","36415","1","","1","01","N","N","1","","0","0","0","3","3","Y","1328","1","2","0","0","3","0","0","1","0","2","N","","","","","","","","","","","","03","  ","","",""
"1128","1","0","0","0","0","0","0","0","0","4","0","","36","09","2018","2018094188","1","40.14","-76.1042","1120","08","0","0","0","0","0","0","0","0","2","0","0","1","11","1","2","00","2","40 08:23.924","6","00","76 06:15.035","3","0","0","0","36209","2","0","0","N","0","0","0","3","36415","0","","1","09","N","N","0","","1","0","0","0","0","Y","1120","2","2","0","0","0","1","0","1","0","1","N","","","","","","","","","","","","07","  ","","",""
"0626","1","0","0","0","0","0","0","0","0","7","0","","36","09","2018","2018094212","2","40.1846","-76.506","0613","08","0","0","0","0","0","0","0","0","1","0","0","0","06","1","0","00","2","40 11:04.544","6","00","76 30:21.434","0","0","0","0","36230","0","0","0","N","0","0","0","1","36410","0","","5","09","N","N","0","","0","0","0","0","0","Y","0613","0","1","0","0","0","0","0","1","0","1","N","","","","","","","","","","","","07","  ","","",""