"ARRIVAL_TM","AUTOMOBILE_COUNT","BELTED_DEATH_COUNT","BELTED_SUSP_SERIOUS_INJ_COUNT","BICYCLE_COUNT","BICYCLE_DEATH_COUNT","BICYCLE_SUSP_SERIOUS_INJ_COUNT","BUS_COUNT","CHLDPAS_DEATH_COUNT","CHLDPAS_SUSP_SERIOUS_INJ_COUNT","COLLISION_TYPE","COMM_VEH_COUNT","CONS_ZONE_SPD_LIM","COUNTY","CRASH_MONTH","CRASH_YEAR","CRN","DAY_OF_WEEK","DEC_LAT","DEC_LONG","DISPATCH_TM","DISTRICT","DRIVER_COUNT_16YR","DRIVER_COUNT_17YR","DRIVER_COUNT_18YR","DRIVER_COUNT_19YR","DRIVER_COUNT_20YR","DRIVER_COUNT_50_64YR","DRIVER_COUNT_65_74YR","DRIVER_COUNT_75PLUS","EST_HRS_CLOSED","FATAL_COUNT","HEAVY_TRUCK_COUNT","HORSE_BUGGY_COUNT","HOUR_OF_DAY","ILLUMINATION","INJURY_COUNT","INTERSECT_TYPE","LANE_CLOSED","LATITUDE","LN_CLOSE_DIR","LOCATION_TYPE","LONGITUDE","MAX_SEVERITY_LEVEL","MCYCLE_DEATH_COUNT","MCYCLE_SUSP_SERIOUS_INJ_COUNT","MOTORCYCLE_COUNT","MUNICIPALITY","NONMOTR_COUNT","NONMOTR_DEATH_COUNT","NONMOTR_SUSP_SERIOUS_INJ_COUNT","NTFY_HIWY_MAINT","PED_COUNT","PED_DEATH_COUNT","PED_SUSP_SERIOUS_INJ_COUNT","PERSON_COUNT","POLICE_AGCY","POSSIBLE_INJ_COUNT","RDWY_SURF_TYPE_CD","RELATION_TO_ROAD","ROAD_CONDITION","SCH_BUS_IND","SCH_ZONE_IND","SMALL_TRUCK_COUNT","SPEC_JURIS_CD","SUSP_MINOR_INJ_COUNT","SUSP_SERIOUS_INJ_COUNT","SUV_COUNT","TCD_FUNC_CD","TCD_TYPE","TFC_DETOUR_IND","TIME_OF_DAY","TOT_INJ_COUNT","TOTAL_UNITS","UNB_DEATH_COUNT","UNB_SUSP_SERIOUS_INJ_COUNT","UNBELTED_OCC_COUNT","UNK_INJ_DEG_COUNT","UNK_INJ_PER_COUNT","URBAN_RURAL","VAN_COUNT","VEHICLE_COUNT","WORK_ZONE_IND","WORK_ZONE_LOC","WORK_ZONE_TYPE","WORKERS_PRES","WZ_CLOSE_DETOUR","WZ_FLAGGER","WZ_LAW_OFFCR_IND","WZ_LN_CLOSURE","WZ_MOVING","WZ_OTHER","WZ_SHLDER_MDN","ROADWAY_CLEARED","WEATHER1","WEATHER2","WZ_WORKERS_INJ_KILLED","SECONDARY_CRASH","INTERSECTION_RELATED"
"1250","2","0","0","0","0","0","0","0","0","4","0","","36","09","2018","2018094226","7","40.0357","-76.3222","1246","08","0","0","0","0","0","0","0","0","1","0","0","0","12","1","0","01","1","40 02:08.487","2","00","76 19:19.801","0","0","0","0","36301","0","0","0","N","0","0","0","2","36301","0","","1","01","N","N","0","","0","0","0","2","3","N","1238","0","2","0","0","0","0","0","3","0","2","N","","","","","","","","","","","","03","  ","","",""
"0955","1","0","0","0","0","0","0","0","0","1","0","","36","09","2018","2018094256","2","40.1196","-76.491","0950","08","0","0","0","0","0","0","0","1","1","0","0","0","09","1","0","02","1","40 07:10.482","4","00","76 29:27.623","0","0","0","0","36230","0","0","0","N","0","0","0","3","36410","0","","1","09","N","N","0","","0","0","1","0","0","N","0950","0","2","0","0","0","0","0","1","0","2","N","","","","","","","","","","","","07","  ","","",""
"1050","2","0","0","0","0","0","0","0","0","4","0","","36","09","2018","2018094297","2","40.0394","-76.2933","1048","08","0","0","0","0","0","0","0","0","2","0","0","0","10","1","0","01","2","40 02:21.963","3","00","76 17:35.707","0","0","0","0","36301","0","0","0","N","0","0","0","2","36301","0","","1","09","N","N","0","","0","0","0","3","3","Y","1046","0","2","0","0","0","0","0","3","0","2","N","","","","","","","","","","","","07","  ","","",""
"0337","1","0","0","0","0","0","0","0","0","7","0","","36","09","2018","2018094301","1","40.1465","-76.2313","0327","08","0","0","1","0","0","0","0","0","","0","0","0","03","2","0","00","0","40 08:47.262","","00","76 13:52.743","0","0","0","0","36235","0","0","0","Y","0","0","0","1","36506","0","","5","09","N","N","0","","0","0","0","0","0","","0327","0","1","0","0","0","0","0","1","0","1","N","","","","","","","","","","","","07","  ","","",""
"1653","3","0","0","0","0","0","0","0","0","1","0","","36","09","2018","2018094436","3","40.0391","-76.2808","1634","08","0","0","0","0","0","0","1","0","2","0","0","0","16","1","3","00","1","40 02:20.939","4","00","76 16:50.707","3","0","0","0","36220","0","0","0","N","0","0","0","4","36101","0","","1","01","N","N","0","","3","0","0","0","0","Y","1631","3","3","0","0","0","0","0","3","0","3","N","","","","","","","","","","","","03","  ","","",""
"1659","2","0","0","0","0","0","0","0","0","1","0","","36","09","2018","2018094437","6","40.0738","-76.3322","1645","08","0","0","0","0","0","0","0","0","","0","0","0","16","1","1","00","0","40 04:25.719","","00","76 19:56.084","3","0","0","0","36101","0","0","0","N","0","0","0","2","36101","0","","1","01","N","N","0","","1","0","0","0","0","","1642","1","2","0","0","1","0","0","3","0","2","N","","","","","","","","","","","","03","  ","","",""
"2250","1","0","0","0","0","0","0","0","0","7","0","","36","09","2018","2018094439","7","40.0552","-76.2788","2247","08","0","0","0","0","0","0","0","0","2","0","0","0","22","2","0","00","1","40 03:18.710","3","00","76 16:43.650","0","0","0","0","36101","0","0","0","N","0","0","0","2","36101","0","","4","09","N","N","0","","0","0","0","0","0","N","2244","0","1","0","0","0","0","0","3","0","1","N","","","","","","","","","","","","07","  ","","",""
"0918","1","0","0","0","0","0","0","0","0","4","0","","36","08","2018","2018094440","3","40.0393","-76.1988","0918","08","0","0","0","0","0","0","0","1","","0","0","0","17","1","0","00","0","40 02:21.581","","07","76 11:55.561","0","0","0","0","36215","0","0","0","N","0","0","0","2","36215","0","","1","01","N","N","0","","0","0","1","0","0","","1700","0","2","0","0","0","0","0","1","0","2","N","","","","","","","","","","","","03","  ","","",""
"2038","0","0","0","0","0","0","0","0","0","4","0","","36","08","2018","2018094441","3","40.031","-76.2354","2029","08","0","0","0","0","0","1","1","0","2","0","0","0","20","3","2","02","1","40 01:50.356","4","00","76 14:03.582","3","0","0","0","36215","0","0","0","N","0","0","0","2","36215","0","","1","09","N","N","1","","2","0","0","3","2","N","2029","2","2","0","0","0","0","0","1","1","2","N","","","","","","","","","","","","07","  ","","",""
"0037","2","0","0","0","0","0","0","0","0","2","0","","36","08","2018","2018094442","7","40.0303","-76.2539","0030","08","0","0","0","1","0","0","0","0","2","0","0","0","00","3","1","00","2","40 01:49.090","6","00","76 15:14.070","3","0","0","0","36215","0","0","0","N","0","0","0","1","36215","0","","4","01","N","N","0","","1","0","0","0","0","N","0030","1","2","0","0","0","0","0","1","0","2","N","","","","","","","","","","","","03","  ","","",""
"1524","2","0","0","0","0","0","0","0","0","1","0","","36","09","2018","2018094443","3","40.0403","-76.2421","1518","08","0","0","0","0","0","1","1","0","1","0","0","0","15","1","0","02","1","40 02:24.970","6","00","76 14:31.731","0","0","0","0","36215","0","0","0","N","0","0","0","3","36215","0","","1","01","N","N","1","","0","0","0","0","0","N","1516","0","3","0","0","0","0","0","1","0","3","N","","","","","","","","","","","","03","  ","","",""
"1009","1","0","0","0","0","0","0","0","0","4","0","","36","09","2018","2018094444","6","40.0342","-76.2508","1002","08","0","0","0","0","0","1","0","0","","0","0","0","09","1","0","00","0","40 02:03.169","","00","76 15:02.716","0","0","0","0","36215","0","0","0","N","0","0","0","5","36215","0","","1","01","N","N","0","","0","0","1","0","0","","0959","0","2","0","0","0","0","0","1","0","2","N","","","","","","","","","","","","03","  ","","",""
"1230","1","0","0","0","0","0","0","0","0","5","1","","36","09","2018","2018094445","6","40.0539","-76.265","1224","08","0","0","0","0","0","2","0","0","","0","1","0","12","1","1","00","0","40 03:14.192","","00","76 15:53.888","3","0","0","0","36215","0","0","0","N","0","0","0","2","36215","0","","1","01","N","N","0","","1","0","0","0","0","","1224","1","2","0","0","0","0","0","1","0","2","N","","","","","","","","","","","","03","  ","","",""
"0247","0","0","0","0","0","0","0","0","0","7","0","","36","09","2018","2018094446","1","40.0572","-76.2719","0242","08","0","0","0","0","0","0","0","0","2","0","0","0","02","3","0","00","2","40 03:26.093","4","00","76 16:18.914","9","0","0","0","36215","0","0","0","N","0","0","0","1","36215","0","","3","09","N","N","1","","0","0","0","0","0","N","0238","0","1","0","0","0","0","1","1","0","1","N","","","","","","","","","","","","07","  ","","",""
"1126","0","0","0","0","0","0","0","0","0","4","0","","36","09","2018","2018094481","2","40.2057","-76.1752","1120","08","0","0","0","0","0","0","1","0","","0","0","0","11","1","0","01","0","40 12:20.434","","00","76 10:30.803","0","0","0","0","36218","0","0","0","N","0","0","0","3","36408","0","","1","01","N","N","0","","0","0","2","3","3","","1120","0","2","0","0","1","0","0","1","0","2","N","","","","","","","","","","","","03","  ","","",""
"1611","1","0","0","0","0","0","0","0","0","6","1","","36","09","2018","2018094500","5","40.1102","-76.4133","1607","08","0","0","0","0","0","0","1","0","1","0","1","0","16","1","1","00","2","40 06:36.820","5","00","76 24:47.857","3","0","0","0","36214","0","0","0","N","0","0","0","2","36214","0","","1","01","N","N","0","","1","0","0","0","0","Y","1605","1","2","0","0","0","0","0","3","0","2","N","","","","","","","","","","","","03","  ","","",""
"0750","1","0","0","0","0","0","0","0","0","4","0","","36","09","2018","2018094504","5","40.1628","-76.1499","0745","08","0","0","0","0","0","1","0","1","2","0","0","0","07","1","0","01","2","40 09:46.140","4","00","76 08:59.472","0","0","0","0","36218","0","0","0","N","0","0","0","2","36408","0","","1","01","N","N","1","","0","0","0","3","2","N","0744","0","2","0","0","0","0","0","1","0","2","N","","","","","","","","","","","","03","  ","","",""
"1728","1","0","0","0","0","0","0","0","0","2","0","","36","09","2018","2018094519","2","40.0623","-76.3532","1717","08","1","0","0","0","0","0","0","0","2","0","0","0","17","1","1","00","2","40 03:44.133","5","00","76 21:11.493","4","0","0","0","36214","0","0","0","N","0","0","0","4","36214","1","","1","09","N","N","1","","0","0","0","0","0","Y","1715","1","2","0","0","0","0","0","3","0","2","N","","","","","","","","","","","","07","  ","","",""
"1903","1","0","0","0","0","0","0","0","0","7","0","","36","09","2018","2018094523","2","40.1555","-76.4105","1854","08","1","0","0","0","0","0","0","0","","0","0","0","18","1","0","02","0","40 09:19.625","","00","76 24:37.909","0","0","0","0","36410","0","0","0","Y","0","0","0","2","36410","0","","2","09","N","N","0","","0","0","0","0","0","","1854","0","1","0","0","2","0","0","2","0","1","N","","","","","","","","","","","","07","  ","","",""
"1225","2","0","0","0","0","0","0","0","0","2","0","","36","09","2018","2018094648","5","40.1954","-76.1712","1222","08","0","0","0","0","0","2","0","0","","0","0","0","12","1","0","00","0","40 11:43.568","","00","76 10:16.389","0","0","0","0","36408","0","0","0","N","0","0","0","2","36408","0","","1","01","N","N","0","","0","0","0","0","0","","1221","0","2","0","0","0","0","0","2","0","2","N","","","","","","","","","","","","03","  ","","",""
"1930","3","0","0","0","0","0","0","0","0","6","0","","36","09","2018","2018094650","2","40.0274","-76.3047","1926","08","0","0","0","0","0","0","0","0","2","0","0","0","19","4","0","00","2","40 01:38.763","5","00","76 18:17.085","9","0","0","0","36301","0","0","0","N","0","0","0","2","36301","0","","1","09","N","N","0","","0","0","0","0","0","N","1924","0","3","0","0","0","0","2","3","0","3","N","","","","","","","","","","","","03","  ","","",""
"1415","2","0","0","0","0","0","0","0","0","1","0","","36","09","2018","2018094694","2","40.0475","-76.4837","1411","08","0","0","0","0","0","0","1","0","","0","0","0","14","1","0","01","0","40 02:51.172","","00","76 29:01.226","0","0","0","0","36239","0","0","0","N","0","0","0","3","36239","0","","1","09","N","N","0","","0","0","0","0","0","","1403","0","2","0","0","0","0","0","3","0","2","N","","","","","","","","","","","","07","  ","","",""
"1324","0","0","0","0","0","0","0","0","0","0","0","","36","09","2018","2018094757","2","39.9911","-76.2603","1321","08","0","0","0","0","0","0","0","0","2","0","0","0","13","1","0","02","2","39 59:28.076","5","00","76 15:37.017","0","0","0","0","36240","0","0","0","N","0","0","0","1","36240","0","","1","09","N","N","0","","0","0","1","3","3","Y","1319","0","1","0","0","0","0","0","1","0","1","N","","","","","","","","","","","","03","  ","","",""
"1114","2","0","0","0","0","0","0","0","0","4","0","","36","09","2018","2018094766","2","40.1895","-76.31","1104","08","0","0","0","0","0","0","0","0","","0","0","0","11","1","1","01","0","40 11:22.225","","00","76 18:36.138","3","0","0","0","36235","0","0","0","N","0","0","0","2","36506","0","","1","09","N","N","0","","1","0","0","0","0","","1104","1","2","0","0","0","0","0","1","0","2","N","","","","","","","","","","","","03","  ","","",""
"1658","2","0","0","0","0","0","0","0","0","1","0","","36","09","2018","2018094875","2","40.0436","-76.5129","1650","08","0","0","0","0","0","0","0","0","","0","0","0","16","1","0","01","0","40 02:37.138","","00","76 30:46.552","0","0","0","0","36239","0","0","0","N","0","0","0","2","36239","0","","1","01","N","N","0","","0","0","0","0","0","","1650","0","2","0","0","0","0","0","3","0","2","N","","","","","","","","","","","","03","  ","","",""
"1938","0","0","0","0","0","0","0","0","0","4","1","","36","08","2018","2018094894","2","40.1921","-76.4151","1938","08","0","0","0","0","0","1","0","0","3","0","1","0","19","1","1","00","2","40 11:31.595","5","07","76 24:54.286","2","0","1","1","36230","0","0","0","N","0","0","0","1","36410","0","","1","01","N","N","0","","0","1","0","0","0","Y","1931","1","2","0","0","0","0","0","1","0","2","N","","","","","","","","","","","","03","  ","","",""
"0943","1","0","0","0","0","0","0","0","0","4","0","","36","09","2018","2018094895","6","40.0745","-76.4927","0929","08","0","0","0","0","0","1","0","0","2","0","0","0","09","1","0","05","1","40 04:28.272","1","00","76 29:33.812","0","0","0","0","36230","0","0","0","N","0","0","0","3","36410","0","","1","01","N","N","0","","0","0","1","3","3","N","0927","0","2","0","0","0","0","0","1","0","2","N","","","","","","","","","","","","03","  ","","",""
"1622","2","0","0","0","0","0","0","0","0","4","0","","36","09","2018","2018094918","3","40.1476","-76.6044","1619","08","0","0","0","0","0","0","1","0","","0","0","0","16","1","0","01","0","40 08:51.392","","00","76 36:15.770","0","0","0","0","36407","0","0","0","N","0","0","0","2","36407","0","","1","01","N","N","0","","0","0","0","3","3","","1615","0","2","0","0","1","0","0","2","0","2","N","","","","","","","","","","","","03","  ","","",""
"1728","1","0","0","0","0","0","0","0","0","4","0","","36","09","2018","2018094928","3","40.1545","-76.6","1725","08","1","0","0","0","0","0","0","0","","0","0","0","17","1","0","01","0","40 09:16.293","","00","76 36:00.010","0","0","0","0","36407","0","0","0","N","0","0","0","3","36407","0","","1","09","N","N","1","","0","0","0","3","3","","1724","0","2","0","0","0","0","0","2","0","2","N","","","","","","","","","","","","07","  ","","",""
"2054","1","0","0","0","0","0","0","0","0","4","0","","36","09","2018","2018094933","2","40.044","-76.2941","2049","08","0","0","0","0","0","1","0","0","2","0","0","0","20","3","0","01","1","40 02:38.400","3","00","76 17:38.583","9","0","0","0","36301","1","0","0","N","0","0","0","3","36301","0","","1","01","N","N","0","","0","0","1","3","3","Y","2049","0","3","0","0","0","0","1","3","0","3","N","","","","","","","","","","","","03","  ","","",""
"1808","0","0","0","0","0","0","0","0","0","7","0","","36","09","2018","2018094974","3","39.9766","-76.2425","1803","08","0","0","0","0","0","0","0","0","1","0","0","0","18","1","0","02","1","39 58:35.817","6","00","76 14:33.057","0","0","0","0","36240","0","0","0","N","0","0","0","1","36240","0","","5","09","N","N","0","","0","0","1","0","0","Y","1802","0","1","0","0","0","0","0","1","0","1","N","","","","","","","","","","","","07","  ","","",""
"0151","1","0","0","0","0","0","0","0","0","7","0","","36","09","2018","2018095083","4","40.1478","-76.3111","0151","08","0","0","0","0","0","0","0","0","","0","0","0","01","3","0","00","0","40 08:52.020","","00","76 18:40.085","0","0","0","0","36409","0","0","0","N","0","0","0","1","36409","0","","5","01","N","N","0","","0","0","0","0","0","","0151","0","1","0","0","0","0","0","3","0","1","N","","","","","","","","","","","","03","  ","","",""
"2233","1","0","0","0","0","0","0","0","0","7","0","","36","09","2018","2018095093","7","40.2108","-76.2312","2230","08","0","0","0","0","0","0","0","0","","0","0","0","22","2","0","00","0","40 12:38.768","","00","76 13:52.447","0","0","0","0","36204","0","0","0","N","0","0","0","1","36506","0","","5","09","N","N","0","","0","0","0","0","0","","2230","0","1","0","0","0","0","0","1","0","1","N","","","","","","","","","","","","07","  ","","",""
"1517","2","0","0","0","0","0","0","0","0","4","0","","36","09","2018","2018095094","7","40.0515","-76.3039","1514","08","0","0","0","0","0","1","0","0","1","0","0","0","15","1","0","01","1","40 03:05.233","1","00","76 18:13.882","0","0","0","0","36301","0","0","0","N","0","0","0","6","36301","0","","1","01","N","N","0","","0","0","0","3","2","N","1510","0","2","0","0","0","0","0","3","0","2","N","","","","","","","","","","","","03","  ","","",""
"1152","0","0","0","0","0","0","0","0","0","7","1","","36","09","2018","2018095160","3","40.1088","-76.0484","1149","08","0","0","0","0","0","1","0","0","3","0","1","0","11","1","1","01","2","40 06:31.554","7","00","76 02:54.344","3","0","0","0","36213","0","0","0","N","0","0","0","1","36213","0","","4","01","N","N","0","","1","0","0","0","0","Y","1147","1","1","0","0","0","0","0","1","0","1","N","","","","","","","","","","","","03","  ","","",""
"1513","1","0","0","0","0","0","0","0","0","4","0","","36","09","2018","2018095406","3","39.9911","-76.2603","1509","08","0","0","0","0","0","0","0","0","3","0","0","0","15","1","1","02","2","39 59:28.076","7","00","76 15:37.017","8","0","0","0","36240","0","0","0","N","0","0","0","3","36240","0","","1","01","N","N","0","","0","0","1","3","3","Y","1507","1","2","0","0","0","1","0","1","0","2","N","","","","","","","","","","","","03","  ","","",""
"2122","1","0","0","0","0","0","0","0","0","7","0","","36","09","2018","2018095552","5","40.1804","-76.1131","2117","08","0","1","0","0","0","0","0","0","","0","0","0","21","2","1","00","0","40 10:49.293","","00","76 06:47.035","3","0","0","0","36210","0","0","0","N","0","0","0","1","36210","0","","5","01","N","N","0","","1","0","0","0","0","","2112","1","1","0","0","0","0","0","1","0","1","N","","","","","","","","","","","","03","  ","","",""
"0641","2","0","0","0","0","0","0","0","0","4","0","","36","09","2018","2018095570","5","40.0522","-76.3084","0641","08","0","0","0","0","0","1","0","0","2","0","0","0","06","5","0","01","1","40 03:07.752","1","00","76 18:30.128","0","0","0","0","36301","0","0","0","N","0","0","0","2","36301","0","","1","01","N","N","0","","0","0","0","3","2","N","0640","0","2","0","0","0","0","0","3","0","2","N","","","","","","","","","","","","03","  ","","",""
"0751","1","0","0","0","0","0","0","0","0","1","0","","36","09","2018","2018095591","5","40.041","-76.4806","0746","08","0","0","0","0","0","1","0","0","","0","0","0","07","1","1","00","0","40 02:27.606","","00","76 28:50.197","8","0","0","0","36239","0","0","0","N","0","0","0","2","36239","0","","1","01","N","N","0","","0","0","1","0","0","","0746","1","2","0","0","0","1","0","3","0","2","N","","","","","","","","","","","","03","  ","","",""
"1556","2","0","0","0","0","0","0","0","0","4","0","","36","09","2018","2018095623","5","40.0606","-76.2768","1549","08","0","0","0","0","1","0","0","0","1","0","0","0","15","1","2","01","2","40 03:38.263","3","02","76 16:36.564","4","0","0","0","36101","0","0","0","N","0","0","0","2","36101","2","","1","01","N","N","0","","0","0","0","3","2","Y","1545","2","2","0","0","0","0","0","3","0","2","N","","","","","","","","","","","","03","  ","","",""
"1408","2","0","0","0","0","0","0","0","0","1","0","","36","09","2018","2018095624","6","40.0698","-76.3168","1357","08","0","0","0","0","0","0","0","0","","0","0","0","13","1","1","00","0","40 04:11.432","","00","76 19:00.530","4","0","0","0","36101","0","0","0","N","0","0","0","2","36101","1","","1","01","N","N","0","","0","0","0","3","2","","1352","1","2","0","0","0","0","0","3","0","2","N","","","","","","","","","","","","03","  ","","",""
"2028","3","0","0","0","0","0","0","0","0","2","0","","36","09","2018","2018095625","1","40.0731","-76.3083","2026","08","0","0","1","0","0","1","0","0","2","0","0","0","20","3","3","01","1","40 04:23.119","2","00","76 18:29.940","3","0","0","0","36101","0","0","0","N","0","0","0","8","36101","1","","1","09","N","N","0","","2","0","0","0","0","N","2025","3","3","0","0","0","0","0","3","0","3","N","","","","","","","","","","","","07","  ","","",""
"1057","1","0","0","0","0","0","0","0","0","4","0","","36","09","2018","2018095626","4","40.0632","-76.3575","1057","08","0","0","0","0","0","1","0","0","2","0","0","0","10","1","0","00","1","40 03:47.678","6","07","76 21:26.881","0","0","0","0","36214","0","0","0","N","0","0","0","2","36214","0","","1","01","N","N","1","","0","0","0","3","3","N","1055","0","2","0","0","0","0","0","3","0","2","N","","","","","","","","","","","","03","  ","","",""
"1657","1","0","0","0","0","0","0","0","0","4","0","","36","09","2018","2018095627","2","40.0881","-76.1806","1647","08","0","0","0","0","0","1","0","0","1","0","0","0","16","1","1","00","1","40 05:17.086","2","00","76 10:50.158","3","0","0","0","36234","0","0","0","N","0","0","0","2","36215","0","","1","09","N","N","1","","1","0","0","0","0","N","1636","1","2","0","0","0","0","0","1","0","2","N","","","","","","","","","","","","07","  ","","",""
"0653","1","0","0","0","0","0","0","0","0","7","0","","36","09","2018","2018095628","2","40.1545","-76.3136","0650","08","0","0","0","0","0","0","0","0","1","0","0","0","06","5","0","02","1","40 09:16.337","6","00","76 18:48.898","0","0","0","0","36409","0","0","0","N","0","0","0","1","36409","0","","2","09","N","N","0","","0","0","0","3","3","N","0648","0","1","0","0","0","0","0","3","0","1","N","","","","","","","","","","","","07","  ","","",""
"1204","1","0","0","0","0","0","0","0","0","0","0","","36","09","2018","2018095674","1","40.1514","-76.6013","1200","08","0","0","0","0","0","1","0","0","2","0","0","0","12","1","0","00","1","40 09:04.879","2","00","76 36:04.661","0","0","0","0","36407","0","0","0","N","0","0","0","1","36407","0","","1","09","N","N","0","","0","0","0","0","0","Y","1200","0","1","0","0","0","0","0","2","0","1","N","","","","","","","","","","","","07","  ","","",""
"0743","1","0","0","0","0","0","0","0","0","7","0","","36","09","2018","2018095682","4","40.1411","-76.5588","0737","08","0","0","1","0","0","0","0","0","","0","0","0","07","1","0","00","0","40 08:27.823","","00","76 33:31.608","0","0","0","0","36225","0","0","0","Y","0","0","0","1","36505","0","","2","01","N","N","0","","0","0","0","0","0","","0737","0","1","0","0","0","0","0","2","0","1","N","","","","","","","","","","","","03","  ","","",""
"1653","1","0","0","0","0","0","0","0","0","4","0","","36","09","2018","2018095694","4","40.0316","-76.3045","1640","08","0","1","0","0","0","0","0","0","1","0","0","0","16","1","0","08","1","40 01:53.623","1","00","76 18:16.192","0","0","0","0","36301","0","0","0","N","0","0","0","2","36301","0","","1","01","N","N","1","","0","0","0","3","3","N","1638","0","2","0","0","0","0","0","3","0","2","N","","","","","","","","","","","","03","  ","","",""
"1852","1","0","0","0","0","0","0","0","0","7","0","","36","09","2018","2018095759","7","40.1602","-76.203","1848","08","0","0","0","0","0","0","0","0","2","0","0","0","18","3","0","00","1","40 09:36.546","2","00","76 12:10.892","0","0","0","0","36402","0","0","0","N","0","0","0","1","36402","0","","4","01","N","N","0","","0","0","0","0","0","Y","1845","0","1","0","0","0","0","0","2","0","1","N","","","","","","","","","","","","03","  ","","",""
"1826","1","0","0","0","0","0","0","0","0","4","0","","36","08","2018","2018095772","6","40.1072","-76.5326","1820","08","0","0","0","0","1","0","1","0","2","0","0","0","18","1","0","02","1","40 06:25.967","6","00","76 31:57.315","0","0","0","0","36211","0","0","0","N","0","0","0","3","36504","0","","1","09","N","N","0","","0","0","1","3","3","Y","1818","0","2","0","0","1","0","0","1","0","2","N","","","","","","","","","","","","07","  ","","",""
"1726","1","0","0","0","0","0","0","0","0","4","0","","36","09","2018","2018095847","4","40.0788","-76.3373","1714","08","0","0","0","0","0","0","0","0","2","0","0","0","17","1","1","00","1","40 04:43.610","4","00","76 20:14.270","4","0","0","0","36101","0","0","0","N","0","0","0","2","36101","1","","1","01","N","N","0","","0","0","1","0","0","N","1710","1","2","0","0","0","0","0","3","0","2","N","","","","","","","","","","","","03","  ","","",""
"1703","1","0","0","0","0","0","0","0","0","1","0","","36","08","2018","2018095850","2","40.0578","-76.273","1652","08","0","0","1","0","0","0","0","0","","0","0","0","16","1","0","00","0","40 03:28.213","","00","76 16:22.771","0","0","0","0","36101","0","0","0","N","0","0","0","2","36215","0","","1","01","N","N","0","","0","0","1","0","0","","1647","0","2","0","0","0","0","0","3","0","2","N","","","","","","","","","","","","03","  ","","",""
"2212","1","0","1","0","0","0","0","0","0","4","0","","36","09","2018","2018095854","4","40.0395","-76.2083","2210","08","0","0","0","0","0","0","0","2","2","0","0","0","22","2","1","02","2","40 02:22.332","7","00","76 12:29.802","2","0","0","0","36215","0","0","0","N","0","0","0","3","36215","0","","1","01","N","N","1","","0","1","0","3","2","Y","2208","1","2","0","0","0","0","0","1","0","2","N","","","","","","","","","","","","03","  ","","",""
"2155","2","0","0","0","0","0","0","0","0","4","0","","36","09","2018","2018095980","7","40.1174","-76.534","2146","08","0","0","0","2","0","0","0","0","","0","0","0","21","3","0","00","0","40 07:02.604","","00","76 32:02.261","0","0","0","0","36225","0","0","0","N","0","0","0","2","36505","0","","1","09","N","N","0","","0","0","0","0","0","N","2146","0","2","0","0","0","0","0","2","0","2","N","","","","","","","","","","","","07","  ","","",""
"0114","1","0","0","0","0","0","0","0","0","7","0","","36","09","2018","2018095985","1","","","0110","08","0","0","0","0","1","0","0","0","","0","0","0","01","2","0","00","0","","","00","","0","0","0","0","36225","0","0","0","Y","0","0","0","1","36505","0","","4","09","N","N","0","","0","0","0","0","0","N","0110","0","1","0","0","0","0","0","2","0","1","N","","","","","","","","","","","","07","  ","","",""
"0403","0","0","0","0","0","0","0","0","0","7","0","","36","09","2018","2018096051","2","40.1959","-76.1686","0358","08","0","0","0","0","0","0","0","0","","0","0","0","03","2","0","03","0","40 11:45.181","","00","76 10:07.078","0","0","0","0","36218","0","0","0","N","0","0","0","1","36408","0","","5","09","N","N","0","","0","0","1","0","0","","0358","0","1","0","0","0","0","0","1","0","1","N","","","","","","","","","","","","07","  ","","",""
"0648","2","0","0","0","0","0","0","0","0","1","0","","36","09","2018","2018096076","5","40.0695","-76.3077","0641","08","0","0","0","0","0","0","0","0","2","0","0","0","06","5","0","00","1","40 04:10.103","1","00","76 18:27.569","0","0","0","0","36101","0","0","0","N","0","0","0","2","36101","0","","1","01","N","N","0","","0","0","0","3","4","N","0639","0","2","0","0","0","0","0","3","0","2","N","","","","","","","","","","","","03","  ","","",""
"1716","1","0","0","0","0","0","0","0","0","4","0","","36","09","2018","2018096139","3","40.1478","-76.0462","1712","08","0","1","0","0","0","0","1","0","","0","0","0","17","1","0","01","0","40 08:52.092","","00","76 02:46.167","0","0","0","0","36213","0","0","0","N","0","0","0","2","36213","0","","1","09","N","N","0","","0","0","0","3","3","N","1707","0","2","0","0","0","0","0","1","1","2","N","","","","","","","","","","","","03","  ","","",""
"0828","0","0","0","0","0","0","0","0","0","1","1","","36","09","2018","2018096276","2","40.0825","-76.2752","0824","08","0","0","0","0","0","0","0","1","1","0","1","0","08","1","0","00","1","40 04:56.839","2","00","76 16:30.890","0","0","0","0","36101","0","0","0","N","0","0","0","3","36101","0","","1","09","N","N","0","","0","0","2","0","0","N","0820","0","3","0","0","0","0","0","3","0","3","N","","","","","","","","","","","","07","  ","","",""
"0954","1","0","0","0","0","0","0","0","0","4","0","","36","09","2018","2018096277","2","40.0144","-76.3267","0946","08","0","0","0","0","0","1","0","0","2","0","0","0","09","1","1","02","2","40 00:51.749","1","00","76 19:36.106","8","0","0","0","36220","0","0","0","N","0","0","0","3","36101","0","","1","09","N","N","0","","0","0","1","3","3","N","0943","1","2","0","0","1","1","0","3","0","2","N","","","","","","","","","","","","07","  ","","",""