"ARRIVAL_TM","AUTOMOBILE_COUNT","BELTED_DEATH_COUNT","BELTED_SUSP_SERIOUS_INJ_COUNT","BICYCLE_COUNT","BICYCLE_DEATH_COUNT","BICYCLE_SUSP_SERIOUS_INJ_COUNT","BUS_COUNT","CHLDPAS_DEATH_COUNT","CHLDPAS_SUSP_SERIOUS_INJ_COUNT","COLLISION_TYPE","COMM_VEH_COUNT","CONS_ZONE_SPD_LIM","COUNTY","CRASH_MONTH","CRASH_YEAR","CRN","DAY_OF_WEEK","DEC_LAT","DEC_LONG","DISPATCH_TM","DISTRICT","DRIVER_COUNT_16YR","DRIVER_COUNT_17YR","DRIVER_COUNT_18YR","DRIVER_COUNT_19YR","DRIVER_COUNT_20YR","DRIVER_COUNT_50_64YR","DRIVER_COUNT_65_74YR","DRIVER_COUNT_75PLUS","EST_HRS_CLOSED","FATAL_COUNT","HEAVY_TRUCK_COUNT","HORSE_BUGGY_COUNT","HOUR_OF_DAY","ILLUMINATION","INJURY_COUNT","INTERSECT_TYPE","LANE_CLOSED","LATITUDE","LN_CLOSE_DIR","LOCATION_TYPE","LONGITUDE","MAX_SEVERITY_LEVEL","MCYCLE_DEATH_COUNT","MCYCLE_SUSP_SERIOUS_INJ_COUNT","MOTORCYCLE_COUNT","MUNICIPALITY","NONMOTR_COUNT","NONMOTR_DEATH_COUNT","NONMOTR_SUSP_SERIOUS_INJ_COUNT","NTFY_HIWY_MAINT","PED_COUNT","PED_DEATH_COUNT","PED_SUSP_SERIOUS_INJ_COUNT","PERSON_COUNT","POLICE_AGCY","POSSIBLE_INJ_COUNT","RDWY_SURF_TYPE_CD","RELATION_TO_ROAD","ROAD_CONDITION","SCH_BUS_IND","SCH_ZONE_IND","SMALL_TRUCK_COUNT","SPEC_JURIS_CD","SUSP_MINOR_INJ_COUNT","SUSP_SERIOUS_INJ_COUNT","SUV_COUNT","TCD_FUNC_CD","TCD_TYPE","TFC_DETOUR_IND","TIME_OF_DAY","TOT_INJ_COUNT","TOTAL_UNITS","UNB_DEATH_COUNT","UNB_SUSP_SERIOUS_INJ_COUNT","UNBELTED_OCC_COUNT","UNK_INJ_DEG_COUNT","UNK_INJ_PER_COUNT","URBAN_RURAL","VAN_COUNT","VEHICLE_COUNT","WORK_ZONE_IND","WORK_ZONE_LOC","WORK_ZONE_TYPE","WORKERS_PRES","WZ_CLOSE_DETOUR","WZ_FLAGGER","WZ_LAW_OFFCR_IND","WZ_LN_CLOSURE","WZ_MOVING","WZ_OTHER","WZ_SHLDER_MDN","ROADWAY_CLEARED","WEATHER1","WEATHER2","WZ_WORKERS_INJ_KILLED","SECONDARY_CRASH","INTERSECTION_RELATED"
"1535","2","0","0","0","0","0","0","0","0","1","0","","36","09","2018","2018096278","2","40.0341","-76.3246","1532","08","0","0","0","0","0","0","0","0","","0","0","0","15","1","0","02","0","40 02:02.670","","00","76 19:28.624","0","0","0","0","36220","0","0","0","N","0","0","0","2","36101","0","","1","09","N","Y","0","","0","0","0","0","0","","1519","0","2","0","0","0","0","0","3","0","2","N","","","","","","","","","","","","07","  ","","",""
"1243","1","0","0","0","0","0","0","0","0","7","0","","36","09","2018","2018096279","3","40.0669","-76.2827","1240","08","0","0","0","0","0","0","0","1","1","0","0","0","12","1","1","00","1","40 04:00.750","6","00","76 16:57.570","3","0","0","0","36101","0","0","0","N","0","0","0","1","36101","0","","4","01","N","N","0","","1","0","1","0","0","N","1237","1","2","0","0","0","0","0","3","0","2","N","","","","","","","","","","","","03","  ","","",""
"0330","1","0","0","0","0","0","0","0","0","7","0","","36","09","2018","2018096280","5","40.0814","-76.3402","0322","08","0","0","0","0","0","0","0","0","","0","0","0","02","3","0","02","0","40 04:53.203","","00","76 20:24.568","0","0","0","0","36101","0","0","0","N","0","0","0","1","36101","0","","4","01","N","N","0","","0","0","0","3","2","","0200","0","1","0","0","0","0","0","3","0","1","N","","","","","","","","","","","","03","  ","","",""
"1422","1","0","0","0","0","0","0","0","0","4","0","","36","08","2018","2018096281","6","40.0308","-76.2364","1422","08","0","0","0","0","0","0","0","0","2","0","0","0","14","1","2","00","2","40 01:50.739","3","06","76 14:11.032","2","0","0","0","36215","0","0","0","N","0","0","0","3","36215","1","","1","01","N","N","0","","0","1","0","3","3","N","1421","2","2","0","1","1","0","0","1","1","2","N","","","","","","","","","","","","03","  ","","",""
"1942","2","0","0","0","0","0","0","0","0","7","0","","36","08","2018","2018096282","4","40.0205","-76.1829","1933","08","0","0","0","0","0","0","0","0","","0","0","0","19","1","0","00","0","40 01:13.829","","00","76 10:58.369","0","0","0","0","36215","0","0","0","N","0","0","0","1","36215","0","","5","01","N","N","0","","0","0","0","0","0","","1932","0","2","0","0","0","0","0","1","0","2","N","","","","","","","","","","","","03","  ","","",""
"0552","0","0","0","0","0","0","0","0","0","4","0","","36","09","2018","2018096283","6","40.0403","-76.245","0548","08","0","0","0","0","0","1","0","0","","0","0","0","05","5","0","02","0","40 02:25.231","","00","76 14:41.992","0","0","0","0","36215","0","0","0","N","0","0","0","2","36215","0","","1","09","N","N","1","","0","0","1","0","0","","0545","0","2","0","0","0","0","0","1","0","2","N","","","","","","","","","","","","07","  ","","",""
"1302","0","0","0","0","0","0","0","0","0","7","0","","36","08","2018","2018096387","7","39.9835","-76.1282","1255","08","0","0","0","0","0","1","0","0","","0","0","0","12","1","1","00","0","39 59:00.645","","00","76 07:41.540","4","0","0","1","36226","0","0","0","N","0","0","0","1","68J01","1","","4","01","N","N","0","","0","0","0","0","0","","1253","1","1","0","0","0","0","0","1","0","1","N","","","","","","","","","","","","03","  ","","",""
"2208","1","0","0","0","0","0","0","0","0","7","0","","36","09","2018","2018096434","6","40.1422","-76.5547","2159","08","0","0","0","0","0","0","0","0","","0","0","0","21","2","0","00","0","40 08:31.984","","02","76 33:16.823","9","0","0","0","36225","0","0","0","Y","0","0","0","1","36505","0","","2","01","N","N","0","","0","0","0","0","0","","2150","0","1","0","0","0","0","1","2","0","1","N","","","","","","","","","","","","03","  ","","",""
"1600","3","0","0","0","0","0","0","0","0","1","0","","36","09","2018","2018096541","6","40.1381","-76.5852","1555","08","0","0","0","0","0","3","0","0","1","0","0","0","15","1","0","00","1","40 08:17.343","6","07","76 35:06.694","0","0","0","0","36225","0","0","0","N","0","0","0","3","36505","0","","1","01","N","N","0","","0","0","0","3","2","N","1555","0","3","0","0","0","0","0","2","0","3","N","","","","","","","","","","","","03","  ","","",""
"1923","1","0","0","0","0","0","0","0","0","4","0","","36","09","2018","2018096571","1","40.0569","-76.3112","1918","08","1","0","0","0","0","1","0","0","1","0","0","0","19","3","2","01","1","40 03:24.706","1","00","76 18:40.172","3","0","0","0","36101","0","0","0","N","0","0","0","4","36101","0","","1","09","N","N","0","","2","0","1","3","2","N","1916","2","2","0","0","0","0","0","3","0","2","N","","","","","","","","","","","","07","  ","","",""
"1938","1","0","0","0","0","0","0","0","0","7","0","","36","09","2018","2018096572","2","40.0544","-76.2789","1930","08","0","0","0","0","0","0","0","0","1","0","0","0","19","2","0","00","1","40 03:15.740","1","00","76 16:44.020","0","0","0","0","36101","0","0","0","N","0","0","0","1","36101","0","","5","09","N","N","0","","0","0","0","0","0","N","1926","0","1","0","0","0","0","0","3","0","1","N","","","","","","","","","","","","07","  ","","",""
"1253","0","0","0","0","0","0","0","0","0","0","1","","36","09","2018","2018096573","6","40.1046","-76.4325","1248","08","0","0","0","0","0","0","1","0","3","0","1","0","12","1","0","01","2","40 06:16.701","5","00","76 25:56.856","0","0","0","0","36214","0","0","0","N","0","0","0","1","36214","0","","4","01","N","N","0","","0","0","0","0","0","Y","1245","0","1","0","0","0","0","0","3","0","1","N","","","","","","","","","","","","03","  ","","",""
"2222","1","0","0","0","0","0","0","0","0","4","0","","36","09","2018","2018096621","7","40.0296","-76.3231","2216","08","0","1","0","0","1","0","0","0","1","0","0","0","21","3","0","01","1","40 01:46.727","3","00","76 19:23.150","0","0","0","0","36301","0","0","0","N","0","0","0","2","36301","0","","1","01","N","N","0","","0","0","1","3","2","Y","2153","0","2","0","0","0","0","0","3","0","2","N","","","","","","","","","","","","03","  ","","",""
"1225","1","0","0","0","0","0","0","0","0","7","0","","36","09","2018","2018096630","1","40.2282","-76.3638","1207","08","0","0","0","0","0","0","0","0","","0","0","0","12","1","1","00","0","40 13:41.692","","00","76 21:49.585","3","0","0","0","36227","0","0","0","N","0","0","0","1","68T06","0","","4","09","N","N","0","","1","0","0","0","0","","1202","1","1","0","0","0","0","0","1","0","1","N","","","","","","","","","","","","07","  ","","",""
"2054","1","0","0","0","0","0","0","0","0","8","0","","36","09","2018","2018096665","3","40.0636","-76.3067","2053","08","0","0","0","0","0","0","0","0","1","0","0","0","20","3","1","00","1","40 03:48.886","1","00","76 18:23.981","3","0","0","0","36101","1","0","0","N","1","0","0","2","36101","0","","1","09","N","N","0","","1","0","0","0","0","N","2052","1","2","0","0","0","0","0","3","0","1","N","","","","","","","","","","","","07","  ","","",""
"1730","2","0","0","0","0","0","0","0","0","1","0","","36","09","2018","2018096666","6","40.0705","-76.3177","1729","08","0","0","0","1","1","0","0","0","","0","0","0","17","1","1","00","0","40 04:13.925","","00","76 19:03.590","3","0","0","0","36101","0","0","0","N","0","0","0","3","36101","0","","1","01","N","N","0","","1","0","1","0","0","","1729","1","3","0","0","0","0","0","3","0","3","N","","","","","","","","","","","","03","  ","","",""
"1803","1","0","0","0","0","0","0","0","0","4","0","","36","09","2018","2018096708","7","40.0435","-76.298","1758","08","0","0","0","0","0","1","0","0","","0","0","0","17","1","0","03","0","40 02:36.501","","00","76 17:52.632","0","0","0","0","36301","0","0","0","N","0","0","0","4","36301","0","","1","01","N","N","0","","0","0","0","3","8","","1743","0","2","0","0","0","0","0","3","1","2","N","","","","","","","","","","","","03","  ","","",""
"1255","2","0","0","0","0","0","0","0","0","4","0","","36","09","2018","2018096725","7","39.975","-76.2719","1249","08","0","0","0","0","0","0","1","0","","0","0","0","12","1","0","01","0","39 58:29.964","","00","76 16:18.911","0","0","0","0","36240","0","0","0","N","0","0","0","2","36240","0","","1","01","N","N","0","","0","0","0","3","3","","1242","0","2","0","0","0","0","0","1","0","2","N","","","","","","","","","","","","03","  ","","",""
"1111","0","0","0","0","0","0","0","0","0","4","0","","36","09","2018","2018096782","7","40.0475","-76.4837","1105","08","0","0","0","0","0","0","1","0","1","0","0","0","11","1","2","01","2","40 02:51.172","6","00","76 29:01.226","3","0","0","0","36239","0","0","0","N","0","0","0","2","36239","0","","1","01","N","N","1","","1","0","0","3","3","N","1103","2","2","0","0","0","1","0","3","1","2","N","","","","","","","","","","","","03","  ","","",""
"0958","0","0","0","0","0","0","0","0","0","1","0","","36","09","2018","2018096795","1","40.2045","-76.2132","0955","08","0","0","0","0","0","1","1","0","2","0","0","0","09","1","1","01","1","40 12:16.281","4","00","76 12:47.395","8","0","0","1","36204","0","0","0","N","0","0","0","4","36506","0","","1","01","N","N","0","","0","0","1","0","0","Y","0953","1","3","0","0","0","1","0","1","1","3","N","","","","","","","","","","","","03","  ","","",""
"2345","1","0","0","0","0","0","0","0","0","7","0","","36","09","2018","2018096821","5","40.2036","-76.1191","2342","08","0","0","0","0","1","0","0","0","","0","0","0","23","2","1","00","0","40 12:12.806","","00","76 07:08.740","8","0","0","0","36210","0","0","0","Y","0","0","0","1","36210","0","","5","01","N","N","0","","0","0","0","0","0","","2339","1","1","0","0","0","1","0","1","0","1","N","","","","","","","","","","","","03","  ","","",""
"1545","2","0","0","0","0","0","0","0","0","1","0","","36","08","2018","2018096822","2","40.0415","-76.3251","1536","08","0","0","0","0","0","0","0","0","","0","0","0","15","1","0","02","0","40 02:29.319","","00","76 19:30.533","0","0","0","0","36211","0","0","0","N","0","0","0","3","36504","0","","1","01","N","N","0","","0","0","0","0","0","","1536","0","2","0","0","0","0","0","1","0","2","N","","","","","","","","","","","","03","  ","","",""
"1947","2","0","0","0","0","0","0","0","0","1","0","","36","09","2018","2018096834","7","40.0291","-76.31","1926","08","0","0","0","0","0","0","0","0","2","0","0","0","19","3","0","00","1","40 01:44.667","3","00","76 18:36.054","0","0","0","0","36301","0","0","0","N","0","0","0","1","36301","0","","6","01","N","N","0","","0","0","0","0","0","N","1926","0","2","0","0","0","0","0","3","0","2","N","","","","","","","","","","","","03","  ","","",""
"0437","1","0","0","0","0","0","0","0","0","1","0","","36","09","2018","2018096849","1","40.1713","-76.1704","0437","08","0","0","0","0","0","0","0","0","2","0","0","0","04","3","1","00","2","40 10:16.702","4","00","76 10:13.332","3","0","0","0","36408","0","0","0","N","0","0","0","1","36408","0","","4","01","N","N","0","","1","0","1","0","0","N","0435","1","2","0","0","0","0","0","2","0","2","N","","","","","","","","","","","","03","  ","","",""
"0723","2","0","0","0","0","0","0","0","0","1","0","","36","09","2018","2018096928","5","40.0371","-76.5157","0715","08","0","0","0","0","0","0","0","0","","0","0","0","07","1","0","00","0","40 02:13.527","","03","76 30:56.548","0","0","0","0","36239","0","0","0","N","0","0","0","2","36239","0","","1","01","N","N","0","","0","0","0","0","0","","0715","0","2","0","0","1","0","0","3","0","2","N","","","","","","","","","","","","03","  ","","",""
"1554","2","0","0","0","0","0","0","0","0","6","0","","36","09","2018","2018096931","1","40.1606","-76.271","1551","08","0","0","0","0","0","0","0","0","","0","0","0","15","1","2","00","0","40 09:38.334","","00","76 16:15.742","3","0","0","0","36235","0","0","0","N","0","0","0","3","36506","0","","1","01","N","N","0","","1","0","0","0","0","","1551","2","2","0","0","0","1","0","1","0","2","N","","","","","","","","","","","","03","  ","","",""
"1459","1","0","0","0","0","0","0","0","0","7","0","","36","09","2018","2018096947","1","40.021","-76.3026","1452","08","0","0","1","0","0","0","0","0","2","0","0","0","14","1","0","00","1","40 01:15.766","1","03","76 18:09.267","0","0","0","0","36220","0","0","0","N","0","0","0","1","36101","0","","4","01","N","N","0","","0","0","0","0","0","N","1450","0","1","0","0","0","0","0","3","0","1","N","","","","","","","","","","","","03","  ","","",""
"1603","2","0","0","0","0","0","0","0","0","4","0","","36","09","2018","2018096948","5","40.088","-76.329","1600","08","0","0","0","0","0","1","1","0","1","0","0","0","15","1","1","01","1","40 05:16.970","1","00","76 19:44.246","3","0","0","0","36101","0","0","0","N","0","0","0","3","36101","0","","1","01","N","N","0","","1","0","0","3","2","N","1559","1","2","0","0","0","0","0","3","0","2","N","","","","","","","","","","","","03","  ","","",""
"2228","1","0","0","0","0","0","0","0","0","4","0","","36","09","2018","2018096949","7","40.0685","-76.3074","2226","08","0","0","0","0","0","0","1","0","2","0","0","0","22","3","1","01","2","40 04:06.527","1","00","76 18:26.750","3","0","0","1","36101","0","0","0","N","0","0","0","2","36101","0","","1","01","N","N","0","","1","0","0","3","2","Y","2225","1","2","0","0","0","0","0","3","0","2","N","","","","","","","","","","","","03","  ","","",""
"1431","0","0","0","0","0","0","0","0","0","1","0","","36","09","2018","2018096950","3","40.0602","-76.3598","1431","08","0","0","0","0","0","1","0","0","","0","0","0","14","1","1","01","0","40 03:36.891","","00","76 21:35.445","3","0","0","0","36214","0","0","0","N","0","0","0","2","36214","0","","1","01","N","N","0","","1","0","2","3","2","","1430","1","2","0","0","0","0","0","3","0","2","N","","","","","","","","","","","","03","  ","","",""
"0257","1","0","0","0","0","0","0","0","0","7","0","","36","09","2018","2018097047","7","40.039","-76.0681","0245","08","0","0","0","0","0","0","0","0","1","0","0","0","02","2","1","00","2","40 02:20.544","6","00","76 04:05.321","3","0","0","0","36221","0","0","0","N","0","0","0","1","68J01","0","","2","09","N","N","0","","1","0","0","0","0","N","0245","1","1","0","0","1","0","0","1","0","1","N","","","","","","","","","","","","07","  ","","",""
"1351","0","0","0","0","0","0","0","0","0","8","0","","36","09","2018","2018097049","7","40.201","-76.0173","1337","08","0","0","0","0","0","1","0","0","","0","0","0","13","1","1","01","0","40 12:03.549","","00","76 01:02.353","3","0","0","0","36202","1","0","0","N","1","0","0","2","68J01","0","","2","01","N","N","1","","1","0","0","0","0","","1334","1","2","0","0","0","0","0","1","0","1","N","","","","","","","","","","","","03","  ","","",""
"1419","0","0","0","0","0","0","0","0","0","5","0","","36","09","2018","2018097050","7","39.9444","-76.0893","1404","08","0","0","0","0","0","0","1","0","2","0","0","0","14","1","1","00","2","39 56:39.961","5","00","76 05:21.538","3","0","0","0","36201","1","0","0","N","0","0","0","2","68J01","0","","1","01","N","N","1","","1","0","0","0","0","Y","1400","1","2","0","0","0","0","0","1","0","1","N","","","","","","","","","","","","03","  ","","",""
"0058","1","0","0","0","0","0","0","0","0","7","0","","36","09","2018","2018097054","1","40.0151","-75.9607","0037","08","0","0","0","0","0","0","0","0","","0","0","0","00","2","1","01","0","40 00:54.450","","00","75 57:38.462","3","0","0","0","36232","0","0","0","N","0","0","0","1","68J01","0","","4","09","N","N","0","","1","0","0","3","3","","0031","1","1","0","0","0","0","0","1","0","1","N","","","","","","","","","","","","07","  ","","",""
"0606","1","0","0","0","0","0","0","0","0","7","0","","36","09","2018","2018097055","1","39.7664","-76.1526","0530","08","0","0","0","0","0","0","0","0","","0","0","0","05","2","0","00","0","39 45:59.100","","00","76 09:09.400","0","0","0","0","36219","0","0","0","N","0","0","0","1","68J01","0","","4","08","N","N","0","","0","0","0","0","0","","0529","0","1","0","0","0","0","0","1","0","1","N","","","","","","","","","","","","07","  ","","",""
"1442","2","0","0","0","0","0","0","0","0","2","0","","36","09","2018","2018097057","1","39.9631","-75.9974","1415","08","0","0","0","0","0","1","0","0","","0","0","0","14","1","0","01","0","39 57:47.302","","00","75 59:50.526","0","0","0","0","36231","0","0","0","N","0","0","0","2","68J01","0","","1","09","N","N","0","","0","0","0","3","2","","1410","0","2","0","0","0","0","0","1","0","2","N","","","","","","","","","","","","07","  ","","",""
"1550","0","0","0","0","0","0","0","0","0","7","0","","36","09","2018","2018097059","1","39.9786","-76.0023","1550","08","0","0","0","0","0","0","0","0","3","0","0","0","15","1","0","00","2","39 58:43.126","6","00","76 00:08.276","0","0","0","0","36231","0","0","0","N","0","0","0","2","68J01","0","","4","09","N","N","0","","0","0","1","0","0","N","1529","0","1","0","0","0","0","0","1","0","1","N","","","","","","","","","","","","07","  ","","",""
"2214","0","0","0","0","0","0","0","0","0","7","0","","36","09","2018","2018097063","1","39.7977","-76.0913","2210","08","0","1","0","0","0","0","0","0","3","0","0","0","22","2","2","00","2","39 47:51.880","7","00","76 05:28.700","3","0","0","0","36222","0","0","0","N","0","0","0","2","68J01","0","","4","09","N","N","1","","1","0","0","0","0","Y","2204","2","1","0","0","0","1","0","1","0","1","N","","","","","","","","","","","","07","  ","","",""
"2354","1","0","0","0","0","0","0","0","0","7","0","","36","09","2018","2018097064","1","40.0383","-76.048","2342","08","0","0","0","0","0","1","0","0","","0","0","0","23","2","0","00","0","40 02:17.961","","00","76 02:52.709","0","0","0","0","36232","0","0","0","N","0","0","0","1","68J01","0","","4","08","N","N","0","","0","0","0","0","0","","2340","0","1","0","0","0","0","0","1","0","1","N","","","","","","","","","","","","07","  ","","",""
"0920","0","0","0","0","0","0","0","0","0","7","0","","36","09","2018","2018097065","2","39.9709","-76.0396","0857","08","0","0","1","0","0","0","0","0","","0","0","0","08","1","0","00","0","39 58:15.390","","00","76 02:22.450","0","0","0","0","36231","0","0","0","N","0","0","0","1","68J01","0","","4","09","N","N","1","","0","0","0","0","0","","0855","0","1","0","0","1","0","0","1","0","1","N","","","","","","","","","","","","07","  ","","",""
"1406","0","0","0","0","0","0","0","0","0","7","0","","36","09","2018","2018097067","3","40.2498","-76.3061","1349","08","0","0","0","0","0","0","0","1","","0","0","0","13","1","0","00","0","40 14:59.420","","00","76 18:21.844","0","0","0","0","36217","0","0","0","N","0","0","0","1","68J01","0","","4","01","N","N","1","","0","0","0","0","0","","1345","0","1","0","0","0","0","0","1","0","1","N","","","","","","","","","","","","03","  ","","",""
"1458","0","0","0","0","0","0","0","0","0","7","0","","36","09","2018","2018097072","4","39.8912","-76.1825","1442","08","0","0","0","1","0","0","0","0","1","0","0","0","14","1","1","00","1","39 53:28.199","6","00","76 10:57.107","2","0","0","0","36212","0","0","0","N","0","0","0","1","68J01","0","","4","09","N","N","1","","0","1","0","0","0","Y","1419","1","1","0","1","1","0","0","1","0","1","N","","","","","","","","","","","","03","  ","","",""
"2018","1","0","0","0","0","0","0","0","0","7","0","","36","09","2018","2018097073","4","39.9764","-76.1545","2000","08","0","0","1","0","0","0","0","0","2","0","0","0","19","2","1","00","2","39 58:35.000","5","00","76 09:16.134","3","0","0","0","36233","0","0","0","N","0","0","0","2","68J01","0","","4","09","N","N","0","","1","0","0","0","0","Y","1959","1","1","0","0","0","0","0","1","0","1","N","","","","","","","","","","","","03","  ","","",""
"1605","2","0","0","0","0","0","0","0","0","1","0","","36","09","2018","2018097077","5","39.9436","-76.2102","1543","08","0","0","0","0","0","1","0","0","","0","0","0","15","1","0","00","0","39 56:37.101","","00","76 12:36.703","0","0","0","0","36233","0","0","0","N","0","0","0","3","68J01","0","","1","01","N","N","0","","0","0","0","0","0","","1541","0","2","0","0","0","0","0","1","0","2","N","","","","","","","","","","","","03","  ","","",""
"1901","2","0","0","0","0","0","0","0","0","4","0","","36","09","2018","2018097079","5","40.0031","-76.1853","1901","08","1","1","0","0","0","0","0","0","2","0","0","0","19","4","0","00","1","40 00:11.186","1","00","76 11:07.018","0","0","0","0","36233","0","0","0","N","0","0","0","2","68J01","0","","1","01","N","N","0","","0","0","0","0","0","N","1900","0","2","0","0","0","0","0","1","0","2","N","","","","","","","","","","","","03","  ","","",""
"2001","2","0","0","0","0","0","0","0","0","4","0","","36","09","2018","2018097080","5","39.9756","-75.9939","1945","08","0","0","0","0","0","0","1","0","2","0","0","0","19","2","0","01","1","39 58:32.262","3","00","75 59:37.905","0","0","0","0","36231","0","0","0","N","0","0","0","4","68J01","0","","1","01","N","N","0","","0","0","0","3","3","Y","1941","0","2","0","0","0","0","0","1","0","2","N","","","","","","","","","","","","03","  ","","",""
"0510","0","0","0","0","0","0","0","0","0","7","0","","36","09","2018","2018097082","6","39.8952","-76.0195","0454","08","0","0","0","0","0","0","0","0","1","0","0","0","04","2","1","00","1","39 53:42.550","5","00","76 01:10.116","2","0","0","0","36231","0","0","0","Y","0","0","0","1","68J01","0","","4","01","N","N","0","","0","1","1","0","0","N","0449","1","1","0","1","1","0","0","1","0","1","N","","","","","","","","","","","","03","  ","","",""
"0944","0","0","0","0","0","0","0","0","0","7","0","","36","09","2018","2018097085","6","39.9832","-76.0174","0918","08","0","0","0","0","0","0","0","0","","0","0","0","09","1","0","00","0","39 58:59.621","","00","76 01:02.666","0","0","0","0","36232","0","0","0","N","0","0","0","1","68J01","0","","2","01","N","N","0","","0","0","1","0","0","","0916","0","1","0","0","0","0","0","1","0","1","N","","","","","","","","","","","","03","  ","","",""
"0240","2","0","0","0","0","0","0","0","0","8","1","","36","07","2018","2018097095","5","40.1831","-75.9941","0221","08","0","0","0","0","0","0","1","0","5","1","1","0","02","2","2","00","2","40 10:59.083","4","00","75 59:38.638","1","0","0","0","36202","3","1","0","N","1","1","0","4","68T06","0","2","1","01","N","N","0","0","1","0","0","0","0","Y","0221","2","4","0","0","1","1","0","1","0","3","N","","","","","","","","","","","","03","  ","","",""
"1939","0","0","0","0","0","0","0","0","0","7","0","","36","08","2018","2018097110","5","40.0584","-75.947","1925","08","0","0","0","0","0","0","1","0","","0","0","0","19","1","1","00","0","40 03:30.160","","00","75 56:49.070","2","0","1","1","36232","0","0","0","N","0","0","0","1","68J01","0","","4","01","N","N","0","","0","1","0","0","0","","1923","1","1","0","0","0","0","0","1","0","1","N","","","","","","","","","","","","03","  ","","",""
"2316","2","0","0","0","0","0","0","0","0","4","0","","36","09","2018","2018097219","7","40.0768","-76.3375","2315","08","0","0","0","1","0","0","0","0","1","0","0","0","23","3","2","01","1","40 04:36.094","1","00","76 20:14.644","3","0","0","0","36101","0","0","0","N","0","0","0","3","36101","0","","1","01","N","N","0","","2","0","0","3","2","N","2313","2","2","0","0","0","0","0","3","0","2","N","","","","","","","","","","","","03","  ","","",""
"1833","1","0","0","0","0","0","0","0","0","1","0","","36","09","2018","2018097220","4","40.0389","-76.3587","1821","08","0","0","0","0","0","1","0","0","2","0","0","0","18","1","0","00","1","40 02:19.882","4","00","76 21:31.491","0","0","0","0","36214","0","0","0","N","0","0","0","2","36214","0","","1","01","N","N","0","","0","0","1","3","2","N","1806","0","2","0","0","0","0","0","3","0","2","N","","","","","","","","","","","","03","  ","","",""
"1854","2","0","0","0","0","0","0","0","0","4","0","","36","09","2018","2018097221","5","40.1099","-76.4787","1852","08","0","0","1","0","0","0","0","0","","0","0","0","18","1","1","00","0","40 06:35.650","","00","76 28:43.310","4","0","0","0","36230","0","0","0","N","0","0","0","2","36410","1","","1","01","N","N","0","","0","0","0","3","3","","1851","1","2","0","0","0","0","0","1","0","2","N","","","","","","","","","","","","03","  ","","",""
"1615","0","0","0","0","0","0","0","0","0","0","0","","36","09","2018","2018097244","1","40.0309","-76.4566","1611","08","0","0","0","1","0","0","0","0","1","0","0","0","16","1","0","03","2","40 01:51.286","5","00","76 27:23.853","0","0","0","0","36239","0","0","0","Y","0","0","0","2","36239","0","","1","09","N","N","0","","0","0","1","0","0","N","1611","0","1","0","0","0","0","0","3","0","1","N","","","","","","","","","","","","07","  ","","",""
"1754","2","0","0","0","0","0","0","0","0","1","0","","36","09","2018","2018097292","2","40.0741","-76.5809","1748","08","0","0","0","1","0","0","0","0","","0","0","0","17","1","1","01","0","40 04:26.692","","00","76 34:51.315","8","0","0","0","36211","0","0","0","N","0","0","0","3","36504","0","","1","01","N","N","0","","0","0","0","0","0","","1746","1","2","0","0","0","1","0","1","0","2","N","","","","","","","","","","","","03","  ","","",""
"1250","0","0","0","0","0","0","0","0","0","4","0","","36","09","2018","2018097311","5","39.9824","-76.1678","1226","08","0","0","0","0","0","1","0","0","","0","0","0","12","1","0","01","0","39 58:56.556","","00","76 10:03.903","0","0","0","0","36233","0","0","0","N","0","0","0","2","68J01","0","","1","01","N","N","1","","0","0","1","3","2","","1225","0","2","0","0","1","0","0","1","0","2","N","","","","","","","","","","","","03","  ","","",""
"0900","0","0","0","0","0","0","0","0","0","4","0","","36","09","2018","2018097312","6","39.8414","-76.0932","0833","08","0","0","0","0","0","3","0","0","2","0","0","0","08","1","0","01","1","39 50:28.973","2","00","76 05:35.577","0","0","0","0","36205","0","0","0","N","0","0","0","3","68J01","0","","1","01","N","N","0","","0","0","2","3","3","N","0827","0","3","0","0","0","0","0","1","1","3","N","","","","","","","","","","","","03","  ","","",""
"1337","2","0","0","0","0","0","0","0","0","4","0","","36","09","2018","2018097315","6","39.9083","-76.185","1332","08","0","0","0","0","1","0","0","1","","0","0","0","13","1","0","00","0","39 54:30.031","","00","76 11:06.106","0","0","0","0","36229","0","0","0","N","0","0","0","3","68J01","0","","1","01","N","N","0","","0","0","0","0","0","","1328","0","2","0","0","0","0","0","1","0","2","N","","","","","","","","","","","","03","  ","","",""
"0843","0","0","0","0","0","0","0","0","0","7","0","","36","09","2018","2018097318","7","39.7991","-76.1852","0823","08","0","0","0","0","0","0","0","0","","0","0","0","08","1","3","00","0","39 47:56.615","","00","76 11:06.766","3","0","0","0","36219","0","0","0","N","0","0","0","3","68J01","0","","4","08","N","N","0","","3","0","1","0","0","","0809","3","1","0","0","0","0","0","1","0","1","N","","","","","","","","","","","","07","  ","","",""
"1548","0","0","0","0","0","0","0","0","0","1","0","","36","09","2018","2018097322","7","40.0386","-76.1734","1540","08","0","0","0","0","0","0","0","0","","0","0","0","15","1","0","01","0","40 02:18.836","","00","76 10:24.111","0","0","0","0","36221","0","0","0","N","0","0","0","2","68J01","0","","1","01","N","N","1","","0","0","1","3","2","","1535","0","2","0","0","0","0","0","1","0","2","N","","","","","","","","","","","","03","  ","","",""