"ARRIVAL_TM","AUTOMOBILE_COUNT","BELTED_DEATH_COUNT","BELTED_SUSP_SERIOUS_INJ_COUNT","BICYCLE_COUNT","BICYCLE_DEATH_COUNT","BICYCLE_SUSP_SERIOUS_INJ_COUNT","BUS_COUNT","CHLDPAS_DEATH_COUNT","CHLDPAS_SUSP_SERIOUS_INJ_COUNT","COLLISION_TYPE","COMM_VEH_COUNT","CONS_ZONE_SPD_LIM","COUNTY","CRASH_MONTH","CRASH_YEAR","CRN","DAY_OF_WEEK","DEC_LAT","DEC_LONG","DISPATCH_TM","DISTRICT","DRIVER_COUNT_16YR","DRIVER_COUNT_17YR","DRIVER_COUNT_18YR","DRIVER_COUNT_19YR","DRIVER_COUNT_20YR","DRIVER_COUNT_50_64YR","DRIVER_COUNT_65_74YR","DRIVER_COUNT_75PLUS","EST_HRS_CLOSED","FATAL_COUNT","HEAVY_TRUCK_COUNT","HORSE_BUGGY_COUNT","HOUR_OF_DAY","ILLUMINATION","INJURY_COUNT","INTERSECT_TYPE","LANE_CLOSED","LATITUDE","LN_CLOSE_DIR","LOCATION_TYPE","LONGITUDE","MAX_SEVERITY_LEVEL","MCYCLE_DEATH_COUNT","MCYCLE_SUSP_SERIOUS_INJ_COUNT","MOTORCYCLE_COUNT","MUNICIPALITY","NONMOTR_COUNT","NONMOTR_DEATH_COUNT","NONMOTR_SUSP_SERIOUS_INJ_COUNT","NTFY_HIWY_MAINT","PED_COUNT","PED_DEATH_COUNT","PED_SUSP_SERIOUS_INJ_COUNT","PERSON_COUNT","POLICE_AGCY","POSSIBLE_INJ_COUNT","RDWY_SURF_TYPE_CD","RELATION_TO_ROAD","ROAD_CONDITION","SCH_BUS_IND","SCH_ZONE_IND","SMALL_TRUCK_COUNT","SPEC_JURIS_CD","SUSP_MINOR_INJ_COUNT","SUSP_SERIOUS_INJ_COUNT","SUV_COUNT","TCD_FUNC_CD","TCD_TYPE","TFC_DETOUR_IND","TIME_OF_DAY","TOT_INJ_COUNT","TOTAL_UNITS","UNB_DEATH_COUNT","UNB_SUSP_SERIOUS_INJ_COUNT","UNBELTED_OCC_COUNT","UNK_INJ_DEG_COUNT","UNK_INJ_PER_COUNT","URBAN_RURAL","VAN_COUNT","VEHICLE_COUNT","WORK_ZONE_IND","WORK_ZONE_LOC","WORK_ZONE_TYPE","WORKERS_PRES","WZ_CLOSE_DETOUR","WZ_FLAGGER","WZ_LAW_OFFCR_IND","WZ_LN_CLOSURE","WZ_MOVING","WZ_OTHER","WZ_SHLDER_MDN","ROADWAY_CLEARED","WEATHER1","WEATHER2","WZ_WORKERS_INJ_KILLED","SECONDARY_CRASH","INTERSECTION_RELATED"
"1634","1","0","0","0","0","0","0","0","0","1","0","","36","09","2018","2018097323","7","40.2096","-76.3159","1601","08","0","0","0","0","0","0","2","0","1","0","0","0","15","1","0","00","1","40 12:34.586","3","00","76 18:57.097","0","0","0","0","36217","0","0","0","N","0","0","0","2","68J01","0","","1","01","N","N","0","","0","0","1","0","0","N","1548","0","2","0","0","0","0","0","1","0","2","N","","","","","","","","","","","","03","  ","","",""
"1803","0","0","0","0","0","0","0","0","0","7","0","","36","09","2018","2018097333","1","40.2243","-76.0983","1749","08","0","0","0","0","0","1","0","0","1","0","0","0","17","1","1","00","2","40 13:27.464","4","00","76 05:54.049","3","0","0","0","36210","0","0","0","N","0","0","0","1","68T06","0","","4","09","N","N","1","","1","0","0","0","0","N","1749","1","1","0","0","1","0","0","1","0","1","N","","","","","","","","","","","","07","  ","","",""
"0625","1","0","0","0","0","0","0","0","0","7","0","","36","09","2018","2018097424","2","40.0232","-76.2406","0613","08","0","0","0","0","0","1","0","0","","0","0","0","06","2","0","00","0","40 01:23.681","","00","76 14:26.003","0","0","0","0","36215","0","0","0","N","0","0","0","1","36215","0","","5","01","N","N","0","","0","0","1","0","0","","0612","0","3","0","0","0","0","0","1","1","3","N","","","","","","","","","","","","03","  ","","",""
"1635","1","0","0","0","0","0","0","0","0","0","0","","36","09","2018","2018097531","2","40.2378","-76.2388","1627","08","0","0","1","0","0","0","0","0","1","0","0","0","16","1","0","00","1","40 14:16.117","3","00","76 14:19.586","0","0","0","0","36204","0","0","0","N","0","0","0","1","36506","0","","2","09","N","N","0","","0","0","0","0","0","N","1627","0","1","0","0","0","0","0","1","0","1","N","","","","","","","","","","","","07","  ","","",""
"1607","1","0","0","0","0","0","0","0","0","1","0","","36","09","2018","2018097535","6","40.1768","-76.3102","1600","08","0","0","0","0","0","2","0","0","","0","0","0","16","1","1","00","0","40 10:36.365","","00","76 18:36.632","8","0","0","1","36235","0","0","0","N","0","0","0","2","36506","0","","1","01","N","N","0","","0","0","0","0","0","","1600","1","2","0","0","0","1","0","1","0","2","N","","","","","","","","","","","","03","  ","","",""
"1810","1","0","0","0","0","0","0","0","0","2","0","","36","09","2018","2018097540","7","39.8517","-76.3057","1745","08","1","0","0","0","0","0","0","0","","0","0","0","17","1","0","01","0","39 51:06.178","","00","76 18:20.426","0","0","0","0","36224","0","0","0","N","0","0","0","3","68J01","0","","1","01","N","N","1","","0","0","0","3","3","","1738","0","2","0","0","0","0","0","1","0","2","N","","","","","","","","","","","","03","  ","","",""
"1328","1","0","0","0","0","0","0","0","0","4","0","","36","09","2018","2018097542","3","39.9272","-76.1926","1315","08","0","0","0","0","0","0","0","1","2","0","0","0","13","1","0","00","1","39 55:38.020","3","00","76 11:33.260","0","0","0","0","36233","0","0","0","N","0","0","0","2","68J01","0","","1","01","N","N","0","","0","0","0","0","0","N","1314","0","2","0","0","0","0","0","1","0","2","N","","","","","","","","","","","","03","  ","","",""
"1458","0","0","0","0","0","0","0","0","0","4","0","","36","09","2018","2018097543","3","40.0186","-76.0638","1439","08","0","1","0","0","0","0","0","0","","0","0","0","14","1","0","02","0","40 01:07.020","","00","76 03:49.852","0","0","0","0","36221","0","0","0","N","0","0","0","5","68J01","0","","1","01","N","N","0","","0","0","1","3","3","","1435","0","3","0","0","0","0","0","1","2","3","N","","","","","","","","","","","","03","  ","","",""
"1717","0","0","0","0","0","0","0","0","0","7","0","","36","09","2018","2018097544","3","39.9714","-76.1337","1706","08","0","0","0","0","0","0","0","0","2","0","0","0","17","1","0","00","1","39 58:17.198","1","00","76 08:01.237","0","0","0","0","36226","0","0","0","N","0","0","0","1","68J01","0","","4","01","N","N","0","","0","0","1","0","0","N","1703","0","1","0","0","1","0","0","1","0","1","N","","","","","","","","","","","","03","  ","","",""
"1831","0","0","0","0","0","0","0","0","0","7","0","","36","09","2018","2018097545","3","39.7726","-76.1659","1800","08","0","0","0","0","0","0","0","0","","0","0","0","17","1","1","00","0","39 46:21.444","","00","76 09:57.258","3","0","0","1","36219","0","0","0","N","0","0","0","1","68J01","0","","4","01","N","N","0","","1","0","0","0","0","","1755","1","1","0","0","0","0","0","1","0","1","N","","","","","","","","","","","","03","  ","","",""
"1531","1","0","0","0","0","0","0","0","0","4","0","","36","09","2018","2018097550","4","39.8634","-76.1744","1504","08","0","1","0","0","0","0","0","0","","0","0","0","14","1","1","00","0","39 51:48.160","","07","76 10:28.000","3","0","0","0","36212","0","0","0","N","0","0","0","2","68J01","0","","1","01","N","N","0","","1","0","0","0","0","","1456","1","2","0","0","0","0","0","1","0","2","N","","","","","","","","","","","","03","  ","","",""
"1730","1","0","0","0","0","0","0","0","0","4","0","","36","09","2018","2018097551","4","40.106","-75.9499","1715","08","0","0","0","0","0","0","1","0","2","0","0","0","16","1","0","00","1","40 06:21.735","4","00","75 56:59.720","0","0","0","0","36232","0","0","0","N","0","0","0","4","68J01","0","","1","01","N","N","0","","0","0","1","0","0","N","1659","0","2","0","0","0","0","0","1","0","2","N","","","","","","","","","","","","03","  ","","",""
"0824","0","0","0","0","0","0","0","0","0","0","1","25","36","09","2018","2018097570","5","39.7941","-76.2557","0819","08","0","0","0","0","0","1","0","0","4","0","1","0","08","1","1","00","1","39 47:38.732","1","00","76 15:20.552","3","0","0","0","36208","0","0","0","N","0","0","0","1","68J01","0","","1","09","N","N","0","","1","0","0","3","8","Y","0817","1","1","0","0","0","0","0","1","0","1","Y","2","1","N","Y","N","N","N","N","N","N","","03","  ","","",""
"1505","2","0","0","0","0","0","0","0","0","4","0","","36","09","2018","2018097578","6","40.0544","-75.9497","1441","08","0","0","0","0","0","2","0","0","2","0","0","0","14","1","2","01","1","40 03:15.883","2","00","75 56:59.082","3","0","0","0","36232","0","0","0","N","0","0","0","2","68J01","0","","1","01","N","N","0","","2","0","0","0","0","N","1438","2","2","0","0","0","0","0","1","0","2","N","","","","","","","","","","","","03","  ","","",""
"0344","1","0","0","0","0","0","0","0","0","7","0","","36","08","2018","2018097598","1","39.839","-76.0225","0328","08","0","0","0","0","0","0","0","0","1","0","0","0","03","2","0","00","1","39 50:20.464","5","00","76 01:20.919","0","0","0","0","36205","0","0","0","N","0","0","0","1","68J02","0","","4","01","N","N","0","","0","0","0","0","0","N","0323","0","1","0","0","0","0","0","1","0","1","N","","","","","","","","","","","","03","  ","","",""
"1754","1","0","0","0","0","0","0","0","0","4","0","","36","08","2018","2018097603","5","40.0392","-76.0644","1734","08","0","0","0","0","0","2","0","0","","0","0","0","17","1","1","01","0","40 02:21.008","","00","76 03:51.801","8","0","0","0","36221","0","0","0","N","0","0","0","4","68J01","0","","1","01","N","N","0","","0","0","1","3","3","","1733","1","2","0","0","0","1","0","1","0","2","N","","","","","","","","","","","","03","  ","","",""
"1403","0","0","0","0","0","0","0","0","0","7","0","","36","08","2018","2018097606","6","39.9002","-76.2412","1356","08","0","0","0","0","0","1","0","0","1","0","0","0","13","1","1","00","1","39 54:00.591","1","00","76 14:28.198","3","0","0","0","36229","0","0","0","N","0","0","0","1","68J01","0","","4","01","N","N","1","","1","0","0","0","0","N","1353","1","1","0","0","0","0","0","1","0","1","N","","","","","","","","","","","","03","  ","","",""
"0945","1","0","0","0","0","0","0","0","0","7","0","","36","08","2018","2018097610","2","40.1997","-76.2721","0925","08","0","0","0","0","0","0","0","0","1","0","0","0","09","1","1","00","2","40 11:58.930","5","00","76 16:19.720","3","0","0","0","36217","0","0","0","N","0","0","0","1","68J01","0","","4","01","N","N","0","","1","0","0","0","0","Y","0923","1","1","0","0","0","0","0","1","0","1","N","","","","","","","","","","","","03","  ","","",""
"1316","1","0","0","0","0","0","0","0","0","4","0","","36","08","2018","2018097611","3","39.8565","-76.0774","1305","08","0","0","0","0","0","0","1","1","","0","0","0","13","1","0","01","0","39 51:23.571","","00","76 04:38.721","0","0","0","0","36205","0","0","0","N","0","0","0","4","68J01","0","","1","01","N","N","0","","0","0","1","3","3","","1303","0","2","0","0","0","0","0","1","0","2","N","","","","","","","","","","","","03","  ","","",""
"1723","2","0","0","0","0","0","0","0","0","2","0","","36","08","2018","2018097613","6","39.971","-76.1491","1646","08","0","0","0","0","0","0","1","0","","0","0","0","16","1","2","00","0","39 58:15.706","","00","76 08:56.788","3","0","0","0","36233","0","0","0","N","0","0","0","2","68J01","0","","1","09","N","N","0","","2","0","0","0","0","","1642","2","2","0","0","0","0","0","1","0","2","N","","","","","","","","","","","","07","  ","","",""
"1619","1","0","0","0","0","0","0","0","0","1","0","","36","08","2018","2018097666","5","40.0336","-76.1972","1614","08","0","0","0","0","0","1","0","0","2","0","0","0","16","1","0","00","1","40 02:01.080","5","00","76 11:49.959","0","0","0","0","36215","0","0","0","N","0","0","0","2","36215","0","","1","01","N","N","1","","0","0","0","0","0","Y","1612","0","2","0","0","0","0","0","1","0","2","N","","","","","","","","","","","","03","  ","","",""
"1253","1","0","0","0","0","0","0","0","0","7","0","","36","09","2018","2018097667","2","40.0357","-76.2432","1241","08","0","0","0","1","0","0","0","0","","0","0","0","12","1","1","00","0","40 02:08.517","","00","76 14:35.629","3","0","0","0","36215","0","0","0","N","0","0","0","1","36215","0","","3","09","N","N","0","","1","0","0","0","0","","1238","1","1","0","0","0","0","0","1","0","1","N","","","","","","","","","","","","07","  ","","",""
"0509","2","0","0","0","0","0","0","0","0","5","0","","36","09","2018","2018097668","6","40.1508","-76.307","0507","08","0","0","0","0","0","0","1","0","2","0","0","0","05","6","0","00","2","40 09:02.703","2","00","76 18:25.206","0","0","0","0","36409","0","0","0","N","0","0","0","1","36409","0","","6","01","N","N","0","","0","0","1","0","0","Y","0505","0","3","0","0","0","0","0","3","0","3","N","","","","","","","","","","","","03","  ","","",""
"1532","2","0","0","0","0","0","0","0","0","6","0","","36","09","2018","2018097691","6","40.1117","-76.4517","1525","08","0","0","0","0","0","2","0","0","","0","0","0","15","1","1","01","0","40 06:42.025","","00","76 27:06.017","8","0","0","0","36230","0","0","0","N","0","0","0","3","36410","0","","1","01","N","N","0","","0","0","0","3","2","","1525","1","2","0","0","0","1","0","1","0","2","N","","","","","","","","","","","","03","  ","","",""
"1656","0","0","0","0","0","0","0","0","0","4","0","","36","09","2018","2018097694","3","40.1027","-76.4328","1648","08","0","0","0","0","0","0","2","0","1","0","0","0","16","1","2","01","1","40 06:09.698","3","00","76 25:58.025","8","0","0","0","36239","0","0","0","N","0","0","0","3","36239","0","","1","01","N","N","1","","0","0","1","3","3","N","1648","2","2","0","0","1","2","0","3","0","2","N","","","","","","","","","","","","03","  ","","",""
"0831","1","0","0","0","0","0","0","0","0","7","0","","36","09","2018","2018097712","1","40.0794","-76.512","0822","08","0","0","0","0","0","0","0","0","4","0","0","0","08","1","1","02","2","40 04:45.879","7","00","76 30:43.185","2","0","0","0","36211","0","0","0","N","0","0","0","1","36504","0","","2","01","N","N","0","","0","1","0","0","0","Y","0820","1","1","0","0","0","0","0","1","0","1","N","","","","","","","","","","","","03","  ","","",""
"1744","1","0","3","0","0","0","0","0","0","4","0","","36","09","2018","2018097713","3","40.1762","-76.1964","1742","08","0","0","0","0","1","1","0","0","2","0","0","0","17","1","4","00","2","40 10:34.363","5","00","76 11:47.094","2","0","0","0","36408","0","0","0","N","0","0","0","5","36408","0","","1","01","N","N","0","","1","3","1","0","0","Y","1740","4","2","0","0","1","0","0","2","0","2","N","","","","","","","","","","","","03","  ","","",""
"0556","1","0","0","0","0","0","0","0","0","7","0","","36","08","2018","2018097795","2","39.914","-76.0461","0429","08","0","0","0","1","0","0","0","0","","0","0","0","04","5","1","10","0","39 54:50.489","","00","76 02:45.952","3","0","0","0","36201","0","0","0","N","0","0","0","1","68J01","0","","4","98","N","N","0","","1","0","0","0","0","","0428","1","1","0","0","0","0","0","1","0","1","N","","","","","","","","","","","","99","  ","","",""
"1257","1","0","0","0","0","0","0","0","0","4","0","","36","08","2018","2018097796","2","39.8741","-76.0329","1225","08","0","0","0","0","0","2","0","0","1","0","0","0","12","1","0","01","1","39 52:26.938","1","00","76 01:58.581","0","0","0","0","36205","0","0","0","N","0","0","0","2","68J01","0","","1","01","N","N","1","","0","0","0","3","3","N","1221","0","2","0","0","0","0","0","1","0","2","N","","","","","","","","","","","","03","  ","","",""
"2125","0","0","0","0","0","0","0","0","0","4","0","","36","08","2018","2018097804","6","39.9923","-76.0218","2125","08","0","0","0","0","0","0","1","0","1","0","0","0","21","3","1","02","1","39 59:32.151","3","00","76 01:18.351","3","0","0","0","36232","0","0","0","N","0","0","0","3","68J01","0","","1","01","N","N","1","","1","0","0","3","2","N","2125","1","2","0","0","0","0","0","1","1","2","N","","","","","","","","","","","","03","  ","","",""
"0239","1","0","0","0","0","0","0","0","0","7","0","","36","09","2018","2018097822","4","40.1518","-76.1632","0233","08","0","0","0","1","0","0","0","0","","0","0","0","02","2","0","00","0","40 09:06.620","","00","76 09:47.461","0","0","0","0","36238","0","0","0","N","0","0","0","1","36238","0","","5","01","N","N","0","","0","0","0","0","0","","0230","0","1","0","0","0","0","0","3","0","1","N","","","","","","","","","","","","03","  ","","",""
"0800","1","0","0","0","0","0","0","0","0","1","0","","36","09","2018","2018097829","3","40.068","-76.2936","0755","08","0","0","0","0","1","0","0","0","","0","0","0","07","1","1","06","0","40 04:04.723","","00","76 17:37.139","3","0","0","0","36101","0","0","0","N","0","0","0","3","36101","0","","1","01","N","N","0","","1","0","1","0","0","","0750","1","3","0","0","0","0","1","3","0","3","N","","","","","","","","","","","","03","  ","","",""
"1118","0","0","0","1","0","0","0","0","0","4","0","","36","09","2018","2018097830","3","40.0569","-76.3112","1115","08","0","0","0","0","0","1","0","0","","0","0","0","11","1","1","01","0","40 03:24.706","","00","76 18:40.172","3","0","0","0","36101","1","0","0","N","0","0","0","3","36101","0","","1","01","N","N","0","","1","0","1","3","2","","1112","1","2","0","0","0","0","0","3","0","1","N","","","","","","","","","","","","03","  ","","",""
"1704","1","0","0","0","0","0","0","0","0","1","0","","36","09","2018","2018097831","5","40.1147","-76.244","1651","08","0","0","0","0","0","0","2","0","2","0","0","0","16","1","5","02","2","40 06:52.778","5","00","76 14:38.314","3","0","0","0","36101","0","0","0","N","0","0","0","9","36101","3","","1","01","N","N","1","","2","0","0","0","0","N","1651","5","3","0","0","0","0","0","3","1","3","N","","","","","","","","","","","","03","  ","","",""
"1712","1","0","0","0","0","0","0","0","0","4","0","","36","09","2018","2018097832","5","40.0667","-76.3071","1710","08","0","0","0","0","1","0","0","0","2","0","1","0","16","1","0","00","1","40 03:59.951","1","07","76 18:25.691","0","0","0","0","36101","0","0","0","N","0","0","0","2","36101","0","","1","01","N","N","0","","0","0","0","0","0","N","1655","0","2","0","0","0","0","0","3","0","2","N","","","","","","","","","","","","03","  ","","",""
"1752","1","0","0","0","0","0","0","0","0","1","0","","36","09","2018","2018097833","2","40.0691","-76.3075","1747","08","0","0","0","0","0","1","0","0","2","0","0","0","17","1","1","00","1","40 04:08.780","4","00","76 18:26.830","3","0","0","0","36101","0","0","0","N","0","0","0","3","36101","0","","1","01","N","N","1","","1","0","1","0","0","N","1744","1","3","0","0","0","0","0","3","0","3","N","","","","","","","","","","","","03","  ","","",""
"0853","0","0","0","0","0","0","0","0","0","7","1","","36","09","2018","2018097865","5","40.1482","-76.2709","0848","08","0","0","0","0","0","1","0","0","2","0","1","0","08","1","0","02","2","40 08:53.356","5","00","76 16:15.240","0","0","0","0","36235","0","0","0","N","0","0","0","1","36506","0","","5","09","N","N","0","","0","0","0","0","0","Y","0848","0","1","0","0","0","0","0","1","0","1","N","","","","","","","","","","","","03","  ","","",""
"1548","2","0","0","0","0","0","0","0","0","1","0","","36","09","2018","2018097895","7","40.1642","-76.1543","1548","08","0","0","0","0","0","1","0","0","1","0","0","0","15","1","1","00","1","40 09:51.095","4","00","76 09:15.344","8","0","0","0","36218","0","0","0","N","0","0","0","5","36408","0","","1","01","N","N","0","","0","0","0","0","0","N","1548","1","2","0","0","0","1","0","1","0","2","N","","","","","","","","","","","","03","  ","","",""
"1120","1","0","0","0","0","0","0","0","0","7","0","","36","09","2018","2018097926","4","40.254","-76.0857","1114","08","0","0","0","0","0","0","0","0","1","0","0","0","11","1","0","10","1","40 15:14.497","6","00","76 05:08.370","0","0","0","0","36210","0","0","0","N","0","0","0","2","36210","0","","2","01","N","N","0","","0","0","0","0","0","N","1107","0","1","0","0","0","0","0","1","0","1","N","","","","","","","","","","","","03","  ","","",""
"1115","1","0","1","0","0","0","0","0","0","1","0","","36","09","2018","2018097929","4","40.159","-76.2038","1114","08","0","0","0","0","0","1","0","0","2","0","0","0","11","1","1","00","2","40 09:32.581","1","00","76 12:13.760","2","0","0","0","36402","0","0","0","N","0","0","0","2","36402","0","","1","01","N","N","0","","0","1","1","0","0","Y","1113","1","2","0","0","0","0","0","2","0","2","N","","","","","","","","","","","","03","  ","","",""
"1552","1","0","0","0","0","0","0","0","0","1","0","","36","09","2018","2018098058","4","40.1549","-76.3072","1552","08","0","0","0","0","0","1","0","0","","0","0","0","15","1","0","00","0","40 09:17.643","","00","76 18:26.002","0","0","0","0","36409","0","0","0","N","0","0","0","2","36409","0","","1","01","N","N","0","","0","0","1","0","0","","1552","0","2","0","0","0","0","0","3","0","2","N","","","","","","","","","","","","03","  ","","",""
"1417","1","0","0","0","0","0","0","0","0","1","0","","36","09","2018","2018098065","5","40.0709","-76.3175","1415","08","0","0","0","0","1","0","0","0","2","0","0","0","14","1","0","00","1","40 04:15.100","1","00","76 19:03.126","0","0","0","0","36101","0","0","0","N","0","0","0","3","36101","0","","1","01","N","N","0","","0","0","2","3","2","N","1410","0","3","0","0","0","0","0","3","0","3","N","","","","","","","","","","","","03","  ","","",""
"0946","0","0","0","0","0","0","0","0","0","4","0","","36","09","2018","2018098066","6","40.0756","-76.3368","0945","08","0","0","0","0","0","0","0","0","2","0","0","0","09","1","1","02","1","40 04:31.873","2","00","76 20:13.061","3","0","0","0","36101","0","0","0","N","0","0","0","4","36101","0","","1","01","N","N","0","","1","0","3","3","2","N","0943","1","3","0","0","0","0","0","3","0","3","N","","","","","","","","","","","","03","  ","","",""
"1616","1","0","0","0","0","0","0","0","0","1","0","","36","09","2018","2018098067","6","40.0791","-76.2806","1607","08","0","0","0","0","0","1","0","0","","0","0","0","16","1","0","00","0","40 04:44.875","","00","76 16:50.057","0","0","0","0","36101","0","0","0","N","0","0","0","2","36101","0","","1","01","N","N","0","","0","0","1","0","0","","1602","0","2","0","0","0","0","0","3","0","2","N","","","","","","","","","","","","03","  ","","",""
"0926","3","0","1","0","0","0","0","0","0","4","0","","36","09","2018","2018098068","7","40.0679","-76.3034","0926","08","0","0","0","0","0","1","1","0","3","0","0","0","09","1","2","05","2","40 04:04.462","3","00","76 18:12.202","2","0","0","0","36101","0","0","0","N","0","0","0","4","36101","0","","1","01","N","N","0","","1","1","0","3","2","Y","0926","2","3","0","0","0","0","0","3","0","3","N","","","","","","","","","","","","03","  ","","",""
"1021","0","0","0","0","0","0","0","0","0","4","0","","36","09","2018","2018098069","7","40.0383","-76.3639","1016","08","0","0","0","0","0","0","0","0","","0","0","0","10","1","0","00","0","40 02:17.990","","00","76 21:49.958","0","0","0","0","36223","0","0","0","N","0","0","0","2","36223","0","","1","01","N","N","0","","0","0","1","0","0","","1013","0","2","0","0","0","0","0","1","1","2","N","","","","","","","","","","","","03","  ","","",""
"1542","2","0","0","0","0","0","0","0","0","1","0","","36","09","2018","2018098128","4","40.1183","-76.6384","1538","08","1","0","0","0","0","1","0","0","","0","0","0","15","1","0","00","0","40 07:05.847","","00","76 38:18.178","0","0","0","0","36237","0","0","0","N","0","0","0","2","36505","0","","1","01","N","N","0","","0","0","0","0","0","","1535","0","2","0","0","0","0","0","1","0","2","N","","","","","","","","","","","","03","  ","","",""
"1538","0","0","0","0","0","0","0","0","0","1","0","","36","08","2018","2018098148","6","40.0087","-76.343","1532","08","0","0","0","0","1","1","0","0","","0","0","0","15","1","1","01","0","40 00:31.485","","00","76 20:34.745","4","0","0","0","36412","0","0","0","N","0","0","0","2","36412","1","","1","09","N","N","0","","0","0","2","3","2","","1525","1","2","0","0","0","0","0","3","0","2","N","","","","","","","","","","","","07","  ","","",""
"2051","2","0","0","0","0","0","0","0","0","2","0","","36","09","2018","2018098153","6","40.0271","-76.3208","2044","08","0","0","0","0","0","0","0","1","2","0","0","0","20","3","0","00","1","40 01:37.645","2","00","76 19:14.784","0","0","0","0","36301","0","0","0","N","0","0","0","2","36301","0","","1","01","N","N","0","","0","0","0","0","0","N","2043","0","2","0","0","0","0","0","3","0","2","N","","","","","","","","","","","","03","  ","","",""
"2151","1","0","0","0","0","0","0","0","0","7","0","","36","09","2018","2018098154","4","40.1591","-76.1856","2148","08","0","0","0","0","0","0","0","0","","0","0","0","21","2","0","03","0","40 09:32.643","","00","76 11:08.336","0","0","0","0","36218","0","0","0","N","0","0","0","1","36408","0","","5","01","N","N","0","","0","0","0","0","0","","2145","0","1","0","0","0","0","0","1","0","1","N","","","","","","","","","","","","03","  ","","",""
"1444","1","0","0","0","0","0","0","0","0","7","0","","36","09","2018","2018098161","3","40.1365","-75.903","1406","08","0","0","0","0","0","0","1","0","","0","0","0","13","1","1","00","0","40 08:11.559","","00","75 54:10.642","3","0","0","0","36203","0","0","0","N","0","0","0","1","68J01","0","","4","01","N","N","0","","1","0","0","0","0","","1335","1","1","0","0","0","0","0","1","0","1","N","","","","","","","","","","","","03","  ","","",""
"1821","1","0","0","0","0","0","0","0","0","4","0","","36","09","2018","2018098163","3","39.9615","-76.1028","1813","08","0","0","0","0","0","1","0","0","1","0","0","0","18","1","0","01","1","39 57:41.266","6","00","76 06:10.058","0","0","0","0","36226","0","0","0","N","0","0","0","2","68J01","0","","1","01","N","N","0","","0","0","0","3","3","N","1812","0","2","0","0","0","0","0","1","1","2","N","","","","","","","","","","","","03","  ","","",""
"2059","2","0","0","0","0","0","0","0","0","6","0","","36","09","2018","2018098216","4","40.0384","-76.3013","2057","08","0","0","0","0","0","0","0","0","2","0","0","0","20","3","0","01","1","40 02:18.358","3","00","76 18:04.767","0","0","0","0","36301","0","0","0","N","0","0","0","2","36301","0","","1","01","N","N","0","","0","0","0","3","2","N","2057","0","2","0","0","0","0","0","3","0","2","N","","","","","","","","","","","","03","  ","","",""
"0544","1","0","0","0","0","0","0","0","0","7","0","","36","08","2018","2018098210","4","40.0056","-76.1086","0524","08","0","0","0","1","0","0","0","0","","0","0","0","05","5","0","02","0","40 00:20.063","","00","76 06:31.105","0","0","0","0","36226","0","0","0","N","0","0","0","1","68J01","0","","2","01","N","N","0","","0","0","0","0","0","","0518","0","1","0","0","0","0","0","1","0","1","N","","","","","","","","","","","","03","  ","","",""
"1727","2","0","0","0","0","0","0","0","0","1","0","","36","09","2018","2018098227","7","40.0391","-76.3605","1643","08","0","0","0","0","0","1","0","1","1","0","0","0","16","1","2","00","1","40 02:20.772","3","00","76 21:37.810","3","0","0","0","36223","0","0","0","N","0","0","0","2","36223","1","","1","01","N","N","0","","1","0","0","0","0","N","1639","2","2","0","0","0","0","0","1","0","2","N","","","","","","","","","","","","03","  ","","",""
"1701","1","0","0","0","0","0","0","0","0","4","0","","36","09","2018","2018098308","4","40.036","-76.3082","1700","08","0","0","0","0","0","1","0","0","1","0","0","0","16","1","1","01","1","40 02:09.771","4","00","76 18:29.474","4","0","0","0","36301","0","0","0","N","0","0","0","2","36301","1","","1","01","N","N","0","","0","0","1","3","3","Y","1658","1","2","0","0","0","0","0","3","0","2","N","","","","","","","","","","","","03","  ","","",""
"1810","2","0","0","0","0","0","0","0","0","8","0","","36","09","2018","2018098313","3","40.0459","-76.3072","1806","08","0","0","0","0","0","0","0","0","","0","0","0","18","1","1","10","0","40 02:45.142","","07","76 18:25.864","3","0","0","0","36301","1","0","0","N","1","0","0","2","36301","0","","9","01","N","N","0","","1","0","0","0","0","","1804","1","3","0","0","0","0","0","3","0","2","N","","","","","","","","","","","","03","  ","","",""
"0836","0","0","0","0","0","0","0","0","0","7","0","","36","09","2018","2018098375","4","39.927","-76.2523","0831","08","0","0","0","0","0","0","1","0","2","0","0","0","08","1","0","00","1","39 55:37.371","1","00","76 15:08.368","0","0","0","0","36229","0","0","0","Y","0","0","0","1","68J01","0","","2","01","N","N","1","","0","0","0","0","0","N","0829","0","1","0","0","0","0","0","1","0","1","N","","","","","","","","","","","","03","  ","","",""
"2020","2","0","0","0","0","0","0","0","0","6","0","","36","09","2018","2018098397","4","40.0431","-76.3198","2012","08","0","0","0","0","1","0","0","0","","0","0","0","20","1","0","01","0","40 02:35.131","","00","76 19:11.233","0","0","0","0","36301","0","0","0","N","0","0","0","2","36301","0","","1","01","N","N","0","","0","0","0","3","2","","2012","0","2","0","0","0","0","0","3","0","2","N","","","","","","","","","","","","03","  ","","",""
"1646","2","0","0","0","0","0","0","0","0","4","0","","36","09","2018","2018098420","1","40.1772","-76.1754","1643","08","0","0","0","0","0","2","0","0","2","0","0","0","16","1","0","02","1","40 10:37.973","6","00","76 10:31.429","0","0","0","0","36408","0","0","0","N","0","0","0","2","36408","0","","1","01","N","N","0","","0","0","0","3","2","N","1638","0","2","0","0","0","0","0","2","0","2","N","","","","","","","","","","","","03","  ","","",""