"ARRIVAL_TM","AUTOMOBILE_COUNT","BELTED_DEATH_COUNT","BELTED_SUSP_SERIOUS_INJ_COUNT","BICYCLE_COUNT","BICYCLE_DEATH_COUNT","BICYCLE_SUSP_SERIOUS_INJ_COUNT","BUS_COUNT","CHLDPAS_DEATH_COUNT","CHLDPAS_SUSP_SERIOUS_INJ_COUNT","COLLISION_TYPE","COMM_VEH_COUNT","CONS_ZONE_SPD_LIM","COUNTY","CRASH_MONTH","CRASH_YEAR","CRN","DAY_OF_WEEK","DEC_LAT","DEC_LONG","DISPATCH_TM","DISTRICT","DRIVER_COUNT_16YR","DRIVER_COUNT_17YR","DRIVER_COUNT_18YR","DRIVER_COUNT_19YR","DRIVER_COUNT_20YR","DRIVER_COUNT_50_64YR","DRIVER_COUNT_65_74YR","DRIVER_COUNT_75PLUS","EST_HRS_CLOSED","FATAL_COUNT","HEAVY_TRUCK_COUNT","HORSE_BUGGY_COUNT","HOUR_OF_DAY","ILLUMINATION","INJURY_COUNT","INTERSECT_TYPE","LANE_CLOSED","LATITUDE","LN_CLOSE_DIR","LOCATION_TYPE","LONGITUDE","MAX_SEVERITY_LEVEL","MCYCLE_DEATH_COUNT","MCYCLE_SUSP_SERIOUS_INJ_COUNT","MOTORCYCLE_COUNT","MUNICIPALITY","NONMOTR_COUNT","NONMOTR_DEATH_COUNT","NONMOTR_SUSP_SERIOUS_INJ_COUNT","NTFY_HIWY_MAINT","PED_COUNT","PED_DEATH_COUNT","PED_SUSP_SERIOUS_INJ_COUNT","PERSON_COUNT","POLICE_AGCY","POSSIBLE_INJ_COUNT","RDWY_SURF_TYPE_CD","RELATION_TO_ROAD","ROAD_CONDITION","SCH_BUS_IND","SCH_ZONE_IND","SMALL_TRUCK_COUNT","SPEC_JURIS_CD","SUSP_MINOR_INJ_COUNT","SUSP_SERIOUS_INJ_COUNT","SUV_COUNT","TCD_FUNC_CD","TCD_TYPE","TFC_DETOUR_IND","TIME_OF_DAY","TOT_INJ_COUNT","TOTAL_UNITS","UNB_DEATH_COUNT","UNB_SUSP_SERIOUS_INJ_COUNT","UNBELTED_OCC_COUNT","UNK_INJ_DEG_COUNT","UNK_INJ_PER_COUNT","URBAN_RURAL","VAN_COUNT","VEHICLE_COUNT","WORK_ZONE_IND","WORK_ZONE_LOC","WORK_ZONE_TYPE","WORKERS_PRES","WZ_CLOSE_DETOUR","WZ_FLAGGER","WZ_LAW_OFFCR_IND","WZ_LN_CLOSURE","WZ_MOVING","WZ_OTHER","WZ_SHLDER_MDN","ROADWAY_CLEARED","WEATHER1","WEATHER2","WZ_WORKERS_INJ_KILLED","SECONDARY_CRASH","INTERSECTION_RELATED"
"0112","0","0","0","0","0","0","0","0","0","7","0","","36","09","2018","2018098592","5","40.0019","-76.2747","0112","08","0","0","0","0","0","1","0","0","","0","0","0","01","2","0","00","0","40 00:06.813","","00","76 16:29.092","0","0","0","0","36240","0","0","0","N","0","0","0","1","36240","0","","5","01","N","N","0","","0","0","1","0","0","","0110","0","1","0","0","0","0","0","1","0","1","N","","","","","","","","","","","","03","  ","","",""
"1344","2","0","0","0","0","0","0","0","0","4","0","","36","09","2018","2018098598","4","39.9901","-76.2399","1336","08","0","0","0","0","0","0","1","0","2","0","0","0","13","1","2","01","2","39 59:24.433","7","00","76 14:23.626","8","0","0","0","36240","0","0","0","N","0","0","0","7","36240","0","","1","01","N","N","0","","0","0","0","3","2","Y","1336","2","2","0","0","0","2","0","1","0","2","N","","","","","","","","","","","","03","  ","","",""
"2237","0","0","0","0","0","0","0","0","0","7","0","","36","09","2018","2018098663","4","40.1548","-76.125","2235","08","0","0","0","0","0","0","0","0","3","0","0","0","22","2","1","00","2","40 09:17.385","5","00","76 07:30.146","3","0","0","0","36218","0","0","0","N","0","0","0","1","36408","0","","5","01","N","N","0","","1","0","1","0","0","Y","2232","1","1","0","0","0","0","0","1","0","1","N","","","","","","","","","","","","03","  ","","",""
"1308","0","0","0","0","0","0","0","0","0","8","0","","36","09","2018","2018098667","2","40.0416","-76.3019","1307","08","0","0","0","0","0","1","0","0","","0","0","0","13","1","1","01","0","40 02:29.665","","00","76 18:06.967","3","0","0","0","36301","1","0","0","N","1","0","0","2","36301","0","","1","01","N","N","1","","1","0","0","3","2","","1307","1","2","0","0","0","0","0","3","0","1","N","","","","","","","","","","","","03","  ","","",""
"1604","1","0","0","0","0","0","0","0","0","1","0","","36","08","2018","2018098677","5","40.065","-76.3436","1601","08","0","0","0","0","0","0","1","0","","0","0","0","16","1","1","00","0","40 03:54.166","","00","76 20:37.037","4","0","0","0","36101","0","0","0","N","0","0","0","2","36101","1","","1","01","N","N","0","","0","0","1","0","0","","1600","1","2","0","0","0","0","0","3","0","2","N","","","","","","","","","","","","03","  ","","",""
"1648","0","0","0","0","0","0","0","0","0","0","0","","36","09","2018","2018098690","3","40.0299","-76.2948","1645","08","0","0","0","0","0","0","0","0","","0","0","0","16","1","1","00","0","40 01:47.680","","00","76 17:41.225","3","0","0","1","36301","0","0","0","N","0","0","0","1","36301","0","","1","01","N","N","0","","1","0","0","0","0","","1643","1","1","0","0","0","0","0","3","0","1","N","","","","","","","","","","","","03","  ","","",""
"1325","1","0","0","0","0","0","0","0","0","7","0","","36","09","2018","2018098702","2","40.1944","-76.1838","1321","08","0","0","0","0","0","0","0","0","3","0","0","0","13","1","0","00","1","40 11:39.998","1","00","76 11:01.500","0","0","0","0","36218","0","0","0","Y","0","0","0","1","36408","0","","4","09","N","N","0","","0","0","0","0","0","N","1321","0","1","0","0","1","0","0","1","0","1","N","","","","","","","","","","","","03","  ","","",""
"1052","1","0","0","0","0","0","0","0","0","6","0","","36","09","2018","2018098703","3","40.0379","-76.5042","1050","08","0","0","0","0","0","0","0","0","","0","0","0","10","1","0","01","0","40 02:16.558","","00","76 30:14.950","0","0","0","0","36404","2","0","0","N","0","0","0","2","36404","0","","1","01","N","N","1","","0","0","0","3","3","","1049","0","2","0","0","0","0","0","3","0","2","N","","","","","","","","","","","","03","  ","","",""
"0659","3","0","0","0","0","0","0","0","0","4","0","","36","09","2018","2018098709","3","40.2756","-76.0998","0653","08","0","0","0","0","0","0","0","0","2","0","0","0","06","1","3","00","1","40 16:32.082","2","00","76 05:59.277","3","0","0","0","36236","0","0","0","N","0","0","0","3","36408","0","","1","09","N","N","0","","1","0","0","0","0","N","0653","3","3","0","0","0","2","0","1","0","3","N","","","","","","","","","","","","03","  ","","",""
"1832","1","0","0","0","0","0","0","0","0","7","0","","36","09","2018","2018098817","2","40.0692","-76.3027","1827","08","0","0","0","0","0","0","0","0","1","0","0","0","18","1","0","07","1","40 04:09.132","1","02","76 18:09.680","0","0","0","0","36101","0","0","0","N","0","0","0","2","36101","0","","2","09","N","N","0","","0","0","0","0","0","N","1822","0","1","0","0","0","0","0","3","0","1","N","","","","","","","","","","","","07","  ","","",""
"1345","2","0","0","0","0","0","0","0","0","1","0","","36","09","2018","2018098822","2","40.0689","-76.3294","1334","08","0","0","0","0","0","1","0","0","","0","0","0","13","1","1","00","0","40 04:08.013","","00","76 19:45.685","4","0","0","0","36101","0","0","0","N","0","0","0","4","36101","1","","1","09","N","N","0","","0","0","0","0","0","","1333","1","2","0","0","0","0","0","3","0","2","N","","","","","","","","","","","","07","  ","","",""
"1431","1","0","0","0","0","0","0","0","0","1","0","","36","09","2018","2018098826","2","40.0746","-76.3085","1428","08","0","0","0","0","0","0","1","1","","0","0","0","14","1","0","00","0","40 04:28.505","","00","76 18:30.599","0","0","0","0","36101","0","0","0","N","0","0","0","4","36101","0","","1","09","N","N","0","","0","0","2","0","0","","1424","0","3","0","0","0","0","0","3","0","3","N","","","","","","","","","","","","07","  ","","",""
"0747","2","0","0","0","0","0","0","0","0","4","0","","36","09","2018","2018098830","3","40.1136","-76.2496","0738","08","0","0","0","0","0","1","0","0","","0","0","0","07","1","0","02","0","40 06:48.809","","00","76 14:58.642","0","0","0","0","36101","0","0","0","N","0","0","0","2","36101","0","","1","09","N","N","0","","0","0","0","3","3","","0737","0","2","0","0","0","0","0","3","0","2","N","","","","","","","","","","","","03","  ","","",""
"1918","2","0","0","0","0","0","0","0","0","4","0","","36","09","2018","2018098835","5","40.0151","-76.1558","1916","08","0","0","0","0","0","0","2","0","","0","0","0","19","1","2","00","0","40 00:54.516","","00","76 09:20.799","4","0","0","0","36215","0","0","0","N","0","0","0","2","36215","2","","1","01","N","N","0","","0","0","0","0","0","","1913","2","2","0","0","0","0","0","1","0","2","N","","","","","","","","","","","","03","  ","","",""
"1250","0","0","0","0","0","0","0","0","0","4","1","","36","09","2018","2018098955","7","40.1728","-75.9539","1245","08","0","0","0","0","0","0","0","0","","0","1","0","12","1","0","00","0","40 10:21.938","","00","75 57:13.977","0","0","0","0","36203","0","0","0","N","0","0","0","3","68T06","0","","1","01","N","N","0","","0","0","1","0","0","","1244","0","2","0","0","0","0","0","1","0","2","N","","","","","","","","","","","","03","  ","","",""
"1150","1","0","0","0","0","0","0","0","0","7","0","","36","09","2018","2018098965","2","40.2326","-76.1275","1051","08","0","0","0","0","0","0","0","0","","0","0","0","10","1","0","00","0","40 13:57.185","","00","76 07:38.848","0","0","0","0","36405","0","0","0","N","0","0","0","1","68T06","0","","1","09","N","N","0","","0","0","0","0","0","","1045","0","1","0","0","0","0","0","1","0","1","N","","","","","","","","","","","","07","  ","","",""
"2317","0","0","0","0","0","0","0","0","0","7","0","","36","08","2018","2018098989","7","39.9364","-76.3499","2317","08","0","0","0","0","0","0","0","0","","0","0","0","22","2","2","00","0","39 56:11.209","","00","76 20:59.492","8","0","0","0","36206","0","0","0","N","0","0","0","2","68T06","0","","4","01","N","N","0","","0","0","1","0","0","","2240","2","1","0","0","0","2","0","1","0","1","N","","","","","","","","","","","","03","  ","","",""
"0848","1","0","0","0","0","0","0","0","0","0","0","","36","08","2018","2018098992","6","40.2281","-76.3664","0834","08","0","0","0","0","0","0","0","0","","0","0","0","08","1","2","00","0","40 13:41.148","","00","76 21:59.111","3","0","0","0","36227","0","0","0","N","0","0","0","2","68T06","0","","4","09","N","N","0","","1","0","0","0","0","","0834","2","1","0","0","0","1","0","1","0","1","N","","","","","","","","","","","","07","  ","","",""
"1321","1","0","0","0","0","0","0","0","0","1","0","","36","09","2018","2018099006","2","40.0679","-76.3308","1318","08","1","0","0","1","0","0","0","0","2","0","0","0","13","1","1","00","1","40 04:04.314","3","00","76 19:51.014","3","0","0","0","36101","0","0","0","N","0","0","0","3","36101","0","","1","09","N","N","0","","1","0","1","0","0","N","1308","1","2","0","0","0","0","0","3","0","2","N","","","","","","","","","","","","07","  ","","",""
"1640","2","0","0","0","0","0","0","0","0","1","0","","36","09","2018","2018099007","2","40.068","-76.2947","1636","08","0","0","0","0","0","2","0","0","","0","0","0","16","1","2","00","0","40 04:04.645","","00","76 17:40.908","3","0","0","0","36101","0","0","0","N","0","0","0","5","36101","0","","1","09","N","N","0","","2","0","1","0","0","","1634","2","3","0","0","0","0","0","3","0","3","N","","","","","","","","","","","","07","  ","","",""
"1525","0","0","0","0","0","0","0","0","0","4","0","","36","09","2018","2018099008","3","40.0251","-76.3325","1517","08","0","0","0","0","0","0","0","0","2","0","0","0","15","1","3","02","1","40 01:30.485","4","00","76 19:56.895","3","0","0","0","36220","0","0","0","N","0","0","0","4","36101","2","","1","01","N","N","1","","1","0","1","3","3","N","1515","3","2","0","0","1","0","0","3","0","2","N","","","","","","","","","","","","03","  ","","",""
"1611","1","0","0","0","0","0","0","0","0","1","0","","36","09","2018","2018099009","3","40.0938","-76.2842","1606","08","0","0","0","0","0","0","1","1","1","0","0","0","16","1","1","00","2","40 05:37.800","7","00","76 17:03.220","2","0","1","1","36101","0","0","0","N","0","0","0","2","36101","0","","6","01","N","N","0","","0","1","0","0","0","N","1603","1","2","0","0","0","0","0","3","0","2","N","","","","","","","","","","","","03","  ","","",""
"1046","1","0","0","0","0","0","0","0","0","4","0","","36","09","2018","2018099045","7","40.052","-76.3102","1044","08","0","0","0","0","0","0","0","0","2","0","0","0","10","1","0","01","2","40 03:07.058","2","00","76 18:36.898","0","0","0","0","36301","0","0","0","N","0","0","0","3","36301","0","","1","01","N","N","0","","0","0","1","3","2","Y","1040","0","2","0","0","0","0","0","3","0","2","N","","","","","","","","","","","","03","  ","","",""
"1430","1","0","0","0","0","0","0","0","0","7","0","","36","09","2018","2018099097","7","40.0492","-76.4792","1425","08","0","0","0","0","0","0","0","0","3","0","0","0","14","1","1","00","2","40 02:57.032","6","00","76 28:45.096","8","0","0","0","36239","0","0","0","N","0","0","0","1","36239","0","","2","01","N","N","0","","0","0","0","0","0","Y","1425","1","1","0","0","1","1","0","3","0","1","N","","","","","","","","","","","","03","  ","","",""
"2319","0","0","0","0","0","0","0","0","0","4","0","","36","09","2018","2018099219","3","40.0505","-76.3252","2317","08","0","0","0","0","1","0","0","0","2","0","0","0","23","3","2","01","2","40 03:01.803","5","00","76 19:30.795","3","0","0","0","36101","0","0","0","N","0","0","0","2","36101","0","","1","01","N","N","0","","2","0","2","3","3","Y","2314","2","2","0","0","0","0","0","3","0","2","N","","","","","","","","","","","","03","  ","","",""
"1045","2","0","0","0","0","0","0","0","0","4","0","","36","09","2018","2018099234","6","40.033","-76.3177","1045","08","0","0","0","0","0","0","0","0","1","0","0","0","10","1","0","02","1","40 01:58.641","3","00","76 19:03.670","0","0","0","0","36301","0","0","0","N","0","0","0","3","36301","0","","1","01","N","N","0","","0","0","0","3","3","Y","1042","0","2","0","0","0","0","0","3","0","2","N","","","","","","","","","","","","03","  ","","",""
"0618","1","0","0","0","0","0","0","0","0","7","0","","36","09","2018","2018099236","1","40.1559","-76.1928","0616","08","0","0","0","0","0","0","0","0","","0","0","0","06","3","0","00","0","40 09:21.380","","00","76 11:33.910","0","0","0","0","36402","0","0","0","N","0","0","0","1","36402","0","","5","09","N","N","0","","0","0","0","0","0","N","0615","0","1","0","0","0","0","0","2","0","1","N","","","","","","","","","","","","07","  ","","",""
"1054","2","0","0","0","0","0","0","0","0","4","0","","36","09","2018","2018099246","6","40.1085","-76.5038","1052","08","0","0","0","0","1","0","1","0","","0","0","0","10","1","0","08","0","40 06:30.605","","00","76 30:13.662","0","0","0","0","36413","0","0","0","N","0","0","0","2","36413","0","","1","01","N","N","0","","0","0","0","3","3","","1050","0","2","0","0","0","0","0","2","0","2","N","","","","","","","","","","","","03","  ","","",""
"1720","2","0","0","0","0","0","0","0","0","4","0","","36","09","2018","2018099255","7","40.0619","-76.4988","1720","08","0","1","0","0","0","0","0","0","2","0","0","0","17","1","2","01","2","40 03:42.752","4","00","76 29:55.590","3","0","0","0","36239","0","0","0","N","0","0","0","3","36239","0","","1","01","N","N","0","","2","0","0","3","3","Y","1720","2","2","0","0","0","0","1","3","0","2","N","","","","","","","","","","","","03","  ","","",""
"1605","1","0","2","0","0","0","0","0","0","1","0","","36","08","2018","2018099334","5","40.0563","-76.5269","1555","08","0","0","0","0","0","0","1","1","2","0","0","0","15","1","3","00","1","40 03:22.734","5","00","76 31:36.681","2","0","0","0","36211","0","0","0","N","0","0","0","9","36504","0","","1","01","N","N","0","","1","2","3","0","0","N","1555","3","4","0","0","0","0","0","1","0","4","N","","","","","","","","","","","","03","  ","","",""
"1357","1","0","0","0","0","0","0","0","0","1","0","","36","09","2018","2018099344","6","40.0698","-76.2994","1346","08","0","0","0","0","0","0","0","0","","0","0","0","13","1","1","00","0","40 04:11.285","","00","76 17:57.888","4","0","0","0","36101","0","0","0","N","0","0","0","5","36101","1","","1","01","N","N","0","","0","0","1","0","0","","1341","1","2","0","0","0","0","0","3","0","2","N","","","","","","","","","","","","03","  ","","",""
"1541","2","0","0","0","0","0","0","0","0","1","0","","36","09","2018","2018099345","6","40.0738","-76.3322","1531","08","0","0","0","0","0","1","0","0","2","0","0","0","15","1","0","00","2","40 04:25.564","3","00","76 19:55.747","0","0","0","0","36101","0","0","0","N","0","0","0","4","36101","0","","1","01","N","N","0","","0","0","1","0","0","N","1521","0","3","0","0","0","0","0","3","0","3","N","","","","","","","","","","","","03","  ","","",""
"1721","1","0","0","0","0","0","0","0","0","4","0","","36","09","2018","2018099346","6","40.0606","-76.3063","1719","08","0","0","0","0","0","0","0","0","2","0","0","0","17","1","0","00","1","40 03:38.254","2","07","76 18:22.514","0","0","0","0","36101","0","0","0","N","0","0","0","3","36101","0","","1","01","N","N","0","","0","0","1","0","0","N","1717","0","2","0","0","0","0","0","3","0","2","N","","","","","","","","","","","","03","  ","","",""
"1042","0","0","0","0","0","0","0","0","0","7","0","","36","09","2018","2018099347","7","40.1059","-76.3062","1042","08","0","0","0","0","0","0","0","0","","0","0","0","02","2","1","00","0","40 06:21.391","","00","76 18:22.383","3","0","0","0","36101","0","0","0","N","0","0","0","1","36101","0","","5","01","N","N","0","","1","0","1","0","0","","0200","1","1","0","0","0","0","0","3","0","1","N","","","","","","","","","","","","99","  ","","",""
"1544","3","0","0","0","0","0","0","0","0","1","0","","36","09","2018","2018099348","6","40.0444","-76.3634","1540","08","0","0","0","0","1","0","0","0","","0","0","0","15","1","1","01","0","40 02:39.964","","00","76 21:48.087","3","0","0","0","36214","0","0","0","N","0","0","0","4","36214","0","","1","01","N","N","0","","1","0","0","3","2","","1539","1","3","0","0","0","0","0","3","0","3","N","","","","","","","","","","","","03","  ","","",""
"1459","1","0","0","0","0","0","0","0","0","4","0","","36","09","2018","2018099349","7","40.1142","-76.3837","1457","08","0","0","0","0","0","2","0","0","2","0","0","0","14","1","1","00","1","40 06:51.200","3","00","76 23:01.160","3","0","0","0","36214","0","0","0","N","0","0","0","3","36214","0","","1","01","N","N","1","","1","0","0","0","0","N","1455","1","2","0","0","0","0","0","3","0","2","N","","","","","","","","","","","","03","  ","","",""
"1939","1","0","0","0","0","0","0","0","0","4","0","","36","09","2018","2018099409","1","39.8925","-76.1631","1935","08","0","0","0","0","0","0","0","1","","0","0","0","19","3","0","01","0","39 53:33.066","","00","76 09:47.087","0","0","0","0","36416","0","0","0","N","0","0","0","3","36416","0","","1","09","","","0","","0","0","1","3","2","","1935","0","2","0","0","0","0","0","1","0","2","N","","","","","","","","","","","","07","  ","","",""
"0128","1","0","0","0","0","0","0","0","0","1","0","","36","09","2018","2018099413","1","40.0357","-76.523","0126","08","0","0","0","0","0","1","0","0","2","0","0","0","01","2","0","00","1","40 02:08.515","3","03","76 31:22.816","0","0","0","0","36239","0","0","0","N","0","0","0","2","36239","0","","1","01","N","N","1","","0","0","0","0","0","N","0125","0","2","0","0","0","0","0","3","0","2","N","","","","","","","","","","","","03","  ","","",""
"0031","1","0","0","0","0","0","0","0","0","4","0","","36","09","2018","2018099472","2","40.0245","-76.3198","0027","08","0","0","0","0","0","0","0","0","2","0","0","0","00","3","0","00","1","40 01:28.220","4","00","76 19:11.209","0","0","0","0","36301","0","0","0","N","0","0","0","1","36301","0","","4","01","N","N","0","","0","0","1","0","0","N","0024","0","2","0","0","0","0","0","3","0","2","N","","","","","","","","","","","","03","  ","","",""
"1258","1","0","0","0","0","0","0","0","0","4","0","","36","09","2018","2018099482","2","40.0685","-76.3074","1252","08","0","0","0","0","0","0","0","0","2","0","0","0","12","1","0","01","1","40 04:06.527","3","00","76 18:26.750","0","0","0","0","36101","0","0","0","N","0","0","0","3","36101","0","","1","09","N","N","0","","0","0","1","3","2","N","1246","0","2","0","0","0","0","0","3","0","2","N","","","","","","","","","","","","07","  ","","",""
"1119","0","0","0","0","0","0","0","0","0","4","0","","36","09","2018","2018099483","7","40.0638","-76.3405","1113","08","0","0","0","0","0","1","0","1","2","0","0","0","11","1","3","01","1","40 03:49.895","4","02","76 20:25.345","3","0","0","0","36101","0","0","0","N","0","0","0","3","36101","0","","1","01","N","N","0","","3","0","2","3","2","N","1108","3","2","0","0","0","0","0","3","0","2","N","","","","","","","","","","","","03","  ","","",""
"1031","1","0","0","0","0","0","0","0","0","1","0","","36","09","2018","2018099484","1","40.0584","-76.4032","1022","08","0","0","0","0","0","1","0","0","","0","0","0","10","1","1","01","0","40 03:30.240","","00","76 24:11.625","4","0","0","0","36214","0","0","0","N","0","0","0","3","36214","1","","1","09","N","N","0","","0","0","1","3","4","","1018","1","2","0","0","0","0","0","3","0","2","N","","","","","","","","","","","","07","  ","","",""
"1232","1","0","1","0","0","0","0","0","0","4","0","","36","09","2018","2018099485","1","40.1053","-76.431","1228","08","0","0","0","0","0","0","0","0","2","0","0","0","12","1","1","02","2","40 06:19.042","6","02","76 25:51.072","2","0","0","0","36214","0","0","0","N","0","0","0","7","36214","0","","1","09","N","N","0","","0","1","0","3","3","Y","1227","1","2","0","0","0","0","0","3","1","2","N","","","","","","","","","","","","07","  ","","",""
"0720","1","0","0","0","0","0","1","0","0","1","1","","36","09","2018","2018099513","2","40.0477","-76.4215","0711","08","0","0","0","0","0","0","0","1","2","0","0","0","07","1","0","02","1","40 02:51.589","3","00","76 25:17.326","0","0","0","0","36239","0","0","0","N","0","0","0","52","36239","0","","1","09","Y","N","0","","0","0","0","3","2","N","0711","0","2","0","0","0","0","0","3","0","2","N","","","","","","","","","","","","03","  ","","",""
"0804","1","0","0","0","0","0","0","0","0","2","0","","36","09","2018","2018099516","2","40.0389","-76.3455","0744","08","0","0","0","0","0","0","1","0","2","0","0","0","07","1","1","02","1","40 02:20.043","2","00","76 20:43.925","8","0","0","0","36214","0","0","0","N","0","0","0","2","36214","0","","1","09","N","N","0","","0","0","1","3","3","N","0744","1","2","0","0","0","1","0","3","0","2","N","","","","","","","","","","","","07","  ","","",""
"2241","1","0","0","0","0","0","0","0","0","7","0","","36","09","2018","2018099693","4","40.104","-76.2542","2236","08","0","0","0","0","0","0","0","0","","0","0","0","22","3","0","00","0","40 06:14.253","","00","76 15:15.057","0","0","0","0","36101","0","0","0","Y","0","0","0","1","36101","0","","4","01","N","N","0","","0","0","0","0","0","","2235","0","1","0","0","0","0","0","3","0","1","N","","","","","","","","","","","","03","  ","","",""
"0123","1","0","0","0","0","0","0","0","0","7","0","","36","09","2018","2018099694","2","40.0776","-76.3269","0122","08","0","0","0","0","0","0","0","0","","0","0","0","01","2","0","00","0","40 04:39.181","","00","76 19:36.857","0","0","0","0","36101","0","0","0","N","0","0","0","1","36101","0","","4","01","N","N","0","","0","0","0","0","0","","0120","0","1","0","0","0","0","0","3","0","1","N","","","","","","","","","","","","03","  ","","",""
"1647","2","0","0","0","0","0","0","0","0","4","0","","36","09","2018","2018099717","1","40.1728","-76.1768","1645","08","0","0","0","0","0","1","0","0","","0","0","0","16","1","0","00","0","40 10:22.030","","00","76 10:36.404","0","0","0","0","36408","3","0","0","N","0","0","0","4","36408","0","","6","01","N","N","0","","0","0","1","0","0","","1643","0","3","0","0","0","0","0","2","0","3","N","","","","","","","","","","","","03","  ","","",""
"1759","1","0","0","0","0","0","0","0","0","4","0","","36","09","2018","2018099743","6","40.1589","-76.3926","1759","08","0","1","0","0","0","0","0","0","2","0","0","0","17","1","0","05","1","40 09:32.101","7","00","76 23:33.439","0","0","0","0","36410","0","0","0","N","0","0","0","6","36410","0","","1","01","N","N","0","","0","0","1","3","3","N","1750","0","2","0","0","0","0","0","2","0","2","N","","","","","","","","","","","","03","  ","","",""
"2210","1","0","0","0","0","0","0","0","0","7","0","","36","09","2018","2018099937","5","40.1069","-76.3055","2205","08","0","0","0","0","0","0","0","0","2","0","0","0","22","3","1","00","2","40 06:24.697","5","00","76 18:19.699","2","0","0","0","36101","0","0","0","N","0","0","0","1","36101","0","","2","01","N","N","0","","0","1","0","0","0","Y","2202","1","1","0","1","1","0","0","3","0","1","N","","","","","","","","","","","","03","  ","","",""
"0901","1","0","0","0","0","0","0","0","0","4","0","","36","09","2018","2018099938","6","40.078","-76.3381","0858","08","0","0","0","0","0","1","0","1","2","0","0","0","08","1","1","01","1","40 04:40.938","5","00","76 20:17.286","4","0","0","0","36101","0","0","0","N","0","0","0","2","36101","1","","1","01","N","N","0","","0","0","0","9","2","N","0857","1","2","0","0","0","0","0","3","1","2","N","","","","","","","","","","","","03","  ","","",""
"1012","1","0","0","0","0","0","0","0","0","1","0","","36","09","2018","2018099939","4","40.0693","-76.309","1010","08","0","0","0","0","1","2","0","0","2","0","0","0","10","1","4","00","1","40 04:09.531","4","00","76 18:32.345","3","0","0","0","36101","0","0","0","N","0","0","0","5","36101","0","","1","01","N","N","1","","4","0","1","0","0","N","1004","4","3","0","0","0","0","0","3","0","3","N","","","","","","","","","","","","03","  ","","",""
"1706","0","0","0","0","0","0","0","0","0","4","0","","36","09","2018","2018099940","5","40.0809","-76.2969","1653","08","0","0","0","0","0","0","0","1","","0","0","0","16","1","0","01","0","40 04:51.301","","00","76 17:48.771","0","0","0","0","36101","0","0","0","N","0","0","0","2","36101","0","","1","01","N","N","0","","0","0","2","3","3","","1646","0","2","0","0","0","0","0","3","0","2","N","","","","","","","","","","","","03","  ","","",""
"1702","2","0","0","0","0","0","0","0","0","4","0","","36","09","2018","2018099941","5","40.1147","-76.244","1653","08","0","0","0","0","0","0","0","2","2","0","0","0","16","1","0","01","1","40 06:52.778","5","00","76 14:38.314","0","0","0","0","36101","0","0","0","N","0","0","0","3","36101","0","","1","01","N","N","1","","0","0","0","3","3","N","1648","0","3","0","0","0","0","0","3","0","3","N","","","","","","","","","","","","03","  ","","",""
"1429","3","0","0","0","0","0","0","0","0","1","0","","36","09","2018","2018099979","2","40.0397","-76.3229","1426","08","0","0","0","0","1","0","0","1","2","0","0","0","14","1","1","00","2","40 02:23.012","1","00","76 19:22.513","4","0","0","0","36301","0","0","0","N","0","0","0","6","36301","1","","1","01","N","N","0","","0","0","1","3","2","Y","1424","1","5","0","0","0","0","0","3","1","5","N","","","","","","","","","","","","03","  ","","",""
"1445","2","0","0","0","0","0","0","0","0","4","0","","36","09","2018","2018099993","2","40.052","-76.255","1427","08","0","1","0","0","0","0","0","0","2","0","0","0","14","1","0","01","1","40 03:07.037","1","07","76 15:18.033","0","0","0","0","36301","0","0","0","N","0","0","0","2","36301","0","","1","01","N","N","0","","0","0","0","3","3","N","1422","0","2","0","0","0","0","0","3","0","2","N","","","","","","","","","","","","03","  ","","",""
"1240","1","0","0","0","0","0","0","0","0","1","0","","36","09","2018","2018099997","4","40.2203","-76.4404","1221","08","1","0","0","0","0","0","1","0","","0","0","0","12","1","0","01","0","40 13:12.958","","00","76 26:25.539","0","0","0","0","36230","0","0","0","N","0","0","0","2","36410","0","","1","01","N","N","1","","0","0","0","3","3","","1215","0","3","0","0","0","0","0","1","0","2","N","","","","","","","","","","","","03","  ","","",""
"1410","0","0","0","0","0","0","0","0","0","0","0","","36","09","2018","2018100038","5","40.0613","-76.3517","1409","08","0","0","0","0","0","0","1","0","2","0","0","0","13","1","0","00","1","40 03:40.717","3","00","76 21:06.208","0","0","0","0","36214","0","0","0","N","0","0","0","1","36214","0","","1","01","N","N","0","","0","0","0","0","0","Y","1355","0","1","0","0","0","0","0","3","0","1","N","","","","","","","","","","","","03","  ","","",""
"1708","2","0","0","0","0","0","0","0","0","4","0","","36","09","2018","2018100059","2","40.036","-76.3082","1705","08","0","0","0","0","0","1","0","0","1","0","0","0","17","1","0","01","2","40 02:09.771","4","00","76 18:29.474","0","0","0","0","36301","0","0","0","N","0","0","0","2","36301","0","","1","01","N","N","0","","0","0","0","3","3","Y","1705","0","2","0","0","0","0","0","3","0","2","N","","","","","","","","","","","","03","  ","","",""