"ARRIVAL_TM","AUTOMOBILE_COUNT","BELTED_DEATH_COUNT","BELTED_SUSP_SERIOUS_INJ_COUNT","BICYCLE_COUNT","BICYCLE_DEATH_COUNT","BICYCLE_SUSP_SERIOUS_INJ_COUNT","BUS_COUNT","CHLDPAS_DEATH_COUNT","CHLDPAS_SUSP_SERIOUS_INJ_COUNT","COLLISION_TYPE","COMM_VEH_COUNT","CONS_ZONE_SPD_LIM","COUNTY","CRASH_MONTH","CRASH_YEAR","CRN","DAY_OF_WEEK","DEC_LAT","DEC_LONG","DISPATCH_TM","DISTRICT","DRIVER_COUNT_16YR","DRIVER_COUNT_17YR","DRIVER_COUNT_18YR","DRIVER_COUNT_19YR","DRIVER_COUNT_20YR","DRIVER_COUNT_50_64YR","DRIVER_COUNT_65_74YR","DRIVER_COUNT_75PLUS","EST_HRS_CLOSED","FATAL_COUNT","HEAVY_TRUCK_COUNT","HORSE_BUGGY_COUNT","HOUR_OF_DAY","ILLUMINATION","INJURY_COUNT","INTERSECT_TYPE","LANE_CLOSED","LATITUDE","LN_CLOSE_DIR","LOCATION_TYPE","LONGITUDE","MAX_SEVERITY_LEVEL","MCYCLE_DEATH_COUNT","MCYCLE_SUSP_SERIOUS_INJ_COUNT","MOTORCYCLE_COUNT","MUNICIPALITY","NONMOTR_COUNT","NONMOTR_DEATH_COUNT","NONMOTR_SUSP_SERIOUS_INJ_COUNT","NTFY_HIWY_MAINT","PED_COUNT","PED_DEATH_COUNT","PED_SUSP_SERIOUS_INJ_COUNT","PERSON_COUNT","POLICE_AGCY","POSSIBLE_INJ_COUNT","RDWY_SURF_TYPE_CD","RELATION_TO_ROAD","ROAD_CONDITION","SCH_BUS_IND","SCH_ZONE_IND","SMALL_TRUCK_COUNT","SPEC_JURIS_CD","SUSP_MINOR_INJ_COUNT","SUSP_SERIOUS_INJ_COUNT","SUV_COUNT","TCD_FUNC_CD","TCD_TYPE","TFC_DETOUR_IND","TIME_OF_DAY","TOT_INJ_COUNT","TOTAL_UNITS","UNB_DEATH_COUNT","UNB_SUSP_SERIOUS_INJ_COUNT","UNBELTED_OCC_COUNT","UNK_INJ_DEG_COUNT","UNK_INJ_PER_COUNT","URBAN_RURAL","VAN_COUNT","VEHICLE_COUNT","WORK_ZONE_IND","WORK_ZONE_LOC","WORK_ZONE_TYPE","WORKERS_PRES","WZ_CLOSE_DETOUR","WZ_FLAGGER","WZ_LAW_OFFCR_IND","WZ_LN_CLOSURE","WZ_MOVING","WZ_OTHER","WZ_SHLDER_MDN","ROADWAY_CLEARED","WEATHER1","WEATHER2","WZ_WORKERS_INJ_KILLED","SECONDARY_CRASH","INTERSECTION_RELATED"
"0919","0","0","0","0","0","0","0","0","0","1","0","","36","09","2018","2018100067","3","40.1397","-76.2109","0917","08","0","0","0","0","0","0","1","0","","0","0","0","09","1","0","00","0","40 08:22.764","","00","76 12:39.266","0","0","0","0","36238","0","0","0","N","0","0","0","2","36238","0","","1","09","N","N","1","","0","0","1","0","0","N","0913","0","2","0","0","0","0","0","3","0","2","N","","","","","","","","","","","","07","  ","","",""
"1438","2","0","0","0","0","0","0","0","0","1","0","","36","09","2018","2018100077","2","40.1621","-76.6095","1438","08","0","0","0","0","0","1","1","0","","0","0","0","14","1","0","02","0","40 09:43.631","","00","76 36:34.191","0","0","0","0","36225","0","0","0","N","0","0","0","3","36505","0","","1","01","N","N","0","","0","0","0","0","0","","1438","0","2","0","0","0","0","0","2","0","2","N","","","","","","","","","","","","03","  ","","",""
"0918","0","0","0","0","0","0","0","0","0","4","1","","36","08","2018","2018100135","6","39.9631","-75.9974","0906","08","0","0","0","0","0","0","0","1","5","2","1","0","09","1","1","01","2","39 57:47.302","7","00","75 59:50.526","1","0","0","0","36231","0","0","0","Y","0","0","0","3","68J01","0","2","1","01","N","N","1","0","1","0","0","3","2","Y","0901","1","2","2","0","2","0","0","1","0","2","N","","","","","","","","","","","","03","  ","","",""
"1358","0","0","0","0","0","0","0","0","0","7","0","","36","09","2018","2018100147","3","40.0951","-76.3739","1351","08","0","0","0","0","0","0","0","0","2","0","1","0","13","1","0","00","2","40 05:42.204","6","00","76 22:25.891","0","0","0","0","36214","0","0","0","N","0","0","0","2","36214","0","","5","09","N","N","0","","0","0","0","0","0","Y","1351","0","1","0","0","0","0","0","3","0","1","N","","","","","","","","","","","","07","  ","","",""
"1659","0","0","0","0","0","0","0","0","0","9","0","","36","09","2018","2018100164","6","39.9893","-76.3181","1659","08","0","0","0","0","0","0","0","0","1","0","0","0","16","1","0","00","1","39 59:21.435","5","00","76 19:05.215","0","0","0","0","36228","0","0","0","N","0","0","0","1","36503","0","","1","01","N","N","1","","0","0","0","0","0","Y","1659","0","1","0","0","0","0","0","1","0","1","N","","","","","","","","","","","","03","  ","","",""
"1942","1","0","0","0","0","0","0","0","0","7","0","","36","09","2018","2018100204","2","40.0591","-76.4041","1946","08","0","0","0","0","0","1","0","0","2","0","0","0","19","2","0","00","1","40 03:32.681","1","00","76 24:14.792","0","0","0","0","36214","0","0","0","N","0","0","0","1","36214","0","","2","09","N","N","0","","0","0","0","0","0","N","1940","0","1","0","0","0","0","0","3","0","1","N","","","","","","","","","","","","07","  ","","",""
"1712","4","0","0","0","0","0","0","0","0","1","0","","36","09","2018","2018100205","5","40.1515","-76.1257","1707","08","0","0","0","0","0","2","0","0","2","0","0","0","17","1","0","00","1","40 09:05.483","6","00","76 07:32.683","0","0","0","0","36209","0","0","0","N","0","0","0","6","36415","0","","1","01","N","N","0","","0","0","0","0","0","N","1707","0","4","0","0","6","0","0","1","0","4","N","","","","","","","","","","","","03","  ","","",""
"1957","1","0","0","0","0","0","0","0","0","7","0","","36","09","2018","2018100264","3","40.0842","-76.6234","1950","08","0","0","0","0","0","1","0","0","","0","0","0","19","2","0","02","0","40 05:03.275","","00","76 37:24.120","0","0","0","0","36207","0","0","0","N","0","0","0","1","36504","0","","5","09","N","N","0","","0","0","0","3","3","","1949","0","1","0","0","0","0","0","1","0","1","N","","","","","","","","","","","","07","05","","",""
"2154","1","0","0","0","0","0","0","0","0","7","0","","36","09","2018","2018100272","2","","","2142","08","0","0","0","0","0","0","0","0","2","0","0","0","21","3","1","00","1","","1","00","","8","0","0","0","36218","0","0","0","N","0","0","0","1","36408","0","","5","09","N","N","0","","0","0","0","0","0","N","2142","1","1","0","0","0","1","0","1","0","1","N","","","","","","","","","","","","07","  ","","",""
"0610","1","0","0","0","0","0","0","0","0","7","0","","36","09","2018","2018100292","7","39.8843","-76.1357","0541","08","0","0","0","0","0","0","0","0","1","0","0","0","05","2","1","00","1","39 53:03.510","5","00","76 08:08.378","3","0","0","0","36205","0","0","0","N","0","0","0","1","68J01","0","","4","09","N","N","0","","1","0","0","0","0","N","0540","1","1","0","0","0","0","0","1","0","1","N","","","","","","","","","","","","07","  ","","",""
"1733","1","0","0","0","0","0","0","0","0","7","0","","36","09","2018","2018100339","6","40.223","-76.4178","1716","08","0","0","0","0","0","0","0","0","2","0","0","0","17","1","1","00","2","40 13:22.833","4","00","76 25:04.082","8","0","0","0","36227","0","0","0","N","0","0","0","1","68T06","0","","4","01","N","N","0","","0","0","0","0","0","Y","1715","1","1","0","0","0","1","0","1","0","1","N","","","","","","","","","","","","03","  ","","",""
"1736","1","0","0","0","0","0","0","0","0","8","0","","36","09","2018","2018100388","3","39.9758","-76.2752","1724","08","0","0","0","0","0","0","0","0","2","0","0","0","17","1","1","02","1","39 58:32.897","1","00","76 16:30.608","3","0","0","0","36240","1","0","0","N","1","0","0","3","36240","0","","1","01","N","N","0","","1","0","0","3","3","N","1720","1","2","0","0","0","0","0","1","0","1","N","","","","","","","","","","","","03","  ","","",""
"2310","1","0","0","0","0","0","0","0","0","1","0","","36","09","2018","2018100390","3","40.0499","-76.4029","2306","08","0","0","0","0","0","0","0","0","1","0","0","0","22","2","2","00","1","40 02:59.789","3","00","76 24:10.436","8","0","0","0","36239","0","0","0","N","0","0","0","3","36239","0","","1","09","N","N","0","","0","0","1","0","0","N","2254","2","2","0","0","0","2","0","3","0","2","N","","","","","","","","","","","","07","05","","",""
"1632","1","0","0","0","0","0","0","0","0","4","0","","36","09","2018","2018100396","4","40.1595","-76.6093","1629","08","0","0","0","0","0","0","2","0","","0","0","0","16","1","1","01","0","40 09:34.308","","00","76 36:33.635","3","0","0","1","36407","0","0","0","N","0","0","0","3","36407","0","","1","01","N","N","0","","1","0","0","0","0","","1625","1","2","0","0","0","0","0","2","0","2","N","","","","","","","","","","","","03","  ","","",""
"0921","1","0","0","0","0","0","0","0","0","4","0","","36","09","2018","2018100409","3","40.0703","-76.3013","0921","08","0","0","0","0","0","0","0","0","2","0","0","0","09","1","0","01","1","40 04:13.010","3","00","76 18:04.714","0","0","0","0","36101","0","0","0","N","0","0","0","2","36101","0","","1","09","N","N","0","","0","0","1","3","2","N","0916","0","2","0","0","0","0","0","3","0","2","N","","","","","","","","","","","","07","  ","","",""
"1137","1","0","0","0","0","0","0","0","0","7","0","","36","09","2018","2018100410","3","39.9993","-76.4264","1130","08","0","0","0","0","0","0","0","0","","0","0","0","11","1","0","03","0","39 59:57.518","","00","76 25:35.198","0","0","0","0","36223","0","0","0","N","0","0","0","1","36223","0","","5","09","N","N","0","","0","0","0","0","0","","1125","0","1","0","0","0","0","0","1","0","1","N","","","","","","","","","","","","03","  ","","",""
"1436","1","0","0","0","0","0","0","0","0","4","0","","36","09","2018","2018100411","1","39.9832","-76.399","1714","08","0","0","0","0","0","0","0","0","","0","0","0","14","1","0","02","0","39 58:59.667","","00","76 23:56.291","0","0","0","0","36223","0","0","0","N","0","0","0","2","36223","0","","1","01","N","N","1","","0","0","0","3","3","","1415","0","2","0","0","0","0","0","1","0","2","N","","","","","","","","","","","","03","  ","","",""
"2020","1","0","0","0","0","0","0","0","0","7","0","","36","09","2018","2018100418","3","40.1625","-76.5528","2016","08","0","0","0","0","0","0","0","0","3","0","0","0","20","2","0","02","1","40 09:44.935","1","00","76 33:10.134","0","0","0","0","36225","0","0","0","N","0","0","0","1","36505","0","","5","09","","","0","","0","0","0","0","0","Y","2014","0","1","0","0","0","0","0","2","0","1","N","","","","","","","","","","","","05","  ","","",""
"0725","1","0","0","0","0","0","0","0","0","6","0","","36","09","2018","2018100459","4","40.0492","-76.4792","0720","08","0","0","0","0","0","0","1","0","2","0","0","0","07","1","0","00","2","40 02:57.195","6","00","76 28:45.234","0","0","0","0","36239","0","0","0","N","0","0","0","2","36239","0","","1","01","N","N","1","","0","0","0","0","0","Y","0718","0","2","0","0","0","0","0","3","0","2","N","","","","","","","","","","","","03","  ","","",""
"2252","2","0","0","0","0","0","0","0","0","1","0","","36","09","2018","2018100474","2","40.039","-76.5105","2248","08","0","0","0","0","0","1","0","0","2","0","0","0","22","3","0","01","1","40 02:20.317","2","00","76 30:37.949","0","0","0","0","36404","0","0","0","N","0","0","0","2","36404","0","","1","09","N","N","0","","0","0","0","3","1","N","2248","0","2","0","0","0","0","0","3","0","2","N","","","","","","","","","","","","07","  ","","",""
"1217","2","0","0","0","0","0","0","0","0","1","0","","36","09","2018","2018100691","1","40.0775","-76.2596","1205","08","0","0","0","0","0","0","1","0","","0","0","0","12","1","0","00","0","40 04:39.149","","00","76 15:34.405","0","0","0","0","36101","0","0","0","N","0","0","0","2","36101","0","","1","09","N","N","0","","0","0","0","0","0","","1203","0","2","0","0","0","0","0","3","0","2","N","","","","","","","","","","","","07","  ","","",""
"1042","1","0","0","0","0","0","0","0","0","3","1","","36","09","2018","2018100692","7","40.0579","-76.1837","1032","08","0","0","0","0","0","1","0","0","","0","1","0","10","1","0","00","0","40 03:28.550","","07","76 11:01.480","0","0","0","0","36234","0","0","0","N","0","0","0","3","36215","0","","1","01","N","N","0","","0","0","0","0","0","","1030","0","2","0","0","0","0","0","1","0","2","N","","","","","","","","","","","","03","  ","","",""
"2041","1","0","0","0","0","0","0","0","0","9","0","","36","09","2018","2018100693","6","40.0455","-76.2104","2038","08","0","0","0","0","0","0","0","0","3","0","0","0","20","2","1","00","2","40 02:43.825","5","00","76 12:37.573","3","0","0","0","36215","0","0","0","N","0","0","0","1","36215","0","","1","01","N","N","0","","1","0","0","0","0","Y","2038","1","1","0","0","0","0","0","1","0","1","N","","","","","","","","","","","","03","  ","","",""
"1313","0","0","0","0","0","0","0","0","0","6","0","","36","09","2018","2018100695","2","40.031","-76.2354","1311","08","0","0","0","0","0","0","0","0","1","0","0","0","13","1","2","02","1","40 01:50.687","3","00","76 14:03.501","3","0","0","0","36215","0","0","0","N","0","0","0","6","36215","0","","1","09","N","N","0","","2","0","2","0","0","N","1308","2","2","0","0","0","0","0","1","0","2","N","","","","","","","","","","","","07","  ","","",""
"1926","1","0","0","0","0","0","0","0","0","7","0","","36","09","2018","2018100696","2","40.0416","-76.2463","1922","08","0","0","0","1","0","0","0","0","","0","0","0","19","3","0","06","0","40 02:29.698","","02","76 14:46.555","0","0","0","0","36215","0","0","0","N","0","0","0","1","36215","0","","4","09","N","N","0","","0","0","0","0","0","","1922","0","1","0","0","0","0","0","1","0","1","N","","","","","","","","","","","","07","  ","","",""
"1647","2","0","0","0","0","0","0","0","0","1","0","","36","09","2018","2018100697","3","40.0404","-76.2463","1634","08","0","0","0","0","0","0","0","0","","0","0","0","16","1","0","07","0","40 02:25.543","","02","76 14:49.602","0","0","0","0","36215","0","0","0","N","0","0","0","2","36215","0","","1","01","N","N","0","","0","0","0","3","4","","1632","0","2","0","0","0","0","0","1","0","2","N","","","","","","","","","","","","03","  ","","",""
"1054","1","0","0","0","0","0","0","0","0","4","0","","36","09","2018","2018100698","4","40.0223","-76.1926","1050","08","0","0","0","0","1","0","0","0","","0","0","0","10","1","1","00","0","40 01:20.406","","00","76 11:33.187","3","0","0","0","36215","0","0","0","N","0","0","0","2","36215","0","","1","01","N","N","0","","1","0","0","0","0","","1049","1","2","0","0","0","0","0","1","1","2","N","","","","","","","","","","","","03","  ","","",""
"1408","1","0","0","0","0","0","0","0","0","7","0","","36","09","2018","2018100699","5","40.0237","-76.1992","1406","08","0","0","0","0","0","0","0","0","4","0","0","0","14","1","0","00","2","40 01:25.356","6","00","76 11:57.174","0","0","0","0","36215","0","0","0","N","0","0","0","1","36215","0","","5","01","N","N","0","","0","0","0","0","0","Y","1404","0","1","0","0","0","0","0","1","0","1","N","","","","","","","","","","","","03","  ","","",""
"1201","2","0","0","0","0","0","0","0","0","4","0","","36","09","2018","2018100700","6","40.0506","-76.2558","1156","08","0","0","0","0","0","0","1","0","","0","0","0","11","1","0","01","0","40 03:02.335","","00","76 15:20.941","0","0","0","0","36215","0","0","0","N","0","0","0","2","36215","0","","1","01","N","N","0","","0","0","0","3","2","","1152","0","2","0","0","0","0","0","1","0","2","N","","","","","","","","","","","","03","  ","","",""
"1021","0","0","0","0","0","0","0","0","0","4","0","","36","09","2018","2018100701","1","40.0384","-76.269","1012","08","0","0","0","0","0","1","0","1","","0","0","0","10","1","0","00","0","40 02:18.183","","00","76 16:08.447","0","0","0","0","36215","0","0","0","N","0","0","0","3","36215","0","","1","09","N","N","0","","0","0","1","0","0","","1007","0","2","0","0","0","0","0","1","1","2","N","","","","","","","","","","","","07","  ","","",""
"1534","2","0","0","0","0","0","0","0","0","4","0","","36","09","2018","2018100702","1","40.0376","-76.2673","1530","08","1","0","0","0","0","1","0","0","2","0","0","0","15","1","0","00","1","40 02:15.224","4","00","76 16:02.170","0","0","0","0","36215","0","0","0","N","0","0","0","4","36215","0","","1","09","N","N","0","","0","0","0","0","0","N","1529","0","2","0","0","0","0","0","1","0","2","N","","","","","","","","","","","","07","  ","","",""
"2234","2","0","0","0","0","0","0","0","0","4","0","","36","09","2018","2018100709","7","40.0382","-76.3182","2234","08","0","0","0","0","0","1","0","0","3","0","0","0","22","3","0","03","1","40 02:17.655","4","00","76 19:05.521","0","0","0","0","36301","0","0","0","N","0","0","0","6","36301","0","","1","01","N","N","0","","0","0","0","0","0","N","2232","0","2","0","0","0","0","0","3","0","2","N","","","","","","","","","","","","03","  ","","",""
"1825","2","0","0","0","0","0","0","0","0","1","0","","36","09","2018","2018100739","4","40.0389","-76.4557","1814","08","0","0","0","0","0","0","0","0","2","0","0","0","18","4","0","00","1","40 02:20.062","4","00","76 27:20.544","0","0","0","0","36239","0","0","0","N","0","0","0","2","36239","0","","1","09","N","N","0","","0","0","0","0","0","Y","1812","0","2","0","0","0","0","0","3","0","2","N","","","","","","","","","","","","07","  ","","",""
"2000","1","0","0","0","0","0","0","0","0","7","0","","36","09","2018","2018100743","4","40.0659","-76.4759","1949","08","0","0","0","0","0","0","1","0","1","0","0","0","19","4","1","00","1","40 03:57.237","6","00","76 28:33.360","3","0","0","0","36239","0","0","0","N","0","0","0","1","36239","0","","5","09","N","N","0","","1","0","0","0","0","Y","1946","1","1","0","0","1","0","0","3","0","1","N","","","","","","","","","","","","03","  ","","",""
"1614","2","0","0","0","0","0","0","0","0","4","0","","36","09","2018","2018100752","3","40.0358","-76.5018","1612","08","0","0","0","0","0","0","1","0","","0","0","0","16","1","0","01","0","40 02:09.013","","00","76 30:06.445","0","0","0","0","36404","0","0","0","N","0","0","0","5","36404","0","","1","01","N","N","0","","0","0","0","3","3","N","1612","0","2","0","0","0","0","0","3","0","2","N","","","","","","","","","","","","03","  ","","",""
"1908","2","0","0","0","0","0","0","0","0","1","0","","36","09","2018","2018100775","1","39.9827","-76.1628","1859","08","0","0","0","0","0","1","0","0","2","0","0","0","18","3","0","00","1","39 58:57.747","6","00","76 09:46.130","0","0","0","0","36233","0","0","0","N","0","0","0","5","68J01","0","","1","01","N","N","0","","0","0","0","0","0","N","1857","0","2","0","0","1","0","0","1","0","2","N","","","","","","","","","","","","03","  ","","",""
"1406","0","0","0","0","0","0","0","0","0","4","0","","36","09","2018","2018100780","4","39.889","-76.1385","1353","08","0","0","0","0","0","0","0","0","2","0","0","0","13","1","0","01","1","39 53:20.254","1","00","76 08:18.744","0","0","0","0","36216","0","0","0","N","0","0","0","4","68J01","0","","1","01","N","N","1","","0","0","1","3","3","N","1336","0","2","0","0","0","0","0","1","0","2","N","","","","","","","","","","","","03","  ","","",""
"1134","0","0","0","0","0","0","0","1","0","4","1","","36","08","2018","2018100811","5","39.9053","-76.134","1123","08","0","0","0","0","0","1","1","0","3","1","0","0","11","1","1","02","2","39 54:19.134","6","00","76 08:02.230","1","0","0","0","36216","0","0","0","Y","0","0","0","6","68J01","0","2","1","01","N","N","1","0","0","0","1","0","0","Y","1120","1","3","0","0","0","1","0","1","1","3","N","","","","","","","","","","","","03","  ","","",""
"1808","1","0","0","0","0","0","0","0","0","5","0","","36","09","2018","2018100814","4","40.1797","-76.1984","1802","08","0","1","0","0","0","0","0","0","","0","0","0","18","1","0","00","0","40 10:46.795","","00","76 11:54.075","0","0","0","0","36218","0","0","0","N","0","0","0","2","36408","0","","4","01","N","N","0","","0","0","1","0","0","","1800","0","2","0","0","0","0","0","1","0","2","N","","","","","","","","","","","","03","  ","","",""
"0730","1","0","0","0","0","0","0","0","0","1","0","","36","09","2018","2018100831","3","40.142","-76.1996","0718","08","0","0","1","0","0","0","0","0","1","0","0","0","07","1","0","00","1","40 08:31.223","2","00","76 11:58.657","0","0","0","0","36238","0","0","0","N","0","0","0","2","36238","0","","1","09","N","N","0","","0","0","1","0","0","N","0716","0","2","0","0","0","0","0","3","0","2","N","","","","","","","","","","","","07","  ","","",""
"0430","1","0","0","0","0","0","0","0","0","7","0","","36","09","2018","2018100844","2","40.0526","-76.3943","0424","08","0","0","0","0","0","0","0","0","","0","0","0","04","2","0","07","0","40 03:09.202","","02","76 23:39.595","0","0","0","0","36214","0","0","0","N","0","0","0","1","36214","0","","5","09","N","N","0","","0","0","0","0","0","","0418","0","1","0","0","0","0","0","3","0","1","N","","","","","","","","","","","","07","  ","","",""
"1206","1","0","0","0","0","0","0","0","0","1","0","","36","09","2018","2018100845","4","40.0516","-76.361","1153","08","0","0","0","0","0","0","0","0","","0","0","0","11","1","0","00","0","40 03:05.726","","00","76 21:39.552","0","0","0","0","36214","0","0","0","N","0","0","0","2","36214","0","","1","01","N","N","1","","0","0","0","0","0","","1149","0","2","0","0","0","0","0","3","0","2","N","","","","","","","","","","","","03","  ","","",""
"1534","1","0","0","0","0","0","0","0","0","4","0","","36","09","2018","2018100846","4","40.049","-76.3735","1534","08","0","0","0","0","0","2","0","0","1","0","0","0","15","1","1","01","2","40 02:56.511","3","00","76 22:24.628","3","0","0","0","36214","0","0","0","N","0","0","0","3","36214","0","","1","01","N","N","1","","1","0","0","3","3","Y","1534","1","2","0","0","1","0","0","3","0","2","N","","","","","","","","","","","","03","  ","","",""
"1835","1","0","0","0","0","0","0","0","0","7","0","","36","09","2018","2018100847","4","40.1121","-76.4048","1831","08","0","0","0","0","0","0","1","0","3","0","0","0","18","4","1","00","1","40 06:43.480","4","00","76 24:17.450","3","0","0","0","36214","0","0","0","N","0","0","0","1","36214","0","","4","09","N","N","0","","1","0","0","0","0","N","1828","1","1","0","0","0","0","0","3","0","1","N","","","","","","","","","","","","07","  ","","",""
"0751","2","0","0","0","0","0","0","0","0","1","0","","36","09","2018","2018100859","3","40.1418","-76.1995","0751","08","0","0","0","0","0","0","0","0","","0","0","0","07","1","0","00","0","40 08:30.447","","00","76 11:58.201","0","0","0","0","36238","0","0","0","N","0","0","0","3","36238","0","","1","09","N","N","0","","0","0","0","0","0","","0751","0","2","0","0","0","0","0","3","0","2","N","","","","","","","","","","","","07","  ","","",""
"2247","1","0","0","0","0","0","0","0","0","7","0","","36","09","2018","2018100862","3","40.0151","-76.2752","2240","08","0","1","0","0","0","0","0","0","4","0","0","0","22","2","1","00","2","40 00:54.465","5","00","76 16:30.732","8","0","0","0","36240","0","0","0","N","0","0","0","1","36240","0","","5","09","N","N","0","","0","0","0","0","0","Y","2237","1","1","0","0","0","1","0","1","0","1","N","","","","","","","","","","","","07","  ","","",""
"0751","2","0","0","0","0","0","0","0","0","1","0","","36","09","2018","2018100894","5","40.1275","-76.2152","0746","08","0","0","0","0","0","0","0","1","1","0","0","0","07","1","2","00","2","40 07:39.094","6","00","76 12:54.799","3","0","0","0","36238","0","0","0","N","0","0","0","3","36238","0","","1","01","N","N","0","","1","0","0","0","0","Y","0745","2","3","0","0","0","1","0","3","1","3","N","","","","","","","","","","","","03","  ","","",""
"0844","1","0","0","0","0","0","0","0","0","7","0","","36","09","2018","2018100905","7","40.0268","-76.4973","0838","08","0","0","1","0","0","0","0","0","","0","0","0","08","1","0","11","0","40 01:36.530","","00","76 29:50.143","0","0","0","0","36404","0","0","0","N","0","0","0","2","36404","0","","5","09","N","N","0","","0","0","0","0","0","","0838","0","1","0","0","0","0","0","3","0","1","N","","","","","","","","","","","","07","  ","","",""
"0833","2","0","0","0","0","0","0","0","0","5","0","","36","09","2018","2018100923","5","40.0407","-76.4293","0827","08","0","0","0","0","0","1","0","0","1","0","0","0","08","1","0","00","1","40 02:26.549","4","00","76 25:45.593","0","0","0","0","36239","0","0","0","N","0","0","0","1","36239","0","","4","01","N","N","0","","0","0","0","0","0","Y","0827","0","2","0","0","0","0","0","3","0","2","N","","","","","","","","","","","","03","  ","","",""
"2021","2","0","0","0","0","0","0","0","0","1","0","","36","09","2018","2018100973","1","40.2006","-76.0534","2016","08","0","0","0","0","0","0","0","0","","0","0","0","20","2","0","00","0","40 12:02.058","","00","76 03:12.276","0","0","0","0","36202","0","0","0","N","0","0","0","5","68J01","0","","1","01","N","N","0","","0","0","0","0","0","","2014","0","2","0","0","0","0","0","1","0","2","N","","","","","","","","","","","","03","  ","","",""
"1550","0","0","0","0","0","0","0","0","0","1","0","","36","09","2018","2018100976","2","40.1451","-75.9041","1521","08","0","0","0","0","1","1","0","0","2","0","0","0","14","1","1","00","1","40 08:42.232","5","00","75 54:14.909","8","0","0","0","36203","0","0","0","N","0","0","0","3","68J01","0","","1","09","N","N","1","","0","0","2","0","0","N","1459","1","3","0","0","0","1","0","1","0","3","N","","","","","","","","","","","","07","  ","","",""
"0306","0","0","0","0","0","0","0","0","0","7","0","","36","09","2018","2018100983","4","40.1328","-75.9014","0236","08","0","0","0","0","0","0","0","0","","0","0","0","02","2","0","00","0","40 07:58.026","","00","75 54:04.919","0","0","0","0","36203","0","0","0","N","0","0","0","1","68J01","0","","4","01","N","N","0","","0","0","1","0","0","","0235","0","1","0","0","0","0","0","1","0","1","N","","","","","","","","","","","","03","  ","","",""
"0451","1","0","0","0","0","0","0","0","0","7","1","","36","09","2018","2018100989","6","40.2246","-76.2965","0434","08","0","0","1","0","0","1","0","0","3","0","1","0","04","3","1","00","2","40 13:28.537","6","00","76 17:47.512","3","0","0","0","36217","0","0","0","Y","0","0","0","2","68J01","0","","4","01","N","N","0","","1","0","0","0","0","Y","0426","1","2","0","0","0","0","0","1","0","2","N","","","","","","","","","","","","03","  ","","",""
"1947","1","0","0","0","0","0","0","0","0","7","0","","36","09","2018","2018101001","7","39.855","-76.2828","1939","08","0","0","0","0","0","0","0","0","2","0","0","0","19","2","0","00","1","39 51:18.116","3","00","76 16:57.920","0","0","0","0","36224","0","0","0","Y","0","0","0","1","68J01","0","","2","01","N","N","0","","0","0","0","0","0","N","1936","0","1","0","0","0","0","0","1","0","1","N","","","","","","","","","","","","03","  ","","",""
"0820","1","0","0","0","0","0","0","0","0","1","0","","36","09","2018","2018101009","3","39.8143","-76.1891","0758","08","0","0","0","0","0","1","0","1","1","0","0","0","07","1","1","02","1","39 48:51.303","2","00","76 11:20.832","3","0","0","0","36208","0","0","0","N","0","0","0","2","68J01","0","","1","09","N","N","0","","1","0","1","0","0","N","0753","1","2","0","0","0","0","0","1","0","2","N","","","","","","","","","","","","07","  ","","",""
"1555","0","0","0","0","0","0","0","0","0","4","0","","36","09","2018","2018101021","4","39.9479","-76.2301","1555","08","0","0","0","0","0","0","0","0","1","0","0","0","15","1","0","01","1","39 56:52.314","2","00","76 13:48.470","0","0","0","0","36233","0","0","0","N","0","0","0","2","68J01","0","","1","01","N","N","1","","0","0","1","3","3","N","1548","0","2","0","0","0","0","0","1","0","2","N","","","","","","","","","","","","03","  ","","",""
"0612","2","0","0","0","0","0","0","0","0","4","0","","36","09","2018","2018101116","4","40.1093","-76.2501","0605","08","0","0","0","0","0","1","0","0","2","0","0","0","06","2","1","01","1","40 06:33.403","7","06","76 15:00.444","8","0","0","0","36101","0","0","0","N","0","0","0","2","36101","0","","1","09","N","N","0","","0","0","0","0","0","N","0604","1","2","0","0","1","1","0","3","0","2","N","","","","","","","","","","","","07","05","","",""
"1610","1","0","0","0","0","0","0","0","0","4","0","","36","09","2018","2018101117","4","40.0392","-76.2813","1604","08","0","0","0","0","0","1","0","0","2","0","0","0","16","1","1","02","1","40 02:21.341","4","00","76 16:52.710","3","0","0","0","36220","0","0","0","N","0","0","0","3","36101","0","","1","01","N","N","0","","1","0","1","0","0","N","1603","1","2","0","0","0","0","0","3","0","2","N","","","","","","","","","","","","03","  ","","",""
"1330","1","0","0","0","0","0","0","0","0","4","0","","36","09","2018","2018101118","6","40.0186","-76.2013","1316","08","0","0","0","0","0","0","1","1","1","0","0","0","13","1","0","01","1","40 01:06.801","3","00","76 12:04.683","0","0","0","0","36215","0","0","0","N","0","0","0","3","36215","0","","1","01","N","N","1","","0","0","0","3","3","N","1313","0","2","0","0","0","0","0","1","0","2","N","","","","","","","","","","","","03","  ","","",""
"1851","1","0","0","0","0","0","0","0","0","7","0","","36","09","2018","2018101119","4","40.1766","-76.4026","1835","08","0","0","0","0","0","0","0","0","2","0","0","0","18","4","1","02","1","40 10:35.758","1","00","76 24:09.248","3","0","0","0","36230","0","0","0","N","0","0","0","1","36410","0","","5","09","N","N","0","","1","0","0","0","0","N","1835","1","1","0","0","0","0","0","1","0","1","N","","","","","","","","","","","","07","  ","","",""