"ARRIVAL_TM","AUTOMOBILE_COUNT","BELTED_DEATH_COUNT","BELTED_SUSP_SERIOUS_INJ_COUNT","BICYCLE_COUNT","BICYCLE_DEATH_COUNT","BICYCLE_SUSP_SERIOUS_INJ_COUNT","BUS_COUNT","CHLDPAS_DEATH_COUNT","CHLDPAS_SUSP_SERIOUS_INJ_COUNT","COLLISION_TYPE","COMM_VEH_COUNT","CONS_ZONE_SPD_LIM","COUNTY","CRASH_MONTH","CRASH_YEAR","CRN","DAY_OF_WEEK","DEC_LAT","DEC_LONG","DISPATCH_TM","DISTRICT","DRIVER_COUNT_16YR","DRIVER_COUNT_17YR","DRIVER_COUNT_18YR","DRIVER_COUNT_19YR","DRIVER_COUNT_20YR","DRIVER_COUNT_50_64YR","DRIVER_COUNT_65_74YR","DRIVER_COUNT_75PLUS","EST_HRS_CLOSED","FATAL_COUNT","HEAVY_TRUCK_COUNT","HORSE_BUGGY_COUNT","HOUR_OF_DAY","ILLUMINATION","INJURY_COUNT","INTERSECT_TYPE","LANE_CLOSED","LATITUDE","LN_CLOSE_DIR","LOCATION_TYPE","LONGITUDE","MAX_SEVERITY_LEVEL","MCYCLE_DEATH_COUNT","MCYCLE_SUSP_SERIOUS_INJ_COUNT","MOTORCYCLE_COUNT","MUNICIPALITY","NONMOTR_COUNT","NONMOTR_DEATH_COUNT","NONMOTR_SUSP_SERIOUS_INJ_COUNT","NTFY_HIWY_MAINT","PED_COUNT","PED_DEATH_COUNT","PED_SUSP_SERIOUS_INJ_COUNT","PERSON_COUNT","POLICE_AGCY","POSSIBLE_INJ_COUNT","RDWY_SURF_TYPE_CD","RELATION_TO_ROAD","ROAD_CONDITION","SCH_BUS_IND","SCH_ZONE_IND","SMALL_TRUCK_COUNT","SPEC_JURIS_CD","SUSP_MINOR_INJ_COUNT","SUSP_SERIOUS_INJ_COUNT","SUV_COUNT","TCD_FUNC_CD","TCD_TYPE","TFC_DETOUR_IND","TIME_OF_DAY","TOT_INJ_COUNT","TOTAL_UNITS","UNB_DEATH_COUNT","UNB_SUSP_SERIOUS_INJ_COUNT","UNBELTED_OCC_COUNT","UNK_INJ_DEG_COUNT","UNK_INJ_PER_COUNT","URBAN_RURAL","VAN_COUNT","VEHICLE_COUNT","WORK_ZONE_IND","WORK_ZONE_LOC","WORK_ZONE_TYPE","WORKERS_PRES","WZ_CLOSE_DETOUR","WZ_FLAGGER","WZ_LAW_OFFCR_IND","WZ_LN_CLOSURE","WZ_MOVING","WZ_OTHER","WZ_SHLDER_MDN","ROADWAY_CLEARED","WEATHER1","WEATHER2","WZ_WORKERS_INJ_KILLED","SECONDARY_CRASH","INTERSECTION_RELATED"
"1751","1","0","0","0","0","0","0","0","0","4","0","","36","09","2018","2018101181","5","40.1535","-76.128","1748","08","0","0","0","0","0","1","0","0","2","0","0","0","17","1","1","02","1","40 09:12.745","3","00","76 07:40.970","8","0","0","1","36218","0","0","0","N","0","0","0","2","36408","0","","1","09","N","N","0","","0","0","0","3","2","N","1745","1","2","0","0","0","1","0","1","0","2","N","","","","","","","","","","","","07","  ","","",""
"1656","0","0","0","0","0","0","0","0","0","1","0","","36","09","2018","2018101218","3","40.0391","-76.0579","1656","08","0","0","0","0","0","1","0","0","2","0","0","1","16","1","1","00","1","40 02:20.586","4","00","76 03:28.303","3","0","0","0","36221","1","0","0","N","0","0","0","2","68J01","0","","1","01","N","N","0","","1","0","1","0","0","N","1641","1","2","0","0","0","0","0","1","0","1","N","","","","","","","","","","","","03","  ","","",""
"1221","2","0","0","0","0","0","0","0","0","2","0","","36","09","2018","2018101229","7","39.9272","-76.1975","1204","08","0","0","0","0","0","1","0","0","","0","0","0","12","1","2","03","0","39 55:38.003","","00","76 11:50.959","3","0","0","0","36233","0","0","0","N","0","0","0","2","68J01","0","","1","01","N","N","0","","2","0","0","0","0","","1202","2","2","0","0","0","0","0","1","0","2","N","","","","","","","","","","","","03","  ","","",""
"2058","2","0","0","0","0","0","0","0","0","1","0","","36","09","2018","2018101280","4","40.033","-76.3068","2058","08","1","0","0","0","0","0","0","0","1","0","0","0","20","3","0","01","1","40 01:58.902","2","00","76 18:24.637","0","0","0","0","36301","0","0","0","N","0","0","0","4","36301","0","","1","01","N","N","0","","0","0","0","3","2","N","2058","0","2","0","0","0","0","0","3","0","2","N","","","","","","","","","","","","03","  ","","",""
"1857","0","0","0","0","0","0","0","0","0","4","0","","36","09","2018","2018101281","4","40.1761","-76.2249","1853","08","0","0","0","0","0","0","0","0","1","0","0","0","18","2","0","01","1","40 10:34.041","6","00","76 13:29.758","0","0","0","0","36218","0","0","0","N","0","0","0","3","36408","0","","1","01","N","N","0","","0","0","1","3","3","N","1850","0","2","0","0","0","0","0","1","1","2","N","","","","","","","","","","","","03","  ","","",""
"0238","0","0","0","0","0","0","0","0","0","2","0","","36","09","2018","2018101298","6","40.0445","-76.309","0235","08","0","0","0","0","0","0","0","0","2","0","0","0","02","3","1","00","2","40 02:40.292","2","00","76 18:32.268","2","0","0","0","36301","0","0","0","N","0","0","0","1","36301","0","","1","09","N","N","0","","0","1","1","0","0","Y","0235","1","2","0","1","1","0","0","3","0","2","N","","","","","","","","","","","","07","  ","","",""
"1231","2","0","0","0","0","0","0","0","0","1","0","","36","09","2018","2018101307","4","40.0606","-76.3063","1220","08","0","0","0","0","0","0","0","0","1","0","0","0","12","1","0","03","1","40 03:38.254","1","00","76 18:22.514","0","0","0","0","36101","0","0","0","N","0","0","0","2","36101","0","","1","01","N","N","0","","0","0","0","0","0","N","1214","0","2","0","0","0","0","0","3","0","2","N","","","","","","","","","","","","03","  ","","",""
"2010","0","0","0","0","0","0","0","0","0","7","1","","36","09","2018","2018101308","5","40.1058","-76.2489","2000","08","0","0","0","0","1","0","0","0","3","0","1","0","20","2","1","00","2","40 06:20.710","5","00","76 14:56.200","3","0","0","0","36101","0","0","0","N","0","0","0","1","36101","0","","4","09","N","N","0","","1","0","0","0","0","Y","2000","1","1","0","0","0","0","0","3","0","1","N","","","","","","","","","","","","07","  ","","",""
"0758","2","0","0","0","0","0","0","0","0","1","0","","36","09","2018","2018101309","5","40.0811","-76.3514","0750","08","1","0","0","0","0","0","0","0","2","0","0","0","07","1","0","00","1","40 04:52.062","3","00","76 21:04.877","0","0","0","0","36214","0","0","0","N","0","0","0","4","36214","0","","1","01","N","N","0","","0","0","1","0","0","N","0749","0","3","0","0","0","0","0","3","0","3","N","","","","","","","","","","","","03","  ","","",""
"0800","1","0","0","0","0","0","0","0","0","1","0","","36","09","2018","2018101310","5","40.0811","-76.3513","0746","08","0","0","0","0","0","0","0","0","2","0","0","0","07","1","0","00","1","40 04:52.058","3","00","76 21:04.852","0","0","0","0","36214","0","0","0","N","0","0","0","2","36214","0","","1","01","N","N","0","","0","0","1","0","0","N","0745","0","2","0","0","0","0","0","3","0","2","N","","","","","","","","","","","","03","  ","","",""
"1629","0","0","0","0","0","0","0","0","0","1","0","","36","08","2018","2018101311","1","40.0364","-76.3631","1624","08","0","0","0","0","0","1","0","0","2","0","0","0","16","1","1","02","2","40 02:10.975","5","00","76 21:47.261","4","0","0","0","36223","0","0","0","N","0","0","0","2","36223","1","","1","01","N","N","1","","0","0","0","0","0","Y","1623","1","2","0","0","0","0","0","1","1","2","N","","","","","","","","","","","","03","  ","","",""
"1946","1","0","0","0","0","0","0","0","0","4","0","","36","09","2018","2018101312","1","40.0066","-76.377","1940","08","0","0","0","0","0","0","1","0","1","0","0","0","19","3","0","10","1","40 00:23.629","5","00","76 22:37.284","0","0","0","0","36223","0","0","0","N","0","0","0","2","36223","0","","1","09","N","N","0","","0","0","1","3","3","Y","1937","0","2","0","0","0","0","0","1","0","2","N","","","","","","","","","","","","07","  ","","",""
"0907","2","0","0","0","0","0","0","0","0","1","0","","36","09","2018","2018101316","4","40.0304","-76.2699","0902","08","0","0","0","2","0","0","0","0","","0","0","0","09","1","0","01","0","40 01:49.578","","00","76 16:11.706","0","0","0","0","36240","0","0","0","N","0","0","0","2","36240","0","","1","01","N","N","0","","0","0","0","0","0","","0900","0","2","0","0","0","0","0","1","0","2","N","","","","","","","","","","","","03","  ","","",""
"1742","2","0","0","0","0","0","0","0","0","4","0","","36","09","2018","2018101321","2","40.1653","-76.5777","1741","08","0","1","0","0","0","0","0","0","","0","0","0","17","1","1","00","0","40 09:55.129","","00","76 34:39.826","3","0","0","0","36225","0","0","0","N","0","0","0","3","36505","0","","1","09","N","N","0","","1","0","0","3","3","","1741","1","2","0","0","0","0","0","2","0","2","N","","","","","","","","","","","","07","  ","","",""
"1155","1","0","0","0","0","0","0","0","0","3","0","","36","09","2018","2018101322","3","40.1749","-76.147","1150","08","0","0","0","0","0","0","0","0","","0","0","0","11","1","0","00","0","40 10:29.515","","00","76 08:49.158","0","0","0","0","36218","0","0","0","N","0","0","0","2","36408","0","","1","09","N","N","0","","0","0","0","0","0","","1149","0","2","0","0","0","0","0","1","1","2","N","","","","","","","","","","","","07","  ","","",""
"0904","0","0","0","0","0","0","0","0","0","4","1","","36","09","2018","2018101351","3","40.1785","-76.1816","0854","08","0","0","0","0","0","0","0","0","","0","0","0","08","1","1","01","0","40 10:42.639","","00","76 10:53.713","4","0","0","0","36408","0","0","0","N","0","0","0","4","36408","1","","1","09","Y","N","0","","0","0","1","0","0","","0854","1","2","0","0","0","0","0","2","1","2","N","","","","","","","","","","","","07","  ","","",""
"0851","2","0","0","0","0","0","0","0","0","1","0","","36","09","2018","2018101377","4","40.172","-76.1709","0847","08","0","0","0","0","0","0","0","0","","0","0","0","08","1","1","02","0","40 10:19.264","","00","76 10:15.394","3","0","0","0","36408","0","0","0","N","0","0","0","2","36408","0","","1","01","N","N","0","","1","0","0","0","0","","0847","1","2","0","0","0","0","0","2","0","2","N","","","","","","","","","","","","03","  ","","",""
"1909","2","0","0","0","0","0","0","0","0","1","0","","36","09","2018","2018101400","3","40.0607","-76.4065","1906","08","0","0","0","0","0","1","1","0","","0","0","0","19","3","2","02","0","40 03:38.661","","00","76 24:23.314","4","0","0","0","36214","0","0","0","N","0","0","0","4","36214","2","","1","09","N","N","0","","0","0","1","0","0","","1906","2","3","0","0","0","0","0","3","0","3","N","","","","","","","","","","","","07","  ","","",""
"0754","1","0","0","0","0","0","0","0","0","8","0","","36","09","2018","2018101412","6","40.0457","-76.3092","0740","08","0","0","0","0","0","0","0","0","","0","0","0","07","1","1","01","0","40 02:44.405","","00","76 18:32.982","3","0","0","0","36301","1","0","0","N","1","0","0","2","36301","0","","1","01","N","N","0","","1","0","0","3","2","","0736","1","2","0","0","0","0","0","3","0","1","N","","","","","","","","","","","","03","  ","","",""
"0729","2","0","0","0","0","0","0","0","0","1","0","","36","09","2018","2018101465","1","40.1309","-76.5643","0722","08","0","0","0","0","0","0","1","0","","0","0","0","07","1","0","00","0","40 07:51.174","","00","76 33:51.476","0","0","0","0","36237","0","0","0","N","0","0","0","2","36505","0","","1","01","N","N","0","","0","0","0","0","0","","0719","0","2","0","0","0","0","0","1","0","2","N","","","","","","","","","","","","03","  ","","",""
"1015","2","0","0","0","0","0","0","0","0","4","0","","36","09","2018","2018101469","6","39.8972","-76.1636","1009","08","0","0","0","0","1","0","0","0","","0","0","0","10","1","0","01","0","39 53:49.830","","00","76 09:48.855","0","0","0","0","36416","0","0","0","N","0","0","0","2","36416","0","","1","01","N","N","0","","0","0","0","3","2","","1006","0","2","0","0","0","0","0","1","0","2","N","","","","","","","","","","","","03","  ","","",""
"2120","1","0","0","0","0","0","0","0","0","7","0","","36","09","2018","2018101558","6","40.0302","-76.4699","2112","08","0","0","0","0","0","1","0","0","","0","0","0","21","3","0","00","0","40 01:48.824","","00","76 28:11.805","0","0","0","0","36239","0","0","0","N","0","0","0","1","36239","0","","5","01","N","N","0","","0","0","0","0","0","","2109","0","1","0","0","0","0","0","3","0","1","N","","","","","","","","","","","","03","  ","","",""
"1724","1","0","0","0","0","0","0","0","0","6","0","","36","09","2018","2018101562","6","40.1115","-76.0076","1720","08","0","0","0","0","0","0","0","0","1","0","0","0","17","1","0","00","1","40 06:41.509","5","00","76 00:27.465","0","0","0","0","36213","0","0","0","N","0","0","0","3","36213","0","","1","01","N","N","1","","0","0","0","0","0","N","1716","0","2","0","0","0","0","0","1","0","2","N","","","","","","","","","","","","03","  ","","",""
"1534","2","0","0","0","0","0","0","0","0","4","0","","36","09","2018","2018101629","6","40.1006","-76.2559","1531","08","0","0","0","1","0","0","0","1","","0","0","0","15","1","0","02","0","40 06:02.255","","02","76 15:21.409","0","0","0","0","36101","0","0","0","N","0","0","0","3","36101","0","","1","01","N","N","0","","0","0","0","3","3","","1520","0","2","0","0","0","0","0","3","0","2","N","","","","","","","","","","","","03","  ","","",""
"1605","3","0","0","0","0","0","0","0","0","1","0","","36","09","2018","2018101642","6","40.1428","-76.5569","1604","08","0","0","0","0","0","2","1","0","","0","0","0","16","1","0","00","0","40 08:33.954","","00","76 33:24.744","0","0","0","0","36225","0","0","0","N","0","0","0","4","36505","0","","1","01","N","N","0","","0","0","0","0","0","","1604","0","3","0","0","1","0","0","2","0","3","N","","","","","","","","","","","","03","  ","","",""
"1521","2","0","0","0","0","0","0","0","0","5","0","","36","09","2018","2018101651","6","40.1565","-76.3032","1515","08","0","0","1","0","0","0","0","0","","0","0","0","15","1","0","00","0","40 09:23.535","","00","76 18:11.491","0","0","0","0","36409","0","0","0","N","0","0","0","3","36409","0","","1","01","N","N","0","","0","0","0","0","0","","1513","0","2","0","0","0","0","0","3","0","2","N","","","","","","","","","","","","03","  ","","",""
"1630","1","0","0","0","0","0","0","0","0","1","0","","36","09","2018","2018101657","6","40.0404","-76.4458","1625","08","0","0","1","0","0","0","0","0","2","0","0","0","16","1","1","00","1","40 02:25.276","3","00","76 26:44.864","4","0","0","0","36239","0","0","0","N","0","0","0","6","36239","1","","1","01","N","N","1","","0","0","2","0","0","N","1625","1","4","0","0","0","0","0","3","0","4","N","","","","","","","","","","","","03","  ","","",""
"1524","2","0","0","0","0","0","0","0","0","1","0","","36","09","2018","2018101672","6","40.141","-76.5588","1519","08","0","0","0","0","0","1","0","0","","0","0","0","15","1","1","00","0","40 08:27.682","","00","76 33:31.789","3","0","0","0","36225","0","0","0","N","0","0","0","2","36505","0","","1","01","N","N","0","","1","0","0","0","0","","1519","1","2","0","0","0","0","0","2","0","2","N","","","","","","","","","","","","03","  ","","",""
"1036","1","0","0","0","0","0","0","0","0","1","0","","36","09","2018","2018101688","7","40.1098","-76.007","1027","08","0","0","0","0","0","1","0","0","","0","0","0","10","1","0","00","0","40 06:35.272","","00","76 00:25.228","0","0","0","0","36213","0","0","0","N","0","0","0","3","36213","0","","1","01","N","N","0","","0","0","1","0","0","","1023","0","2","0","0","0","0","0","1","0","2","N","","","","","","","","","","","","03","  ","","",""
"0917","2","0","0","0","0","0","0","0","0","4","0","","36","09","2018","2018101694","3","40.0451","-76.3027","0908","08","0","0","0","0","1","0","0","0","1","0","0","0","08","1","0","00","1","40 02:42.458","2","00","76 18:09.559","0","0","0","0","36301","0","0","0","N","0","0","0","3","36301","0","","1","09","N","N","0","","0","0","0","0","0","N","0838","0","2","0","0","0","0","0","3","0","2","N","","","","","","","","","","","","07","  ","","",""
"1718","1","0","0","0","0","0","0","0","0","4","1","","36","09","2018","2018101770","6","40.1628","-76.1499","1707","08","0","0","0","0","0","0","0","0","","0","1","0","16","1","0","01","0","40 09:46.140","","02","76 08:59.472","0","0","0","0","36238","0","0","0","N","0","0","0","2","36238","0","","1","01","N","N","0","","0","0","0","3","2","","1650","0","2","0","0","0","0","0","3","0","2","N","","","","","","","","","","","","03","  ","","",""
"0417","1","0","0","0","0","0","0","0","0","4","0","","36","09","2018","2018101789","1","40.029","-76.315","0417","08","0","0","0","0","0","0","0","0","","0","0","0","04","3","0","00","0","40 01:44.314","","00","76 18:53.867","9","0","0","0","36301","0","0","0","N","0","0","0","1","36301","0","","4","01","N","N","0","","0","0","2","0","0","","0417","0","3","0","0","0","0","1","3","0","3","N","","","","","","","","","","","","03","  ","","",""
"1711","1","0","0","0","0","0","0","0","0","1","0","","36","09","2018","2018101808","5","40.0382","-76.4616","1656","08","0","0","0","0","0","0","0","0","","0","0","0","15","1","0","06","0","40 02:17.521","","02","76 27:41.683","9","0","0","0","36239","0","0","0","N","0","0","0","2","36239","0","","1","01","N","N","0","","0","0","1","3","4","","1555","0","2","0","0","0","0","1","3","0","2","N","","","","","","","","","","","","03","  ","","",""
"1928","1","0","0","0","0","0","0","0","0","7","0","","36","09","2018","2018101810","7","40.0391","-76.2954","1928","08","0","0","1","0","0","0","0","0","1","0","0","0","19","3","0","00","1","40 02:20.843","3","00","76 17:43.278","0","0","0","0","36301","0","0","0","N","0","0","0","1","36301","0","","5","01","N","N","0","","0","0","0","0","0","N","1928","0","1","0","0","0","0","0","3","0","1","N","","","","","","","","","","","","03","  ","","",""
"0829","2","0","0","0","0","0","0","0","0","4","0","","36","09","2018","2018101872","3","40.0224","-76.3616","0823","08","0","0","1","0","0","0","0","0","2","0","0","0","08","1","0","01","2","40 01:20.679","2","00","76 21:41.606","0","0","0","0","36223","0","0","0","N","0","0","0","2","36223","0","","1","09","N","N","0","","0","0","0","3","2","Y","0822","0","2","0","0","0","0","0","1","0","2","N","","","","","","","","","","","","07","  ","","",""
"1558","1","0","0","0","0","0","0","0","0","7","0","","36","09","2018","2018101874","3","40.0148","-76.3804","1555","08","0","1","0","0","0","0","0","0","","0","0","0","15","1","0","02","0","40 00:53.366","","00","76 22:49.511","0","0","0","0","36223","0","0","0","N","0","0","0","1","36223","0","","4","09","N","N","0","","0","0","0","0","0","","1550","0","1","0","0","0","0","0","1","0","1","N","","","","","","","","","","","","07","  ","","",""
"1609","1","0","0","0","0","0","0","0","0","7","0","","36","09","2018","2018101875","6","40.0224","-76.3633","1604","08","0","0","0","0","1","0","0","0","2","0","0","0","15","1","0","00","2","40 01:20.800","6","03","76 21:47.860","0","0","0","0","36223","0","0","0","N","0","0","0","1","36223","0","","4","01","N","N","0","","0","0","0","0","0","Y","1558","0","1","0","0","0","0","0","1","0","1","N","","","","","","","","","","","","03","  ","","",""
"1457","1","0","0","0","0","0","0","0","0","1","0","","36","09","2018","2018101907","6","40.2264","-76.1804","1450","08","0","0","0","0","0","1","0","0","2","0","0","0","14","1","0","01","1","40 13:34.893","2","00","76 10:49.273","0","0","0","0","36236","0","0","0","N","0","0","0","3","36408","0","","1","01","N","N","2","","0","0","0","0","0","N","1448","0","3","0","0","0","0","0","1","0","3","N","","","","","","","","","","","","03","  ","","",""
"0932","2","0","0","0","0","0","0","0","0","4","0","","36","09","2018","2018101918","7","39.9858","-76.2836","0929","08","0","0","0","0","0","0","1","0","2","0","0","0","09","1","0","01","1","39 59:09.292","3","00","76 17:01.207","0","0","0","0","36240","0","0","0","N","0","0","0","2","36240","0","","1","01","N","N","0","","0","0","0","3","2","Y","0928","0","2","0","0","0","0","0","1","0","2","N","","","","","","","","","","","","03","  ","","",""
"2335","0","0","0","0","0","0","0","0","0","7","0","","36","09","2018","2018101947","4","40.0069","-75.9802","2316","08","0","0","1","0","0","0","0","0","1","0","0","0","23","2","1","00","1","40 00:24.870","1","00","75 58:48.840","3","0","0","0","36232","0","0","0","N","0","0","0","1","68J01","0","","4","09","N","N","0","","1","0","1","0","0","N","2312","1","1","0","0","0","0","0","1","0","1","N","","","","","","","","","","","","03","  ","","",""
"0705","0","0","0","0","0","0","0","0","0","7","0","","36","09","2018","2018101948","5","39.7675","-76.1056","0618","08","0","0","0","0","0","1","0","0","1","0","0","0","06","5","0","00","1","39 46:02.890","1","00","76 06:20.040","0","0","0","0","36222","0","0","0","N","0","0","0","1","68J01","0","","1","09","N","N","0","","0","0","1","0","0","N","0605","0","1","0","0","0","0","0","1","0","1","N","","","","","","","","","","","","03","  ","","",""
"2138","0","0","0","0","0","0","0","0","0","7","0","","36","09","2018","2018101951","5","39.8293","-76.2799","2132","08","0","0","0","0","0","0","0","0","2","0","0","0","21","2","0","02","1","39 49:45.584","2","00","76 16:47.618","0","0","0","0","36208","0","0","0","N","0","0","0","1","68J01","0","","4","01","N","N","1","","0","0","0","0","0","N","2119","0","1","0","0","0","0","0","1","0","1","N","","","","","","","","","","","","03","  ","","",""
"0644","1","0","0","0","0","0","0","0","0","7","0","","36","09","2018","2018101952","6","39.8585","-76.0825","0613","08","0","0","0","0","0","0","0","0","","0","0","0","05","2","0","00","0","39 51:30.756","","00","76 04:56.917","0","0","0","0","36205","0","0","0","N","0","0","0","1","68J01","0","","4","09","N","N","0","","0","0","0","0","0","","0557","0","1","0","0","0","0","0","1","0","1","N","","","","","","","","","","","","07","  ","","",""
"1635","1","0","0","0","0","0","0","0","0","7","0","","36","09","2018","2018101961","7","39.9063","-76.085","1620","08","0","1","0","0","0","0","0","0","1","0","0","0","16","1","1","00","2","39 54:22.550","6","00","76 05:06.040","8","0","0","0","36201","0","0","0","N","0","0","0","1","68J01","0","","4","01","N","N","0","","0","0","0","0","0","N","1618","1","1","0","0","0","1","0","1","0","1","N","","","","","","","","","","","","03","  ","","",""
"1235","2","0","0","0","0","0","0","0","0","6","0","","36","09","2018","2018101967","1","40.045","-76.4224","1226","08","0","0","0","0","0","1","0","0","2","0","0","0","12","1","1","02","1","40 02:42.048","5","02","76 25:20.464","4","0","0","0","36239","0","0","0","N","0","0","0","2","36239","1","","1","01","N","N","0","","0","0","0","3","2","N","1226","1","2","0","0","0","0","0","3","0","2","N","","","","","","","","","","","","03","  ","","",""
"1130","1","0","0","0","0","0","0","0","0","5","0","","36","09","2018","2018101982","7","40.1705","-76.1753","1120","08","0","0","0","0","0","1","0","0","2","0","0","0","11","1","0","00","1","40 10:13.700","6","00","76 10:31.200","0","0","0","0","36408","0","0","0","N","0","0","0","1","36408","0","","6","01","N","N","1","","0","0","0","0","0","N","1120","0","2","0","0","0","0","0","2","0","2","N","","","","","","","","","","","","03","  ","","",""
"1718","2","0","0","0","0","0","0","0","0","1","0","","36","09","2018","2018102007","7","40.0688","-76.3075","1714","08","0","0","0","0","0","0","0","0","2","0","0","0","17","1","0","00","1","40 04:07.544","1","00","76 18:26.947","0","0","0","0","36101","0","0","0","N","0","0","0","2","36101","0","","1","01","N","N","0","","0","0","0","0","0","N","1707","0","2","0","0","0","0","0","3","0","2","N","","","","","","","","","","","","03","  ","","",""
"0933","2","0","0","0","0","0","0","0","0","4","0","","36","09","2018","2018102008","6","40.0459","-76.3072","0932","08","0","0","0","0","0","2","0","0","2","0","0","0","09","1","1","01","1","40 02:45.142","6","00","76 18:25.864","4","0","0","0","36301","0","0","0","N","0","0","0","2","36301","1","","1","01","N","N","0","","0","0","0","3","2","Y","0931","1","2","0","0","0","0","0","3","0","2","N","","","","","","","","","","","","03","  ","","",""
"2248","1","0","1","0","0","0","0","0","0","0","0","","36","09","2018","2018102055","7","40.1192","-76.4581","2240","08","0","0","0","0","0","0","0","0","2","0","0","0","22","2","1","00","1","40 07:08.971","3","00","76 27:29.325","2","0","0","0","36230","0","0","0","N","0","0","0","1","36410","0","","1","01","N","N","0","","0","1","0","0","0","Y","2238","1","1","0","0","0","0","0","1","0","1","N","","","","","","","","","","","","03","  ","","",""
"0939","1","0","0","0","0","0","0","0","0","7","0","","36","08","2018","2018102065","5","40.8554","-76.5573","0936","08","0","0","0","0","0","0","1","0","3","0","0","0","08","1","0","00","2","40 51:19.600","5","00","76 33:26.100","0","0","0","0","36230","0","0","0","N","0","0","0","1","36410","0","","2","01","N","N","0","","0","0","0","0","0","Y","0830","0","1","0","0","0","0","0","1","0","1","N","","","","","","","","","","","","03","  ","","",""
"1935","1","0","0","0","0","0","0","0","0","7","0","","36","09","2018","2018102067","6","","","1930","08","0","0","0","0","0","0","0","0","1","0","0","0","19","1","0","00","1","","4","00","","0","0","0","0","36230","0","0","0","N","0","0","0","1","36410","0","","5","01","N","N","0","","0","0","0","0","0","N","1925","0","1","0","0","1","0","0","1","0","1","N","","","","","","","","","","","","03","  ","","",""
"1522","1","0","0","0","0","0","0","0","0","7","0","","36","08","2018","2018102071","7","40.1114","-76.4427","1521","08","0","0","0","0","0","0","0","0","","0","0","0","15","1","0","00","0","40 06:41.161","","00","76 26:33.580","0","0","0","0","36230","0","0","0","N","0","0","0","0","36410","0","","2","01","N","N","0","","0","0","0","0","0","","1515","0","1","0","0","0","0","0","1","0","1","N","","","","","","","","","","","","03","  ","","",""
"2325","1","0","0","0","0","0","0","0","0","3","0","","36","09","2018","2018102082","1","40.1839","-76.1733","2322","08","0","0","0","0","0","0","0","0","2","0","0","0","23","3","0","00","1","40 11:02.215","1","00","76 10:23.932","0","0","0","0","36408","0","0","0","N","0","0","0","1","36408","0","","1","01","N","N","1","","0","0","1","0","0","N","2322","0","3","0","0","0","0","0","2","0","3","N","","","","","","","","","","","","03","  ","","",""
"1733","0","0","0","0","0","0","0","0","0","8","0","","36","09","2018","2018102111","6","40.0388","-76.111","1726","08","0","0","0","0","0","0","0","0","2","0","0","0","17","1","1","01","1","40 02:19.833","3","00","76 06:39.712","3","0","0","0","36221","1","0","0","N","1","0","0","2","68J01","0","","1","01","N","N","0","","1","0","1","3","2","N","1723","1","2","0","0","0","0","0","1","0","1","N","","","","","","","","","","","","03","  ","","",""
"0016","0","0","0","0","0","0","0","0","0","7","0","","36","10","2018","2018102130","2","40.1616","-76.0673","0008","08","0","0","1","0","0","0","0","0","2","0","0","0","00","2","0","00","2","40 09:41.836","6","00","76 04:02.308","0","0","0","0","36213","0","0","0","N","0","0","0","1","36213","0","","5","01","N","N","1","","0","0","0","0","0","Y","0005","0","1","0","0","0","0","0","1","0","1","N","","","","","","","","","","","","03","  ","","",""
"2111","1","0","0","0","0","0","0","0","0","1","0","","36","09","2018","2018102151","6","40.0974","-76.4041","2111","08","0","0","0","0","0","1","0","0","","0","0","0","20","2","2","00","0","40 05:50.661","","00","76 24:14.914","4","0","0","0","36214","0","0","0","N","0","0","0","4","36214","2","","1","01","N","N","0","","0","0","1","0","0","","2024","2","2","0","0","0","0","0","3","0","2","N","","","","","","","","","","","","03","  ","","",""
"0340","1","0","0","0","0","0","0","0","0","7","0","","36","09","2018","2018102152","7","40.051","-76.3534","0336","08","0","0","0","0","0","0","0","0","","0","0","0","03","2","0","02","0","40 03:03.625","","00","76 21:12.345","0","0","0","0","36214","0","0","0","N","0","0","0","1","36214","0","","4","01","N","N","0","","0","0","0","0","0","","0312","0","1","0","0","0","0","0","3","0","1","N","","","","","","","","","","","","03","  ","","",""
"1321","2","0","0","0","0","0","0","0","0","4","0","","36","09","2018","2018102153","5","40.0371","-76.4128","1311","08","0","0","0","0","0","0","1","0","","0","0","0","13","1","0","02","0","40 02:13.582","","00","76 24:45.905","0","0","0","0","36223","0","0","0","N","0","0","0","2","36223","0","","1","01","N","N","0","","0","0","0","3","3","","1311","0","2","0","0","0","0","0","1","0","2","N","","","","","","","","","","","","03","  ","","",""
"1645","2","0","0","0","0","0","0","0","0","4","0","","36","09","2018","2018102204","5","40.0314","-76.4955","1642","08","0","0","0","0","0","0","0","0","1","0","0","0","16","1","0","00","2","40 01:52.928","6","07","76 29:43.881","0","0","0","0","36404","0","0","0","N","0","0","0","2","36404","0","","1","01","N","N","0","","0","0","0","0","0","Y","1642","0","2","0","0","0","0","0","3","0","2","N","","","","","","","","","","","","03","  ","","",""
"1033","1","0","0","0","0","0","0","0","0","9","0","","36","10","2018","2018102223","2","39.9821","-76.3009","1032","08","0","0","0","0","0","0","1","0","","0","0","0","10","1","2","00","0","39 58:55.648","","00","76 18:03.161","8","0","0","0","36228","0","0","0","N","0","0","0","2","36503","0","","1","01","N","N","0","","0","0","0","0","0","","1031","2","1","0","0","0","2","0","1","0","1","N","","","","","","","","","","","","03","  ","","",""