"ARRIVAL_TM","AUTOMOBILE_COUNT","BELTED_DEATH_COUNT","BELTED_SUSP_SERIOUS_INJ_COUNT","BICYCLE_COUNT","BICYCLE_DEATH_COUNT","BICYCLE_SUSP_SERIOUS_INJ_COUNT","BUS_COUNT","CHLDPAS_DEATH_COUNT","CHLDPAS_SUSP_SERIOUS_INJ_COUNT","COLLISION_TYPE","COMM_VEH_COUNT","CONS_ZONE_SPD_LIM","COUNTY","CRASH_MONTH","CRASH_YEAR","CRN","DAY_OF_WEEK","DEC_LAT","DEC_LONG","DISPATCH_TM","DISTRICT","DRIVER_COUNT_16YR","DRIVER_COUNT_17YR","DRIVER_COUNT_18YR","DRIVER_COUNT_19YR","DRIVER_COUNT_20YR","DRIVER_COUNT_50_64YR","DRIVER_COUNT_65_74YR","DRIVER_COUNT_75PLUS","EST_HRS_CLOSED","FATAL_COUNT","HEAVY_TRUCK_COUNT","HORSE_BUGGY_COUNT","HOUR_OF_DAY","ILLUMINATION","INJURY_COUNT","INTERSECT_TYPE","LANE_CLOSED","LATITUDE","LN_CLOSE_DIR","LOCATION_TYPE","LONGITUDE","MAX_SEVERITY_LEVEL","MCYCLE_DEATH_COUNT","MCYCLE_SUSP_SERIOUS_INJ_COUNT","MOTORCYCLE_COUNT","MUNICIPALITY","NONMOTR_COUNT","NONMOTR_DEATH_COUNT","NONMOTR_SUSP_SERIOUS_INJ_COUNT","NTFY_HIWY_MAINT","PED_COUNT","PED_DEATH_COUNT","PED_SUSP_SERIOUS_INJ_COUNT","PERSON_COUNT","POLICE_AGCY","POSSIBLE_INJ_COUNT","RDWY_SURF_TYPE_CD","RELATION_TO_ROAD","ROAD_CONDITION","SCH_BUS_IND","SCH_ZONE_IND","SMALL_TRUCK_COUNT","SPEC_JURIS_CD","SUSP_MINOR_INJ_COUNT","SUSP_SERIOUS_INJ_COUNT","SUV_COUNT","TCD_FUNC_CD","TCD_TYPE","TFC_DETOUR_IND","TIME_OF_DAY","TOT_INJ_COUNT","TOTAL_UNITS","UNB_DEATH_COUNT","UNB_SUSP_SERIOUS_INJ_COUNT","UNBELTED_OCC_COUNT","UNK_INJ_DEG_COUNT","UNK_INJ_PER_COUNT","URBAN_RURAL","VAN_COUNT","VEHICLE_COUNT","WORK_ZONE_IND","WORK_ZONE_LOC","WORK_ZONE_TYPE","WORKERS_PRES","WZ_CLOSE_DETOUR","WZ_FLAGGER","WZ_LAW_OFFCR_IND","WZ_LN_CLOSURE","WZ_MOVING","WZ_OTHER","WZ_SHLDER_MDN","ROADWAY_CLEARED","WEATHER1","WEATHER2","WZ_WORKERS_INJ_KILLED","SECONDARY_CRASH","INTERSECTION_RELATED"
"1125","2","0","0","0","0","0","0","0","0","0","0","","36","10","2018","2018102224","2","39.9922","-76.2857","1120","08","0","0","0","0","0","0","0","0","","0","0","0","11","1","0","01","0","39 59:32.071","","00","76 17:09.342","0","0","0","0","36240","0","0","0","N","0","0","0","3","36240","0","","2","01","N","N","0","","0","0","0","3","2","","1120","0","2","0","0","1","0","0","1","0","2","N","","","","","","","","","","","","03","  ","","",""
"2137","0","0","0","0","0","0","0","0","0","7","0","","36","09","2018","2018102274","1","40.2396","-76.1336","2134","08","0","0","0","0","0","0","0","0","1","0","0","0","21","2","1","00","1","40 14:22.455","4","00","76 08:00.803","3","0","0","0","36405","0","0","0","N","0","0","0","1","68T06","0","","4","01","N","N","0","","1","0","1","0","0","N","2134","1","1","0","0","0","0","0","1","0","1","N","","","","","","","","","","","","03","  ","","",""
"1534","2","0","0","0","0","0","0","0","0","1","0","","36","09","2018","2018102290","6","40.1883","-76.0151","1513","08","0","0","0","0","0","0","0","0","2","0","0","0","15","1","0","02","2","40 11:17.730","1","00","76 00:54.336","0","0","0","0","36202","0","0","0","N","0","0","0","4","68J01","0","","1","01","N","N","0","","0","0","0","0","0","N","1507","0","2","0","0","0","0","0","1","0","2","N","","","","","","","","","","","","03","  ","","",""
"1118","1","0","0","0","0","0","0","0","0","7","0","","36","09","2018","2018102312","3","40.2275","-76.3762","1058","08","0","0","0","0","0","0","0","0","1","0","0","0","10","1","0","00","1","40 13:39.169","3","00","76 22:34.312","0","0","0","0","36227","0","0","0","N","0","0","0","1","68T06","0","","4","09","N","N","0","","0","0","0","0","0","N","1058","0","1","0","0","0","0","0","1","0","1","N","","","","","","","","","","","","07","  ","","",""
"0546","1","0","0","0","0","0","0","0","0","7","0","","36","09","2018","2018102329","6","39.9107","-76.1122","0524","08","0","0","0","0","0","0","0","0","2","0","0","0","05","2","0","00","2","39 54:38.479","3","00","76 06:44.056","0","0","0","0","36216","0","0","0","N","0","0","0","1","68J01","0","","1","09","N","N","0","","0","0","0","0","0","N","0519","0","1","0","0","0","0","0","1","0","1","N","","","","","","","","","","","","07","  ","","",""
"1803","2","0","0","0","0","0","0","0","0","1","0","","36","09","2018","2018102358","3","40.0608","-76.5367","1749","08","0","0","0","0","0","1","0","0","","0","0","0","17","1","0","02","0","40 03:39.038","","00","76 32:12.059","0","0","0","0","36211","0","0","0","N","0","0","0","2","36504","0","","1","01","N","N","0","","0","0","0","3","2","","1746","0","2","0","0","0","0","0","1","0","2","N","","","","","","","","","","","","03","  ","","",""
"1215","0","0","0","0","0","0","0","0","0","7","0","","36","09","2018","2018102393","1","40.0745","-76.6412","1204","08","0","0","1","0","0","0","0","0","1","0","0","0","12","1","1","00","1","40 04:28.123","2","00","76 38:28.361","3","0","0","0","36207","0","0","0","Y","0","0","0","2","36504","0","","2","09","N","N","1","","1","0","0","0","0","N","1204","1","1","0","0","0","0","0","1","0","1","N","","","","","","","","","","","","03","  ","","",""
"1553","1","0","0","0","0","0","0","0","0","1","0","","36","09","2018","2018102398","6","40.0544","-76.4611","1547","08","0","0","0","0","0","0","0","1","2","0","0","0","15","1","0","02","1","40 03:15.778","2","00","76 27:39.779","0","0","0","0","36239","0","0","0","N","0","0","0","2","36239","0","","1","01","N","N","0","","0","0","1","0","0","N","1547","0","2","0","0","0","0","0","3","0","2","N","","","","","","","","","","","","03","  ","","",""
"2047","2","0","0","0","0","0","0","0","0","2","0","","36","09","2018","2018102448","5","40.1244","-76.2279","2042","08","0","0","0","0","0","1","1","0","2","0","0","0","20","2","2","00","1","40 07:27.744","2","00","76 13:40.402","3","0","0","0","36238","0","0","0","N","0","0","0","2","36238","0","","2","09","N","N","0","","2","0","0","0","0","N","2039","2","2","0","0","0","0","0","3","0","2","N","","","","","","","","","","","","07","  ","","",""
"1443","1","0","0","0","0","0","0","0","0","2","0","","36","09","2018","2018102467","3","39.9911","-76.2603","1438","08","0","1","0","0","0","0","0","1","","0","0","0","14","1","0","02","0","39 59:28.076","","00","76 15:37.017","0","0","0","0","36240","0","0","0","N","0","0","0","2","36240","0","","1","09","N","N","0","","0","0","1","3","3","","1432","0","2","0","0","0","0","0","1","0","2","N","","","","","","","","","","","","07","  ","","",""
"0717","0","0","0","0","0","0","0","0","0","7","0","","36","09","2018","2018102632","4","40.0173","-76.4492","0709","08","0","0","0","0","0","0","0","0","","0","0","0","07","1","0","00","0","40 01:02.406","","00","76 26:57.159","0","0","0","0","36223","0","0","0","N","0","0","0","1","36223","0","","4","09","N","N","0","","0","0","0","0","0","","0706","0","1","0","0","0","0","0","1","1","1","N","","","","","","","","","","","","07","05","","",""
"0853","0","0","0","0","0","0","0","0","0","7","0","","36","09","2018","2018102633","5","40.04","-76.3745","0844","08","0","0","0","0","0","0","1","0","2","0","0","0","08","1","1","00","1","40 02:24.081","6","00","76 22:28.334","3","0","0","0","36223","0","0","0","N","0","0","0","1","36223","0","","5","01","N","N","0","","1","0","1","0","0","Y","0842","1","1","0","0","0","0","0","1","0","1","N","","","","","","","","","","","","03","  ","","",""
"0900","0","0","0","0","0","0","0","0","0","0","1","","36","09","2018","2018102634","7","40.0682","-76.0704","0855","08","0","0","0","0","0","0","1","0","3","0","1","0","08","1","1","00","2","40 04:05.563","5","00","76 04:13.411","3","0","0","0","36209","0","0","0","N","0","0","0","1","36415","0","","4","01","N","N","0","","1","0","0","0","0","Y","0850","1","1","0","0","0","0","0","1","0","1","N","","","","","","","","","","","","03","  ","","",""
"0656","1","0","2","0","0","0","0","0","0","7","0","","36","10","2018","2018102667","3","39.971","-76.2464","0653","08","0","1","0","0","0","0","0","0","2","0","0","0","06","1","2","00","2","39 58:15.519","5","00","76 14:47.130","2","0","0","0","36240","0","0","0","N","0","0","0","2","36240","0","","5","01","N","N","0","","0","2","0","0","0","Y","0653","2","1","0","0","0","0","0","1","0","1","N","","","","","","","","","","","","03","  ","","",""
"1310","3","0","0","0","0","0","0","0","0","1","0","","36","10","2018","2018102689","2","40.0392","-76.4293","1307","08","0","0","0","0","0","0","0","0","2","0","0","0","13","1","0","00","2","40 02:21.013","4","00","76 25:45.310","0","0","0","0","36414","0","0","0","N","0","0","0","1","36239","0","","1","01","N","N","0","","0","0","0","0","0","N","1307","0","3","0","0","0","0","0","3","0","3","N","","","","","","","","","","","","03","  ","","",""
"0757","0","0","0","0","0","0","0","0","0","4","0","","36","10","2018","2018102691","3","40.0379","-76.5042","0756","08","0","0","0","0","0","0","0","1","2","0","0","0","07","1","1","01","2","40 02:16.558","7","00","76 30:14.950","8","0","0","0","36404","0","0","0","N","0","0","0","3","36404","0","","1","01","N","N","0","","0","0","1","3","3","Y","0756","1","2","0","0","0","1","0","3","1","2","N","","","","","","","","","","","","03","  ","","",""
"0850","1","0","0","0","0","0","0","0","0","1","0","","36","10","2018","2018102701","2","40.1314","-76.2166","0849","08","0","0","0","0","0","1","0","0","1","0","0","0","08","1","0","00","1","40 07:53.049","2","00","76 12:59.750","0","0","0","0","36238","0","0","0","N","0","0","0","2","36238","0","","1","01","N","N","1","","0","0","0","3","2","N","0846","0","2","0","0","0","0","0","3","0","2","N","","","","","","","","","","","","03","  ","","",""
"1645","0","0","0","0","0","0","0","0","0","5","0","","36","09","2018","2018102738","1","40.0389","-76.0992","1637","08","0","0","1","0","0","0","0","0","1","0","0","1","16","1","4","00","2","40 02:20.154","6","00","76 05:57.116","3","0","0","0","36221","4","0","0","N","0","0","0","5","68J01","0","","1","01","N","N","0","","4","0","1","0","0","Y","1635","4","2","0","0","0","0","0","1","0","1","N","","","","","","","","","","","","03","  ","","",""
"0427","0","0","0","0","0","0","0","0","0","0","0","","36","09","2018","2018102814","7","39.9842","-75.9834","0410","08","0","0","0","0","0","0","0","0","","0","0","0","04","2","1","00","0","39 59:02.990","","00","75 59:00.070","3","0","0","0","36231","0","0","0","N","0","0","0","1","68J01","0","","1","01","Y","Y","1","","1","0","0","0","0","","0402","1","1","0","0","1","0","0","1","0","1","N","","","","","","","","","","","","05","  ","","",""
"1534","2","0","0","0","0","0","0","0","0","4","0","","36","10","2018","2018102889","3","40.1625","-76.5528","1534","08","0","0","0","0","0","0","0","0","1","0","0","0","15","1","0","01","1","40 09:44.935","3","00","76 33:10.134","0","0","0","0","36225","0","0","0","N","0","0","0","2","36505","0","","1","01","N","N","0","","0","0","0","3","3","N","1531","0","2","0","0","0","0","0","2","0","2","N","","","","","","","","","","","","03","  ","","",""
"0225","1","0","0","0","0","0","0","0","0","7","0","","36","09","2018","2018102925","7","40.1222","-76.3421","0220","08","0","0","0","0","0","0","0","0","4","0","0","0","02","2","0","00","2","40 07:19.834","5","00","76 20:31.442","0","0","0","0","36101","0","0","0","N","0","0","0","1","36101","0","","4","09","N","N","0","","0","0","0","0","0","Y","0218","0","1","0","0","0","0","0","3","0","1","N","","","","","","","","","","","","07","  ","","",""
"1622","2","0","0","0","0","0","0","0","0","1","0","","36","09","2018","2018102926","5","40.0899","-76.3045","1616","08","0","0","0","1","0","0","0","0","","0","0","0","16","1","1","00","0","40 05:23.381","","00","76 18:16.325","3","0","0","0","36101","0","0","0","N","0","0","0","3","36101","0","","1","09","N","N","0","","1","0","0","0","0","","1613","1","2","0","0","0","0","0","3","0","2","N","","","","","","","","","","","","07","  ","","",""
"1701","1","0","0","0","0","0","0","0","0","1","0","","36","09","2018","2018102927","5","40.0824","-76.2917","1700","08","0","1","0","0","0","0","0","0","","0","0","0","16","1","1","00","0","40 04:56.737","","00","76 17:30.237","4","0","0","0","36101","0","0","0","N","0","0","0","2","36101","1","","1","09","N","N","1","","0","0","0","0","0","","1656","1","2","0","0","0","0","0","3","0","2","N","","","","","","","","","","","","07","  ","","",""
"0739","1","0","0","0","0","0","0","0","0","4","0","","36","10","2018","2018102928","2","40.0953","-76.4103","0737","08","0","0","1","0","0","0","0","0","2","0","0","0","07","1","0","01","1","40 05:43.016","1","00","76 24:37.175","0","0","0","0","36214","0","0","0","N","0","0","0","2","36214","0","","1","01","N","N","0","","0","0","1","3","2","N","0736","0","2","0","0","0","0","0","3","0","2","N","","","","","","","","","","","","03","  ","","",""
"1757","2","0","0","0","0","0","0","0","0","1","0","","36","09","2018","2018102929","6","40.0178","-76.1691","1755","08","0","0","0","0","0","1","0","0","","0","0","0","17","1","1","00","0","40 01:03.949","","00","76 10:08.589","3","0","0","0","36215","0","0","0","N","0","0","0","3","36215","0","","1","01","N","N","0","","1","0","0","0","0","","1752","1","2","0","0","0","0","0","1","0","2","N","","","","","","","","","","","","03","  ","","",""
"0911","1","0","0","0","0","0","0","0","0","4","0","","36","09","2018","2018102930","7","40.0404","-76.2577","0910","08","0","0","0","0","0","0","0","1","","0","0","0","09","1","1","00","0","40 02:25.566","","00","76 15:27.884","4","0","0","0","36215","0","0","0","N","0","0","0","2","36215","1","","1","01","N","N","1","","0","0","0","0","0","","0908","1","2","0","0","1","0","0","1","0","2","N","","","","","","","","","","","","03","  ","","",""
"1000","0","0","0","0","0","0","0","0","0","0","0","40","36","09","2018","2018102931","1","40.0847","-76.22","0952","08","0","0","0","0","0","1","0","0","2","0","0","0","09","1","1","00","2","40 05:04.815","7","00","76 13:11.953","3","0","0","1","36234","0","0","0","N","0","0","0","1","36215","0","","2","01","N","N","0","","1","0","0","0","0","Y","0950","1","1","0","0","0","0","0","1","0","1","Y","4","2","N","N","N","N","N","N","N","Y","","03","  ","","",""
"1812","0","0","0","0","0","0","0","0","0","2","0","","36","09","2018","2018102932","5","40.0264","-76.3945","1805","08","0","0","0","0","0","0","0","0","","0","0","0","17","1","0","00","0","40 01:34.984","","00","76 23:40.050","0","0","0","0","36223","0","0","0","N","0","0","0","2","36223","0","","1","09","N","N","1","","0","0","1","0","0","","1759","0","2","0","0","0","0","0","1","0","2","N","","","","","","","","","","","","07","  ","","",""
"0548","1","0","0","0","0","0","0","0","0","7","0","","36","09","2018","2018102934","2","40.1161","-76.0966","0544","08","0","0","0","0","0","0","0","0","","0","0","0","05","2","0","02","0","40 06:57.873","","00","76 05:47.937","0","0","0","0","36209","0","0","0","N","0","0","0","1","36415","0","","5","01","N","N","0","","0","0","0","3","3","","0540","0","1","0","0","0","0","0","1","0","1","N","","","","","","","","","","","","03","  ","","",""
"1040","1","0","0","0","0","0","0","0","0","1","0","","36","09","2018","2018102935","2","40.0971","-76.1048","1033","08","0","0","0","0","0","0","1","0","","0","0","0","10","1","0","00","0","40 05:49.596","","00","76 06:17.343","9","0","0","0","36415","0","0","0","N","0","0","0","2","36415","0","","1","09","N","N","1","","0","0","0","0","0","","1030","0","2","0","0","1","0","1","1","0","2","N","","","","","","","","","","","","07","  ","","",""
"1450","2","0","0","0","0","0","0","0","0","4","0","","36","09","2018","2018102936","3","40.133","-76.1129","1441","08","0","0","0","0","0","1","1","0","2","0","0","0","14","1","0","01","1","40 07:58.926","6","00","76 06:46.330","0","0","0","0","36209","0","0","0","N","0","0","0","4","36415","0","","1","01","N","N","0","","0","0","0","3","3","Y","1437","0","2","0","0","0","0","0","1","0","2","N","","","","","","","","","","","","03","  ","","",""
"0601","0","0","0","0","0","0","0","0","0","7","0","","36","09","2018","2018102991","4","40.2791","-76.1385","0544","08","0","0","1","0","0","0","0","0","","0","0","0","05","3","0","00","0","40 16:44.752","","00","76 08:18.681","0","0","0","0","36236","0","0","0","N","0","0","0","1","36408","0","","5","01","N","N","0","","0","0","0","0","0","","0541","0","1","0","0","0","0","0","1","1","1","N","","","","","","","","","","","","03","  ","","",""
"0706","1","0","0","0","0","0","0","0","0","5","1","","36","09","2018","2018103038","3","40.2439","-76.1573","0638","08","0","0","0","0","0","0","0","0","4","0","1","0","06","5","4","00","2","40 14:37.943","6","00","76 09:26.329","3","0","0","0","36236","0","0","0","N","0","0","0","4","68T06","0","","1","09","N","N","0","","4","0","0","0","0","Y","0638","4","2","0","0","0","0","0","1","0","2","N","","","","","","","","","","","","07","  ","","",""
"1330","0","0","0","0","0","0","0","0","0","3","1","","36","09","2018","2018103042","3","39.9367","-76.3497","1258","08","0","0","0","0","0","0","0","0","","0","1","0","12","1","0","00","0","39 56:12.250","","00","76 20:59.000","0","0","0","0","36206","0","0","0","N","0","0","0","0","68J01","0","","2","09","N","N","2","","0","0","0","0","0","","1256","0","3","0","0","0","0","0","1","0","3","N","","","","","","","","","","","","07","  ","","",""
"1413","1","0","0","0","0","0","0","0","0","7","0","","36","09","2018","2018103043","3","40.0272","-76.0609","1401","08","0","0","0","0","1","0","0","0","1","0","0","0","13","1","0","00","1","40 01:38.047","5","00","76 03:39.199","0","0","0","0","36234","0","0","0","N","0","0","0","1","68J01","0","","4","09","N","N","0","","0","0","0","0","0","N","1354","0","1","0","0","0","0","0","1","0","1","N","","","","","","","","","","","","07","  ","","",""
"1902","0","0","0","0","0","0","0","0","0","7","0","","36","09","2018","2018103048","4","40.2276","-76.1137","1846","08","0","0","0","1","0","0","0","0","1","0","0","0","18","2","0","00","1","40 13:39.416","3","00","76 06:49.332","0","0","0","0","36210","0","0","0","N","0","0","0","1","68T06","0","","5","09","N","N","0","","0","0","1","0","0","N","1845","0","1","0","0","0","0","0","1","0","1","N","","","","","","","","","","","","07","  ","","",""
"1406","0","0","0","0","0","0","0","0","0","7","1","","36","09","2018","2018103055","6","40.0019","-76.104","1349","08","0","0","0","0","0","0","0","0","3","0","1","0","13","1","0","00","2","40 00:06.948","5","01","76 06:14.523","0","0","0","0","36226","0","0","0","N","0","0","0","1","68J01","0","","4","01","N","N","0","","0","0","0","3","8","Y","1347","0","1","0","0","0","0","0","1","0","1","N","","","","","","","","","","","","03","  ","","",""
"1946","1","0","0","0","0","0","0","0","0","4","0","","36","10","2018","2018103098","2","40.1694","-76.1978","1943","08","0","0","1","0","0","1","0","0","2","0","0","0","19","3","0","01","1","40 10:09.748","4","00","76 11:51.952","0","0","0","0","36408","0","0","0","N","0","0","0","3","36408","0","","1","01","N","N","0","","0","0","1","0","0","N","1942","0","2","0","0","0","0","0","2","0","2","N","","","","","","","","","","","","03","  ","","",""
"0650","1","0","0","0","0","0","0","0","0","9","0","","36","07","2018","2018103107","5","40.1145","-76.6897","0640","08","0","0","0","0","1","0","0","0","2","0","0","0","06","1","0","02","1","40 06:52.024","1","00","76 41:22.901","0","0","0","0","36207","0","0","0","N","0","0","0","1","36504","0","","5","01","N","N","0","","0","0","0","0","0","N","0635","0","1","0","0","0","0","0","1","0","1","N","","","","","","","","","","","","03","  ","","",""
"1644","2","0","0","0","0","0","0","0","0","1","0","","36","09","2018","2018103111","5","40.0707","-76.3206","1639","08","0","0","0","0","0","1","0","0","","0","0","0","16","1","1","00","0","40 04:14.447","","00","76 19:14.188","4","0","0","0","36101","0","0","0","N","0","0","0","2","36101","1","","1","09","N","N","0","","0","0","0","0","0","","1637","1","2","0","0","0","0","0","3","0","2","N","","","","","","","","","","","","07","  ","","",""
"1607","2","0","0","0","0","0","0","0","0","4","0","","36","09","2018","2018103145","2","40.0326","-76.3123","1603","08","0","0","0","0","0","0","0","0","2","0","0","0","16","1","0","00","2","40 01:57.380","3","00","76 18:44.356","0","0","0","0","36301","0","0","0","N","0","0","0","1","36301","0","","2","01","N","N","1","","0","0","0","0","0","Y","1603","0","3","0","0","0","0","0","3","0","3","N","","","","","","","","","","","","03","  ","","",""
"0640","2","0","0","0","0","0","0","0","0","1","0","","36","10","2018","2018103178","4","40.0675","-76.4132","0636","08","0","0","0","0","0","2","1","0","2","0","0","0","06","1","1","01","1","40 04:02.984","2","00","76 24:47.462","4","0","0","0","36239","0","0","0","N","0","0","0","4","36239","1","","1","01","N","N","0","","0","0","2","3","2","Y","0636","1","4","0","0","0","0","0","3","0","4","N","","","","","","","","","","","","03","  ","","",""
"1555","2","0","0","0","0","0","0","0","0","1","0","","36","09","2018","2018103189","6","40.0528","-76.3832","1552","08","0","0","0","0","0","0","0","0","2","0","0","0","15","1","0","00","1","40 03:10.144","3","00","76 22:59.686","0","0","0","0","36214","0","0","0","N","0","0","0","2","36214","0","","1","01","N","N","0","","0","0","0","0","0","N","1552","0","2","0","0","0","0","0","3","0","2","N","","","","","","","","","","","","03","  ","","",""
"1547","1","0","0","0","0","0","0","0","0","1","0","","36","10","2018","2018103312","4","40.1985","-76.1666","1543","08","0","0","0","0","0","1","0","0","","0","0","0","15","1","0","00","0","40 11:54.643","","00","76 09:59.853","0","0","0","0","36218","0","0","0","N","0","0","0","3","36408","0","","1","01","N","N","0","","0","0","1","0","0","","1543","0","2","0","0","0","0","0","1","0","2","N","","","","","","","","","","","","03","  ","","",""
"1619","1","0","0","0","0","0","0","0","0","1","0","","36","09","2018","2018103340","5","40.0554","-76.2513","1613","08","0","0","0","0","0","0","0","0","","0","0","0","16","1","0","01","0","40 03:19.468","","00","76 15:04.770","0","0","0","0","36215","0","0","0","N","0","0","0","2","36215","0","","1","09","N","N","0","","0","0","1","3","2","","1605","0","2","0","0","0","0","0","1","0","2","N","","","","","","","","","","","","07","  ","","",""
"1436","0","0","0","0","0","0","0","0","0","1","0","","36","09","2018","2018103341","6","40.025","-76.2057","1432","08","0","0","0","0","0","0","0","0","1","0","0","0","14","1","0","00","1","40 01:30.008","3","00","76 12:20.492","0","0","0","0","36215","0","0","0","N","0","0","0","3","36215","0","","1","01","N","N","0","","0","0","2","0","0","N","1429","0","2","0","0","0","0","0","1","0","2","N","","","","","","","","","","","","03","  ","","",""
"2052","1","0","0","0","0","0","0","0","0","1","0","","36","10","2018","2018103342","3","40.1634","-76.4394","2046","08","0","0","0","0","1","1","0","0","2","0","0","0","20","2","0","00","1","40 09:48.102","3","00","76 26:21.781","0","0","0","0","36230","0","0","0","N","0","0","0","2","36410","0","","1","01","N","N","0","","0","0","0","0","0","N","2044","0","2","0","0","0","0","0","1","0","2","N","","","","","","","","","","","","03","  ","","",""
"0746","1","0","0","0","0","0","0","0","0","4","0","","36","08","2018","2018103349","6","40.1253","-76.4172","0731","08","0","1","0","0","0","0","0","0","2","0","0","0","07","1","0","02","2","40 07:31.072","7","00","76 25:02.027","0","0","0","0","36230","0","0","0","N","0","0","0","2","36410","0","","1","01","N","N","0","","0","0","1","3","3","Y","0725","0","2","0","0","0","0","0","1","0","2","N","","","","","","","","","","","","03","  ","","",""
"1741","2","0","0","0","0","0","0","0","0","1","0","","36","10","2018","2018103373","4","40.0436","-76.5129","1733","08","0","0","0","0","0","1","0","0","2","0","0","0","17","1","0","01","2","40 02:37.138","1","00","76 30:46.552","0","0","0","0","36239","0","0","0","N","0","0","0","4","36239","0","","1","01","N","N","0","","0","0","0","0","0","N","1722","0","2","0","0","1","0","0","3","0","2","N","","","","","","","","","","","","03","  ","","",""
"1315","2","0","0","0","0","0","0","0","0","1","0","","36","10","2018","2018103493","4","40.0475","-76.3629","1314","08","0","0","0","0","0","2","0","0","","0","0","0","13","1","0","01","0","40 02:50.996","","00","76 21:46.341","0","0","0","0","36214","0","0","0","N","0","0","0","2","36214","0","","1","01","N","N","0","","0","0","0","3","2","","1314","0","2","0","0","0","0","0","3","0","2","N","","","","","","","","","","","","03","  ","","",""
"1459","2","0","0","0","0","0","0","0","0","1","0","","36","10","2018","2018103496","4","40.039","-76.5105","1459","08","0","0","0","0","0","1","0","0","1","0","0","0","14","1","0","01","1","40 02:20.317","2","00","76 30:37.949","0","0","0","0","36404","0","0","0","Y","0","0","0","2","36404","0","","1","01","N","N","0","","0","0","0","3","2","Y","1459","0","2","0","0","0","0","0","3","0","2","N","","","","","","","","","","","","03","  ","","",""
"1812","0","0","0","0","0","0","0","0","0","8","0","","36","10","2018","2018103584","4","40.1607","-76.3947","1739","08","0","0","0","0","0","0","0","0","2","0","0","0","17","1","1","01","1","40 09:38.692","2","00","76 23:40.804","2","0","0","0","36410","1","0","1","N","1","0","1","3","36410","0","","1","01","N","N","0","","0","1","1","3","3","N","1739","1","2","0","0","0","0","0","2","0","1","N","","","","","","","","","","","","03","  ","","",""
"1242","0","0","0","0","0","0","0","0","0","4","0","","36","10","2018","2018103585","5","40.0349","-76.5007","1240","08","0","0","0","0","0","1","0","0","2","0","0","0","12","1","0","01","1","40 02:05.517","3","00","76 30:02.514","0","0","0","0","36404","0","0","0","N","0","0","0","4","36404","0","","1","01","N","N","1","","0","0","1","0","0","N","1237","0","2","0","0","0","0","0","3","0","2","N","","","","","","","","","","","","03","  ","","",""
"0757","0","0","0","0","0","0","0","0","0","1","1","","36","10","2018","2018103640","5","40.0591","-76.3634","0741","08","0","0","0","0","0","0","0","0","2","0","1","0","07","1","0","00","1","40 03:32.839","3","00","76 21:48.384","0","0","0","0","36214","0","0","0","N","0","0","0","2","36214","0","","1","01","N","N","1","","0","0","0","0","0","N","0735","0","2","0","0","0","0","0","3","0","2","N","","","","","","","","","","","","03","  ","","",""
"1210","1","0","0","0","0","0","0","0","0","4","0","","36","10","2018","2018103674","5","40.1081","-76.0581","1159","08","0","0","0","1","0","0","0","0","2","0","0","0","11","1","0","00","1","40 06:29.199","4","00","76 03:29.285","0","0","0","0","36213","0","0","0","N","0","0","0","2","36213","0","","1","01","N","N","1","","0","0","0","0","0","N","1145","0","2","0","0","0","0","0","1","0","2","N","","","","","","","","","","","","03","  ","","",""
"1614","0","0","0","0","0","0","0","0","0","7","0","","36","10","2018","2018103691","5","40.2375","-76.0809","1609","08","0","0","1","0","0","0","0","0","1","0","0","0","16","1","0","02","1","40 14:14.906","6","00","76 04:51.379","0","0","0","0","36210","0","0","0","N","0","0","0","1","36210","0","","5","09","N","N","0","","0","0","1","0","0","N","1607","0","1","0","0","0","0","0","1","0","1","N","","","","","","","","","","","","07","  ","","",""
"1237","1","0","0","0","0","0","0","0","0","1","0","","36","09","2018","2018103706","6","40.0787","-76.3464","1222","08","0","0","0","0","0","1","1","0","","0","0","0","12","1","1","02","0","40 04:43.376","","00","76 20:46.900","4","0","0","0","36101","0","0","0","N","0","0","0","2","36101","1","","1","01","N","N","1","","0","0","0","3","3","","1217","1","2","0","0","0","0","0","3","0","2","N","","","","","","","","","","","","03","  ","","",""
"0556","0","0","0","0","0","0","0","0","0","7","0","","36","09","2018","2018103707","1","40.0098","-76.3096","0548","08","0","0","0","0","0","0","0","0","","0","0","0","03","2","0","02","0","40 00:35.398","","00","76 18:34.722","0","0","0","0","36220","0","0","0","N","0","0","0","1","36101","0","","5","01","N","N","0","","0","0","1","0","0","","0310","0","1","0","0","0","0","0","3","0","1","N","","","","","","","","","","","","03","  ","","",""
"1146","0","0","1","0","0","0","0","0","0","4","0","","36","10","2018","2018103708","4","40.0685","-76.3074","1146","08","0","0","0","0","0","0","1","0","2","0","0","0","11","1","2","01","2","40 04:06.605","1","00","76 18:27.559","2","0","0","0","36101","0","0","0","N","0","0","0","2","36101","1","","1","01","N","N","0","","0","1","2","3","2","Y","1144","2","2","0","0","0","0","0","3","0","2","N","","","","","","","","","","","","03","  ","","",""
"1650","2","0","0","0","0","0","0","0","0","2","0","","36","10","2018","2018103709","4","40.0399","-76.2846","1645","08","0","0","0","0","0","0","0","0","","0","0","0","16","1","1","00","0","40 02:23.520","","00","76 17:04.652","4","0","0","0","36220","0","0","0","N","0","0","0","3","36101","1","","1","01","N","N","0","","0","0","0","0","0","","1644","1","2","0","0","0","0","0","3","0","2","N","","","","","","","","","","","","03","  ","","",""