"ARRIVAL_TM","AUTOMOBILE_COUNT","BELTED_DEATH_COUNT","BELTED_SUSP_SERIOUS_INJ_COUNT","BICYCLE_COUNT","BICYCLE_DEATH_COUNT","BICYCLE_SUSP_SERIOUS_INJ_COUNT","BUS_COUNT","CHLDPAS_DEATH_COUNT","CHLDPAS_SUSP_SERIOUS_INJ_COUNT","COLLISION_TYPE","COMM_VEH_COUNT","CONS_ZONE_SPD_LIM","COUNTY","CRASH_MONTH","CRASH_YEAR","CRN","DAY_OF_WEEK","DEC_LAT","DEC_LONG","DISPATCH_TM","DISTRICT","DRIVER_COUNT_16YR","DRIVER_COUNT_17YR","DRIVER_COUNT_18YR","DRIVER_COUNT_19YR","DRIVER_COUNT_20YR","DRIVER_COUNT_50_64YR","DRIVER_COUNT_65_74YR","DRIVER_COUNT_75PLUS","EST_HRS_CLOSED","FATAL_COUNT","HEAVY_TRUCK_COUNT","HORSE_BUGGY_COUNT","HOUR_OF_DAY","ILLUMINATION","INJURY_COUNT","INTERSECT_TYPE","LANE_CLOSED","LATITUDE","LN_CLOSE_DIR","LOCATION_TYPE","LONGITUDE","MAX_SEVERITY_LEVEL","MCYCLE_DEATH_COUNT","MCYCLE_SUSP_SERIOUS_INJ_COUNT","MOTORCYCLE_COUNT","MUNICIPALITY","NONMOTR_COUNT","NONMOTR_DEATH_COUNT","NONMOTR_SUSP_SERIOUS_INJ_COUNT","NTFY_HIWY_MAINT","PED_COUNT","PED_DEATH_COUNT","PED_SUSP_SERIOUS_INJ_COUNT","PERSON_COUNT","POLICE_AGCY","POSSIBLE_INJ_COUNT","RDWY_SURF_TYPE_CD","RELATION_TO_ROAD","ROAD_CONDITION","SCH_BUS_IND","SCH_ZONE_IND","SMALL_TRUCK_COUNT","SPEC_JURIS_CD","SUSP_MINOR_INJ_COUNT","SUSP_SERIOUS_INJ_COUNT","SUV_COUNT","TCD_FUNC_CD","TCD_TYPE","TFC_DETOUR_IND","TIME_OF_DAY","TOT_INJ_COUNT","TOTAL_UNITS","UNB_DEATH_COUNT","UNB_SUSP_SERIOUS_INJ_COUNT","UNBELTED_OCC_COUNT","UNK_INJ_DEG_COUNT","UNK_INJ_PER_COUNT","URBAN_RURAL","VAN_COUNT","VEHICLE_COUNT","WORK_ZONE_IND","WORK_ZONE_LOC","WORK_ZONE_TYPE","WORKERS_PRES","WZ_CLOSE_DETOUR","WZ_FLAGGER","WZ_LAW_OFFCR_IND","WZ_LN_CLOSURE","WZ_MOVING","WZ_OTHER","WZ_SHLDER_MDN","ROADWAY_CLEARED","WEATHER1","WEATHER2","WZ_WORKERS_INJ_KILLED","SECONDARY_CRASH","INTERSECTION_RELATED"
"1409","3","0","0","0","0","0","0","0","0","1","0","","36","09","2018","2018103710","5","40.0378","-76.2707","1409","08","0","0","0","0","1","1","1","1","2","0","0","0","14","1","2","01","1","40 02:16.133","4","00","76 16:14.672","3","0","0","0","36215","0","0","0","N","0","0","0","6","36215","0","","1","01","N","N","1","","2","0","1","3","2","N","1409","2","5","0","0","1","0","0","1","0","5","N","","","","","","","","","","","","03","  ","","",""
"1528","2","0","0","0","0","0","0","0","0","4","0","","36","09","2018","2018103711","4","40.0428","-76.238","1519","08","0","0","0","0","0","0","0","1","","0","0","0","15","1","0","02","0","40 02:33.930","","00","76 14:16.852","0","0","0","0","36215","0","0","0","N","0","0","0","2","36215","0","","1","01","N","N","0","","0","0","0","3","3","","1517","0","2","0","0","0","0","0","1","0","2","N","","","","","","","","","","","","03","  ","","",""
"1407","1","0","0","0","0","0","0","0","0","1","0","","36","09","2018","2018103712","2","40.0298","-76.244","1402","08","0","0","0","0","0","1","0","0","2","0","0","0","13","1","1","02","1","40 01:47.413","1","00","76 14:38.431","4","0","0","0","36215","0","0","0","N","0","0","0","4","36215","1","","1","01","N","N","0","","0","0","1","3","2","N","1356","1","2","0","0","0","0","0","1","0","2","N","","","","","","","","","","","","03","  ","","",""
"0817","0","0","0","0","0","0","0","0","0","1","0","","36","10","2018","2018103713","5","40.0402","-76.2383","0812","08","0","0","0","0","0","0","0","0","","0","0","0","08","1","0","00","0","40 02:24.677","","00","76 14:17.718","9","0","0","0","36215","0","0","0","N","0","0","0","3","36215","0","","1","01","N","N","0","","0","0","2","3","2","","0812","0","3","0","0","1","0","1","1","0","3","N","","","","","","","","","","","","03","  ","","",""
"0452","1","0","0","0","0","0","0","0","0","7","0","","36","10","2018","2018103725","5","40.2487","-76.0853","0448","08","0","0","0","0","0","0","0","0","3","0","0","0","04","2","0","00","1","40 14:55.354","4","00","76 05:07.056","0","0","0","0","36210","0","0","0","N","0","0","0","1","36210","0","","5","01","N","N","0","","0","0","0","0","0","N","0443","0","1","0","0","0","0","0","1","0","1","N","","","","","","","","","","","","03","  ","","",""
"2028","2","0","0","0","0","0","0","0","0","1","0","","36","10","2018","2018103773","4","40.0474","-76.4839","2020","08","0","0","1","0","0","0","0","0","","0","0","0","20","2","0","00","0","40 02:50.610","","00","76 29:02.159","0","0","0","0","36239","0","0","0","N","0","0","0","2","36239","0","","1","01","","","0","","0","0","0","0","0","","2020","0","2","0","0","0","0","0","3","0","2","N","","","","","","","","","","","","03","  ","","",""
"1509","2","0","0","0","0","0","0","0","0","6","0","","36","10","2018","2018103781","5","40.0387","-76.2993","1507","08","0","0","0","0","0","0","1","0","","0","0","0","15","1","0","01","0","40 02:19.147","","00","76 17:57.358","9","0","0","0","36301","0","0","0","N","0","0","0","4","36301","0","","1","01","N","N","0","","0","0","0","3","3","","1507","0","2","0","0","0","0","1","3","0","2","N","","","","","","","","","","","","03","  ","","",""
"2209","1","0","0","0","0","0","0","0","0","7","0","","36","10","2018","2018103806","4","40.1469","-76.3713","2205","08","0","0","1","0","0","0","0","0","","0","0","0","22","3","0","00","0","40 08:48.863","","00","76 22:16.602","0","0","0","0","36227","0","0","0","N","0","0","0","1","36506","0","","2","01","N","N","0","","0","0","0","0","0","","2205","0","1","0","0","0","0","0","1","0","1","N","","","","","","","","","","","","03","  ","","",""
"1240","0","0","0","0","0","0","0","0","0","7","0","","36","10","2018","2018103930","5","40.0712","-76.308","1237","08","0","0","0","0","0","1","0","0","3","0","0","0","12","1","0","00","2","40 04:16.400","5","00","76 18:28.953","0","0","0","0","36101","0","0","0","N","0","0","0","1","36101","0","","5","01","N","N","0","","0","0","1","0","0","Y","1235","0","1","0","0","0","0","0","3","0","1","N","","","","","","","","","","","","03","  ","","",""
"2038","0","0","0","0","0","0","0","0","0","8","0","","36","09","2018","2018103931","1","40.0557","-76.3857","2033","08","0","0","0","0","0","0","0","0","","0","0","0","20","2","1","00","0","40 03:20.526","","00","76 23:08.565","3","0","0","0","36214","1","0","0","N","1","0","0","2","36214","0","","2","01","N","N","0","","1","0","0","0","0","","2030","1","2","0","0","0","0","1","3","0","1","N","","","","","","","","","","","","03","  ","","",""
"0625","2","0","0","0","0","0","0","0","0","1","0","","36","10","2018","2018103948","6","40.2138","-76.0979","0623","08","0","0","0","0","0","1","0","0","","0","0","0","06","2","1","00","0","40 12:49.654","","00","76 05:52.448","3","0","0","0","36210","0","0","0","N","0","0","0","2","36210","0","","1","01","N","N","0","","1","0","0","0","0","","0618","1","2","0","0","0","0","0","1","0","2","N","","","","","","","","","","","","03","  ","","",""
"0538","0","0","0","0","0","0","0","0","0","8","0","","36","09","2018","2018103989","6","40.1797","-76.1755","0536","08","0","0","0","0","0","1","0","0","","0","0","0","05","3","1","01","0","40 10:46.812","","00","76 10:31.684","3","0","0","0","36408","1","0","0","N","1","0","0","2","36408","0","","1","09","N","N","0","","1","0","1","3","2","","0535","1","2","0","0","0","0","0","2","0","1","N","","","","","","","","","","","","07","  ","","",""
"0155","1","0","0","0","0","0","0","0","0","7","0","","36","09","2018","2018104189","6","40.0224","-76.1923","0106","08","0","0","0","0","0","0","0","0","1","0","0","0","01","2","0","00","2","40 01:20.583","4","00","76 11:32.353","0","0","0","0","36215","0","0","0","N","0","0","0","1","36215","0","","2","09","N","N","0","","0","0","0","0","0","N","0100","0","1","0","0","0","0","0","1","0","1","N","","","","","","","","","","","","07","  ","","",""
"0334","1","0","0","0","0","0","0","0","0","7","0","","36","09","2018","2018104190","6","40.0176","-76.1682","0325","08","0","0","0","0","0","0","0","0","2","0","0","0","03","2","0","00","2","40 01:03.319","3","00","76 10:05.449","0","0","0","0","36215","0","0","0","N","0","0","0","1","36215","0","","5","09","N","N","0","","0","0","0","0","0","N","0321","0","1","0","0","0","0","0","1","0","1","N","","","","","","","","","","","","07","  ","","",""
"1811","1","0","0","0","0","0","0","0","0","7","0","","36","09","2018","2018104191","1","40.0152","-76.2307","1805","08","0","0","0","0","0","0","0","0","4","0","0","0","18","1","1","00","2","40 00:54.648","5","00","76 13:50.674","3","0","0","0","36215","0","0","0","N","0","0","0","1","36215","0","","5","01","N","N","0","","1","0","0","0","0","Y","1803","1","1","0","0","0","0","0","1","0","1","N","","","","","","","","","","","","03","  ","","",""
"1534","1","0","0","0","0","0","0","0","0","1","0","","36","10","2018","2018104192","4","40.0562","-76.27","1526","08","0","0","0","0","0","1","0","0","","0","0","0","15","1","0","00","0","40 03:22.216","","00","76 16:11.837","0","0","0","0","36215","0","0","0","N","0","0","0","2","36215","0","","1","01","N","N","1","","0","0","0","0","0","","1526","0","2","0","0","0","0","0","1","0","2","N","","","","","","","","","","","","03","  ","","",""
"1634","0","0","0","0","0","0","1","0","0","1","1","","36","10","2018","2018104193","4","40.0984","-76.1974","1630","08","0","0","0","0","0","1","1","0","","0","0","0","16","1","0","00","0","40 05:54.207","","07","76 11:50.613","0","0","0","0","36234","0","0","0","N","0","0","0","2","36215","0","","1","01","N","N","1","","0","0","0","0","0","","1630","0","2","0","0","0","0","0","1","0","2","N","","","","","","","","","","","","03","  ","","",""
"0512","0","0","0","0","0","0","0","0","0","1","1","","36","10","2018","2018104223","3","40.0417","-76.4815","0507","08","0","0","0","0","0","1","0","0","","0","1","0","05","2","0","00","0","40 02:30.049","","00","76 28:53.294","0","0","0","0","36239","0","0","0","N","0","0","0","2","36239","0","","1","01","N","N","1","","0","0","0","0","0","","0502","0","2","0","0","0","0","0","3","0","2","N","","","","","","","","","","","","03","  ","","",""
"1726","2","0","0","0","0","0","0","0","0","4","0","","36","09","2018","2018104226","1","40.1895","-76.31","1711","08","0","0","0","0","1","0","0","0","","0","0","0","17","1","0","01","0","40 11:22.225","","00","76 18:36.138","0","0","0","0","36235","0","0","0","N","0","0","0","3","36506","0","","1","09","N","N","0","","0","0","0","3","3","","1711","0","2","0","0","0","0","0","1","0","2","N","","","","","","","","","","","","07","  ","","",""
"0732","0","0","0","0","0","0","0","0","0","1","0","","36","10","2018","2018104227","2","40.1475","-76.2332","0727","08","0","0","0","0","0","1","0","0","2","0","0","0","07","1","0","00","1","40 08:50.936","6","00","76 13:59.476","0","0","0","0","36235","0","0","0","N","0","0","0","3","36506","0","","1","01","N","N","2","","0","0","1","0","0","N","0727","0","3","0","0","0","0","0","1","0","3","N","","","","","","","","","","","","03","  ","","",""
"2001","2","0","0","0","0","0","0","0","0","1","0","","36","08","2018","2018104245","5","40.1298","-76.2166","1958","08","1","0","0","1","0","1","0","0","","0","0","0","19","1","0","01","0","40 07:47.418","","00","76 12:59.627","0","0","0","0","36238","0","0","0","N","0","0","0","3","36238","0","","1","01","N","N","0","","0","0","1","3","4","N","1958","0","3","0","0","0","0","0","3","0","3","N","","","","","","","","","","","","03","  ","","",""
"1419","1","0","0","0","0","0","0","0","0","7","0","","36","10","2018","2018104346","6","40.2391","-76.1265","1413","08","0","0","0","0","0","0","0","0","","0","0","0","14","1","0","00","0","40 14:20.628","","00","76 07:35.443","0","0","0","0","36210","0","0","0","N","0","0","0","4","36210","0","","5","01","N","N","0","","0","0","0","0","0","","1413","0","1","0","0","0","0","0","1","0","1","N","","","","","","","","","","","","03","  ","","",""
"1225","1","0","0","0","0","0","0","0","0","7","0","","36","10","2018","2018104349","6","40.152","-76.6097","1220","08","0","0","0","0","0","0","0","1","","0","0","0","12","1","0","02","0","40 09:07.214","","99","76 36:34.804","0","0","0","0","36407","0","0","0","N","0","0","0","1","36407","0","","2","01","N","N","0","","0","0","0","0","0","","1220","0","1","0","0","0","0","0","2","0","1","N","","","","","","","","","","","","03","  ","","",""
"1524","2","0","0","0","0","0","0","0","0","1","0","","36","10","2018","2018104367","2","40.173","-76.1715","1522","08","0","0","0","0","0","1","1","0","1","0","0","0","15","1","0","00","1","40 10:22.939","4","00","76 10:17.541","0","0","0","0","36408","0","0","0","N","0","0","0","3","36408","0","","1","01","N","N","0","","0","0","1","0","0","N","1522","0","3","0","0","0","0","0","2","0","3","N","","","","","","","","","","","","03","  ","","",""
"1225","0","0","0","0","0","0","0","0","0","4","1","","36","10","2018","2018104460","7","40.0412","-76.4553","1218","08","0","0","0","0","0","0","0","0","3","0","1","0","12","1","0","02","2","40 02:28.311","5","00","76 27:19.254","0","0","0","0","36239","0","0","0","N","0","0","0","3","36239","0","","1","01","N","N","1","","0","0","0","3","3","N","1216","0","2","0","0","0","0","0","3","0","2","N","","","","","","","","","","","","03","  ","","",""
"1444","0","0","0","0","0","0","0","0","0","5","0","","36","10","2018","2018104469","7","40.0442","-76.4401","1432","08","0","0","0","0","0","0","0","0","2","0","0","0","14","1","0","00","2","40 02:39.087","6","00","76 26:24.208","0","0","0","0","36239","0","0","0","N","0","0","0","2","36239","0","","1","01","N","N","1","","0","0","1","0","0","Y","1432","0","2","0","0","0","0","0","3","0","2","N","","","","","","","","","","","","03","  ","","",""
"1148","2","0","0","0","0","0","0","0","0","5","0","","36","10","2018","2018104490","7","40.1222","-76.0393","1141","08","0","0","0","0","0","1","0","0","2","0","0","0","11","1","0","00","1","40 07:19.944","5","00","76 02:21.399","0","0","0","0","36213","0","0","0","N","0","0","0","2","36213","0","","1","01","N","N","0","","0","0","0","0","0","N","1138","0","2","0","0","1","0","0","1","0","2","N","","","","","","","","","","","","03","  ","","",""
"1754","2","0","0","0","0","0","0","0","0","1","0","","36","10","2018","2018104500","7","40.2077","-76.1403","1748","08","0","0","0","0","0","0","0","0","","0","0","0","17","4","0","01","0","40 12:27.845","","00","76 08:25.012","0","0","0","0","36210","0","0","0","N","0","0","0","2","36210","0","","1","01","N","N","0","","0","0","0","0","0","","1745","0","2","0","0","0","0","0","1","0","2","N","","","","","","","","","","","","03","  ","","",""
"0324","0","0","0","0","0","0","0","0","0","7","0","","36","08","2018","2018104528","1","40.1384","-76.2111","0319","08","0","0","0","0","0","0","0","0","1","0","0","0","03","3","0","00","2","40 08:18.369","5","00","76 12:40.066","0","0","0","0","36238","0","0","0","N","0","0","0","1","36238","0","","5","01","N","N","0","","0","0","2","0","0","Y","0319","0","2","0","0","0","0","0","3","0","2","N","","","","","","","","","","","","03","  ","","",""
"0033","0","0","0","0","0","0","0","0","0","7","0","","36","09","2018","2018104558","6","40.2281","-76.3666","0019","08","0","0","0","0","0","0","0","0","","0","0","0","00","2","0","00","0","40 13:41.118","","00","76 21:59.640","0","0","0","0","36227","0","0","0","N","0","0","0","1","68T06","0","","4","08","N","N","0","","0","0","1","0","0","","0015","0","1","0","0","0","0","0","1","0","1","N","","","","","","","","","","","","07","  ","","",""
"1447","0","0","0","0","0","0","0","0","0","7","0","","36","09","2018","2018104561","6","40.2245","-76.4057","1437","08","0","0","0","0","0","0","0","0","","0","0","0","14","1","3","00","0","40 13:28.164","","00","76 24:20.575","8","0","0","0","36227","0","0","0","N","0","0","0","3","68T06","0","","4","01","N","N","0","","0","0","0","0","0","","1441","3","1","0","0","1","3","0","1","1","1","N","","","","","","","","","","","","03","  ","","",""
"2004","0","0","0","0","0","0","0","0","0","9","0","","36","09","2018","2018104615","7","39.9417","-76.4007","1942","08","0","0","0","0","0","1","0","0","2","0","0","0","19","2","0","00","1","39 56:30.030","1","00","76 24:02.434","0","0","0","0","36223","0","0","0","N","0","0","0","1","36223","0","","1","01","N","N","0","","0","0","1","0","0","N","1942","0","1","0","0","0","0","0","1","0","1","N","","","","","","","","","","","","03","  ","","",""
"0947","0","0","0","0","0","0","0","0","0","7","0","","36","10","2018","2018104616","6","40.0327","-76.412","0939","08","0","0","0","0","0","1","0","0","2","0","0","0","09","1","0","03","1","40 01:57.827","3","00","76 24:43.243","0","0","0","0","36223","0","0","0","N","0","0","0","1","36223","0","","4","01","N","N","0","","0","0","1","0","0","Y","0938","0","1","0","0","0","0","0","1","0","1","N","","","","","","","","","","","","03","  ","","",""
"1337","1","0","0","0","0","0","0","0","0","4","1","","36","10","2018","2018104617","6","40.0264","-76.3945","1327","08","0","0","0","0","0","0","0","0","2","0","1","0","13","1","0","00","2","40 01:34.984","7","00","76 23:40.050","0","0","0","0","36223","0","0","0","N","0","0","0","3","36223","0","","1","01","N","N","0","","0","0","0","0","0","Y","1325","0","2","0","0","0","0","0","1","0","2","N","","","","","","","","","","","","03","  ","","",""
"1426","2","0","0","0","0","0","0","0","0","4","0","","36","10","2018","2018104618","6","40.028","-76.3612","1413","08","0","0","0","0","0","1","0","0","2","0","0","0","14","1","0","01","1","40 01:40.803","1","00","76 21:40.412","0","0","0","0","36223","0","0","0","N","0","0","0","3","36223","0","","1","01","N","N","0","","0","0","0","3","3","Y","1413","0","2","0","0","0","0","0","1","0","2","N","","","","","","","","","","","","03","  ","","",""
"1933","1","0","0","0","0","0","0","0","0","7","0","","36","10","2018","2018104619","6","40.0335","-76.4124","1927","08","0","0","0","0","0","0","0","0","1","0","0","0","19","2","1","00","2","40 02:00.580","5","00","76 24:44.600","3","0","0","0","36223","0","0","0","N","0","0","0","1","36223","0","","4","01","N","N","0","","1","0","0","0","0","Y","1924","1","1","0","0","0","0","0","1","0","1","N","","","","","","","","","","","","03","  ","","",""
"1535","0","0","0","0","0","0","0","0","0","4","0","","36","10","2018","2018104670","7","40.1781","-76.1148","1525","08","0","0","0","0","0","2","0","0","2","0","0","0","15","1","0","00","1","40 10:41.198","1","00","76 06:53.301","0","0","0","0","36210","0","0","0","N","0","0","0","2","36210","0","","1","01","N","N","1","","0","0","0","0","0","N","1523","0","2","0","0","0","0","0","1","1","2","N","","","","","","","","","","","","03","  ","","",""
"0937","1","0","0","0","0","0","0","0","0","9","0","","36","10","2018","2018104678","6","40.0502","-76.308","0932","08","0","0","0","0","0","0","0","0","1","0","0","0","09","1","1","00","2","40 03:00.588","1","00","76 18:28.767","3","0","0","0","36301","0","0","0","N","0","0","0","1","36301","0","","4","01","N","N","0","","1","0","0","0","0","Y","0929","1","1","0","0","0","0","0","3","0","1","N","","","","","","","","","","","","03","  ","","",""
"1405","0","0","0","0","0","0","0","0","0","4","0","","36","10","2018","2018104733","1","40.0319","-76.4903","1400","08","0","0","0","0","0","2","0","0","1","0","0","0","14","1","1","00","1","40 01:54.932","3","00","76 29:24.910","4","0","0","0","36404","0","0","0","N","0","0","0","3","36404","1","","1","01","N","N","0","","0","0","2","3","2","N","1400","1","2","0","0","0","0","0","3","0","2","N","","","","","","","","","","","","03","  ","","",""
"1702","2","0","0","0","0","0","0","0","0","1","0","","36","10","2018","2018104769","2","40.101","-76.3301","1659","08","0","0","0","0","0","0","0","0","2","0","0","0","16","1","2","00","2","40 06:03.742","1","00","76 19:48.263","3","0","0","0","36101","0","0","0","N","0","0","0","4","36101","1","","1","01","N","N","0","","1","0","1","0","0","N","1655","2","3","0","0","0","0","1","3","0","3","N","","","","","","","","","","","","03","  ","","",""
"1403","1","0","0","0","0","0","0","0","0","1","0","","36","10","2018","2018104770","7","40.0671","-76.2923","1344","08","0","0","0","0","0","1","0","0","","0","0","0","13","1","0","00","0","40 04:01.554","","02","76 17:32.113","0","0","0","0","36101","0","0","0","N","0","0","0","2","36101","0","","1","01","N","N","0","","0","0","1","0","0","","1344","0","2","0","0","0","0","0","3","0","2","N","","","","","","","","","","","","03","  ","","",""
"1136","2","0","0","0","0","0","0","0","0","4","0","","36","10","2018","2018104771","7","40.0519","-76.396","1121","08","0","1","0","0","0","1","0","0","","0","0","0","11","1","1","00","0","40 03:06.700","","00","76 23:45.516","3","0","0","0","36214","0","0","0","N","0","0","0","3","36214","0","","1","01","N","N","0","","1","0","0","0","0","","1115","1","2","0","0","0","0","0","3","0","2","N","","","","","","","","","","","","03","  ","","",""
"0342","2","0","0","0","0","0","0","0","0","4","0","","36","10","2018","2018104780","1","40.0411","-76.3063","0337","08","0","0","0","0","0","0","0","0","1","0","0","0","03","3","3","01","1","40 02:27.991","3","00","76 18:22.594","3","0","0","0","36301","0","0","0","N","0","0","0","6","36301","0","","1","01","N","N","0","","3","0","0","3","2","Y","0337","3","2","0","0","0","0","0","3","0","2","N","","","","","","","","","","","","03","  ","","",""
"2205","1","0","0","0","0","0","0","0","0","7","0","","36","10","2018","2018104820","1","40.0577","-76.4316","2158","08","0","0","0","0","0","0","0","0","","0","0","0","21","2","0","02","0","40 03:27.666","","00","76 25:53.889","0","0","0","0","36239","0","0","0","N","0","0","0","1","36239","0","","2","01","N","N","0","","0","0","0","0","0","","2150","0","1","0","0","0","0","0","3","0","1","N","","","","","","","","","","","","03","  ","","",""
"0041","1","0","0","0","0","0","0","0","0","9","0","","36","10","2018","2018104832","1","40.0231","-76.2775","0032","08","0","0","0","0","0","0","0","0","2","0","0","0","00","2","0","00","1","40 01:23.006","4","00","76 16:39.013","0","0","0","0","36240","0","0","0","N","0","0","0","1","36240","0","","5","01","N","N","0","","0","0","0","0","0","N","0030","0","1","0","0","0","0","0","1","0","1","N","","","","","","","","","","","","03","  ","","",""
"1429","3","0","0","0","0","0","0","0","0","1","0","","36","09","2018","2018104887","2","39.8947","-76.1714","1424","08","0","0","0","0","0","2","0","0","","0","0","0","14","1","1","00","0","39 53:41.029","","00","76 10:16.917","4","0","0","0","36238","0","0","0","N","0","0","0","4","36238","1","","1","01","N","N","1","","0","0","0","3","2","","1424","1","4","0","0","0","0","0","3","0","4","N","","","","","","","","","","","","03","  ","","",""
"2046","2","0","0","0","0","0","0","0","0","4","0","","36","09","2018","2018104893","5","40.0602","-76.2775","2044","08","0","0","0","0","0","0","0","1","2","0","0","0","20","3","3","01","2","40 03:36.113","3","08","76 16:38.939","3","0","0","0","36101","0","0","0","N","0","0","0","3","36101","0","","1","09","N","N","0","","3","0","0","3","2","N","2040","3","2","0","0","1","0","0","3","0","2","N","","","","","","","","","","","","07","  ","","",""
"1831","1","0","0","0","0","0","0","0","0","1","0","","36","10","2018","2018104894","6","40.0732","-76.3354","1831","08","0","0","0","0","0","0","0","0","2","0","0","0","18","4","0","00","1","40 04:23.527","1","00","76 20:07.377","0","0","0","0","36101","0","0","0","N","0","0","0","2","36101","0","","1","01","N","N","1","","0","0","0","3","2","N","1830","0","2","0","0","0","0","0","3","0","2","N","","","","","","","","","","","","03","  ","","",""
"1637","1","0","0","0","0","0","0","0","0","4","1","","36","09","2018","2018104895","4","40.1483","-76.1215","1632","08","0","0","0","0","0","0","1","1","2","0","1","0","16","1","1","02","1","40 08:54.032","6","00","76 07:17.516","4","0","0","0","36209","0","0","0","N","0","0","0","2","36415","1","","1","01","N","N","0","","0","0","0","3","3","Y","1632","1","2","0","0","0","0","0","1","0","2","N","","","","","","","","","","","","03","  ","","",""
"0555","0","0","1","0","0","0","0","0","0","1","1","","36","10","2018","2018104896","6","40.1554","-76.1049","0551","08","0","0","0","0","0","0","0","0","2","0","1","0","05","2","1","00","1","40 09:19.500","5","00","76 06:17.467","2","0","0","0","36209","0","0","0","N","0","0","0","2","36415","0","","1","01","N","N","1","","0","1","0","0","0","N","0548","1","2","0","0","0","0","0","1","0","2","N","","","","","","","","","","","","03","  ","","",""
"1245","2","0","0","0","0","0","0","0","0","4","0","","36","10","2018","2018104897","6","40.1009","-76.0823","1245","08","0","0","0","0","0","0","0","1","2","0","0","0","12","1","1","01","2","40 06:03.334","7","00","76 04:56.150","3","0","0","0","36415","0","0","0","N","0","0","0","3","36415","0","","1","01","N","N","0","","1","0","0","3","3","Y","1245","1","2","0","0","0","0","0","1","0","2","N","","","","","","","","","","","","03","  ","","",""
"2024","1","0","0","0","0","0","0","0","0","7","0","","36","10","2018","2018104898","1","40.1547","-76.1078","2016","08","0","1","0","0","0","0","0","0","","0","0","0","20","2","0","00","0","40 09:16.840","","00","76 06:28.010","0","0","0","0","36209","0","0","0","N","0","0","0","3","36415","0","","5","01","N","N","0","","0","0","0","0","0","","2016","0","1","0","0","0","0","0","1","0","1","N","","","","","","","","","","","","03","  ","","",""
"1908","0","0","0","0","0","0","0","0","0","7","0","","36","09","2018","2018104906","6","40.1987","-76.1705","1905","08","0","0","0","0","0","1","0","0","","0","0","0","19","3","1","00","0","40 11:55.496","","00","76 10:13.738","3","0","0","0","36218","0","0","0","N","0","0","0","2","36408","0","","5","01","N","N","1","","1","0","0","0","0","","1903","1","1","0","0","1","0","0","1","0","1","N","","","","","","","","","","","","03","  ","","",""
"0203","1","0","0","0","0","0","0","0","0","7","0","","36","09","2018","2018105088","5","40.0698","-76.3168","0203","08","0","0","0","0","0","0","0","0","","0","0","0","02","3","0","01","0","40 04:11.321","","00","76 19:00.454","0","0","0","0","36101","0","0","0","N","0","0","0","1","36101","0","","4","01","N","N","0","","0","0","0","0","0","","0203","0","1","0","0","0","0","0","3","0","1","N","","","","","","","","","","","","03","  ","","",""
"2217","0","0","0","0","0","0","0","0","0","7","0","","36","09","2018","2018105089","7","40.0706","-76.3264","2212","08","0","0","0","0","0","1","0","0","3","0","0","0","22","3","1","00","1","40 04:14.145","3","00","76 19:35.175","3","0","0","0","36101","0","0","0","N","0","0","0","1","36101","0","","5","01","N","N","0","","1","0","0","0","0","N","2210","1","1","0","0","0","0","0","3","1","1","N","","","","","","","","","","","","03","  ","","",""
"2139","0","0","0","0","0","0","0","0","0","1","0","","36","09","2018","2018105091","1","40.0397","-76.2838","2133","08","0","1","0","0","0","0","0","1","2","0","0","0","21","3","2","00","1","40 02:22.998","3","00","76 17:01.746","3","0","0","0","36220","0","0","0","N","0","0","0","3","36101","0","","1","01","N","N","0","","2","0","2","0","0","N","2132","2","2","0","0","0","0","0","3","0","2","N","","","","","","","","","","","","03","  ","","",""
"1732","0","0","0","0","0","0","0","0","0","4","0","","36","10","2018","2018105092","5","40.0871","-76.339","1727","08","0","0","0","0","0","0","0","0","2","0","0","0","17","1","2","02","1","40 05:13.689","4","00","76 20:20.302","3","0","0","0","36101","0","0","0","N","0","0","0","2","36101","1","","1","01","N","N","0","","1","0","2","0","0","N","1725","2","2","0","0","0","0","0","3","0","2","N","","","","","","","","","","","","03","  ","","",""
"0921","2","0","0","0","0","0","0","0","0","4","0","","36","10","2018","2018105137","4","40.0936","-76.3506","0914","08","0","0","0","0","0","1","0","0","1","0","0","0","09","1","0","01","1","40 05:36.809","2","00","76 21:02.125","0","0","0","0","36214","0","0","0","N","0","0","0","2","36214","0","","1","01","N","N","0","","0","0","0","3","2","N","0912","0","2","0","0","0","0","0","3","0","2","N","","","","","","","","","","","","03","  ","","",""
"0835","1","0","0","0","0","0","0","0","0","4","0","","36","10","2018","2018105143","5","40.183","-76.1676","0830","08","0","0","0","0","0","0","0","1","2","0","0","0","08","1","2","00","2","40 10:58.734","4","00","76 10:03.421","3","0","0","0","36408","0","0","0","N","0","0","0","2","36408","0","","6","01","N","N","1","","1","0","0","0","0","Y","0830","2","3","0","0","0","1","0","2","1","3","N","","","","","","","","","","","","03","  ","","",""