"ARRIVAL_TM","AUTOMOBILE_COUNT","BELTED_DEATH_COUNT","BELTED_SUSP_SERIOUS_INJ_COUNT","BICYCLE_COUNT","BICYCLE_DEATH_COUNT","BICYCLE_SUSP_SERIOUS_INJ_COUNT","BUS_COUNT","CHLDPAS_DEATH_COUNT","CHLDPAS_SUSP_SERIOUS_INJ_COUNT","COLLISION_TYPE","COMM_VEH_COUNT","CONS_ZONE_SPD_LIM","COUNTY","CRASH_MONTH","CRASH_YEAR","CRN","DAY_OF_WEEK","DEC_LAT","DEC_LONG","DISPATCH_TM","DISTRICT","DRIVER_COUNT_16YR","DRIVER_COUNT_17YR","DRIVER_COUNT_18YR","DRIVER_COUNT_19YR","DRIVER_COUNT_20YR","DRIVER_COUNT_50_64YR","DRIVER_COUNT_65_74YR","DRIVER_COUNT_75PLUS","EST_HRS_CLOSED","FATAL_COUNT","HEAVY_TRUCK_COUNT","HORSE_BUGGY_COUNT","HOUR_OF_DAY","ILLUMINATION","INJURY_COUNT","INTERSECT_TYPE","LANE_CLOSED","LATITUDE","LN_CLOSE_DIR","LOCATION_TYPE","LONGITUDE","MAX_SEVERITY_LEVEL","MCYCLE_DEATH_COUNT","MCYCLE_SUSP_SERIOUS_INJ_COUNT","MOTORCYCLE_COUNT","MUNICIPALITY","NONMOTR_COUNT","NONMOTR_DEATH_COUNT","NONMOTR_SUSP_SERIOUS_INJ_COUNT","NTFY_HIWY_MAINT","PED_COUNT","PED_DEATH_COUNT","PED_SUSP_SERIOUS_INJ_COUNT","PERSON_COUNT","POLICE_AGCY","POSSIBLE_INJ_COUNT","RDWY_SURF_TYPE_CD","RELATION_TO_ROAD","ROAD_CONDITION","SCH_BUS_IND","SCH_ZONE_IND","SMALL_TRUCK_COUNT","SPEC_JURIS_CD","SUSP_MINOR_INJ_COUNT","SUSP_SERIOUS_INJ_COUNT","SUV_COUNT","TCD_FUNC_CD","TCD_TYPE","TFC_DETOUR_IND","TIME_OF_DAY","TOT_INJ_COUNT","TOTAL_UNITS","UNB_DEATH_COUNT","UNB_SUSP_SERIOUS_INJ_COUNT","UNBELTED_OCC_COUNT","UNK_INJ_DEG_COUNT","UNK_INJ_PER_COUNT","URBAN_RURAL","VAN_COUNT","VEHICLE_COUNT","WORK_ZONE_IND","WORK_ZONE_LOC","WORK_ZONE_TYPE","WORKERS_PRES","WZ_CLOSE_DETOUR","WZ_FLAGGER","WZ_LAW_OFFCR_IND","WZ_LN_CLOSURE","WZ_MOVING","WZ_OTHER","WZ_SHLDER_MDN","ROADWAY_CLEARED","WEATHER1","WEATHER2","WZ_WORKERS_INJ_KILLED","SECONDARY_CRASH","INTERSECTION_RELATED"
"0539","0","0","0","0","0","0","0","0","0","4","0","","36","10","2018","2018105147","6","40.0435","-76.298","0530","08","0","0","0","0","0","0","0","0","","0","0","0","05","5","1","01","0","40 02:36.501","","00","76 17:52.632","4","0","0","0","36301","0","0","0","N","0","0","0","2","36301","1","","1","01","N","N","1","","0","0","0","3","3","","0527","1","2","0","0","0","0","0","3","1","2","N","","","","","","","","","","","","03","  ","","",""
"1041","5","0","0","0","0","0","0","0","0","1","0","","36","10","2018","2018105151","6","40.1496","-76.3813","1037","08","0","0","0","0","0","1","1","0","","0","0","0","10","1","1","00","0","40 08:58.395","","00","76 22:52.592","8","0","0","0","36227","0","0","0","N","0","0","0","7","36506","0","","1","01","N","N","0","","0","0","0","0","0","","1037","1","5","0","0","0","1","0","1","0","5","N","","","","","","","","","","","","03","  ","","",""
"1455","1","0","0","0","0","0","0","0","0","7","0","","36","10","2018","2018105277","4","40.1197","-76.226","1449","08","0","0","1","0","0","0","0","0","","0","0","0","14","1","0","00","0","40 07:10.806","","00","76 13:33.551","0","0","0","0","36238","0","0","0","N","0","0","0","1","36238","0","","5","01","N","N","0","","0","0","0","0","0","","1445","0","1","0","0","0","0","0","3","0","1","N","","","","","","","","","","","","03","  ","","",""
"1545","2","0","0","0","0","0","0","0","0","1","0","","36","10","2018","2018105280","5","40.1413","-76.1796","1545","08","1","0","0","0","0","0","0","0","","0","0","0","15","1","0","02","0","40 08:28.855","","00","76 10:46.382","0","0","0","0","36238","0","0","0","N","0","0","0","5","36238","0","","1","09","N","N","0","","0","0","0","0","0","","1530","0","2","0","0","2","0","0","3","0","2","N","","","","","","","","","","","","03","  ","","",""
"0310","2","0","0","0","0","0","0","0","0","1","0","","36","09","2018","2018105288","1","40.1786","-76.1816","0306","08","0","0","0","0","0","0","0","0","","0","0","0","03","3","0","00","0","40 10:42.810","","00","76 10:53.740","0","0","0","0","36408","0","0","0","N","0","0","0","1","36408","0","","4","01","N","N","1","","0","0","0","0","0","","0302","0","3","0","0","0","0","0","2","0","3","N","","","","","","","","","","","","03","  ","","",""
"0736","1","0","0","0","0","0","0","0","0","1","0","","36","09","2018","2018105296","2","40.0704","-76.3182","0727","08","0","0","1","0","0","1","0","0","","0","0","0","07","1","0","00","0","40 04:13.829","","00","76 19:08.935","0","0","0","0","36101","0","0","0","N","0","0","0","2","36101","0","","1","09","N","N","0","","0","0","1","0","0","","0722","0","2","0","0","0","0","0","3","0","2","N","","","","","","","","","","","","07","  ","","",""
"2250","2","0","0","0","0","0","0","0","0","1","0","","36","10","2018","2018105298","5","40.0946","-76.4084","2248","08","0","0","0","1","0","0","0","0","1","0","0","0","22","3","0","02","1","40 05:40.581","3","00","76 24:30.262","0","0","0","0","36214","0","0","0","N","0","0","0","2","36214","0","","1","09","N","N","0","","0","0","0","0","0","N","2246","0","2","0","0","0","0","0","3","0","2","N","","","","","","","","","","","","07","  ","","",""
"1857","1","0","0","0","0","0","0","0","0","1","0","","36","09","2018","2018105309","1","40.1569","-76.205","1854","08","0","0","0","0","0","1","0","0","","0","1","0","18","4","1","00","0","40 09:24.907","","00","76 12:17.966","3","0","0","0","36402","0","0","0","N","0","0","0","3","36402","0","","1","01","N","N","0","","1","0","0","0","0","N","1852","1","2","0","0","0","0","0","2","0","2","N","","","","","","","","","","","","03","  ","","",""
"1522","1","0","0","0","0","0","0","0","0","4","0","","36","10","2018","2018105319","5","39.9555","-76.2651","1519","08","0","0","0","0","0","0","0","1","2","0","0","0","15","1","2","00","1","39 57:19.662","2","00","76 15:54.392","3","0","0","0","36228","0","0","0","N","0","0","0","2","36503","0","","1","01","N","N","1","","1","0","0","0","0","N","1515","2","2","0","0","0","1","0","1","0","2","N","","","","","","","","","","","","03","  ","","",""
"1532","0","0","0","0","0","0","0","0","0","1","0","","36","10","2018","2018105323","2","40.0408","-76.5117","1524","08","0","0","0","0","0","0","0","0","2","0","0","0","15","1","2","00","1","40 02:26.899","2","00","76 30:41.967","8","0","0","0","36239","0","0","0","N","0","0","0","3","36239","0","","1","01","N","N","0","","0","0","3","0","0","N","1522","2","3","0","0","0","2","0","3","0","3","N","","","","","","","","","","","","03","  ","","",""
"1740","1","0","0","0","0","0","0","0","0","1","0","","36","09","2018","2018105325","1","40.2396","-76.2215","1732","08","0","0","0","0","0","0","0","0","","0","0","1","17","1","0","00","0","40 14:22.634","","00","76 13:17.309","0","0","0","0","36204","2","0","0","N","0","0","0","3","36506","0","","1","01","N","N","0","","0","0","0","0","0","","1732","0","2","0","0","0","0","0","1","0","1","N","","","","","","","","","","","","03","  ","","",""
"1850","2","0","0","0","0","0","0","0","0","4","0","","36","10","2018","2018105326","2","40.1568","-76.3815","1842","08","0","0","0","0","0","1","0","0","1","0","0","0","18","4","1","01","1","40 09:24.452","3","00","76 22:53.324","8","0","0","0","36227","0","0","0","N","0","0","0","5","36506","0","","1","01","N","N","0","","0","0","0","3","3","N","1842","1","2","0","0","0","1","0","1","0","2","N","","","","","","","","","","","","03","  ","","",""
"1627","0","0","1","0","0","0","0","0","0","8","0","","36","10","2018","2018105364","2","40.0315","-76.3056","1627","08","0","0","0","0","0","0","0","0","1","0","0","0","16","1","1","01","1","40 01:53.234","3","00","76 18:20.026","2","0","0","0","36301","1","0","0","N","1","0","0","2","36301","0","","1","01","N","N","0","","0","1","1","3","3","N","1627","1","2","0","0","0","0","0","3","0","1","N","","","","","","","","","","","","03","  ","","",""
"0858","0","0","0","0","0","0","2","0","0","1","2","","36","10","2018","2018105388","3","40.0654","-76.4577","0853","08","0","0","0","0","0","1","0","0","","0","0","0","08","1","0","01","0","40 03:55.424","","00","76 27:27.620","0","0","0","0","36239","0","0","0","N","0","0","0","10","36239","0","","1","01","Y","N","0","","0","0","0","3","2","","0853","0","2","0","0","0","0","0","3","0","2","N","","","","","","","","","","","","03","  ","","",""
"0217","1","0","0","0","0","0","0","0","0","7","0","","36","09","2018","2018105412","7","39.9173","-76.0932","0157","08","0","0","0","0","0","0","0","0","","0","0","0","01","2","0","00","0","39 55:02.452","","00","76 05:35.520","9","0","0","0","36201","0","0","0","N","0","0","0","2","68J01","0","","5","01","N","N","0","","0","0","0","0","0","","0143","0","1","0","0","0","0","2","1","0","1","N","","","","","","","","","","","","03","  ","","",""
"0438","1","0","0","0","0","0","0","0","0","9","0","","36","09","2018","2018105415","3","39.8517","-76.1097","0433","08","0","0","0","0","0","0","0","0","2","0","0","0","04","2","0","00","2","39 51:06.037","6","00","76 06:35.019","0","0","0","0","36205","0","0","0","N","0","0","0","3","68J01","0","","1","09","N","N","0","","0","0","0","0","0","Y","0431","0","1","0","0","0","0","0","1","0","1","N","","","","","","","","","","","","07","  ","","",""
"1507","1","0","0","0","0","0","0","0","0","1","0","","36","09","2018","2018105574","7","40.0859","-76.205","1502","08","0","0","0","0","0","0","1","0","","0","0","0","15","1","1","02","0","40 05:09.321","","00","76 12:18.051","3","0","0","1","36234","0","0","0","N","0","0","0","2","36215","0","","1","01","N","N","0","","1","0","0","3","3","","1501","1","2","0","0","0","0","0","1","0","2","N","","","","","","","","","","","","03","  ","","",""
"1351","0","0","0","0","0","0","0","0","0","1","0","","36","09","2018","2018105575","7","40.0284","-76.2254","1349","08","0","0","0","0","0","1","0","0","2","0","0","0","13","1","2","00","1","40 01:42.164","3","00","76 13:31.294","3","0","0","0","36215","0","0","0","N","0","0","0","7","36215","0","","1","01","N","N","0","","2","0","3","0","0","N","1348","2","3","0","0","2","0","0","1","0","3","N","","","","","","","","","","","","03","  ","","",""
"0624","0","0","0","0","0","0","0","0","0","0","0","","36","10","2018","2018105576","6","40.0481","-76.2433","0618","08","0","0","0","0","0","0","0","0","3","0","0","0","06","2","0","00","2","40 02:52.980","5","00","76 14:35.910","0","0","0","0","36215","0","0","0","N","0","0","0","1","36215","0","","1","01","N","N","0","","0","0","1","0","0","Y","0616","0","1","0","0","0","0","0","1","0","1","N","","","","","","","","","","","","03","  ","","",""
"0734","1","0","0","0","0","0","0","0","0","4","0","","36","10","2018","2018105577","6","40.0373","-76.2514","0731","08","0","0","0","0","0","0","0","0","1","0","0","0","07","1","2","01","1","40 02:14.171","1","00","76 15:05.198","3","0","0","0","36215","0","0","0","N","0","0","0","3","36215","0","","1","01","N","N","0","","2","0","1","3","3","N","0728","2","2","0","0","0","0","0","1","0","2","N","","","","","","","","","","","","03","  ","","",""
"1331","1","0","0","0","0","0","0","0","0","1","0","","36","10","2018","2018105578","6","40.0306","-76.2378","1329","08","0","0","0","1","0","0","0","0","2","0","0","0","13","1","1","00","2","40 01:49.986","3","00","76 14:16.107","8","0","0","0","36215","0","0","0","N","0","0","0","3","36215","0","","1","01","N","N","0","","0","0","1","0","0","N","1328","1","2","0","0","0","1","0","1","0","2","N","","","","","","","","","","","","03","  ","","",""
"2037","1","0","0","0","0","0","0","0","0","4","0","","36","10","2018","2018105579","7","40.031","-76.2354","2035","08","0","0","1","0","0","0","0","0","2","0","0","0","20","3","2","01","1","40 01:50.868","7","00","76 14:03.471","3","0","0","0","36215","0","0","0","N","0","0","0","3","36215","0","","1","01","N","N","0","","2","0","1","3","2","N","2032","2","2","0","0","0","0","0","1","0","2","N","","","","","","","","","","","","03","  ","","",""
"0205","1","0","0","0","0","0","0","0","0","7","0","","36","10","2018","2018105580","1","40.0308","-76.2363","0205","08","0","0","0","0","0","1","0","0","","0","0","0","02","3","0","00","0","40 01:50.776","","00","76 14:10.681","0","0","0","0","36215","0","0","0","N","0","0","0","1","36215","0","","2","01","N","N","0","","0","0","0","0","0","","0205","0","1","0","0","0","0","0","1","0","1","N","","","","","","","","","","","","03","  ","","",""
"1730","3","0","0","0","0","0","0","0","0","4","0","","36","10","2018","2018105611","5","40.1628","-76.2762","1720","08","1","0","0","0","0","0","0","0","1","0","0","0","17","1","0","01","1","40 09:46.015","1","00","76 16:34.301","0","0","0","0","36235","0","0","0","N","0","0","0","3","36506","0","","1","09","N","N","0","","0","0","0","3","2","Y","1717","0","3","0","0","0","0","0","1","0","3","N","","","","","","","","","","","","03","  ","","",""
"1655","2","0","0","0","0","0","0","0","0","1","0","","36","09","2018","2018105618","6","40.1669","-76.2918","1651","08","0","1","0","0","0","1","0","0","1","0","0","0","16","1","1","00","1","40 10:00.686","4","07","76 17:30.406","8","0","0","0","36235","0","0","0","N","0","0","0","2","36506","0","","1","01","N","N","0","","0","0","0","0","0","N","1651","1","2","0","0","0","1","0","1","0","2","N","","","","","","","","","","","","03","  ","","",""
"1746","0","0","0","0","0","0","0","0","0","1","0","","36","10","2018","2018105619","3","40.1545","-76.2062","1746","08","1","0","0","0","0","0","0","0","2","0","0","0","17","1","0","00","2","40 09:16.049","1","00","76 12:22.189","9","0","0","0","36402","0","0","0","N","0","0","0","4","36402","0","","1","01","N","N","0","","0","0","3","0","0","N","1745","0","3","0","0","0","0","0","2","0","3","N","","","","","","","","","","","","03","  ","","",""
"2332","2","0","0","0","0","0","0","0","0","2","0","","36","10","2018","2018105659","3","40.0413","-76.3042","2325","08","0","0","0","0","0","0","0","0","2","0","0","0","23","3","0","01","2","40 02:28.712","3","00","76 18:15.250","0","0","0","0","36301","0","0","0","N","0","0","0","2","36301","0","","1","01","N","N","0","","0","0","0","3","2","Y","2325","0","2","0","0","0","0","0","3","0","2","N","","","","","","","","","","","","03","  ","","",""
"1055","1","0","0","0","0","0","0","0","0","4","1","","36","10","2018","2018105660","5","40.049","-76.3735","1050","08","0","0","0","0","0","1","0","1","1","0","1","0","10","1","0","02","1","40 02:56.511","3","00","76 22:24.628","0","0","0","0","36214","0","0","0","N","0","0","0","2","36214","0","","1","01","N","N","0","","0","0","0","3","3","N","1050","0","2","0","0","0","0","0","3","0","2","N","","","","","","","","","","","","03","  ","","",""
"1527","0","0","0","0","0","0","0","0","0","7","0","","36","10","2018","2018105749","1","40.1748","-75.9403","1509","08","0","0","0","0","0","0","0","0","2","0","0","0","15","1","1","00","1","40 10:29.333","3","00","75 56:25.055","3","0","0","0","36203","0","0","0","N","0","0","0","8","68T06","0","","3","01","N","N","0","","1","0","0","0","0","N","1509","1","1","0","0","0","0","0","1","1","1","N","","","","","","","","","","","","03","  ","","",""
"1158","0","0","0","0","0","0","0","0","0","1","0","","36","09","2018","2018105774","7","40.0101","-76.3442","1158","08","0","0","0","0","0","0","1","0","2","0","0","0","11","1","0","00","1","40 00:36.295","1","00","76 20:39.281","0","0","0","0","36412","0","0","0","N","0","0","0","3","36412","0","","1","01","N","N","0","","0","0","2","0","0","N","1155","0","2","0","0","0","0","0","3","0","2","N","","","","","","","","","","","","03","  ","","",""
"0110","1","0","0","0","0","0","0","0","0","7","0","","36","10","2018","2018105787","4","40.0405","-76.4454","0108","08","0","0","1","0","0","0","0","0","","0","0","0","01","6","0","00","0","40 02:25.961","","00","76 26:43.351","0","0","0","0","36239","0","0","0","Y","0","0","0","1","36239","0","","3","01","N","N","0","","0","0","0","0","0","","0108","0","1","0","0","1","0","0","3","0","1","N","","","","","","","","","","","","03","  ","","",""
"2352","1","0","0","0","0","0","0","0","0","4","0","","36","09","2018","2018105796","2","40.0685","-76.3074","2348","08","0","0","0","0","0","0","0","0","2","0","0","0","23","3","1","01","1","40 04:06.527","1","00","76 18:26.750","3","0","0","0","36101","0","0","0","N","0","0","0","2","36101","0","","1","09","N","N","0","","1","0","1","3","2","N","2343","1","2","0","0","0","0","0","3","0","2","N","","","","","","","","","","","","07","  ","","",""
"0704","2","0","0","0","0","0","0","0","0","4","0","","36","10","2018","2018105843","4","40.0563","-76.4626","0702","08","0","0","0","0","0","2","0","0","1","0","0","0","07","1","1","01","1","40 03:22.745","4","00","76 27:45.285","3","0","0","0","36239","0","0","0","N","0","0","0","2","36239","0","","1","01","N","N","0","","1","0","0","3","3","N","0702","1","2","0","0","0","0","0","3","0","2","N","","","","","","","","","","","","03","  ","","",""
"0930","1","0","0","0","0","0","0","0","0","7","0","","36","10","2018","2018106026","1","40.0828","-76.3082","0927","08","0","0","0","0","0","0","0","0","1","0","0","0","09","1","0","00","1","40 04:58.212","2","00","76 18:29.354","0","0","0","0","36101","0","0","0","N","0","0","0","1","36101","0","","5","01","N","N","0","","0","0","0","0","0","N","0927","0","1","0","0","0","0","0","3","0","1","N","","","","","","","","","","","","03","  ","","",""
"1409","2","0","0","0","0","0","0","0","0","4","0","","36","10","2018","2018106027","1","40.0386","-76.3282","1408","08","0","0","0","0","0","1","0","0","2","0","0","0","13","1","0","00","2","40 02:19.012","3","00","76 19:41.406","0","0","0","0","36220","0","0","0","N","0","0","0","2","36101","0","","1","01","N","N","0","","0","0","0","0","0","N","1343","0","2","0","0","0","0","0","3","0","2","N","","","","","","","","","","","","03","  ","","",""
"1710","1","0","0","0","0","0","0","0","0","4","0","","36","10","2018","2018106028","1","40.0607","-76.277","1700","08","0","0","0","0","0","0","0","0","2","0","0","0","17","1","0","01","1","40 03:38.104","3","08","76 16:36.712","0","0","0","0","36101","0","0","0","N","0","0","0","2","36101","0","","1","01","N","N","0","","0","0","1","3","2","N","1700","0","2","0","0","0","0","0","3","0","2","N","","","","","","","","","","","","03","  ","","",""
"2214","0","0","0","0","0","0","0","0","0","7","0","","36","10","2018","2018106029","1","40.0766","-76.338","2210","08","0","0","0","0","0","0","0","0","2","0","0","0","22","3","0","00","1","40 04:35.726","4","00","76 20:16.887","0","0","0","0","36101","0","0","0","N","0","0","0","1","36101","0","","4","01","N","N","0","","0","0","1","0","0","N","2207","0","1","0","0","0","0","0","3","0","1","N","","","","","","","","","","","","03","  ","","",""
"1637","1","0","0","0","0","0","0","0","0","4","0","","36","10","2018","2018106030","1","40.0444","-76.3634","1629","08","0","0","0","0","0","0","0","0","1","0","0","0","16","1","0","01","1","40 02:39.964","6","07","76 21:48.087","0","0","0","0","36214","0","0","0","N","0","0","0","2","36214","0","","1","01","N","N","0","","0","0","1","3","3","N","1626","0","2","0","0","0","0","0","3","0","2","N","","","","","","","","","","","","03","  ","","",""
"2257","0","0","0","0","0","0","0","0","0","9","0","","36","10","2018","2018106100","6","40.229","-76.0689","2254","08","0","0","0","0","1","0","0","0","2","0","0","0","22","2","1","00","1","40 13:44.437","4","00","76 04:08.051","3","0","0","1","36210","0","0","0","N","0","0","0","1","36210","0","","1","01","N","N","0","","1","0","0","0","0","N","2251","1","1","0","0","0","0","0","1","0","1","N","","","","","","","","","","","","03","  ","","",""
"1221","0","0","0","0","0","0","0","0","0","4","0","","36","10","2018","2018106163","2","39.9684","-76.0701","1221","08","0","0","0","1","0","1","0","0","1","0","0","0","12","1","0","01","1","39 58:06.243","4","00","76 04:12.385","0","0","0","0","36231","0","0","0","N","0","0","0","2","68J03","0","","1","01","N","N","1","","0","0","0","3","3","N","1219","0","2","0","0","0","0","0","1","1","2","N","","","","","","","","","","","","03","  ","","",""
"1804","1","0","0","0","0","0","0","0","0","1","1","","36","10","2018","2018106208","6","40.0756","-76.3361","1756","08","0","0","0","0","0","0","0","0","1","0","0","0","17","1","0","00","2","40 04:32.061","3","00","76 20:09.975","0","0","0","0","36101","0","0","0","N","0","0","0","3","36101","0","","1","01","N","N","1","","0","0","1","0","0","N","1750","0","3","0","0","0","0","0","3","0","3","N","","","","","","","","","","","","03","  ","","",""
"0802","1","0","0","0","0","0","0","0","0","1","0","","36","10","2018","2018106209","4","40.0679","-76.2984","0752","08","0","0","0","0","1","1","0","0","","0","0","0","07","1","0","00","0","40 04:04.434","","00","76 17:54.259","0","0","0","0","36101","0","0","0","N","0","0","0","5","36101","0","","1","01","N","N","0","","0","0","1","0","0","","0749","0","2","0","0","0","0","0","3","0","2","N","","","","","","","","","","","","03","  ","","",""
"1541","2","0","0","0","0","0","0","0","0","1","0","","36","10","2018","2018106210","4","40.0383","-76.3389","1536","08","0","0","0","0","0","1","0","0","2","0","0","0","15","1","0","00","1","40 02:18.043","3","00","76 20:20.018","0","0","0","0","36220","0","0","0","N","0","0","0","3","36101","0","","1","01","N","N","0","","0","0","0","0","0","N","1534","0","2","0","0","0","0","0","3","0","2","N","","","","","","","","","","","","03","  ","","",""
"1400","0","0","0","0","0","0","0","0","0","4","0","","36","10","2018","2018106253","4","40.0462","-76.2838","1350","08","1","0","0","0","0","0","0","0","","0","0","0","13","1","0","01","0","40 02:46.492","","00","76 17:01.575","0","0","0","0","36301","0","0","0","N","0","0","0","3","36301","0","","1","01","N","N","1","","0","0","0","3","2","N","1350","0","2","0","0","0","0","0","3","1","2","N","","","","","","","","","","","","03","  ","","",""
"1111","2","0","0","0","0","0","0","0","0","1","0","","36","10","2018","2018106257","4","40.1515","-76.606","1109","08","0","0","0","1","0","0","0","0","","0","0","0","11","1","0","01","0","40 09:05.436","","00","76 36:21.498","0","0","0","0","36407","0","0","0","N","0","0","0","2","36407","0","","1","01","N","N","0","","0","0","0","3","2","","1109","0","2","0","0","0","0","0","2","0","2","N","","","","","","","","","","","","03","  ","","",""
"1651","3","0","0","0","0","0","0","0","0","2","0","","36","10","2018","2018106264","7","40.1846","-76.601","1645","08","0","1","0","0","0","1","0","1","2","0","0","0","16","1","3","00","2","40 11:04.416","7","00","76 36:03.719","3","0","0","0","36225","0","0","0","N","0","0","0","8","36505","0","","1","01","N","N","0","","3","0","0","0","0","Y","1645","3","3","0","0","1","0","0","2","0","3","N","","","","","","","","","","","","03","  ","","",""
"0912","1","0","0","0","0","0","0","0","0","1","0","","36","10","2018","2018106274","5","40.0504","-76.2568","0905","08","0","0","0","0","0","0","0","0","","0","0","0","08","1","1","00","0","40 03:01.318","","00","76 15:24.328","3","0","0","0","36301","0","0","0","N","0","0","0","2","36301","0","","1","09","N","N","0","","1","0","0","0","0","","0849","1","2","0","0","0","0","0","3","1","2","N","","","","","","","","","","","","07","  ","","",""
"1052","2","0","0","0","0","0","0","0","0","1","0","","36","10","2018","2018106292","5","40.04","-76.2873","1047","08","0","0","0","0","0","0","0","1","1","0","0","0","10","1","2","01","2","40 02:24.011","1","00","76 17:14.418","4","0","0","0","36301","0","0","0","N","0","0","0","4","36301","2","","1","01","N","N","0","","0","0","0","3","2","N","1043","2","2","0","0","1","0","0","3","0","2","N","","","","","","","","","","","","03","  ","","",""
"0827","1","0","0","0","0","0","0","0","0","7","0","","36","10","2018","2018106309","5","39.9991","-76.2647","0822","08","0","0","0","0","0","0","0","0","","0","0","0","08","1","0","03","0","39 59:56.924","","03","76 15:52.767","0","0","0","0","36240","0","0","0","N","0","0","0","1","36240","0","","2","09","N","N","0","","0","0","0","3","3","","0820","0","1","0","0","0","0","0","1","0","1","N","","","","","","","","","","","","07","  ","","",""
"1957","0","0","0","0","0","0","0","0","0","4","0","","36","09","2018","2018106322","3","40.226","-76.3021","1953","08","0","0","1","0","0","1","0","0","2","0","0","0","19","3","1","00","1","40 13:33.652","3","00","76 18:07.725","8","0","0","1","36217","0","0","0","N","0","0","0","2","68J01","0","","1","01","N","N","1","","0","0","0","0","0","N","1950","1","2","0","0","0","1","0","1","0","2","N","","","","","","","","","","","","03","  ","","",""
"1149","1","0","0","0","0","0","0","0","0","2","0","","36","09","2018","2018106327","7","39.8615","-76.1521","1143","08","0","0","0","0","0","1","0","0","3","0","0","0","11","1","5","00","2","39 51:41.356","5","00","76 09:07.667","2","0","0","0","36212","0","0","0","N","0","0","0","5","68J01","0","","1","01","N","N","1","","0","1","0","0","0","Y","1141","5","2","0","0","1","4","0","1","0","2","N","","","","","","","","","","","","03","  ","","",""
"2355","0","0","0","0","0","0","0","0","0","7","0","","36","10","2018","2018106358","7","40.2091","-76.0171","2331","08","0","0","1","0","0","0","0","0","","0","0","0","23","3","0","00","0","40 12:32.721","","00","76 01:01.503","0","0","0","0","36202","0","0","0","N","0","0","0","1","68J01","0","","4","01","N","N","1","","0","0","0","0","0","","2317","0","1","0","0","0","0","0","1","0","1","N","","","","","","","","","","","","03","  ","","",""
"1555","0","0","0","0","0","0","0","0","0","4","0","","36","10","2018","2018106362","1","40.0112","-76.1358","1543","08","0","0","0","0","0","0","0","1","","0","0","0","15","1","2","01","0","40 00:40.355","","00","76 08:08.950","3","0","0","0","36226","0","0","0","N","0","0","0","4","68J01","0","","1","01","N","N","1","","2","0","1","0","0","","1540","2","2","0","0","0","0","0","1","0","2","N","","","","","","","","","","","","03","  ","","",""
"1539","1","0","0","0","0","0","0","0","0","1","0","","36","10","2018","2018106366","2","40.1758","-76.0079","1514","08","0","0","0","0","0","0","0","0","2","0","0","0","15","1","0","00","1","40 10:32.943","1","00","76 00:28.444","0","0","0","0","36202","0","0","0","N","0","0","0","2","68J01","0","","1","01","N","N","0","","0","0","0","0","0","N","1505","0","2","0","0","0","0","0","1","0","2","N","","","","","","","","","","","","03","  ","","",""
"1830","1","0","0","0","0","0","0","0","0","1","0","","36","10","2018","2018106367","2","40.2045","-76.2986","1806","08","0","0","0","0","0","1","1","0","2","0","0","0","18","1","2","00","1","40 12:16.295","2","00","76 17:55.067","3","0","0","0","36217","0","0","0","N","0","0","0","2","68J01","0","","1","01","N","N","1","","2","0","0","0","0","N","1803","2","2","0","0","0","0","0","1","0","2","N","","","","","","","","","","","","03","  ","","",""
"1604","1","0","0","0","0","0","0","0","0","4","0","","36","10","2018","2018106416","5","40.0523","-76.3074","1553","08","0","0","0","0","0","0","0","1","1","0","0","0","15","1","0","01","2","40 03:08.127","2","00","76 18:26.464","0","0","0","0","36301","0","0","0","N","0","0","0","4","36301","0","","1","01","N","N","1","","0","0","0","3","3","Y","1549","0","2","0","0","0","0","0","3","0","2","N","","","","","","","","","","","","03","  ","","",""
"0016","1","0","0","0","0","0","0","0","0","7","0","","36","10","2018","2018106443","1","40.0698","-76.3168","0011","08","0","1","0","0","0","0","0","0","1","0","0","0","00","3","0","01","2","40 04:11.321","1","00","76 19:00.454","0","0","0","0","36101","0","0","0","N","0","0","0","1","36101","0","","3","01","N","N","0","","0","0","0","3","2","N","0009","0","1","0","0","0","0","0","3","0","1","N","","","","","","","","","","","","03","  ","","",""
"2342","2","0","1","0","0","0","0","0","0","2","0","","36","10","2018","2018106444","1","40.0802","-76.3469","2339","08","0","0","0","0","0","0","0","0","3","0","0","0","23","3","1","00","2","40 04:48.870","3","00","76 20:48.685","2","0","0","0","36101","0","0","0","N","0","0","0","2","36101","0","","1","01","N","N","0","","0","1","0","0","0","Y","2335","1","2","0","0","0","0","0","3","0","2","N","","","","","","","","","","","","03","  ","","",""
"1147","1","0","2","0","0","0","0","0","0","4","0","","36","10","2018","2018106445","2","40.1117","-76.4517","1139","08","0","0","0","0","0","1","0","0","1","0","0","0","11","1","3","01","1","40 06:42.025","4","00","76 27:06.017","2","0","0","0","36230","0","0","0","N","0","0","0","3","36410","1","","1","01","N","N","0","","0","2","1","3","2","Y","1139","3","2","0","0","0","0","0","1","0","2","N","","","","","","","","","","","","03","  ","","",""
"2049","2","0","0","0","0","0","0","0","0","4","0","","36","10","2018","2018106457","4","40.0412","-76.2897","2045","08","0","0","0","0","0","0","0","0","2","0","0","0","20","3","0","02","1","40 02:28.390","3","00","76 17:22.877","0","0","0","0","36301","0","0","0","N","0","0","0","2","36301","0","","1","01","N","N","0","","0","0","0","0","0","N","2043","0","2","0","0","0","0","0","3","0","2","N","","","","","","","","","","","","03","  ","","",""