"ARRIVAL_TM","AUTOMOBILE_COUNT","BELTED_DEATH_COUNT","BELTED_SUSP_SERIOUS_INJ_COUNT","BICYCLE_COUNT","BICYCLE_DEATH_COUNT","BICYCLE_SUSP_SERIOUS_INJ_COUNT","BUS_COUNT","CHLDPAS_DEATH_COUNT","CHLDPAS_SUSP_SERIOUS_INJ_COUNT","COLLISION_TYPE","COMM_VEH_COUNT","CONS_ZONE_SPD_LIM","COUNTY","CRASH_MONTH","CRASH_YEAR","CRN","DAY_OF_WEEK","DEC_LAT","DEC_LONG","DISPATCH_TM","DISTRICT","DRIVER_COUNT_16YR","DRIVER_COUNT_17YR","DRIVER_COUNT_18YR","DRIVER_COUNT_19YR","DRIVER_COUNT_20YR","DRIVER_COUNT_50_64YR","DRIVER_COUNT_65_74YR","DRIVER_COUNT_75PLUS","EST_HRS_CLOSED","FATAL_COUNT","HEAVY_TRUCK_COUNT","HORSE_BUGGY_COUNT","HOUR_OF_DAY","ILLUMINATION","INJURY_COUNT","INTERSECT_TYPE","LANE_CLOSED","LATITUDE","LN_CLOSE_DIR","LOCATION_TYPE","LONGITUDE","MAX_SEVERITY_LEVEL","MCYCLE_DEATH_COUNT","MCYCLE_SUSP_SERIOUS_INJ_COUNT","MOTORCYCLE_COUNT","MUNICIPALITY","NONMOTR_COUNT","NONMOTR_DEATH_COUNT","NONMOTR_SUSP_SERIOUS_INJ_COUNT","NTFY_HIWY_MAINT","PED_COUNT","PED_DEATH_COUNT","PED_SUSP_SERIOUS_INJ_COUNT","PERSON_COUNT","POLICE_AGCY","POSSIBLE_INJ_COUNT","RDWY_SURF_TYPE_CD","RELATION_TO_ROAD","ROAD_CONDITION","SCH_BUS_IND","SCH_ZONE_IND","SMALL_TRUCK_COUNT","SPEC_JURIS_CD","SUSP_MINOR_INJ_COUNT","SUSP_SERIOUS_INJ_COUNT","SUV_COUNT","TCD_FUNC_CD","TCD_TYPE","TFC_DETOUR_IND","TIME_OF_DAY","TOT_INJ_COUNT","TOTAL_UNITS","UNB_DEATH_COUNT","UNB_SUSP_SERIOUS_INJ_COUNT","UNBELTED_OCC_COUNT","UNK_INJ_DEG_COUNT","UNK_INJ_PER_COUNT","URBAN_RURAL","VAN_COUNT","VEHICLE_COUNT","WORK_ZONE_IND","WORK_ZONE_LOC","WORK_ZONE_TYPE","WORKERS_PRES","WZ_CLOSE_DETOUR","WZ_FLAGGER","WZ_LAW_OFFCR_IND","WZ_LN_CLOSURE","WZ_MOVING","WZ_OTHER","WZ_SHLDER_MDN","ROADWAY_CLEARED","WEATHER1","WEATHER2","WZ_WORKERS_INJ_KILLED","SECONDARY_CRASH","INTERSECTION_RELATED"
"1800","0","0","0","0","0","0","0","0","0","1","0","","36","10","2018","2018106506","5","40.1974","-76.2022","1753","08","0","1","0","0","0","0","0","0","2","0","0","0","17","1","1","00","1","40 11:50.614","3","00","76 12:08.092","4","0","0","0","36408","0","0","0","N","0","0","0","3","36408","1","","1","09","N","N","0","","0","0","1","0","0","Y","1750","1","2","0","0","0","0","0","2","1","2","N","","","","","","","","","","","","07","  ","","",""
"2145","0","0","0","0","0","0","0","0","0","4","0","","36","10","2018","2018106520","6","40.1628","-76.1499","2140","08","0","0","0","0","0","0","1","0","2","0","0","0","21","2","1","01","1","40 09:46.140","4","00","76 08:59.472","2","0","1","1","36218","0","0","0","N","0","0","0","3","36408","0","","1","01","N","N","1","","0","1","0","3","2","N","2139","1","2","0","0","0","0","0","1","0","2","N","","","","","","","","","","","","03","  ","","",""
"2154","0","0","0","0","0","0","0","0","0","7","0","","36","10","2018","2018106550","7","40.2077","-76.2992","2143","08","0","0","1","0","0","0","0","0","","0","0","0","21","2","0","00","0","40 12:27.788","","00","76 17:57.074","0","0","0","0","36217","0","0","0","N","0","0","0","1","68J01","0","","4","01","N","N","0","","0","0","0","0","0","","2140","0","1","0","0","0","0","0","1","1","1","N","","","","","","","","","","","","03","  ","","",""
"2040","1","0","0","0","0","0","0","0","0","4","0","","36","10","2018","2018106581","4","40.0619","-76.4988","2031","08","1","0","0","0","0","0","0","0","2","0","0","0","20","2","1","01","2","40 03:42.752","6","00","76 29:55.590","8","0","0","0","36239","0","0","0","N","0","0","0","3","36239","0","","1","01","N","N","0","","0","0","1","0","0","Y","2031","1","2","0","0","0","1","0","3","0","2","N","","","","","","","","","","","","03","  ","","",""
"1615","2","0","0","0","0","0","0","0","0","0","0","","36","10","2018","2018106589","4","40.2153","-76.0892","1610","08","0","0","0","0","0","3","0","0","","0","0","0","16","1","0","00","0","40 12:55.116","","00","76 05:21.082","0","0","0","0","36210","0","0","0","N","0","0","0","4","36210","0","","1","01","N","N","2","","0","0","0","0","0","","1607","0","4","0","0","0","0","0","1","0","4","N","","","","","","","","","","","","03","  ","","",""
"1721","2","0","0","0","0","0","0","0","0","1","0","","36","10","2018","2018106596","5","40.0699","-76.3134","1721","08","0","0","0","0","0","0","0","0","","0","0","0","17","1","0","00","0","40 04:11.709","","00","76 18:48.118","9","0","0","0","36101","0","0","0","N","0","0","0","3","36101","0","","1","01","N","N","1","","0","0","0","0","0","","1717","0","3","0","0","0","0","1","3","0","3","N","","","","","","","","","","","","03","  ","","",""
"1746","2","0","0","0","0","0","0","0","0","1","0","","36","10","2018","2018106597","5","40.0705","-76.3174","1721","08","0","0","0","0","0","0","0","0","","0","0","0","17","1","0","00","0","40 04:13.792","","03","76 19:02.598","0","0","0","0","36101","0","0","0","N","0","0","0","2","36101","0","","1","09","N","N","0","","0","0","0","0","0","","1715","0","2","0","0","0","0","0","3","0","2","N","","","","","","","","","","","","07","  ","","",""
"1640","1","0","0","0","0","0","0","0","0","4","0","","36","09","2018","2018106598","5","40.0361","-76.3436","1636","08","0","0","0","0","0","0","0","0","","0","0","0","16","1","0","02","0","40 02:10.096","","00","76 20:36.891","0","0","0","0","36223","0","0","0","N","0","0","0","2","36223","0","","1","09","N","N","0","","0","0","1","3","3","","1635","0","2","0","0","0","0","0","1","0","2","N","","","","","","","","","","","","07","  ","","",""
"0702","1","0","0","0","0","0","1","0","0","4","1","","36","10","2018","2018106605","5","40.1425","-76.5949","0700","08","0","0","0","0","0","0","1","0","2","0","0","0","07","2","0","03","2","40 08:33.133","2","00","76 35:41.606","0","0","0","0","36407","0","0","0","N","0","0","0","2","36407","0","","1","09","Y","N","0","","0","0","0","3","3","Y","0700","0","2","0","0","0","0","0","2","0","2","N","","","","","","","","","","","","07","  ","","",""
"1006","0","0","0","0","0","0","0","0","0","1","2","","36","10","2018","2018106610","3","40.0426","-76.4937","1002","08","0","0","0","0","0","1","0","0","2","0","2","0","10","1","0","01","2","40 02:33.372","2","00","76 29:37.278","0","0","0","0","36404","0","0","0","N","0","0","0","2","36404","0","","1","01","N","N","0","","0","0","0","3","3","N","1002","0","2","0","0","0","0","0","3","0","2","N","","","","","","","","","","","","03","  ","","",""
"0729","1","0","0","0","0","0","0","0","0","7","0","","36","10","2018","2018106613","3","40.136","-76.0274","0720","08","0","0","0","0","0","0","0","0","","0","0","0","06","3","1","00","0","40 08:09.585","","07","76 01:38.504","3","0","0","0","36213","0","0","0","N","0","0","0","1","36213","0","","6","01","N","N","0","","1","0","0","0","0","","0600","1","1","0","0","0","0","0","1","0","1","N","","","","","","","","","","","","03","  ","","",""
"1255","1","0","0","0","0","0","0","0","0","1","0","","36","10","2018","2018106730","6","40.1648","-76.2153","1252","08","0","0","0","1","0","1","0","0","","0","0","0","12","1","1","01","0","40 09:53.158","","00","76 12:54.966","4","0","0","0","36218","0","0","0","N","0","0","0","3","36408","1","","1","01","N","N","0","","0","0","1","3","2","","1252","1","2","0","0","0","0","0","1","0","2","N","","","","","","","","","","","","03","  ","","",""
"1426","1","0","0","0","0","0","0","0","0","7","0","","36","10","2018","2018106742","2","40.1845","-76.1742","1424","08","0","0","0","0","0","0","0","0","1","0","0","0","14","1","0","00","2","40 11:04.136","6","00","76 10:26.973","0","0","0","0","36408","0","0","0","N","0","0","0","1","36408","0","","4","01","N","N","0","","0","0","0","0","0","Y","1424","0","1","0","0","0","0","0","2","0","1","N","","","","","","","","","","","","03","  ","","",""
"0605","2","0","0","0","0","0","0","0","0","1","0","","36","10","2018","2018106898","5","40.0784","-76.3422","0602","08","0","0","0","0","0","0","0","0","","0","0","0","05","3","0","00","0","40 04:42.246","","00","76 20:31.973","0","0","0","0","36101","0","0","0","N","0","0","0","1","36101","0","","2","01","N","N","0","","0","0","0","0","0","","0558","0","2","0","0","0","0","0","3","0","2","N","","","","","","","","","","","","03","  ","","",""
"1622","1","0","0","0","0","0","0","0","0","4","0","","36","09","2018","2018106899","3","40.0761","-76.2059","1619","08","0","0","0","0","0","1","0","0","","0","0","0","16","1","0","01","0","40 04:34.113","","00","76 12:21.249","0","0","0","0","36234","0","0","0","N","0","0","0","2","36215","0","","1","01","N","N","0","","0","0","1","3","3","","1618","0","2","0","0","0","0","0","1","0","2","N","","","","","","","","","","","","03","  ","","",""
"1703","1","0","0","0","0","0","0","0","0","4","0","","36","09","2018","2018106900","1","40.0393","-76.1934","1747","08","0","0","0","0","0","1","0","0","1","0","0","0","16","1","1","00","2","40 02:21.414","6","00","76 11:36.401","3","0","0","0","36215","0","0","0","N","0","0","0","3","36215","0","","1","01","N","N","1","","1","0","0","0","0","Y","1658","1","2","0","0","0","0","0","1","0","2","N","","","","","","","","","","","","03","  ","","",""
"0955","1","0","0","0","0","0","0","0","0","4","0","","36","10","2018","2018106901","5","40.0259","-76.2103","0954","08","0","0","0","0","0","0","0","0","1","0","0","0","09","1","1","00","1","40 01:33.359","6","00","76 12:37.193","3","0","0","0","36215","0","0","0","N","0","0","0","2","36215","0","","1","01","N","N","0","","1","0","0","3","3","N","0954","1","2","0","0","0","0","0","1","1","2","N","","","","","","","","","","","","03","  ","","",""
"1313","0","0","0","0","0","0","0","0","0","7","0","","36","10","2018","2018106902","4","40.1549","-76.4108","1310","08","0","0","0","0","0","0","0","1","2","0","0","0","13","1","1","00","2","40 09:17.516","6","00","76 24:38.730","3","0","0","0","36230","0","0","0","N","0","0","0","1","36410","0","","5","01","N","N","0","","1","0","0","0","0","Y","1307","1","1","0","0","0","0","0","1","1","1","N","","","","","","","","","","","","03","  ","","",""
"0717","2","0","0","0","0","0","0","0","0","5","0","","36","09","2018","2018106903","5","40.1018","-76.0871","0711","08","0","0","0","0","0","0","0","0","","0","0","0","06","1","0","00","0","40 06:06.450","","00","76 05:13.500","0","0","0","0","36415","0","0","0","N","0","0","0","2","36415","0","","6","01","N","N","0","","0","0","1","0","0","","0650","0","3","0","0","0","0","0","1","0","3","N","","","","","","","","","","","","03","  ","","",""
"2120","1","0","0","0","0","0","0","0","0","1","0","","36","10","2018","2018106904","4","40.1085","-76.0702","2112","08","0","0","0","0","0","0","0","0","","0","0","0","21","3","0","01","0","40 06:30.660","","00","76 04:12.804","0","0","0","0","36415","0","0","0","N","0","0","0","2","36415","0","","1","01","N","N","1","","0","0","0","3","1","","2112","0","2","0","0","0","0","0","1","0","2","N","","","","","","","","","","","","03","  ","","",""
"1337","2","0","0","0","0","0","0","0","0","4","0","","36","10","2018","2018106935","5","40.1485","-76.5995","1334","08","1","0","0","0","0","0","0","0","","0","0","0","13","1","0","01","0","40 08:54.441","","00","76 35:58.037","0","0","0","0","36407","0","0","0","N","0","0","0","3","36407","0","","1","01","N","N","0","","0","0","0","3","3","","1330","0","2","0","0","0","0","0","2","0","2","N","","","","","","","","","","","","03","  ","","",""
"1538","2","0","0","0","0","0","0","0","0","4","0","","36","10","2018","2018106937","6","40.1608","-76.5883","1538","08","0","0","0","0","0","0","2","0","2","0","0","0","15","1","2","02","1","40 09:38.894","6","00","76 35:17.746","3","0","0","0","36407","0","0","0","N","0","0","0","3","36407","0","","1","01","N","N","0","","2","0","1","0","0","N","1538","2","3","0","0","0","0","0","2","0","3","N","","","","","","","","","","","","03","  ","","",""
"0711","0","0","0","0","0","0","0","0","0","9","0","","36","09","2018","2018106988","1","39.9091","-76.3073","0649","08","0","0","0","0","0","0","0","0","1","0","0","0","06","5","1","00","2","39 54:32.743","5","00","76 18:26.353","3","0","0","1","36224","0","0","0","N","0","0","0","1","68J01","0","","1","01","N","N","0","","1","0","0","0","0","Y","0634","1","1","0","0","0","0","0","1","0","1","N","","","","","","","","","","","","05","  ","","",""
"1637","2","0","0","0","0","0","0","0","0","1","0","","36","09","2018","2018106999","5","39.9192","-76.2465","1631","08","0","0","1","0","0","0","0","0","","0","0","0","16","1","2","00","0","39 55:09.147","","00","76 14:47.255","3","0","0","0","36229","0","0","0","N","0","0","0","5","68J01","0","","1","09","N","N","0","","2","0","0","0","0","","1629","2","2","0","0","0","0","0","1","0","2","N","","","","","","","","","","","","07","  ","","",""
"0816","1","0","0","0","0","0","0","0","0","1","0","","36","10","2018","2018107011","6","40.2454","-76.2995","0747","08","1","0","0","0","1","0","0","0","2","0","0","0","07","1","0","00","1","40 14:43.327","2","00","76 17:58.324","0","0","0","0","36217","0","0","0","N","0","0","0","2","68J01","0","","1","01","N","N","0","","0","0","1","0","0","N","0740","0","2","0","0","0","0","0","1","0","2","N","","","","","","","","","","","","03","  ","","",""
"1227","0","0","0","0","0","0","0","0","0","8","0","","36","10","2018","2018107022","3","39.8577","-76.0316","1204","08","0","0","0","0","0","0","0","1","2","0","0","0","11","1","1","00","1","39 51:27.860","6","00","76 01:53.710","3","0","0","0","36205","1","0","0","N","1","0","0","3","68J01","0","","1","01","N","N","1","","1","0","0","0","0","N","1157","1","2","0","0","0","0","0","1","0","1","N","","","","","","","","","","","","03","  ","","",""
"1901","0","0","0","0","0","0","0","0","0","8","0","","36","10","2018","2018107023","3","40.0176","-75.9538","1854","08","0","0","0","0","0","1","0","0","1","0","0","0","18","2","1","00","2","40 01:03.350","7","00","75 57:13.700","2","0","0","0","36232","1","0","1","N","1","0","1","2","68J01","0","","1","01","N","N","0","","0","1","1","0","0","Y","1852","1","2","0","0","0","0","0","1","0","1","N","","","","","","","","","","","","03","  ","","",""
"0656","0","0","0","0","0","0","0","0","0","9","0","","36","10","2018","2018107043","6","39.926","-76.2805","0639","08","0","0","0","0","0","1","0","0","3","0","0","0","06","2","0","00","2","39 55:33.446","5","00","76 16:49.795","0","0","0","0","36229","0","0","0","N","0","0","0","1","68J01","0","","1","01","N","N","0","","0","0","1","0","0","Y","0632","0","1","0","0","0","0","0","1","0","1","N","","","","","","","","","","","","03","  ","","",""
"2258","1","0","0","0","0","0","0","0","0","7","0","","36","08","2018","2018107047","5","39.8886","-76.0396","2226","08","0","0","0","0","1","0","0","0","","0","0","0","22","2","0","02","0","39 53:18.937","","00","76 02:22.691","9","0","0","0","36205","0","0","0","N","0","0","0","1","68J01","0","","4","01","N","N","0","","0","0","0","3","3","","2219","0","1","0","0","0","0","1","1","0","1","N","","","","","","","","","","","","03","  ","","",""
"1906","0","0","0","0","0","0","0","0","0","6","0","","36","08","2018","2018107048","1","39.937","-76.076","1854","08","1","0","0","0","0","0","0","0","2","0","0","0","18","1","2","00","1","39 56:13.086","5","00","76 04:33.778","2","0","1","2","36201","0","0","0","N","0","0","0","6","68J01","0","","1","01","N","N","0","","0","1","1","0","0","Y","1851","2","3","0","0","0","1","0","1","0","3","N","","","","","","","","","","","","03","  ","","",""
"0020","0","0","0","0","0","0","0","0","0","4","0","","36","10","2018","2018107051","7","40.0383","-76.2991","0018","08","0","0","0","0","0","0","0","0","","0","0","0","00","3","0","00","0","40 02:17.996","","00","76 17:56.824","0","0","0","0","36301","0","0","0","N","0","0","0","1","36301","0","","4","01","N","N","0","","0","0","1","0","0","","0018","0","2","0","0","0","0","0","3","1","2","N","","","","","","","","","","","","03","  ","","",""
"2036","1","0","0","0","0","0","0","0","0","6","0","","36","10","2018","2018107069","5","40.1286","-76.1611","2027","08","0","0","0","0","0","1","0","0","3","0","0","1","20","2","4","00","2","40 07:42.984","6","00","76 09:40.003","2","0","0","0","36238","4","0","1","N","0","0","0","5","36238","0","","1","09","N","N","0","","3","1","0","0","0","Y","2025","4","2","0","0","0","0","0","3","0","1","N","","","","","","","","","","","","03","  ","","",""
"0626","1","0","0","0","0","0","0","0","0","7","0","","36","10","2018","2018107087","7","39.9892","-76.2279","0619","08","0","0","0","0","0","0","0","0","2","0","0","0","06","2","1","00","1","39 59:21.295","3","00","76 13:40.483","8","0","0","0","36240","0","0","0","N","0","0","0","2","36240","0","","5","09","N","N","0","","0","0","0","0","0","N","0610","1","1","0","0","1","1","0","1","0","1","N","","","","","","","","","","","","07","  ","","",""
"1045","1","0","0","0","0","0","0","0","0","7","0","","36","10","2018","2018107127","7","40.0231","-76.2772","1037","08","0","0","0","0","0","1","0","0","","0","0","0","10","1","0","00","0","40 01:23.033","","00","76 16:37.807","0","0","0","0","36240","0","0","0","Y","0","0","0","1","36240","0","","2","09","N","N","0","","0","0","0","0","0","","1035","0","1","0","0","0","0","0","1","0","1","N","","","","","","","","","","","","07","  ","","",""
"0815","1","0","0","0","0","0","0","0","0","7","0","","36","10","2018","2018107150","3","40.2361","-76.2813","0803","08","0","0","0","0","0","0","0","0","1","0","0","0","08","1","1","00","1","40 14:10.099","3","00","76 16:52.601","3","0","0","0","36217","0","0","0","N","0","0","0","1","68T06","0","","3","01","N","N","0","","1","0","0","0","0","N","0803","1","1","0","0","0","0","0","1","0","1","N","","","","","","","","","","","","03","  ","","",""
"1523","1","0","0","0","0","0","0","0","0","7","0","","36","10","2018","2018107193","6","40.038","-76.5112","1523","08","0","1","0","0","0","0","0","0","1","0","0","0","15","1","0","06","1","40 02:17.546","1","02","76 30:35.885","0","0","0","0","36404","0","0","0","Y","0","0","0","1","36404","0","","2","01","N","N","0","","0","0","0","0","0","Y","1523","0","1","0","0","0","0","0","3","0","1","N","","","","","","","","","","","","03","  ","","",""
"1618","2","0","0","0","0","0","0","0","0","1","0","","36","10","2018","2018107195","7","40.1667","-76.1966","1614","08","0","1","0","1","0","0","0","0","","0","0","0","16","1","0","00","0","40 10:00.130","","00","76 11:47.610","0","0","0","0","36408","0","0","0","N","0","0","0","2","36408","0","","1","01","N","N","0","","0","0","0","0","0","","1613","0","2","0","0","0","0","0","2","0","2","N","","","","","","","","","","","","03","  ","","",""
"1620","0","0","0","0","0","0","0","0","0","1","0","","36","10","2018","2018107206","4","40.0719","-76.3272","1617","08","0","0","0","1","1","0","0","0","","0","0","0","16","1","0","00","0","40 04:18.797","","00","76 19:37.829","0","0","0","0","36101","0","0","0","N","0","0","0","2","36101","0","","1","01","N","N","0","","0","0","2","0","0","","1612","0","2","0","0","0","0","0","3","0","2","N","","","","","","","","","","","","03","  ","","",""
"1734","1","0","0","0","0","0","0","0","0","0","0","","36","10","2018","2018107207","4","40.0952","-76.3463","1729","08","0","0","0","0","0","1","0","0","","0","0","0","17","1","1","01","0","40 05:42.882","","00","76 20:46.611","3","0","0","1","36406","0","0","0","N","0","0","0","2","36101","0","","1","01","N","N","0","","1","0","0","3","3","","1726","1","2","0","0","0","0","0","3","0","2","N","","","","","","","","","","","","03","  ","","",""
"1419","1","0","0","0","0","0","0","0","0","4","0","","36","10","2018","2018107208","5","40.0863","-76.3285","1411","08","0","0","0","0","0","0","1","1","2","0","0","0","14","1","2","02","1","40 05:10.700","2","00","76 19:42.740","4","0","0","0","36101","0","0","0","N","0","0","0","3","36101","2","","1","01","N","N","0","","0","0","1","3","3","N","1408","2","2","0","0","0","0","0","3","0","2","N","","","","","","","","","","","","03","  ","","",""
"1654","1","0","0","0","0","0","0","0","0","4","0","","36","10","2018","2018107209","6","40.1115","-76.356","1644","08","0","0","0","0","0","0","0","0","2","0","0","0","16","1","2","02","1","40 06:41.494","1","00","76 21:21.712","3","0","0","0","36214","0","0","0","N","0","0","0","3","36214","0","","1","01","N","N","1","","2","0","0","9","3","N","1643","2","2","0","0","0","0","0","3","0","2","N","","","","","","","","","","","","03","  ","","",""
"1851","1","0","0","0","0","0","0","0","0","7","0","","36","09","2018","2018107225","4","40.1258","-76.6103","1842","08","0","1","0","0","0","0","0","0","","0","0","0","18","4","0","00","0","40 07:32.881","","00","76 36:37.127","0","0","0","0","36237","0","0","0","N","0","0","0","1","36505","0","","5","09","N","N","0","","0","0","0","0","0","","1840","0","1","0","0","0","0","0","1","0","1","N","","","","","","","","","","","","07","  ","","",""
"1708","2","0","0","0","0","0","0","0","0","4","0","","36","09","2018","2018107231","5","40.1624","-76.5318","1702","08","0","0","0","0","0","1","0","0","1","0","0","0","17","1","0","01","2","40 09:44.624","7","00","76 31:54.533","0","0","0","0","36225","0","0","0","N","0","0","0","2","36505","0","","1","09","N","N","0","","0","0","0","3","3","N","1702","0","2","0","0","0","0","0","2","0","2","N","","","","","","","","","","","","07","  ","","",""
"1948","3","0","0","0","0","0","0","0","0","4","0","","36","10","2018","2018107255","7","40.0441","-76.3089","1948","08","0","0","1","0","0","1","0","0","2","0","0","0","19","3","0","01","1","40 02:38.824","2","00","76 18:32.014","0","0","0","0","36301","0","0","0","N","0","0","0","4","36301","0","","1","01","N","N","0","","0","0","0","3","2","N","1948","0","3","0","0","0","0","0","3","0","3","N","","","","","","","","","","","","03","  ","","",""
"1545","0","0","0","0","0","0","0","0","0","5","0","","36","10","2018","2018107257","4","40.1804","-76.6003","1533","08","0","0","0","0","0","2","0","0","","0","0","0","15","1","0","00","0","40 10:49.288","","00","76 36:00.991","0","0","0","0","36225","0","0","0","N","0","0","0","2","36505","0","","1","01","N","N","2","","0","0","0","0","0","","1533","0","2","0","0","0","0","0","2","0","2","N","","","","","","","","","","","","03","  ","","",""
"0656","1","0","0","0","0","0","0","0","0","7","0","","36","10","2018","2018107330","1","40.2285","-76.0817","0649","08","0","0","0","0","0","0","0","1","","0","0","0","06","5","0","02","0","40 13:42.470","","00","76 04:54.101","0","0","0","0","36210","0","0","0","N","0","0","0","1","36210","0","","2","01","N","N","0","","0","0","0","0","0","","0649","0","1","0","0","0","0","0","1","0","1","N","","","","","","","","","","","","03","  ","","",""
"1456","0","0","0","0","0","0","0","0","0","1","0","","36","10","2018","2018107336","7","39.98","-76.3108","1455","08","0","0","0","0","0","2","0","0","2","0","0","0","14","1","1","00","1","39 58:48.168","4","00","76 18:38.785","8","0","0","0","36228","0","0","0","N","0","0","0","4","36503","0","","1","01","N","N","1","","0","0","1","0","0","N","1453","1","3","0","0","1","1","0","1","1","3","N","","","","","","","","","","","","03","  ","","",""
"0835","1","0","0","0","0","0","0","0","0","7","0","","36","10","2018","2018107356","1","40.1552","-76.5714","0825","08","0","0","0","0","0","0","0","0","","0","0","0","08","1","0","00","0","40 09:18.675","","00","76 34:17.176","0","0","0","0","36225","0","0","0","Y","0","0","0","1","36505","0","","2","01","N","N","0","","0","0","0","0","0","","0815","0","1","0","0","0","0","0","2","0","1","N","","","","","","","","","","","","03","  ","","",""
"1546","1","0","0","0","0","0","0","0","0","4","0","","36","10","2018","2018107359","7","39.9415","-76.3064","1546","08","1","0","0","0","0","0","0","1","","0","0","0","15","1","2","00","0","39 56:29.471","","00","76 18:23.176","4","0","0","0","36228","0","0","0","N","0","0","0","6","36503","2","","1","01","N","N","0","","0","0","1","0","0","","1546","2","2","0","0","1","0","0","1","0","2","N","","","","","","","","","","","","03","  ","","",""
"1655","1","0","0","1","0","0","0","0","0","4","0","","36","10","2018","2018107364","7","40.0265","-76.3046","1646","08","0","0","0","0","0","0","0","0","1","0","0","0","16","1","1","01","1","40 01:35.540","3","00","76 18:16.541","3","0","0","0","36301","1","0","0","N","0","0","0","2","36301","0","","1","01","N","N","0","","1","0","0","3","3","N","1646","1","2","0","0","0","0","0","3","0","1","N","","","","","","","","","","","","03","  ","","",""
"1653","1","0","0","0","0","0","0","0","0","4","0","","36","10","2018","2018107368","4","40.1789","-76.6007","1646","08","0","0","0","1","0","0","0","0","","0","0","0","16","1","0","01","0","40 10:43.872","","02","76 36:02.360","0","0","0","0","36225","0","0","0","N","0","0","0","2","36505","0","","1","01","N","N","0","","0","0","1","3","2","N","1645","0","2","0","0","0","0","0","2","0","2","N","","","","","","","","","","","","03","  ","","",""
"1932","1","0","0","0","0","0","0","0","0","7","0","","36","10","2018","2018107428","1","39.9599","-76.3281","1926","08","0","0","0","0","0","0","0","0","","0","0","0","19","2","0","00","0","39 57:35.700","","00","76 19:41.200","0","0","0","0","36228","0","0","0","N","0","0","0","1","36503","0","","5","01","N","N","0","","0","0","0","0","0","","1926","0","1","0","0","0","0","0","1","0","1","N","","","","","","","","","","","","03","  ","","",""
"0957","0","0","0","0","0","0","0","0","0","7","0","","36","10","2018","2018107462","7","40.0612","-76.3539","0954","08","0","0","0","0","0","0","0","0","","0","0","0","09","1","0","10","0","40 03:40.165","","03","76 21:14.020","0","0","0","0","36214","0","0","0","N","0","0","0","1","36214","0","","2","09","N","N","0","","0","0","1","0","0","","0951","0","1","0","0","0","0","0","3","0","1","N","","","","","","","","","","","","07","  ","","",""
"0236","1","0","0","0","0","0","0","0","0","7","0","","36","10","2018","2018107471","7","40.0484","-76.3659","0230","08","0","0","0","0","0","0","0","0","2","0","0","0","02","3","0","00","2","40 02:54.100","3","00","76 21:57.100","0","0","0","0","36214","0","0","0","N","0","0","0","1","36214","0","","4","01","N","N","0","","0","0","0","0","0","N","0230","0","1","0","0","0","0","0","3","0","1","N","","","","","","","","","","","","03","  ","","",""
"1813","1","0","0","0","0","0","0","0","0","7","0","","36","10","2018","2018107482","7","40.0612","-76.3779","1809","08","0","0","0","0","0","0","0","0","","0","0","0","18","1","0","00","0","40 03:40.414","","00","76 22:40.574","0","0","0","0","36214","0","0","0","N","0","0","0","1","36214","0","","5","01","N","N","0","","0","0","0","0","0","","1808","0","1","0","0","0","0","0","3","0","1","N","","","","","","","","","","","","03","  ","","",""
"0240","1","0","0","0","0","0","0","0","0","7","0","","36","10","2018","2018107498","1","40.1542","-76.3769","0236","08","0","0","0","0","0","0","0","0","3","0","0","0","02","2","0","00","2","40 09:15.219","5","00","76 22:36.750","0","0","0","0","36227","0","0","0","N","0","0","0","1","36506","0","","5","01","N","N","0","","0","0","0","0","0","Y","0236","0","1","0","0","0","0","0","1","0","1","N","","","","","","","","","","","","03","  ","","",""
"0311","1","0","0","0","0","0","0","0","0","4","0","","36","09","2018","2018107505","1","40.0468","-76.303","0307","08","0","0","0","0","0","0","0","0","","0","0","0","03","3","0","00","0","40 02:48.584","","00","76 18:10.717","9","0","0","0","36301","0","0","0","N","0","0","0","1","36301","0","","4","01","N","N","0","","0","0","0","0","0","","0303","0","2","0","0","0","0","1","3","0","2","N","","","","","","","","","","","","03","  ","","",""
"0800","1","0","0","0","0","0","0","0","0","7","0","","36","09","2018","2018107556","3","40.2278","-76.4667","0643","08","0","0","0","0","0","0","0","0","","0","0","0","06","1","1","00","0","40 13:40.045","","00","76 28:00.227","3","0","0","0","36230","0","0","0","N","0","0","0","1","68T06","0","","3","09","N","N","0","","1","0","0","0","0","","0640","1","1","0","0","0","0","0","1","0","1","N","","","","","","","","","","","","07","  ","","",""
"1419","1","0","0","0","0","0","0","0","0","7","0","","36","08","2018","2018107653","1","40.2455","-76.1799","1411","08","0","0","0","0","0","0","0","0","1","0","0","0","14","1","0","00","1","40 14:43.674","4","00","76 10:47.634","0","0","0","0","36236","0","0","0","N","0","0","0","3","68T06","0","","5","01","N","N","0","","0","0","0","0","0","N","1410","0","1","0","0","0","0","0","1","0","1","N","","","","","","","","","","","","03","  ","","",""
"1630","2","0","0","0","0","0","0","0","0","4","0","","36","10","2018","2018107661","5","40.1756","-76.3086","1620","08","0","0","0","0","0","0","0","0","","0","0","0","16","1","0","00","0","40 10:32.168","","00","76 18:30.853","0","0","0","0","36235","0","0","0","N","0","0","0","3","36506","0","","1","09","N","N","0","","0","0","0","0","0","","1620","0","2","0","0","1","0","0","1","0","2","N","","","","","","","","","","","","07","  ","","",""