"ARRIVAL_TM","AUTOMOBILE_COUNT","BELTED_DEATH_COUNT","BELTED_SUSP_SERIOUS_INJ_COUNT","BICYCLE_COUNT","BICYCLE_DEATH_COUNT","BICYCLE_SUSP_SERIOUS_INJ_COUNT","BUS_COUNT","CHLDPAS_DEATH_COUNT","CHLDPAS_SUSP_SERIOUS_INJ_COUNT","COLLISION_TYPE","COMM_VEH_COUNT","CONS_ZONE_SPD_LIM","COUNTY","CRASH_MONTH","CRASH_YEAR","CRN","DAY_OF_WEEK","DEC_LAT","DEC_LONG","DISPATCH_TM","DISTRICT","DRIVER_COUNT_16YR","DRIVER_COUNT_17YR","DRIVER_COUNT_18YR","DRIVER_COUNT_19YR","DRIVER_COUNT_20YR","DRIVER_COUNT_50_64YR","DRIVER_COUNT_65_74YR","DRIVER_COUNT_75PLUS","EST_HRS_CLOSED","FATAL_COUNT","HEAVY_TRUCK_COUNT","HORSE_BUGGY_COUNT","HOUR_OF_DAY","ILLUMINATION","INJURY_COUNT","INTERSECT_TYPE","LANE_CLOSED","LATITUDE","LN_CLOSE_DIR","LOCATION_TYPE","LONGITUDE","MAX_SEVERITY_LEVEL","MCYCLE_DEATH_COUNT","MCYCLE_SUSP_SERIOUS_INJ_COUNT","MOTORCYCLE_COUNT","MUNICIPALITY","NONMOTR_COUNT","NONMOTR_DEATH_COUNT","NONMOTR_SUSP_SERIOUS_INJ_COUNT","NTFY_HIWY_MAINT","PED_COUNT","PED_DEATH_COUNT","PED_SUSP_SERIOUS_INJ_COUNT","PERSON_COUNT","POLICE_AGCY","POSSIBLE_INJ_COUNT","RDWY_SURF_TYPE_CD","RELATION_TO_ROAD","ROAD_CONDITION","SCH_BUS_IND","SCH_ZONE_IND","SMALL_TRUCK_COUNT","SPEC_JURIS_CD","SUSP_MINOR_INJ_COUNT","SUSP_SERIOUS_INJ_COUNT","SUV_COUNT","TCD_FUNC_CD","TCD_TYPE","TFC_DETOUR_IND","TIME_OF_DAY","TOT_INJ_COUNT","TOTAL_UNITS","UNB_DEATH_COUNT","UNB_SUSP_SERIOUS_INJ_COUNT","UNBELTED_OCC_COUNT","UNK_INJ_DEG_COUNT","UNK_INJ_PER_COUNT","URBAN_RURAL","VAN_COUNT","VEHICLE_COUNT","WORK_ZONE_IND","WORK_ZONE_LOC","WORK_ZONE_TYPE","WORKERS_PRES","WZ_CLOSE_DETOUR","WZ_FLAGGER","WZ_LAW_OFFCR_IND","WZ_LN_CLOSURE","WZ_MOVING","WZ_OTHER","WZ_SHLDER_MDN","ROADWAY_CLEARED","WEATHER1","WEATHER2","WZ_WORKERS_INJ_KILLED","SECONDARY_CRASH","INTERSECTION_RELATED"
"2019","1","0","0","0","0","0","0","0","0","5","0","","36","09","2018","2018107664","1","40.0381","-76.3218","1953","08","0","0","0","0","0","1","0","0","","0","0","0","19","3","0","02","0","40 02:17.177","","00","76 19:18.634","0","0","0","0","36301","0","0","0","N","0","0","0","2","36301","0","","4","01","N","N","0","","0","0","1","3","2","","1938","0","2","0","0","1","0","0","3","0","2","N","","","","","","","","","","","","03","  ","","",""
"1044","2","0","0","0","0","0","0","0","0","4","0","","36","10","2018","2018107702","5","40.1783","-76.3091","1038","08","0","0","0","0","0","0","0","0","","0","0","0","10","1","0","00","0","40 10:41.780","","00","76 18:32.736","0","0","0","0","36235","0","0","0","N","0","0","0","2","36506","0","","1","09","N","N","0","","0","0","0","0","0","","1038","0","2","0","0","0","0","0","1","0","2","N","","","","","","","","","","","","07","  ","","",""
"0956","2","0","0","0","0","0","0","0","0","1","0","","36","10","2018","2018107722","5","40.0539","-76.3651","0956","08","0","0","0","0","0","1","0","0","1","0","0","0","09","1","0","00","1","40 03:13.982","4","00","76 21:54.382","0","0","0","0","36301","0","0","0","N","0","0","0","2","36301","0","","1","09","N","N","0","","0","0","0","0","0","N","0956","0","2","0","0","0","0","0","3","0","2","N","","","","","","","","","","","","07","  ","","",""
"0333","1","0","0","0","0","0","0","0","0","0","0","","36","09","2018","2018107727","7","40.1211","-76.2237","0329","08","0","0","0","0","0","0","0","0","","0","0","0","03","2","2","00","0","40 07:15.874","","00","76 13:25.472","3","0","0","0","36238","0","0","0","N","0","0","0","2","36238","0","","5","09","N","N","0","","2","0","0","0","0","N","0328","2","1","0","0","0","0","0","3","0","1","N","","","","","","","","","","","","07","  ","","",""
"1638","1","0","0","0","0","0","0","0","0","1","0","","36","10","2018","2018107746","4","40.0251","-76.3039","1632","08","0","0","0","0","0","0","0","0","","0","0","0","16","1","1","01","0","40 01:30.378","","00","76 18:14.198","4","0","0","0","36301","0","0","0","N","0","0","0","2","36301","1","","1","01","N","N","0","","0","0","0","3","3","","1632","1","2","0","0","0","0","0","3","1","2","N","","","","","","","","","","","","03","  ","","",""
"0601","0","0","0","0","0","0","0","0","0","1","1","","36","10","2018","2018107751","2","40.2143","-76.0959","0558","08","0","0","0","0","0","1","0","0","3","0","1","0","05","3","2","00","2","40 12:51.600","1","00","76 05:45.355","3","0","0","0","36210","0","0","0","Y","0","0","0","2","36210","0","","1","09","N","N","0","","2","0","0","0","0","N","0555","2","2","0","0","0","0","0","1","1","2","N","","","","","","","","","","","","03","  ","","",""
"1842","2","0","0","0","0","0","0","0","0","1","0","","36","10","2018","2018107997","6","40.0684","-76.302","1835","08","0","0","0","0","0","0","0","0","","0","0","0","18","1","0","07","0","40 04:06.102","","02","76 18:07.036","0","0","0","0","36101","0","0","0","N","0","0","0","3","36101","0","","1","01","N","N","0","","0","0","0","0","0","","1831","0","2","0","0","0","0","0","3","0","2","N","","","","","","","","","","","","03","  ","","",""
"1610","2","0","0","0","0","0","0","0","0","1","0","","36","08","2018","2018107998","7","40.0223","-76.1925","1609","08","0","0","1","0","0","0","0","0","2","0","0","0","16","1","2","00","1","40 01:20.339","4","00","76 11:32.844","3","0","0","0","36215","0","0","0","N","0","0","0","3","36215","0","","1","01","N","N","0","","2","0","0","0","0","N","1607","2","2","0","0","0","0","0","1","0","2","N","","","","","","","","","","","","03","  ","","",""
"0728","2","0","0","0","0","0","0","0","0","1","0","","36","10","2018","2018107999","2","40.0166","-76.1632","0721","08","0","0","0","0","0","0","1","0","","0","0","0","07","1","1","00","0","40 00:59.745","","00","76 09:47.582","8","0","0","0","36215","0","0","0","N","0","0","0","3","36215","0","","1","01","N","N","0","","0","0","1","0","0","","0718","1","3","0","0","0","1","0","1","0","3","N","","","","","","","","","","","","03","  ","","",""
"1512","1","0","0","0","0","0","0","0","0","1","0","","36","10","2018","2018108000","4","40.0886","-76.1819","1510","08","0","0","0","0","0","1","1","0","","0","0","0","15","1","1","00","0","40 05:18.935","","00","76 10:54.692","4","0","0","0","36234","0","0","0","N","0","0","0","7","36215","1","","1","01","N","N","0","","0","0","1","0","0","","1508","1","3","0","0","0","0","0","1","1","3","N","","","","","","","","","","","","03","  ","","",""
"1338","2","0","0","0","0","0","0","0","0","4","0","","36","10","2018","2018108001","6","40.1117","-76.4517","1337","08","0","0","0","0","0","1","1","0","2","0","0","0","13","1","3","01","1","40 06:42.025","7","00","76 27:06.017","3","0","0","0","36230","0","0","0","N","0","0","0","3","36410","0","","1","01","N","N","0","","3","0","0","3","2","N","1335","3","2","0","0","0","0","0","1","0","2","N","","","","","","","","","","","","03","  ","","",""
"1025","1","0","0","0","0","0","0","0","0","1","0","","36","10","2018","2018108002","7","40.2164","-76.4328","1015","08","0","0","0","1","0","0","0","0","","0","0","0","10","1","0","02","0","40 12:59.206","","00","76 25:58.223","0","0","0","0","36230","0","0","0","N","0","0","0","2","36410","0","","1","09","N","N","0","","0","0","1","0","0","","1015","0","2","0","0","0","0","0","1","0","2","N","","","","","","","","","","","","03","  ","","",""
"1707","1","0","0","0","0","0","0","0","0","7","0","","36","10","2018","2018108003","7","40.198","-76.4206","1700","08","0","0","0","0","0","0","0","0","1","0","0","0","17","1","0","00","1","40 11:52.743","5","00","76 25:14.183","0","0","0","0","36230","0","0","0","N","0","0","0","1","36410","0","","5","01","N","N","0","","0","0","0","0","0","N","1700","0","1","0","0","0","0","0","1","0","1","N","","","","","","","","","","","","03","  ","","",""
"1635","2","0","0","0","0","0","0","0","0","4","0","","36","10","2018","2018108058","3","40.1775","-76.1739","1630","08","0","0","0","0","0","1","0","0","1","0","0","0","16","1","1","02","1","40 10:39.151","6","00","76 10:25.978","3","0","0","0","36408","0","0","0","N","0","0","0","4","36408","0","","1","01","N","N","0","","1","0","0","0","0","N","1625","1","2","0","0","0","0","0","2","0","2","N","","","","","","","","","","","","03","  ","","",""
"0541","1","0","0","0","0","0","0","0","0","7","0","","36","07","2018","2018108198","4","40.0836","-76.5253","0534","08","0","0","0","1","0","0","0","0","3","0","0","0","05","1","1","00","2","40 05:00.932","5","00","76 31:31.107","3","0","0","0","36211","0","0","0","N","0","0","0","1","36504","0","","5","01","N","N","0","","1","0","0","0","0","Y","0528","1","1","0","0","0","0","0","1","0","1","N","","","","","","","","","","","","03","  ","","",""
"1716","0","0","0","0","0","0","0","0","0","8","0","","36","10","2018","2018108210","4","39.973","-76.3101","1713","08","0","0","0","0","0","0","0","0","2","0","0","0","17","4","1","00","1","39 58:22.951","4","00","76 18:36.319","8","0","0","0","36228","1","0","0","N","1","0","0","2","36503","0","","1","01","N","N","0","","0","0","0","0","0","N","1712","1","2","0","0","0","1","0","1","1","1","N","","","","","","","","","","","","03","  ","","",""
"1951","0","0","0","0","0","0","0","0","0","8","0","","36","09","2018","2018108218","1","40.0738","-76.3501","1920","08","0","0","0","0","0","0","1","0","3","1","0","0","19","2","0","00","2","40 04:25.578","5","00","76 21:00.262","1","0","0","0","36214","1","1","0","N","1","1","0","4","36214","0","2","1","01","N","N","0","0","0","0","0","0","0","Y","1917","0","2","0","0","1","0","0","3","1","1","N","","","","","","","","","","","","03","  ","","",""
"0830","2","0","0","0","0","0","0","0","0","4","0","","36","10","2018","2018108219","5","40.0691","-76.3569","0827","08","0","0","0","0","0","1","0","0","","0","0","0","08","1","0","01","0","40 04:08.816","","00","76 21:24.786","0","0","0","0","36214","0","0","0","N","0","0","0","2","36214","0","","1","09","N","N","0","","0","0","0","3","2","","0823","0","2","0","0","0","0","0","3","0","2","N","","","","","","","","","","","","07","  ","","",""
"1001","0","0","0","0","0","0","0","0","0","4","0","","36","10","2018","2018108220","5","40.0953","-76.4103","0951","08","0","0","0","0","0","0","0","0","2","0","0","0","09","1","1","01","2","40 05:43.016","2","00","76 24:37.175","4","0","0","0","36214","0","0","0","N","0","0","0","2","36214","1","","1","09","N","N","1","","0","0","1","3","2","Y","0947","1","2","0","0","0","0","0","3","0","2","N","","","","","","","","","","","","03","  ","","",""
"1606","1","0","0","0","0","0","0","0","0","1","0","","36","10","2018","2018108238","2","39.9819","-76.302","1600","08","0","1","0","0","0","1","0","0","2","0","0","0","15","1","1","00","2","39 58:54.772","3","00","76 18:07.311","8","0","0","0","36228","0","0","0","N","0","0","0","2","36503","0","","1","09","N","N","0","","0","0","1","0","0","N","1557","1","2","0","0","0","1","0","1","0","2","N","","","","","","","","","","","","03","  ","","",""
"1650","1","0","0","0","0","0","0","0","0","1","0","","36","10","2018","2018108270","2","40.0313","-76.321","1647","08","0","0","0","0","0","0","0","0","","0","0","0","16","1","2","10","0","40 01:52.636","","00","76 19:15.668","8","0","0","0","36301","0","0","0","N","0","0","0","3","36301","0","","1","09","N","N","0","","0","0","1","0","0","","1645","2","2","0","0","0","2","0","3","0","2","N","","","","","","","","","","","","99","  ","","",""
"1052","1","0","0","0","0","0","0","0","0","5","1","","36","10","2018","2018108271","4","40.0316","-76.321","1050","08","0","0","0","0","0","1","0","0","1","0","1","0","10","1","1","00","1","40 01:53.700","2","00","76 19:15.558","3","0","0","0","36301","0","0","0","N","0","0","0","2","36301","0","","1","01","N","N","0","","1","0","0","0","0","Y","1047","1","2","0","0","1","0","0","3","0","2","N","","","","","","","","","","","","03","  ","","",""
"0846","2","0","0","0","0","0","0","0","0","4","0","","36","10","2018","2018108287","5","40.2756","-76.0998","0842","08","0","0","0","0","1","0","0","0","2","0","0","0","08","1","2","00","2","40 16:32.209","2","00","76 05:59.132","8","0","0","0","36236","0","0","0","N","0","0","0","2","36408","0","","1","09","N","N","0","","0","0","0","0","0","N","0842","2","2","0","0","0","2","0","1","0","2","N","","","","","","","","","","","","07","  ","","",""
"1152","2","0","0","0","0","0","0","0","0","5","0","","36","10","2018","2018108307","5","40.1335","-76.571","1143","08","0","0","0","0","0","1","0","0","2","0","0","0","11","1","0","00","1","40 08:00.760","3","00","76 34:15.424","0","0","0","0","36225","0","0","0","N","0","0","0","2","36505","0","","2","01","N","N","0","","0","0","0","0","0","N","1140","0","2","0","0","0","0","0","2","0","2","N","","","","","","","","","","","","03","  ","","",""
"1526","2","0","0","0","0","0","0","0","0","4","0","","36","10","2018","2018108324","2","40.0063","-76.2964","1521","08","0","0","0","1","0","0","0","0","2","0","0","0","15","1","1","02","2","40 00:22.538","7","00","76 17:46.872","8","0","0","0","36240","0","0","0","N","0","0","0","2","36240","0","","1","01","N","N","0","","0","0","0","3","3","Y","1518","1","2","0","0","1","1","0","1","0","2","N","","","","","","","","","","","","03","  ","","",""
"0530","1","0","0","0","0","0","0","0","0","7","0","","36","10","2018","2018108441","1","40.1203","-76.2251","0525","08","0","0","0","0","0","0","0","0","","0","0","0","05","2","1","00","0","40 07:12.996","","00","76 13:30.329","4","0","0","0","36238","0","0","0","N","0","0","0","1","36238","1","","5","01","N","N","0","","0","0","0","0","0","","0525","1","1","0","0","0","0","0","3","0","1","N","","","","","","","","","","","","03","  ","","",""
"0736","0","0","1","0","0","0","0","0","0","4","1","","36","10","2018","2018108452","5","40.1636","-76.1525","0732","08","0","0","0","0","0","0","0","1","3","0","1","0","07","1","1","01","1","40 09:49.440","3","02","76 09:08.800","2","0","0","0","36218","0","0","0","N","0","0","0","2","36408","0","","1","09","N","N","0","","0","1","1","3","2","N","0732","1","2","0","0","0","0","0","1","0","2","N","","","","","","","","","","","","07","  ","","",""
"1749","2","0","0","0","0","0","0","0","0","2","0","","36","10","2018","2018108461","4","40.0634","-76.5703","1741","08","0","0","0","0","0","1","0","0","2","0","1","0","17","1","3","00","1","40 03:48.227","6","00","76 34:13.131","8","0","0","0","36211","0","0","0","N","0","0","0","6","36504","0","","1","01","N","N","0","","0","0","0","0","0","Y","1739","3","3","0","0","0","3","0","1","0","3","N","","","","","","","","","","","","03","  ","","",""
"1205","1","0","0","0","0","0","0","0","0","4","0","","36","10","2018","2018108467","3","40.1628","-76.1499","1202","08","0","0","0","0","0","0","1","0","","0","0","0","12","1","0","01","0","40 09:46.140","","00","76 08:59.472","0","0","0","0","36218","0","0","0","N","0","0","0","2","36408","0","","1","01","N","N","1","","0","0","0","3","2","","1202","0","2","0","0","0","0","0","1","0","2","N","","","","","","","","","","","","03","  ","","",""
"0808","1","0","0","0","0","0","0","0","0","1","0","","36","10","2018","2018108498","3","40.0968","-76.4002","0757","08","0","0","0","0","0","0","0","0","2","0","0","0","07","1","0","00","1","40 05:48.579","3","00","76 24:00.683","0","0","0","0","36214","0","0","0","N","0","0","0","2","36214","0","","1","01","N","N","0","","0","0","1","0","0","N","0757","0","2","0","0","0","0","0","3","0","2","N","","","","","","","","","","","","03","  ","","",""
"1601","2","0","0","0","0","0","0","0","0","4","1","","36","10","2018","2018108499","5","40.025","-76.2058","1558","08","0","0","0","0","0","1","0","0","1","0","1","0","15","1","1","00","2","40 01:30.103","4","00","76 12:20.978","3","0","0","0","36215","0","0","0","N","0","0","0","3","36215","0","","1","01","N","N","0","","1","0","0","0","0","Y","1557","1","3","0","0","0","0","0","1","0","3","N","","","","","","","","","","","","03","  ","","",""
"1416","1","0","0","0","0","0","0","0","0","7","0","","36","10","2018","2018108500","6","40.0023","-76.3845","1405","08","0","0","0","0","0","1","0","0","","0","0","0","13","1","1","00","0","40 00:08.370","","00","76 23:04.050","3","0","0","0","36223","0","0","0","N","0","0","0","1","36223","0","","5","01","N","N","0","","1","0","0","0","0","","1315","1","1","0","0","0","0","0","1","0","1","N","","","","","","","","","","","","03","  ","","",""
"1557","0","0","0","0","0","0","0","0","0","1","0","","36","09","2018","2018108501","1","40.1024","-76.0893","1549","08","0","0","0","0","0","1","0","0","","0","0","0","15","1","0","01","0","40 06:08.692","","00","76 05:21.483","0","0","0","1","36415","0","0","0","N","0","0","0","2","36415","0","","1","01","N","N","0","","0","0","0","3","2","","1547","0","2","0","0","0","0","0","1","0","2","N","","","","","","","","","","","","03","  ","","",""
"1059","2","0","0","0","0","0","0","0","0","2","0","","36","09","2018","2018108502","4","40.0923","-76.1203","1057","08","0","0","0","0","0","0","0","0","","0","0","0","10","1","0","00","0","40 05:32.112","","00","76 07:13.241","0","0","0","0","36209","0","0","0","N","0","0","0","2","36415","0","","1","01","N","N","0","","0","0","0","0","0","","1055","0","2","0","0","0","0","0","1","0","2","N","","","","","","","","","","","","03","  ","","",""
"0743","2","0","0","0","0","0","0","0","0","4","0","","36","09","2018","2018108503","7","40.0592","-76.069","0737","08","0","0","0","0","1","0","1","0","1","0","0","0","07","5","0","01","1","40 03:33.201","7","00","76 04:08.417","0","0","0","0","36209","0","0","0","N","0","0","0","2","36415","0","","1","01","N","N","0","","0","0","0","3","3","Y","0734","0","2","0","0","0","0","0","1","0","2","N","","","","","","","","","","","","03","  ","","",""
"1240","3","0","0","0","0","0","0","0","0","4","0","","36","10","2018","2018108504","4","40.1009","-76.0823","1233","08","0","1","0","0","0","1","0","0","1","0","0","0","12","1","1","01","1","40 06:03.334","7","00","76 04:56.150","3","0","0","0","36415","0","0","0","N","0","0","0","4","36415","0","","1","01","N","N","0","","1","0","0","3","3","Y","1231","1","3","0","0","0","0","0","1","0","3","N","","","","","","","","","","","","03","  ","","",""
"1508","1","0","0","0","0","0","0","0","0","4","0","","36","10","2018","2018108505","6","40.1563","-76.1136","1523","08","0","0","0","1","0","1","0","0","","0","0","0","15","1","0","00","0","40 09:22.611","","00","76 06:49.072","0","0","0","0","36209","0","0","0","N","0","0","0","2","36415","0","","1","01","N","N","0","","0","0","0","0","0","","1507","0","2","0","0","0","0","0","1","0","2","N","","","","","","","","","","","","03","  ","","",""
"2219","1","0","0","0","0","0","0","0","0","9","0","","36","10","2018","2018108520","6","39.9483","-76.262","2213","08","0","0","0","0","0","0","0","0","","0","0","0","22","2","0","00","0","39 56:53.776","","00","76 15:43.324","0","0","0","0","36228","0","0","0","N","0","0","0","1","36503","0","","1","09","N","N","0","","0","0","0","0","0","","2213","0","1","0","0","0","0","0","1","0","1","N","","","","","","","","","","","","03","  ","","",""
"0743","2","0","0","0","0","0","0","0","0","4","0","","36","10","2018","2018108685","5","40.0606","-76.2768","0733","08","0","0","0","0","0","0","0","0","2","0","0","0","07","1","2","01","1","40 03:38.263","4","00","76 16:36.564","4","0","0","0","36101","0","0","0","N","0","0","0","4","36101","2","","1","01","N","N","0","","0","0","0","3","2","N","0730","2","2","0","0","0","0","0","3","0","2","N","","","","","","","","","","","","03","  ","","",""
"1700","0","0","0","0","0","0","0","0","0","8","0","","36","10","2018","2018108686","5","40.0371","-76.3413","1658","08","0","0","0","0","0","0","0","0","","0","0","0","16","1","1","00","0","40 02:13.600","","07","76 20:28.500","3","0","0","0","36220","1","0","0","N","1","0","0","2","36101","0","","1","09","N","N","0","","1","0","1","3","8","","1655","1","2","0","0","0","0","0","3","0","1","N","","","","","","","","","","","","07","  ","","",""
"2035","1","0","0","0","0","0","0","0","0","4","0","","36","10","2018","2018108687","2","40.113","-76.2701","2024","08","0","0","0","0","0","0","0","1","2","0","0","0","20","3","1","02","1","40 06:46.834","3","00","76 16:12.527","3","0","0","0","36101","0","0","0","N","0","0","0","3","36101","0","","1","09","N","N","0","","1","0","0","0","0","N","2024","1","2","0","0","0","0","0","3","1","2","N","","","","","","","","","","","","03","  ","","",""
"1511","1","0","0","0","0","0","0","0","0","1","0","","36","10","2018","2018108688","2","40.0787","-76.4076","1510","08","0","1","0","0","0","1","0","0","2","0","0","0","15","1","0","00","1","40 04:43.297","2","00","76 24:27.275","0","0","0","0","36214","0","0","0","N","0","0","0","6","36214","0","","1","09","N","N","0","","0","0","2","0","0","N","1508","0","3","0","0","0","0","0","3","0","3","N","","","","","","","","","","","","07","  ","","",""
"1650","1","0","0","0","0","0","0","0","0","1","0","","36","10","2018","2018108689","2","40.0572","-76.3596","1641","08","0","0","1","0","0","0","0","0","","0","0","0","16","1","0","00","0","40 03:25.857","","00","76 21:34.452","0","0","0","0","36214","0","0","0","N","0","0","0","2","36214","0","","1","01","N","N","0","","0","0","1","0","0","","1635","0","2","0","0","0","0","0","3","0","2","N","","","","","","","","","","","","03","  ","","",""
"0806","2","0","0","0","0","0","0","0","0","1","0","","36","10","2018","2018108690","3","40.092","-76.3875","0758","08","0","0","0","0","0","1","0","0","2","0","0","0","07","1","0","00","1","40 05:31.370","3","00","76 23:14.898","0","0","0","0","36214","0","0","0","N","0","0","0","2","36214","0","","1","01","N","N","0","","0","0","0","0","0","N","0757","0","2","0","0","0","0","0","3","0","2","N","","","","","","","","","","","","03","  ","","",""
"1320","0","0","0","0","0","0","0","0","0","4","0","","36","10","2018","2018108691","3","40.038","-76.3517","1317","08","0","0","0","0","0","0","1","0","2","0","0","0","13","1","1","00","1","40 02:16.794","4","00","76 21:06.217","3","0","0","0","36214","0","0","0","N","0","0","0","2","36214","0","","1","01","N","N","1","","1","0","1","0","0","N","1315","1","2","0","0","0","0","0","3","0","2","N","","","","","","","","","","","","03","  ","","",""
"1757","1","0","0","0","0","0","0","0","0","1","0","","36","10","2018","2018108692","3","40.0415","-76.3639","1753","08","0","0","0","0","0","0","0","0","3","0","0","0","17","1","0","00","1","40 02:29.504","2","00","76 21:49.915","0","0","0","0","36214","0","0","0","N","0","0","0","3","36214","0","","1","01","N","N","0","","0","0","1","0","0","Y","1745","0","2","0","0","0","0","0","3","0","2","N","","","","","","","","","","","","03","  ","","",""
"0956","1","0","0","0","0","0","0","0","0","4","0","","36","10","2018","2018108715","6","40.0384","-76.3013","0955","08","0","0","0","0","0","1","0","0","1","0","0","0","09","1","1","01","1","40 02:18.358","1","00","76 18:04.767","3","0","0","0","36301","0","0","0","N","0","0","0","2","36301","0","","1","01","N","N","0","","1","0","1","3","2","N","0955","1","2","0","0","0","0","0","3","0","2","N","","","","","","","","","","","","03","  ","","",""
"0716","1","0","0","0","0","0","0","0","0","5","0","","36","10","2018","2018108725","4","40.0632","-76.3272","0709","08","0","0","0","0","0","1","0","0","","0","0","0","07","1","0","00","0","40 03:47.590","","00","76 19:37.740","0","0","0","0","36301","0","0","0","N","0","0","0","4","36301","0","","1","01","N","N","2","","0","0","0","0","0","","0702","0","3","0","0","0","0","0","3","0","3","N","","","","","","","","","","","","03","  ","","",""
"1725","1","0","0","0","0","0","0","0","0","7","0","","36","10","2018","2018108753","5","40.1502","-76.6669","1713","08","0","1","0","0","0","0","0","0","","0","0","0","17","1","0","00","0","40 09:00.868","","00","76 40:00.842","0","0","0","0","36237","0","0","0","Y","0","0","0","1","36505","0","","2","09","N","N","0","","0","0","0","0","0","","1705","0","1","0","0","0","0","0","1","0","1","N","","","","","","","","","","","","03","  ","","",""
"1355","1","0","0","0","0","0","0","0","0","7","0","","36","10","2018","2018108775","1","40.1793","-76.5863","1347","08","0","0","0","0","0","0","0","1","4","0","0","0","13","1","0","00","2","40 10:45.648","5","00","76 35:10.738","0","0","0","0","36225","0","0","0","N","0","0","0","1","36505","0","","5","01","N","N","0","","0","0","0","0","0","Y","1340","0","1","0","0","0","0","0","2","0","1","N","","","","","","","","","","","","03","  ","","",""
"1145","1","0","0","0","0","0","0","0","0","4","0","","36","10","2018","2018108896","4","39.8986","-76.1593","1141","08","0","0","0","0","0","1","0","0","1","0","0","0","11","1","0","01","1","39 53:54.870","1","00","76 09:33.620","0","0","0","0","36416","0","0","0","N","0","0","0","4","36416","0","","1","01","N","N","0","","0","0","0","3","3","N","1140","0","2","0","0","0","0","0","1","1","2","N","","","","","","","","","","","","03","  ","","",""
"1025","3","0","0","0","0","0","0","0","0","1","0","","36","10","2018","2018108904","3","40.1428","-76.5551","1020","08","0","0","0","1","0","1","1","0","2","0","0","0","10","1","1","00","1","40 08:34.177","3","00","76 33:18.220","3","0","0","0","36225","0","0","0","N","0","0","0","4","36505","0","","1","01","N","N","0","","1","0","0","0","0","N","1015","1","3","0","0","0","0","0","2","0","3","N","","","","","","","","","","","","03","  ","","",""
"2027","2","0","0","0","0","0","0","0","0","5","0","","36","02","2018","2018108979","2","40.1743","-76.1724","2024","08","0","0","0","0","0","0","0","0","3","0","0","0","20","3","0","00","1","40 10:27.301","4","00","76 10:20.498","0","0","0","0","36408","0","0","0","N","0","0","0","2","36408","0","","6","01","N","N","0","","0","0","2","0","0","N","2022","0","4","0","0","0","0","0","2","0","4","N","","","","","","","","","","","","03","  ","","",""
"1727","2","0","0","0","0","0","0","0","0","1","0","","36","10","2018","2018109086","3","40.1478","-76.1824","1721","08","0","0","0","0","0","0","0","0","2","0","0","0","17","1","1","00","1","40 08:51.987","1","00","76 10:56.577","8","0","0","0","36238","0","0","0","Y","0","0","0","2","36238","0","","1","01","N","N","0","","0","0","0","0","0","N","1718","1","2","0","0","0","1","0","3","0","2","N","","","","","","","","","","","","03","  ","","",""
"1509","2","0","0","0","0","0","0","0","0","1","0","","36","10","2018","2018109113","5","40.1098","-76.4798","1508","08","0","0","0","0","0","1","1","0","2","0","0","0","15","1","2","00","1","40 06:35.279","3","00","76 28:47.175","3","0","0","0","36413","0","0","0","N","0","0","0","4","36413","1","","1","01","N","N","0","","1","0","1","3","2","N","1506","2","3","0","0","0","0","0","2","0","3","N","","","","","","","","","","","","03","  ","","",""
"0748","2","0","0","0","0","0","0","0","0","1","0","","36","10","2018","2018109133","5","40.1811","-76.1325","0739","08","0","0","0","0","0","1","0","0","2","0","0","0","07","1","0","00","1","40 10:52.133","2","00","76 07:57.044","0","0","0","0","36210","0","0","0","N","0","0","0","3","36210","0","","1","01","N","N","0","","0","0","0","0","0","N","0730","0","2","0","0","0","0","0","1","0","2","N","","","","","","","","","","","","03","  ","","",""
"0947","2","0","0","0","0","0","0","0","0","2","0","","36","10","2018","2018109141","5","40.0656","-76.4112","0944","08","0","0","0","0","0","0","1","1","","0","0","0","09","1","0","01","0","40 03:56.128","","00","76 24:40.270","0","0","0","0","36239","0","0","0","N","0","0","0","2","36239","0","","1","01","","","0","","0","0","0","0","0","","0944","0","2","0","0","0","0","0","3","0","2","N","","","","","","","","","","","","03","  ","","",""
"1723","0","0","0","0","0","0","0","0","0","7","0","","36","10","2018","2018109151","4","40.1377","-76.0468","1717","08","0","0","0","0","0","0","0","1","2","0","0","0","17","1","1","00","1","40 08:15.621","1","00","76 02:48.434","3","0","0","0","36213","0","0","0","N","0","0","0","1","36213","0","","5","01","N","N","1","","1","0","0","0","0","Y","1715","1","1","0","0","0","0","0","1","0","1","N","","","","","","","","","","","","03","  ","","",""
"1713","1","0","0","0","0","0","0","0","0","4","0","","36","09","2018","2018109182","7","39.9479","-76.2301","1653","08","0","0","0","0","0","1","0","0","","0","0","0","16","1","1","10","0","39 56:52.314","","00","76 13:48.470","3","0","0","0","36233","0","0","0","N","0","0","0","9","68J01","0","","1","01","N","N","0","","1","0","1","3","3","","1649","1","2","0","0","0","0","0","1","0","2","N","","","","","","","","","","","","03","  ","","",""
"1238","1","0","0","0","0","0","0","0","0","4","0","","36","10","2018","2018109189","5","39.9361","-76.0872","1231","08","0","0","1","0","0","0","1","0","","0","0","0","12","1","0","00","0","39 56:09.850","","00","76 05:13.760","0","0","0","0","36201","0","0","0","N","0","0","0","2","68J01","0","","1","01","N","N","0","","0","0","1","0","0","","1223","0","2","0","0","0","0","0","1","0","2","N","","","","","","","","","","","","03","  ","","",""