"ARRIVAL_TM","AUTOMOBILE_COUNT","BELTED_DEATH_COUNT","BELTED_SUSP_SERIOUS_INJ_COUNT","BICYCLE_COUNT","BICYCLE_DEATH_COUNT","BICYCLE_SUSP_SERIOUS_INJ_COUNT","BUS_COUNT","CHLDPAS_DEATH_COUNT","CHLDPAS_SUSP_SERIOUS_INJ_COUNT","COLLISION_TYPE","COMM_VEH_COUNT","CONS_ZONE_SPD_LIM","COUNTY","CRASH_MONTH","CRASH_YEAR","CRN","DAY_OF_WEEK","DEC_LAT","DEC_LONG","DISPATCH_TM","DISTRICT","DRIVER_COUNT_16YR","DRIVER_COUNT_17YR","DRIVER_COUNT_18YR","DRIVER_COUNT_19YR","DRIVER_COUNT_20YR","DRIVER_COUNT_50_64YR","DRIVER_COUNT_65_74YR","DRIVER_COUNT_75PLUS","EST_HRS_CLOSED","FATAL_COUNT","HEAVY_TRUCK_COUNT","HORSE_BUGGY_COUNT","HOUR_OF_DAY","ILLUMINATION","INJURY_COUNT","INTERSECT_TYPE","LANE_CLOSED","LATITUDE","LN_CLOSE_DIR","LOCATION_TYPE","LONGITUDE","MAX_SEVERITY_LEVEL","MCYCLE_DEATH_COUNT","MCYCLE_SUSP_SERIOUS_INJ_COUNT","MOTORCYCLE_COUNT","MUNICIPALITY","NONMOTR_COUNT","NONMOTR_DEATH_COUNT","NONMOTR_SUSP_SERIOUS_INJ_COUNT","NTFY_HIWY_MAINT","PED_COUNT","PED_DEATH_COUNT","PED_SUSP_SERIOUS_INJ_COUNT","PERSON_COUNT","POLICE_AGCY","POSSIBLE_INJ_COUNT","RDWY_SURF_TYPE_CD","RELATION_TO_ROAD","ROAD_CONDITION","SCH_BUS_IND","SCH_ZONE_IND","SMALL_TRUCK_COUNT","SPEC_JURIS_CD","SUSP_MINOR_INJ_COUNT","SUSP_SERIOUS_INJ_COUNT","SUV_COUNT","TCD_FUNC_CD","TCD_TYPE","TFC_DETOUR_IND","TIME_OF_DAY","TOT_INJ_COUNT","TOTAL_UNITS","UNB_DEATH_COUNT","UNB_SUSP_SERIOUS_INJ_COUNT","UNBELTED_OCC_COUNT","UNK_INJ_DEG_COUNT","UNK_INJ_PER_COUNT","URBAN_RURAL","VAN_COUNT","VEHICLE_COUNT","WORK_ZONE_IND","WORK_ZONE_LOC","WORK_ZONE_TYPE","WORKERS_PRES","WZ_CLOSE_DETOUR","WZ_FLAGGER","WZ_LAW_OFFCR_IND","WZ_LN_CLOSURE","WZ_MOVING","WZ_OTHER","WZ_SHLDER_MDN","ROADWAY_CLEARED","WEATHER1","WEATHER2","WZ_WORKERS_INJ_KILLED","SECONDARY_CRASH","INTERSECTION_RELATED"
"1530","0","0","0","0","0","0","0","0","0","7","0","","36","10","2018","2018109191","6","40.0339","-76.0105","1519","08","0","0","0","0","0","0","1","0","2","0","0","0","15","1","1","00","1","40 02:01.915","3","00","76 00:37.764","8","0","0","0","36232","0","0","0","N","0","0","0","2","68J01","0","","4","01","N","N","1","","0","0","0","0","0","N","1510","1","1","0","0","0","1","0","1","0","1","N","","","","","","","","","","","","03","  ","","",""
"0149","0","0","0","0","0","0","0","0","0","7","0","","36","10","2018","2018109192","1","39.8355","-76.331","0111","08","0","1","0","0","0","0","0","0","3","0","0","0","01","2","0","00","2","39 50:07.720","6","00","76 19:51.740","0","0","0","0","36224","0","0","0","N","0","0","0","3","68J01","0","","4","01","N","N","0","","0","0","1","0","0","Y","0109","0","1","0","0","0","0","0","1","0","1","N","","","","","","","","","","","","03","  ","","",""
"1717","1","0","0","0","0","0","0","0","0","7","0","","36","10","2018","2018109195","2","39.8686","-76.3415","1646","08","1","0","0","0","0","0","0","0","2","0","0","0","16","1","0","00","2","39 52:06.878","5","00","76 20:29.421","0","0","0","0","36224","0","0","0","N","0","0","0","1","68J01","0","","4","01","N","N","0","","0","0","0","0","0","Y","1642","0","1","0","0","0","0","0","1","0","1","N","","","","","","","","","","","","03","  ","","",""
"2245","0","0","0","0","0","0","0","0","0","4","0","","36","10","2018","2018109196","2","40.0544","-75.9497","2232","08","0","1","0","0","0","1","0","0","","0","0","0","22","2","2","01","0","40 03:15.883","","00","75 56:59.082","4","0","0","0","36232","0","0","0","N","0","0","0","2","68J01","1","","1","09","N","N","0","","0","0","2","3","3","","2216","2","2","0","0","0","1","0","1","0","2","N","","","","","","","","","","","","07","  ","","",""
"1545","1","0","0","0","0","0","0","0","0","7","0","","36","10","2018","2018109201","5","39.8004","-76.1576","1517","08","0","0","0","0","0","0","0","0","","0","0","0","15","1","0","00","0","39 48:01.339","","00","76 09:27.424","0","0","0","0","36219","0","0","0","N","0","0","0","1","68J01","0","","4","01","N","N","0","","0","0","0","0","0","","1504","0","1","0","0","0","0","0","1","0","1","N","","","","","","","","","","","","03","  ","","",""
"1908","1","0","0","0","0","0","0","0","0","7","0","","36","10","2018","2018109205","6","40.0094","-76.1267","1902","08","0","0","0","0","0","0","0","0","1","0","0","0","19","3","0","00","1","40 00:33.836","3","00","76 07:36.244","0","0","0","0","36226","0","0","0","N","0","0","0","1","68J01","0","","4","01","N","N","0","","0","0","0","0","0","N","1901","0","1","0","0","0","0","0","1","0","1","N","","","","","","","","","","","","03","  ","","",""
"2112","1","0","0","0","0","0","0","0","0","4","0","","36","10","2018","2018109206","6","40.1831","-76.0509","2048","08","0","0","1","1","0","0","0","0","","0","0","0","20","3","0","05","0","40 10:59.135","","00","76 03:03.245","0","0","0","0","36202","0","0","0","N","0","0","0","3","68J01","0","","1","01","N","N","1","","0","0","0","3","3","","2045","0","2","0","0","2","0","0","1","0","2","N","","","","","","","","","","","","03","  ","","",""
"0916","1","0","0","0","0","0","0","0","0","4","0","99","36","10","2018","2018109234","5","39.9901","-76.2399","0914","08","0","0","0","0","0","1","0","0","2","0","0","0","09","1","1","01","1","39 59:24.433","3","00","76 14:23.626","8","0","0","0","36240","0","0","0","N","0","0","0","3","36240","0","","1","01","N","N","0","","0","0","2","3","1","Y","0914","1","3","0","0","0","1","1","1","0","3","Y","5","1","Y","","Y","N","Y","","","","","03","  ","","",""
"1133","1","0","0","0","0","0","0","0","0","1","0","","36","10","2018","2018109252","5","40.1654","-76.6079","1125","08","0","0","0","0","0","1","1","0","2","0","0","0","11","1","0","00","1","40 09:55.420","1","00","76 36:28.352","0","0","0","0","36225","0","0","0","N","0","0","0","3","36505","0","","1","01","N","N","1","","0","0","0","3","2","Y","1120","0","2","0","0","0","0","0","2","0","2","N","","","","","","","","","","","","03","  ","","",""
"0806","1","0","0","0","0","0","0","0","0","0","0","","36","10","2018","2018109381","4","40.0681","-76.2987","0805","08","0","0","0","0","0","0","0","0","","0","0","0","08","1","0","00","0","40 04:05.003","","00","76 17:55.262","0","0","0","0","36101","0","0","0","N","0","0","0","2","36101","0","","1","01","N","N","0","","0","0","0","0","0","","0803","0","1","0","0","0","0","0","3","0","1","N","","","","","","","","","","","","03","  ","","",""
"1048","2","0","0","0","0","0","0","0","0","4","0","","36","10","2018","2018109382","4","40.0679","-76.3034","1045","08","0","0","0","0","0","1","1","0","1","0","0","0","10","1","0","01","2","40 04:04.574","1","00","76 18:12.893","0","0","0","0","36101","0","0","0","N","0","0","0","3","36101","0","","1","01","N","N","0","","0","0","1","3","2","N","1042","0","3","0","0","0","0","0","3","0","3","N","","","","","","","","","","","","03","  ","","",""
"1358","2","0","0","0","0","0","0","0","0","5","0","","36","10","2018","2018109383","1","40.0843","-76.3353","1340","08","0","0","0","0","0","0","0","0","","0","0","0","13","1","1","00","0","40 05:03.300","","00","76 20:06.910","3","0","0","0","36101","0","0","0","N","0","0","0","1","36101","0","","6","09","N","N","0","","1","0","0","0","0","","1337","1","2","0","0","0","0","0","3","0","2","N","","","","","","","","","","","","07","  ","","",""
"2057","1","0","0","1","0","0","0","0","0","1","0","","36","10","2018","2018109384","3","40.1004","-76.3296","2052","08","0","0","0","0","0","0","0","0","1","0","0","0","20","2","1","00","2","40 06:01.578","5","00","76 19:46.423","3","0","0","0","36101","1","0","0","N","0","0","0","2","36101","0","","1","01","N","N","0","","1","0","0","0","0","N","2051","1","2","0","0","0","0","0","3","0","1","N","","","","","","","","","","","","03","  ","","",""
"1704","0","0","0","0","0","0","0","0","0","1","0","","36","10","2018","2018109385","4","40.0757","-76.3087","1700","08","0","0","0","0","0","1","0","0","1","0","0","0","16","1","0","00","1","40 04:32.562","1","00","76 18:31.167","0","0","0","0","36101","0","0","0","N","0","0","0","2","36101","0","","1","01","N","N","1","","0","0","1","0","0","N","1657","0","2","0","0","0","0","0","3","0","2","N","","","","","","","","","","","","03","  ","","",""
"2005","1","0","0","0","0","0","0","0","0","5","1","","36","09","2018","2018109386","6","40.0953","-76.3945","2000","08","0","0","0","0","0","1","0","0","4","1","1","0","19","2","2","00","2","40 05:43.087","3","00","76 23:40.142","1","0","0","0","36214","2","1","1","N","0","0","0","3","36214","0","1","2","01","N","N","1","0","1","1","0","0","0","Y","1957","2","3","0","0","0","0","0","3","0","3","N","","","","","","","","","","","","03","  ","","",""
"2111","2","0","0","0","0","0","0","0","0","1","0","","36","10","2018","2018109387","3","40.0521","-76.3606","2106","08","0","0","0","0","1","0","0","0","","0","0","0","21","3","0","00","0","40 03:07.589","","00","76 21:38.077","0","0","0","0","36214","0","0","0","N","0","0","0","5","36214","0","","1","01","N","N","0","","0","0","1","0","0","","2103","0","3","0","0","1","0","0","3","0","3","N","","","","","","","","","","","","03","  ","","",""
"1522","1","0","0","0","0","0","0","0","0","8","0","","36","10","2018","2018109388","2","40.0921","-76.1558","1519","08","0","0","0","0","0","0","0","0","","0","0","0","15","1","1","02","0","40 05:31.525","","00","76 09:20.788","3","0","0","0","36234","1","0","0","N","1","0","0","4","36215","0","","1","09","N","N","0","","1","0","0","0","0","","1519","1","2","0","0","0","0","0","1","0","1","N","","","","","","","","","","","","07","  ","","",""
"1117","1","0","0","0","0","0","0","0","0","6","0","","36","09","2018","2018109389","6","40.0224","-76.3616","1112","08","0","0","1","0","0","0","0","0","1","0","0","0","11","1","1","01","1","40 01:20.679","3","00","76 21:41.606","3","0","0","0","36223","0","0","0","N","0","0","0","3","36223","0","","1","01","N","N","0","","1","0","1","3","2","N","1110","1","2","0","0","1","0","0","1","0","2","N","","","","","","","","","","","","03","  ","","",""
"1529","1","0","0","0","0","0","0","0","0","1","0","","36","09","2018","2018109390","3","40.0224","-76.3628","1527","08","0","0","1","0","1","0","0","0","1","0","0","0","15","1","0","00","1","40 01:20.730","4","00","76 21:46.200","0","0","0","0","36223","0","0","0","N","0","0","0","3","36223","0","","1","09","N","N","0","","0","0","1","0","0","N","1516","0","2","0","0","0","0","0","1","0","2","N","","","","","","","","","","","","03","  ","","",""
"0229","0","0","0","0","0","0","0","0","0","4","0","","36","10","2018","2018109391","5","39.9966","-76.3652","0212","08","0","0","0","0","0","0","0","0","","0","0","0","02","3","0","00","0","39 59:47.900","","00","76 21:54.650","0","0","0","0","36223","0","0","0","N","0","0","0","1","36223","0","","1","01","N","N","1","","0","0","0","0","0","","0210","0","2","0","0","0","0","0","1","1","2","N","","","","","","","","","","","","03","  ","","",""
"0653","0","0","0","0","0","0","0","0","0","7","0","","36","10","2018","2018109392","4","40.0384","-76.3555","0649","08","0","0","1","0","0","0","0","0","1","0","0","0","06","5","1","00","2","40 02:18.274","7","00","76 21:19.855","8","0","0","0","36223","0","0","0","N","0","0","0","1","36223","0","","4","01","N","N","0","","0","0","0","0","0","Y","0645","1","1","0","0","0","1","0","1","1","1","N","","","","","","","","","","","","03","  ","","",""
"2205","2","0","0","0","0","0","0","0","0","5","0","","36","10","2018","2018109393","1","40.0323","-76.3148","2156","08","0","0","0","1","0","0","0","0","1","0","0","0","21","3","0","00","1","40 01:56.330","3","00","76 18:53.400","0","0","0","0","36301","0","0","0","N","0","0","0","1","36301","0","","1","01","N","N","0","","0","0","0","0","0","Y","2155","0","2","0","0","0","0","0","3","0","2","N","","","","","","","","","","","","03","  ","","",""
"2010","2","0","0","0","0","0","0","0","0","1","0","","36","10","2018","2018109476","5","40.0886","-76.4516","2003","08","0","1","0","0","0","0","0","0","","0","0","0","20","2","2","02","0","40 05:19.104","","00","76 27:05.752","3","0","0","0","36239","0","0","0","N","0","0","0","2","36239","0","","1","01","N","N","0","","2","0","0","0","0","","2003","2","2","0","0","0","0","0","3","0","2","N","","","","","","","","","","","","03","  ","","",""
"1726","0","0","0","0","0","0","0","0","0","7","0","","36","10","2018","2018109478","5","40.2501","-76.0854","1723","08","0","0","0","0","0","1","0","0","5","0","0","0","17","1","1","00","2","40 15:00.231","6","00","76 05:07.568","3","0","0","0","36210","0","0","0","N","0","0","0","1","36210","0","","5","01","N","N","1","","1","0","0","0","0","Y","1720","1","1","0","0","0","0","0","1","0","1","N","","","","","","","","","","","","03","  ","","",""
"0029","1","0","0","0","0","0","0","0","0","5","0","","36","10","2018","2018109484","6","40.2236","-76.0794","0026","08","0","0","0","0","0","0","0","0","","0","0","0","00","3","0","00","0","40 13:25.000","","00","76 04:46.000","0","0","0","0","36210","0","0","0","N","0","0","0","1","36210","0","","2","01","N","N","1","","0","0","0","0","0","","0024","0","2","0","0","0","0","0","1","0","2","N","","","","","","","","","","","","03","  ","","",""
"2205","3","0","0","0","0","0","0","0","0","4","0","","36","10","2018","2018109488","5","40.1744","-76.1725","2200","08","0","0","0","0","0","0","0","0","2","0","0","0","22","3","1","00","2","40 10:27.828","3","00","76 10:20.934","3","0","0","0","36408","0","0","0","N","0","0","0","2","36408","0","","4","01","N","N","0","","1","0","0","0","0","N","2200","1","3","0","0","0","0","0","2","0","3","N","","","","","","","","","","","","03","  ","","",""
"0222","1","0","0","0","0","0","0","0","0","7","0","","36","10","2018","2018109489","1","40.0398","-76.4311","0217","08","0","0","0","0","0","0","0","0","","0","0","0","02","3","0","01","0","40 02:23.283","","00","76 25:51.801","0","0","0","0","36414","0","0","0","N","0","0","0","1","36239","0","","5","01","N","N","0","","0","0","0","0","0","","0217","0","1","0","0","0","0","0","3","0","1","N","","","","","","","","","","","","03","  ","","",""
"1731","3","0","0","0","0","0","0","0","0","5","0","","36","10","2018","2018109506","5","40.07","-76.3078","1727","08","0","0","0","0","0","1","0","0","","0","0","0","17","1","1","00","0","40 04:12.035","","00","76 18:28.202","3","0","0","0","36101","0","0","0","N","0","0","0","3","36101","0","","1","09","N","N","0","","1","0","0","0","0","","1722","1","3","0","0","0","0","0","3","0","3","N","","","","","","","","","","","","07","  ","","",""
"1046","2","0","0","0","0","0","0","0","0","4","0","","36","10","2018","2018109507","5","40.1133","-76.2647","1043","08","0","0","0","0","0","0","0","2","","0","0","0","10","1","0","02","0","40 06:47.839","","00","76 15:53.014","0","0","0","0","36101","0","0","0","N","0","0","0","3","36101","0","","1","01","N","N","0","","0","0","0","0","0","","1021","0","2","0","0","0","0","0","3","0","2","N","","","","","","","","","","","","03","  ","","",""
"1652","1","0","0","0","0","0","0","0","0","5","0","","36","10","2018","2018109508","5","40.0629","-76.2809","1648","08","0","1","0","0","0","0","0","0","2","0","0","0","16","1","1","00","1","40 03:46.523","4","00","76 16:51.225","4","0","0","0","36101","0","0","0","N","0","0","0","2","36101","1","","1","01","N","N","1","","0","0","0","0","0","N","1647","1","2","0","0","0","0","0","3","0","2","N","","","","","","","","","","","","03","  ","","",""
"0614","2","0","0","0","0","0","0","0","0","1","0","","36","10","2018","2018109511","3","40.2121","-76.1293","0607","08","0","0","1","0","0","0","0","1","","0","0","0","06","3","1","00","0","40 12:43.564","","00","76 07:45.577","3","0","0","0","36210","0","0","0","N","0","0","0","2","36210","0","","1","01","N","N","0","","1","0","0","0","0","","0606","1","2","0","0","0","0","0","1","0","2","N","","","","","","","","","","","","03","  ","","",""
"1701","1","0","0","0","0","0","0","0","0","6","0","","36","08","2018","2018109515","3","40.1508","-76.2393","1657","08","0","0","0","0","0","1","1","0","","0","0","0","16","1","1","00","0","40 09:02.906","","00","76 14:21.600","4","0","0","0","36235","0","0","0","N","0","0","0","2","36506","1","","1","01","N","N","1","","0","0","0","0","0","","1657","1","2","0","0","0","0","0","1","0","2","N","","","","","","","","","","","","03","  ","","",""
"1509","1","0","0","0","0","0","0","0","0","7","0","","36","10","2018","2018109530","2","40.1602","-76.5718","1502","08","0","1","0","0","0","0","0","0","","0","0","0","15","1","0","00","0","40 09:36.800","","00","76 34:18.300","0","0","0","0","36225","0","0","0","N","0","0","0","2","36505","0","","4","09","N","N","0","","0","0","0","0","0","N","1500","0","1","0","0","0","0","0","2","0","1","N","","","","","","","","","","","","07","  ","","",""
"0258","0","0","0","0","0","0","0","0","0","7","0","","36","09","2018","2018109643","6","39.9887","-75.9846","0245","08","0","0","0","0","0","0","0","0","","0","0","0","02","2","0","00","0","39 59:19.245","","00","75 59:04.577","0","0","0","0","36232","0","0","0","N","0","0","0","1","68J01","0","","4","09","N","N","0","","0","0","1","0","0","","0244","0","1","0","0","0","0","0","1","0","1","N","","","","","","","","","","","","07","05","","",""
"0337","1","0","0","0","0","0","0","0","0","9","0","","36","10","2018","2018109668","5","39.9908","-76.0126","0312","08","0","0","0","0","0","0","0","0","","0","0","0","03","2","0","00","0","39 59:26.790","","00","76 00:45.253","0","0","0","0","36232","0","0","0","N","0","0","0","1","68J01","0","","1","01","N","N","0","","0","0","0","0","0","","0310","0","1","0","0","0","0","0","1","0","1","N","","","","","","","","","","","","03","  ","","",""
"1900","1","0","0","0","0","0","0","0","0","4","0","","36","10","2018","2018109674","6","39.8463","-76.0237","1842","08","0","0","0","0","0","1","0","0","2","0","0","0","18","2","0","01","1","39 50:46.825","7","00","76 01:25.245","0","0","0","0","36205","0","0","0","N","0","0","0","3","68J01","0","","1","01","N","N","0","","0","0","0","3","3","N","1840","0","2","0","0","0","0","0","1","1","2","N","","","","","","","","","","","","03","  ","","",""
"1854","1","0","0","0","0","0","0","0","0","7","0","","36","10","2018","2018109675","6","39.9085","-76.3153","1853","08","0","0","0","0","0","1","0","0","1","0","0","0","18","2","6","00","2","39 54:30.596","5","00","76 18:55.144","3","0","0","0","36224","0","0","0","N","0","0","0","6","68J01","1","","4","01","N","N","0","","5","0","1","0","0","N","1851","6","2","0","0","0","0","0","1","0","2","N","","","","","","","","","","","","03","  ","","",""
"1445","1","0","0","0","0","0","0","0","0","7","0","","36","10","2018","2018109678","7","39.9947","-76.0275","1436","08","0","0","0","0","0","1","0","0","2","0","0","0","14","1","1","00","1","39 59:41.099","4","00","76 01:38.823","3","0","0","0","36232","0","0","0","N","0","0","0","1","68J01","0","","2","01","N","N","0","","1","0","0","0","0","N","1422","1","1","0","0","0","0","0","1","0","1","N","","","","","","","","","","","","03","  ","","",""
"0630","1","0","0","0","0","0","0","0","0","9","0","","36","10","2018","2018109683","1","40.2379","-76.0439","0617","08","0","0","0","0","0","0","0","0","","0","0","0","06","2","0","00","0","40 14:16.351","","00","76 02:38.117","0","0","0","0","36202","0","0","0","N","0","0","0","1","68J01","0","","1","01","N","N","0","","0","0","0","0","0","","0615","0","1","0","0","0","0","0","1","0","1","N","","","","","","","","","","","","03","  ","","",""
"1112","2","0","0","0","0","0","0","0","0","4","0","","36","10","2018","2018109722","6","40.1502","-76.2988","1108","08","0","0","0","1","0","0","0","0","1","0","0","0","11","1","0","01","1","40 09:00.792","4","00","76 17:55.615","0","0","0","0","36409","0","0","0","N","0","0","0","2","36409","0","","1","01","N","N","0","","0","0","0","3","3","N","1108","0","2","0","0","0","0","0","3","0","2","N","","","","","","","","","","","","03","  ","","",""
"1033","2","0","0","0","0","0","0","0","0","1","0","","36","10","2018","2018109724","5","40.1501","-76.6007","1031","08","0","1","0","0","0","1","0","0","2","0","0","0","10","1","0","02","2","40 09:00.331","5","00","76 36:02.487","0","0","0","0","36407","0","0","0","N","0","0","0","2","36407","0","","1","01","N","N","0","","0","0","0","0","0","Y","1031","0","2","0","0","0","0","0","2","0","2","N","","","","","","","","","","","","03","  ","","",""
"0816","2","1","1","0","0","0","0","0","0","4","1","","36","07","2018","2018109769","3","40.0286","-76.1953","0814","08","0","0","0","0","0","1","1","0","4","1","0","0","08","1","1","02","2","40 01:43.344","5","00","76 11:42.999","1","0","0","0","36215","0","0","0","N","0","0","0","3","36215","0","2","1","01","N","N","1","0","0","1","0","3","3","Y","0810","1","3","0","0","0","0","0","1","0","3","N","","","","","","","","","","","","03","  ","","",""
"0530","1","0","0","0","0","0","0","0","0","8","0","","36","09","2018","2018109770","7","40.0323","-76.1953","0527","08","0","0","0","0","0","0","0","0","4","1","0","0","05","2","0","02","2","40 01:56.315","7","00","76 11:43.022","1","0","0","0","36215","1","1","0","N","1","1","0","2","36215","0","2","1","01","N","N","0","0","0","0","0","0","0","Y","0525","0","2","0","0","0","0","0","1","0","1","N","","","","","","","","","","","","03","  ","","",""
"1056","0","0","0","0","0","0","0","0","0","4","0","","36","10","2018","2018109771","3","40.0346","-76.2519","1050","08","0","0","0","0","0","1","0","0","1","0","0","0","10","1","2","00","1","40 02:04.430","3","00","76 15:06.971","3","0","0","0","36215","0","0","0","N","0","0","0","2","36215","0","","1","01","N","N","1","","2","0","1","0","0","N","1047","2","2","0","0","0","0","0","1","0","2","N","","","","","","","","","","","","03","  ","","",""
"0424","0","0","0","0","0","0","0","0","0","7","0","","36","10","2018","2018109772","4","40.0399","-76.2258","0422","08","0","0","0","0","0","0","0","0","","0","0","0","04","2","0","02","0","40 02:23.751","","00","76 13:33.017","0","0","0","0","36215","0","0","0","N","0","0","0","2","36215","0","","4","01","N","N","1","","0","0","0","0","0","","0420","0","1","0","0","0","0","0","1","0","1","N","","","","","","","","","","","","03","  ","","",""
"1717","2","0","0","0","0","0","0","0","0","4","0","","36","10","2018","2018109824","6","40.1468","-76.0613","1710","08","0","0","0","0","0","0","1","0","3","0","0","0","17","1","5","01","2","40 08:48.508","7","00","76 03:40.586","3","0","0","0","36213","0","0","0","N","0","0","0","5","36213","0","","1","01","N","N","0","","5","0","0","3","3","Y","1709","5","2","0","0","0","0","0","1","0","2","N","","","","","","","","","","","","03","  ","","",""
"1238","2","0","0","0","0","0","0","0","0","4","0","","36","10","2018","2018109905","2","40.0871","-76.339","1236","08","0","0","0","0","0","1","0","0","1","0","0","0","12","1","1","02","2","40 05:13.689","3","00","76 20:20.302","3","0","0","0","36101","0","0","0","N","0","0","0","2","36101","0","","1","01","N","N","0","","1","0","0","0","0","N","1234","1","2","0","0","0","0","0","3","0","2","N","","","","","","","","","","","","03","  ","","",""
"1935","1","0","0","0","0","0","0","0","0","4","0","","36","10","2018","2018109906","2","40.0386","-76.3358","1930","08","0","0","0","0","0","1","0","0","2","0","0","0","19","3","0","01","1","40 02:18.842","2","00","76 20:08.849","0","0","0","0","36220","0","0","0","N","0","0","0","2","36101","0","","1","01","N","N","0","","0","0","1","3","2","N","1903","0","2","0","0","0","0","0","3","0","2","N","","","","","","","","","","","","03","  ","","",""
"2124","1","0","0","0","0","0","0","0","0","1","0","","36","10","2018","2018109907","2","40.0244","-76.3224","2117","08","0","1","0","0","0","0","0","0","2","0","0","0","21","3","1","00","1","40 01:28.010","1","00","76 19:20.750","3","0","0","0","36220","0","0","0","N","0","0","0","1","36101","0","","1","01","N","N","0","","1","0","1","0","0","N","2115","1","2","0","0","0","0","0","3","0","2","N","","","","","","","","","","","","03","  ","","",""
"2347","1","0","0","0","0","0","0","0","0","9","0","","36","10","2018","2018109908","6","40.088","-76.3795","2340","08","0","0","0","1","0","0","0","0","","0","0","0","23","2","0","00","0","40 05:16.923","","00","76 22:46.161","0","0","0","0","36214","0","0","0","N","0","0","0","2","36214","0","","1","01","N","N","0","","0","0","0","0","0","","2334","0","1","0","0","0","0","0","3","0","1","N","","","","","","","","","","","","03","  ","","",""
"1649","1","0","0","0","0","0","0","0","0","1","0","","36","10","2018","2018109909","5","40.1555","-76.3081","1646","08","0","0","0","0","0","0","0","0","2","0","0","0","16","1","0","01","1","40 09:19.739","6","00","76 18:29.025","0","0","0","0","36409","0","0","0","N","0","0","0","3","36409","0","","1","09","N","N","0","","0","0","1","0","0","N","1644","0","2","0","0","0","0","0","3","0","2","N","","","","","","","","","","","","07","  ","","",""
"1907","1","0","0","0","0","0","0","0","0","8","0","","36","10","2018","2018109910","4","40.1028","-76.0775","1906","08","0","0","0","0","0","1","0","0","1","0","0","0","19","3","1","01","1","40 06:09.921","5","00","76 04:39.151","3","0","0","0","36415","1","0","0","N","1","0","0","2","36415","0","","1","01","N","N","0","","1","0","0","3","3","N","1906","1","2","0","0","0","0","0","1","0","1","N","","","","","","","","","","","","03","  ","","",""
"1615","0","0","0","1","0","1","0","0","0","4","0","","36","10","2018","2018109911","3","40.1026","-76.0971","1609","08","0","0","0","0","0","0","0","1","1","0","0","0","16","1","1","01","2","40 06:09.478","7","00","76 05:49.434","2","0","0","0","36415","1","0","1","N","0","0","0","2","36415","0","","1","01","N","N","0","","0","1","1","2","3","Y","1609","1","2","0","0","0","0","0","1","0","1","N","","","","","","","","","","","","03","  ","","",""
"1443","1","0","0","0","0","0","0","0","0","8","0","","36","10","2018","2018109922","6","40.048","-76.3055","1433","08","0","0","0","0","0","1","0","0","","0","0","0","14","1","1","01","0","40 02:52.652","","00","76 18:19.882","4","0","0","0","36301","1","0","0","N","1","0","0","2","36301","1","","1","01","N","N","0","","0","0","0","3","2","","1433","1","2","0","0","0","0","0","3","0","1","N","","","","","","","","","","","","03","  ","","",""
"1513","0","0","0","0","0","0","0","0","0","7","0","","36","10","2018","2018109923","6","40.1559","-76.1315","1505","08","0","0","0","0","0","0","0","0","2","0","0","0","15","1","0","00","2","40 09:21.112","4","00","76 07:53.484","0","0","0","0","36218","0","0","0","N","0","0","0","1","36408","0","","5","01","N","N","0","","0","0","1","0","0","Y","1503","0","1","0","0","0","0","0","1","0","1","N","","","","","","","","","","","","03","  ","","",""
"1402","0","0","0","0","0","0","0","0","0","7","0","","36","10","2018","2018109947","4","40.0457","-76.3094","1354","08","0","0","0","0","0","0","0","0","","0","0","0","13","1","0","00","0","40 02:44.620","","00","76 18:33.916","0","0","0","0","36301","0","0","0","Y","0","0","0","1","36301","0","","4","01","N","N","0","","0","0","1","0","0","","1353","0","1","0","0","0","0","0","3","0","1","N","","","","","","","","","","","","03","  ","","",""
"1024","0","0","0","0","0","0","0","0","0","9","0","","36","10","2018","2018109971","7","40.1207","-76.2246","1016","08","0","0","0","0","0","0","1","0","","0","0","0","10","1","0","00","0","40 07:14.397","","00","76 13:28.494","0","0","0","0","36238","0","0","0","N","0","0","0","3","36238","0","","1","01","N","N","0","","0","0","1","0","0","","1015","0","1","0","0","0","0","0","3","0","1","N","","","","","","","","","","","","03","  ","","",""
"2201","1","0","0","0","0","0","0","0","0","7","0","","36","09","2018","2018110018","1","39.9923","-76.0218","2156","08","0","0","0","0","0","0","0","0","2","0","0","0","21","3","0","01","1","39 59:32.151","3","00","76 01:18.351","0","0","0","0","36232","0","0","0","N","0","0","0","1","68J01","0","","2","09","N","N","0","","0","0","0","0","0","N","2154","0","1","0","0","0","0","0","1","0","1","N","","","","","","","","","","","","07","  ","","",""
"1257","0","0","0","0","0","0","0","0","0","7","0","","36","10","2018","2018110057","4","40.237","-76.2749","1246","08","0","0","0","0","1","0","0","0","","0","0","0","12","1","0","00","0","40 14:13.152","","00","76 16:29.512","0","0","0","0","36204","0","0","0","N","0","0","0","1","68T06","0","","3","01","N","N","0","","0","0","1","0","0","","1246","0","1","0","0","0","0","0","1","0","1","N","","","","","","","","","","","","03","  ","","",""