"ARRIVAL_TM","AUTOMOBILE_COUNT","BELTED_DEATH_COUNT","BELTED_SUSP_SERIOUS_INJ_COUNT","BICYCLE_COUNT","BICYCLE_DEATH_COUNT","BICYCLE_SUSP_SERIOUS_INJ_COUNT","BUS_COUNT","CHLDPAS_DEATH_COUNT","CHLDPAS_SUSP_SERIOUS_INJ_COUNT","COLLISION_TYPE","COMM_VEH_COUNT","CONS_ZONE_SPD_LIM","COUNTY","CRASH_MONTH","CRASH_YEAR","CRN","DAY_OF_WEEK","DEC_LAT","DEC_LONG","DISPATCH_TM","DISTRICT","DRIVER_COUNT_16YR","DRIVER_COUNT_17YR","DRIVER_COUNT_18YR","DRIVER_COUNT_19YR","DRIVER_COUNT_20YR","DRIVER_COUNT_50_64YR","DRIVER_COUNT_65_74YR","DRIVER_COUNT_75PLUS","EST_HRS_CLOSED","FATAL_COUNT","HEAVY_TRUCK_COUNT","HORSE_BUGGY_COUNT","HOUR_OF_DAY","ILLUMINATION","INJURY_COUNT","INTERSECT_TYPE","LANE_CLOSED","LATITUDE","LN_CLOSE_DIR","LOCATION_TYPE","LONGITUDE","MAX_SEVERITY_LEVEL","MCYCLE_DEATH_COUNT","MCYCLE_SUSP_SERIOUS_INJ_COUNT","MOTORCYCLE_COUNT","MUNICIPALITY","NONMOTR_COUNT","NONMOTR_DEATH_COUNT","NONMOTR_SUSP_SERIOUS_INJ_COUNT","NTFY_HIWY_MAINT","PED_COUNT","PED_DEATH_COUNT","PED_SUSP_SERIOUS_INJ_COUNT","PERSON_COUNT","POLICE_AGCY","POSSIBLE_INJ_COUNT","RDWY_SURF_TYPE_CD","RELATION_TO_ROAD","ROAD_CONDITION","SCH_BUS_IND","SCH_ZONE_IND","SMALL_TRUCK_COUNT","SPEC_JURIS_CD","SUSP_MINOR_INJ_COUNT","SUSP_SERIOUS_INJ_COUNT","SUV_COUNT","TCD_FUNC_CD","TCD_TYPE","TFC_DETOUR_IND","TIME_OF_DAY","TOT_INJ_COUNT","TOTAL_UNITS","UNB_DEATH_COUNT","UNB_SUSP_SERIOUS_INJ_COUNT","UNBELTED_OCC_COUNT","UNK_INJ_DEG_COUNT","UNK_INJ_PER_COUNT","URBAN_RURAL","VAN_COUNT","VEHICLE_COUNT","WORK_ZONE_IND","WORK_ZONE_LOC","WORK_ZONE_TYPE","WORKERS_PRES","WZ_CLOSE_DETOUR","WZ_FLAGGER","WZ_LAW_OFFCR_IND","WZ_LN_CLOSURE","WZ_MOVING","WZ_OTHER","WZ_SHLDER_MDN","ROADWAY_CLEARED","WEATHER1","WEATHER2","WZ_WORKERS_INJ_KILLED","SECONDARY_CRASH","INTERSECTION_RELATED"
"2340","1","0","0","0","0","0","0","0","0","7","0","","36","10","2018","2018110075","6","40.2389","-76.1319","2329","08","0","0","0","0","0","2","0","0","2","0","0","0","23","2","2","00","1","40 14:19.866","3","00","76 07:54.886","3","0","0","0","36405","0","0","0","N","0","0","0","3","68T06","0","","3","01","N","N","0","","2","0","1","0","0","N","2329","2","2","0","0","0","0","0","1","0","2","N","","","","","","","","","","","","03","  ","","",""
"1910","0","0","0","0","0","0","0","0","0","8","0","","36","10","2018","2018110117","3","40.0269","-76.3249","1907","08","0","0","0","0","0","0","0","0","","0","0","0","19","3","1","00","0","40 01:36.960","","07","76 19:29.670","2","0","0","0","36220","1","0","1","N","1","0","1","2","36101","0","","1","01","N","N","0","","0","1","0","0","0","","1905","1","2","0","0","0","0","0","3","0","1","N","","","","","","","","","","","","03","  ","","",""
"0842","3","0","0","0","0","0","0","0","0","1","0","","36","10","2018","2018110118","6","40.0902","-76.3044","0835","08","0","0","0","0","0","1","0","0","2","0","0","0","08","1","2","00","1","40 05:24.673","2","00","76 18:15.772","4","0","0","0","36101","0","0","0","N","0","0","0","3","36101","2","","1","01","N","N","0","","0","0","0","0","0","N","0833","2","3","0","0","0","0","0","3","0","3","N","","","","","","","","","","","","03","  ","","",""
"1915","3","0","0","0","0","0","0","0","0","1","0","","36","10","2018","2018110119","6","40.0887","-76.3051","1911","08","0","0","0","0","0","0","1","0","2","0","0","0","19","3","2","00","1","40 05:19.303","1","00","76 18:18.529","4","0","0","0","36101","0","0","0","N","0","0","0","4","36101","2","","1","01","N","N","0","","0","0","0","3","2","N","1909","2","3","0","0","0","0","0","3","0","3","N","","","","","","","","","","","","03","  ","","",""
"1443","2","0","0","0","0","0","0","0","0","1","0","","36","10","2018","2018110125","7","40.1455","-76.5587","1436","08","0","0","1","0","0","1","0","0","","0","0","0","14","1","1","07","0","40 08:48.337","","02","76 33:37.350","4","0","0","0","36225","0","0","0","N","0","0","0","3","36505","1","","1","01","N","N","0","","0","0","0","3","3","N","1434","1","2","0","0","0","0","0","2","0","2","N","","","","","","","","","","","","03","  ","","",""
"1035","1","0","0","0","0","0","0","0","0","7","0","","36","10","2018","2018110152","1","40.2657","-76.1124","1033","08","0","0","0","0","0","1","0","0","","0","0","0","10","1","0","00","0","40 15:56.541","","00","76 06:44.724","0","0","0","0","36236","0","0","0","N","0","0","0","2","36408","0","","2","01","N","N","0","","0","0","0","0","0","","1030","0","1","0","0","0","0","0","1","0","1","N","","","","","","","","","","","","03","  ","","",""
"1527","1","0","0","0","0","0","0","0","0","7","0","","36","10","2018","2018110172","3","40.1967","-76.1804","1524","08","1","0","0","0","0","0","0","0","","0","0","0","15","1","1","00","0","40 11:48.007","","00","76 10:49.705","3","0","0","0","36218","0","0","0","N","0","0","0","2","36408","0","","5","01","N","N","0","","1","0","0","0","0","","1522","1","1","0","0","0","0","0","1","0","1","N","","","","","","","","","","","","03","  ","","",""
"1729","0","0","0","0","0","0","0","0","0","4","0","","36","10","2018","2018110193","6","40.0392","-76.0644","1729","08","0","0","0","0","0","0","1","1","1","0","0","0","17","1","1","01","1","40 02:21.000","3","00","76 03:52.100","3","0","0","0","36232","0","0","0","N","0","0","0","4","68J01","0","","1","01","N","N","0","","1","0","2","3","3","N","1716","1","2","0","0","0","0","0","1","0","2","N","","","","","","","","","","","","03","  ","","",""
"1132","1","0","0","0","0","0","0","0","0","4","0","","36","10","2018","2018110236","5","40.1968","-76.1692","1129","08","0","1","0","0","0","0","0","0","1","0","0","0","11","1","1","01","1","40 11:48.459","4","00","76 10:08.984","3","0","0","0","36218","0","0","0","N","0","0","0","6","36408","0","","1","01","N","N","0","","1","0","0","3","2","N","1127","1","2","0","0","0","0","0","1","1","2","N","","","","","","","","","","","","03","  ","","",""
"0714","0","0","0","0","0","0","0","0","0","7","0","","36","10","2018","2018110343","4","39.9816","-76.0245","0654","08","0","0","0","0","0","1","0","0","","0","0","0","06","5","1","00","0","39 58:53.820","","00","76 01:28.260","3","0","0","1","36232","0","0","0","N","0","0","0","1","68J01","0","","4","98","N","N","0","","1","0","0","0","0","","0645","1","1","0","0","0","0","0","1","0","1","N","","","","","","","","","","","","03","  ","","",""
"1703","2","0","0","0","0","0","0","0","0","1","0","","36","10","2018","2018110402","1","40.1844","-76.1699","1650","08","0","0","0","0","0","1","0","1","","0","0","0","16","1","1","01","0","40 11:03.836","","00","76 10:11.478","3","0","0","0","36408","0","0","0","N","0","0","0","3","36408","0","","1","01","N","N","0","","1","0","0","3","3","","1650","1","2","0","0","0","0","0","2","0","2","N","","","","","","","","","","","","03","  ","","",""
"1452","1","0","0","0","0","0","0","0","0","1","0","","36","10","2018","2018110405","6","40.0749","-76.3085","1452","08","0","0","1","0","0","0","0","0","3","0","0","0","14","1","1","00","2","40 04:29.593","1","00","76 18:30.748","3","0","0","1","36101","0","0","0","N","0","0","0","3","36101","0","","1","01","N","N","0","","1","0","0","0","0","N","1450","1","2","0","0","0","0","0","3","0","2","N","","","","","","","","","","","","03","  ","","",""
"1224","1","0","0","0","0","0","0","0","0","1","0","","36","10","2018","2018110406","2","40.0657","-76.3483","1223","08","0","0","0","0","0","2","0","0","","0","0","0","12","1","0","02","0","40 03:56.435","","00","76 20:53.872","0","0","0","0","36214","0","0","0","N","0","0","0","5","36214","0","","1","01","N","N","0","","0","0","1","3","2","","1220","0","2","0","0","0","0","0","3","0","2","N","","","","","","","","","","","","03","  ","","",""
"1356","2","0","0","0","0","0","0","0","0","1","0","","36","10","2018","2018110407","7","40.0812","-76.351","1351","08","1","0","0","0","0","1","1","0","2","0","0","0","13","1","1","01","2","40 04:52.212","4","03","76 21:03.769","4","0","0","0","36214","0","0","0","N","0","0","0","4","36214","1","","1","01","N","N","0","","0","0","1","0","0","N","1345","1","3","0","0","0","0","0","3","0","3","N","","","","","","","","","","","","03","  ","","",""
"1944","2","0","0","0","0","0","0","0","0","1","0","","36","10","2018","2018110408","7","40.0884","-76.3806","1941","08","0","0","1","0","0","0","0","0","2","0","0","0","19","2","0","00","2","40 05:18.375","1","00","76 22:50.176","0","0","0","0","36214","0","0","0","N","0","0","0","6","36214","0","","1","01","N","N","0","","0","0","1","3","2","N","1937","0","3","0","0","0","0","0","3","0","3","N","","","","","","","","","","","","03","  ","","",""
"2200","2","0","0","0","0","0","0","0","0","4","0","","36","10","2018","2018110409","7","40.0924","-76.41","2156","08","0","0","0","0","0","0","0","0","1","0","0","0","21","3","0","01","1","40 05:32.678","7","00","76 24:35.883","0","0","0","0","36214","0","0","0","N","0","0","0","2","36214","0","","1","09","N","N","0","","0","0","0","3","3","N","2150","0","2","0","0","0","0","0","3","0","2","N","","","","","","","","","","","","07","  ","","",""
"0110","2","0","0","0","0","0","0","0","0","4","0","","36","10","2018","2018110418","1","40.0392","-76.3088","0110","08","0","0","0","0","0","0","0","0","","0","0","0","01","3","0","01","0","40 02:21.252","","00","76 18:31.657","0","0","0","0","36301","0","0","0","N","0","0","0","4","36301","0","","1","09","N","N","0","","0","0","0","3","3","","0109","0","2","0","0","0","0","0","3","0","2","N","","","","","","","","","","","","03","  ","","",""
"1717","0","0","0","0","0","0","0","0","0","7","0","","36","10","2018","2018110426","1","40.2031","-76.1191","1713","08","0","0","0","0","0","1","0","0","","0","0","0","17","1","1","00","0","40 12:11.014","","00","76 07:08.863","4","0","0","0","36210","0","0","0","Y","0","0","0","1","36210","1","","3","01","N","N","0","","0","0","1","0","0","","1711","1","1","0","0","0","0","0","1","0","1","Y","","","","","","","","","","","","03","  ","","",""
"1533","1","0","0","0","0","0","0","0","0","4","0","","36","10","2018","2018110440","3","39.8986","-76.1593","1529","08","0","0","0","0","1","1","0","0","2","0","0","0","15","1","0","01","1","39 53:54.870","3","00","76 09:33.620","0","0","0","0","36416","0","0","0","N","0","0","0","2","36416","0","","1","01","N","N","0","","0","0","1","3","3","N","1525","0","2","0","0","0","0","0","1","0","2","N","","","","","","","","","","","","03","  ","","",""
"0326","1","0","0","0","0","0","0","0","0","7","0","","36","10","2018","2018110442","1","40.1614","-76.6358","0321","08","0","0","0","0","1","0","0","0","3","0","0","0","02","2","1","02","2","40 09:41.091","6","00","76 38:08.741","8","0","0","0","36237","0","0","0","N","0","0","0","1","36505","0","","5","01","N","N","0","","0","0","0","0","0","Y","0240","1","1","0","0","1","1","0","1","0","1","N","","","","","","","","","","","","03","  ","","",""
"0451","3","0","0","0","0","0","0","0","0","5","0","","36","10","2018","2018110451","7","40.0436","-76.3046","0448","08","0","0","0","0","0","0","0","0","","0","0","0","04","3","0","00","0","40 02:36.975","","00","76 18:16.712","0","0","0","0","36301","0","0","0","N","0","0","0","1","36301","0","","4","09","N","N","0","","0","0","0","0","0","","0446","0","3","0","0","0","0","0","3","0","3","N","","","","","","","","","","","","03","  ","","",""
"2320","1","0","0","0","0","0","0","0","0","7","0","","36","10","2018","2018110475","3","40.163","-76.1517","2316","08","0","0","0","0","0","0","0","0","2","0","0","0","23","2","1","00","1","40 09:46.659","2","00","76 09:06.017","3","0","0","0","36218","0","0","0","Y","0","0","0","2","36408","0","","2","01","N","N","0","","1","0","0","0","0","N","2310","1","1","0","0","1","0","0","1","0","1","N","","","","","","","","","","","","03","  ","","",""
"2302","0","0","0","0","0","0","0","0","0","8","0","","36","10","2018","2018110476","7","40.0297","-76.3189","2300","08","0","0","0","0","0","0","0","0","","0","0","0","22","3","1","01","0","40 01:46.992","","00","76 19:07.985","8","0","0","0","36301","1","0","0","N","1","0","0","2","36301","0","","1","01","N","N","0","","0","0","0","0","0","","2256","1","2","0","0","0","1","1","3","0","1","N","","","","","","","","","","","","03","  ","","",""
"2251","1","0","0","0","0","0","0","0","0","7","0","","36","10","2018","2018110484","1","","","2243","08","0","0","0","0","0","0","0","0","1","0","0","0","22","2","0","00","1","","3","00","","0","0","0","0","36225","0","0","0","N","0","0","0","1","36505","0","","1","01","N","N","0","","0","0","0","0","0","Y","2243","0","1","0","0","0","0","0","2","0","1","N","","","","","","","","","","","","03","  ","","",""
"0557","1","0","0","0","0","0","0","0","0","4","0","","36","10","2018","2018110559","4","40.0275","-76.3825","0545","08","0","0","0","0","0","0","0","0","1","0","0","0","05","2","0","00","1","40 01:38.990","2","00","76 22:56.840","0","0","0","0","36223","0","0","0","N","0","0","0","2","36223","0","","1","01","N","N","0","","0","0","1","0","0","N","0541","0","2","0","0","0","0","0","1","0","2","N","","","","","","","","","","","","03","  ","","",""
"1724","0","0","0","0","0","0","0","0","0","8","0","","36","10","2018","2018110580","3","40.0392","-76.3088","1723","08","0","0","0","0","0","0","1","0","1","0","0","0","17","1","1","00","1","40 02:21.238","4","00","76 18:31.785","4","0","0","0","36301","1","0","0","N","1","0","0","2","36301","1","","1","01","N","N","0","","0","0","1","0","0","Y","1722","1","2","0","0","0","0","0","3","0","1","N","","","","","","","","","","","","03","  ","","",""
"1548","1","0","0","0","0","0","0","0","0","4","0","","36","10","2018","2018110590","5","40.0428","-76.2899","1545","08","0","0","0","0","0","0","0","0","2","0","0","0","15","1","1","01","1","40 02:34.216","3","00","76 17:23.632","4","0","0","0","36301","0","0","0","N","0","0","0","5","36301","1","","1","01","N","N","0","","0","0","1","3","3","Y","1543","1","2","0","0","0","0","0","3","0","2","N","","","","","","","","","","","","03","  ","","",""
"0904","2","0","0","0","0","0","0","0","0","3","0","","36","10","2018","2018110603","2","40.1693","-76.1901","0857","08","0","1","0","0","0","0","0","0","2","0","0","0","08","1","0","02","1","40 10:09.541","3","00","76 11:24.356","0","0","0","0","36218","0","0","0","N","0","0","0","2","36408","0","","1","01","N","N","0","","0","0","0","0","0","N","0856","0","2","0","0","0","0","0","1","0","2","N","","","","","","","","","","","","03","  ","","",""
"0755","1","0","0","0","0","0","0","0","0","1","0","","36","10","2018","2018110639","2","40.1064","-76.4308","0748","08","0","0","0","0","0","0","0","0","2","0","0","0","07","1","0","00","1","40 06:23.037","3","00","76 25:50.716","0","0","0","0","36214","0","0","0","N","0","0","0","2","36214","0","","1","01","N","N","0","","0","0","0","0","0","N","0744","0","2","0","0","0","0","0","3","1","2","N","","","","","","","","","","","","03","  ","","",""
"1845","0","0","0","0","0","0","0","0","0","7","0","","36","10","2018","2018110647","4","40.0686","-76.4658","1835","08","0","0","0","0","0","0","0","0","","0","0","0","18","2","0","00","0","40 04:07.046","","00","76 27:57.019","0","0","0","0","36239","0","0","0","N","0","0","0","1","36239","0","","5","01","N","N","1","","0","0","0","0","0","N","1835","0","1","0","0","0","0","0","3","0","1","N","","","","","","","","","","","","03","  ","","",""
"0747","1","0","0","0","0","0","0","0","0","7","0","","36","10","2018","2018110729","5","40.2141","-76.0639","0735","08","0","0","0","0","0","1","0","0","2","0","0","0","07","1","0","00","1","40 12:50.937","3","00","76 03:49.921","0","0","0","0","36202","0","0","0","N","0","0","0","1","68T06","0","","3","01","N","N","0","","0","0","0","0","0","N","0735","0","1","0","0","0","0","0","1","0","1","N","","","","","","","","","","","","03","  ","","",""
"0747","0","0","0","0","0","0","0","0","0","7","2","","36","10","2018","2018110730","5","40.2142","-76.0643","0735","08","0","0","0","0","0","0","0","0","2","0","2","0","07","1","0","00","1","40 12:51.273","3","00","76 03:51.652","0","0","0","0","36202","0","0","0","N","0","0","0","2","68T06","0","","2","01","N","N","0","","0","0","0","0","0","N","0735","0","2","0","0","0","0","0","1","0","2","N","","","","","","","","","","","","03","  ","","",""
"1414","0","0","0","0","0","0","0","0","0","1","0","","36","10","2018","2018110788","2","40.2116","-76.1303","1410","08","0","0","0","0","0","0","1","0","2","0","0","0","14","1","0","00","2","40 12:41.669","2","00","76 07:48.961","0","0","0","0","36210","0","0","0","N","0","0","0","3","36210","0","","1","01","N","N","1","","0","0","1","0","0","N","1405","0","2","0","0","0","0","0","1","0","2","N","","","","","","","","","","","","03","  ","","",""
"0158","2","0","0","0","0","0","0","0","0","4","0","","36","10","2018","2018110858","7","40.0421","-76.3265","0155","08","0","0","0","0","0","0","0","0","2","0","0","0","01","2","1","00","2","40 02:31.597","6","00","76 19:35.285","3","0","0","0","36220","0","0","0","N","0","0","0","1","36101","0","","4","09","N","N","0","","1","0","0","0","0","Y","0152","1","2","0","0","1","0","0","3","0","2","N","","","","","","","","","","","","07","  ","","",""
"0805","1","0","0","0","0","0","0","0","0","4","0","","36","10","2018","2018110859","5","40.0531","-76.3612","0804","08","0","0","0","0","0","0","1","0","2","0","0","0","08","1","0","00","1","40 03:11.135","3","00","76 21:40.410","0","0","0","0","36214","0","0","0","N","0","0","0","3","36214","0","","1","01","N","N","1","","0","0","1","0","0","N","0800","0","3","0","0","0","0","0","3","0","3","N","","","","","","","","","","","","03","  ","","",""
"0300","1","0","0","0","0","0","0","0","0","7","0","","36","10","2018","2018110860","2","40.0621","-76.3443","0248","08","0","0","0","0","0","0","0","0","2","0","0","0","02","3","1","00","1","40 03:43.492","4","00","76 20:39.341","4","0","0","0","36214","0","0","0","N","0","0","0","1","36214","1","","2","01","N","N","0","","0","0","0","0","0","N","0240","1","1","0","0","0","0","0","3","0","1","N","","","","","","","","","","","","03","  ","","",""
"0226","1","0","0","0","0","0","0","0","0","7","0","","36","10","2018","2018110881","1","40.0661","-76.576","0221","08","0","0","0","0","0","0","0","0","","0","0","0","02","2","0","02","0","40 03:58.034","","00","76 34:33.607","0","0","0","0","36211","0","0","0","N","0","0","0","1","36504","0","","5","01","N","N","0","","0","0","0","0","0","","0221","0","1","0","0","0","0","0","1","0","1","N","","","","","","","","","","","","03","  ","","",""
"0634","1","0","0","0","0","0","0","0","0","4","1","","36","10","2018","2018110924","2","40.131","-76.2171","0629","08","0","0","0","0","0","0","0","0","2","0","1","0","06","2","1","01","1","40 07:51.556","7","00","76 13:01.609","8","0","0","0","36238","0","0","0","N","0","0","0","2","36238","0","","1","01","N","N","0","","0","0","0","3","2","N","0627","1","2","0","0","0","1","0","3","0","2","N","","","","","","","","","","","","03","  ","","",""
"1000","0","0","0","0","0","0","0","0","0","9","2","","36","09","2018","2018110940","6","40.1748","-75.9405","0945","08","0","0","0","0","0","0","0","0","","0","2","0","08","1","1","00","0","40 10:29.187","","00","75 56:25.687","3","0","0","0","36203","0","0","0","N","0","0","0","2","68T06","0","","1","01","N","N","0","","1","0","0","0","0","","0830","1","2","0","0","0","0","0","1","0","2","N","","","","","","","","","","","","03","  ","","",""
"2351","1","0","0","0","0","0","0","0","0","9","0","","36","10","2018","2018110981","1","40.2366","-76.1297","2334","08","0","0","0","0","0","0","0","0","","0","0","0","23","2","0","00","0","40 14:11.768","","00","76 07:47.052","0","0","0","0","36210","0","0","0","N","0","0","0","1","68T06","0","","1","01","N","N","0","","0","0","0","0","0","","2333","0","1","0","0","0","0","0","1","0","1","N","","","","","","","","","","","","03","  ","","",""
"0137","0","0","0","0","0","0","0","0","0","9","0","","36","10","2018","2018110998","4","40.2445","-76.1649","0129","08","0","0","0","0","0","0","0","0","","0","0","0","01","2","1","00","0","40 14:40.277","","00","76 09:53.617","4","0","0","0","36236","0","0","0","N","0","0","0","1","68T06","1","","1","01","N","N","0","","0","0","0","0","0","","0125","1","1","0","0","0","0","0","1","1","1","N","","","","","","","","","","","","03","  ","","",""
"2344","1","0","0","0","0","0","0","0","0","7","0","","36","10","2018","2018111070","2","40.0477","-76.3011","2342","08","0","0","0","0","0","0","1","0","","0","0","0","23","3","0","00","0","40 02:51.770","","00","76 18:03.783","0","0","0","0","36301","0","0","0","N","0","0","0","1","36301","0","","1","01","N","N","0","","0","0","0","0","0","","2333","0","1","0","0","0","0","0","3","0","1","N","","","","","","","","","","","","03","  ","","",""
"1802","1","0","0","0","0","0","0","0","0","9","0","","36","10","2018","2018111074","2","40.0637","-76.5713","1757","08","0","0","0","0","0","0","0","0","1","0","0","0","17","1","0","00","1","40 03:49.247","4","00","76 34:16.648","0","0","0","0","36211","0","0","0","N","0","0","0","2","36504","0","","1","01","N","N","0","","0","0","1","0","0","N","1755","0","2","0","0","0","0","0","1","0","2","N","","","","","","","","","","","","03","  ","","",""
"1655","3","0","0","0","0","0","0","0","0","7","0","","36","10","2018","2018111090","4","40.0499","-76.4034","1647","08","0","0","0","1","0","0","0","0","2","0","0","0","16","1","0","00","1","40 02:59.678","4","00","76 24:12.304","0","0","0","0","36214","0","0","0","N","0","0","0","4","36214","0","","3","01","N","N","0","","0","0","0","0","0","N","1643","0","4","0","0","0","0","0","3","0","3","N","","","","","","","","","","","","03","  ","","",""
"0608","0","0","0","0","0","0","0","0","0","7","0","","36","10","2018","2018111091","6","40.1296","-76.4434","0603","08","0","0","0","0","0","0","0","0","1","0","0","0","05","2","0","00","1","40 07:46.399","3","00","76 26:36.107","0","0","0","0","36230","0","0","0","N","0","0","0","1","36410","0","","4","01","N","N","0","","0","0","1","0","0","N","0558","0","1","0","0","0","0","0","1","0","1","N","","","","","","","","","","","","03","  ","","",""
"1909","1","0","0","0","0","0","0","0","0","7","0","","36","10","2018","2018111092","6","40.0972","-76.4841","1858","08","0","0","0","0","1","0","0","0","","0","0","0","18","2","0","00","0","40 05:49.920","","00","76 29:02.810","0","0","0","0","36230","0","0","0","N","0","0","0","1","36410","0","","4","01","N","N","0","","0","0","0","0","0","","1856","0","1","0","0","0","0","0","1","0","1","N","","","","","","","","","","","","03","  ","","",""
"2040","1","0","0","0","0","0","0","0","0","7","0","","36","10","2018","2018111093","1","40.1623","-76.3872","2030","08","0","0","1","0","0","0","0","0","","0","0","0","20","2","0","02","0","40 09:44.283","","00","76 23:13.876","0","0","0","0","36410","0","0","0","N","0","0","0","1","36410","0","","5","01","N","N","0","","0","0","0","0","0","","2029","0","1","0","0","0","0","0","2","0","1","N","","","","","","","","","","","","03","  ","","",""
"2351","0","0","0","0","0","0","0","0","0","9","0","","36","10","2018","2018111094","1","40.1371","-76.4292","2343","08","0","0","1","0","0","0","0","0","","0","0","0","23","2","0","00","0","40 08:13.432","","00","76 25:45.272","9","0","0","0","36230","0","0","0","N","0","0","0","1","36410","0","","1","01","N","N","0","","0","0","1","0","0","","2341","0","1","0","0","0","0","1","1","0","1","N","","","","","","","","","","","","03","  ","","",""
"1305","1","0","0","0","0","0","0","0","0","7","0","","36","10","2018","2018111277","6","40.2258","-76.3969","1257","08","0","0","0","0","0","1","0","0","2","0","0","0","12","1","1","00","1","40 13:32.940","4","00","76 23:48.732","8","0","0","0","36227","0","0","0","N","0","0","0","1","68T06","0","","5","01","N","N","0","","0","0","0","0","0","N","1257","1","1","0","0","0","1","0","1","0","1","N","","","","","","","","","","","","03","  ","","",""
"0157","1","0","0","0","0","0","0","0","0","7","0","","36","10","2018","2018111296","2","40.2321","-76.3292","0140","08","0","0","0","0","0","0","0","0","2","0","0","0","01","3","0","00","1","40 13:55.489","4","00","76 19:45.278","0","0","0","0","36217","0","0","0","N","0","0","0","1","68T06","0","","4","01","N","N","0","","0","0","0","0","0","N","0140","0","1","0","0","0","0","0","1","0","1","N","","","","","","","","","","","","03","  ","","",""
"1237","0","0","0","0","0","0","0","0","0","4","0","","36","10","2018","2018111330","3","40.1139","-76.3863","1228","08","0","0","1","0","0","0","0","0","","0","0","0","12","1","0","02","0","40 06:50.151","","00","76 23:10.518","0","0","0","0","36214","0","0","0","N","0","0","0","6","36214","0","","1","01","N","N","1","","0","0","1","3","3","","1220","0","2","0","0","0","0","0","3","0","2","N","","","","","","","","","","","","03","  ","","",""
"0148","1","0","0","0","0","0","0","0","0","7","0","","36","10","2018","2018111356","6","40.1034","-76.4349","0141","08","0","0","0","0","0","0","0","0","","0","0","0","01","2","0","02","0","40 06:12.364","","00","76 26:05.688","0","0","0","0","36239","0","0","0","Y","0","0","0","1","36239","0","","2","09","N","N","0","","0","0","0","3","3","","0141","0","1","0","0","0","0","0","3","0","1","N","","","","","","","","","","","","07","  ","","",""
"0257","2","0","0","0","0","0","0","0","0","6","0","","36","10","2018","2018111379","1","40.016","-76.3332","0242","08","0","0","0","0","0","0","0","0","2","0","0","0","02","3","0","00","2","40 00:57.759","5","00","76 19:59.459","0","0","0","0","36220","0","0","0","N","0","0","0","2","36101","0","","1","01","N","N","0","","0","0","0","0","0","N","0240","0","2","0","0","0","0","0","3","0","2","N","","","","","","","","","","","","03","  ","","",""
"0308","1","0","0","0","0","0","0","0","0","7","0","","36","10","2018","2018111380","5","40.0796","-76.3507","0304","08","0","0","0","0","0","0","0","0","2","0","0","0","03","2","0","00","1","40 04:46.395","3","00","76 21:02.490","0","0","0","0","36101","0","0","0","Y","0","0","0","2","36101","0","","5","01","N","N","0","","0","0","0","0","0","N","0301","0","1","0","0","0","0","0","3","0","1","N","","","","","","","","","","","","03","  ","","",""
"0902","2","0","0","0","0","0","0","0","0","4","0","","36","10","2018","2018111381","3","40.0746","-76.3085","0856","08","0","0","0","0","0","1","0","0","1","0","0","0","08","1","0","00","1","40 04:28.403","1","00","76 18:30.585","0","0","0","0","36101","0","0","0","N","0","0","0","2","36101","0","","1","01","N","N","0","","0","0","0","0","0","N","0854","0","2","0","0","0","0","0","3","0","2","N","","","","","","","","","","","","03","  ","","",""
"0907","1","0","0","0","0","0","0","0","0","1","0","","36","10","2018","2018111382","3","40.0583","-76.2802","0903","08","0","0","0","0","0","1","0","0","2","0","0","0","08","1","0","00","1","40 03:29.915","4","00","76 16:48.643","0","0","0","0","36101","0","0","0","N","0","0","0","3","36101","0","","1","01","N","N","2","","0","0","0","0","0","N","0858","0","3","0","0","0","0","0","3","0","3","N","","","","","","","","","","","","03","  ","","",""
"0851","1","0","0","0","0","0","0","0","0","1","0","","36","10","2018","2018111383","2","40.0905","-76.4097","0847","08","0","0","0","0","0","0","0","0","2","0","0","0","08","1","0","02","1","40 05:25.902","4","00","76 24:34.987","0","0","0","0","36214","0","0","0","N","0","0","0","2","36214","0","","1","01","N","N","0","","0","0","1","0","0","N","0842","0","2","0","0","0","0","0","3","0","2","N","","","","","","","","","","","","03","  ","","",""
"0757","1","0","0","0","0","0","0","0","0","4","0","","36","10","2018","2018111384","2","40.0406","-76.2528","0752","08","0","0","0","0","0","0","0","0","2","0","0","0","07","1","0","01","1","40 02:26.267","3","00","76 15:10.183","0","0","0","0","36215","0","0","0","N","0","0","0","5","36215","0","","1","09","N","N","1","","0","0","0","3","2","N","0752","0","2","0","0","0","0","0","1","0","2","N","","","","","","","","","","","","07","  ","","",""
"0849","1","0","0","0","0","0","0","0","0","4","0","","36","10","2018","2018111385","4","40.0499","-76.2435","0845","08","0","0","0","0","0","1","0","0","1","0","0","0","08","1","1","01","1","40 02:59.726","3","00","76 14:36.434","3","0","0","1","36215","0","0","0","N","0","0","0","2","36215","0","","1","01","N","N","0","","1","0","0","3","3","N","0845","1","2","0","0","0","0","0","1","0","2","N","","","","","","","","","","","","03","  ","","",""
"1601","2","0","0","0","0","0","0","0","0","1","0","","36","10","2018","2018111386","4","40.0401","-76.234","1557","08","0","0","0","0","0","1","0","0","1","0","0","0","15","1","2","00","2","40 02:24.406","4","00","76 14:02.432","4","0","0","0","36215","0","0","0","N","0","0","0","5","36215","2","","1","01","N","N","0","","0","0","0","0","0","N","1554","2","2","0","0","1","0","0","1","0","2","N","","","","","","","","","","","","03","  ","","",""