"ARRIVAL_TM","AUTOMOBILE_COUNT","BELTED_DEATH_COUNT","BELTED_SUSP_SERIOUS_INJ_COUNT","BICYCLE_COUNT","BICYCLE_DEATH_COUNT","BICYCLE_SUSP_SERIOUS_INJ_COUNT","BUS_COUNT","CHLDPAS_DEATH_COUNT","CHLDPAS_SUSP_SERIOUS_INJ_COUNT","COLLISION_TYPE","COMM_VEH_COUNT","CONS_ZONE_SPD_LIM","COUNTY","CRASH_MONTH","CRASH_YEAR","CRN","DAY_OF_WEEK","DEC_LAT","DEC_LONG","DISPATCH_TM","DISTRICT","DRIVER_COUNT_16YR","DRIVER_COUNT_17YR","DRIVER_COUNT_18YR","DRIVER_COUNT_19YR","DRIVER_COUNT_20YR","DRIVER_COUNT_50_64YR","DRIVER_COUNT_65_74YR","DRIVER_COUNT_75PLUS","EST_HRS_CLOSED","FATAL_COUNT","HEAVY_TRUCK_COUNT","HORSE_BUGGY_COUNT","HOUR_OF_DAY","ILLUMINATION","INJURY_COUNT","INTERSECT_TYPE","LANE_CLOSED","LATITUDE","LN_CLOSE_DIR","LOCATION_TYPE","LONGITUDE","MAX_SEVERITY_LEVEL","MCYCLE_DEATH_COUNT","MCYCLE_SUSP_SERIOUS_INJ_COUNT","MOTORCYCLE_COUNT","MUNICIPALITY","NONMOTR_COUNT","NONMOTR_DEATH_COUNT","NONMOTR_SUSP_SERIOUS_INJ_COUNT","NTFY_HIWY_MAINT","PED_COUNT","PED_DEATH_COUNT","PED_SUSP_SERIOUS_INJ_COUNT","PERSON_COUNT","POLICE_AGCY","POSSIBLE_INJ_COUNT","RDWY_SURF_TYPE_CD","RELATION_TO_ROAD","ROAD_CONDITION","SCH_BUS_IND","SCH_ZONE_IND","SMALL_TRUCK_COUNT","SPEC_JURIS_CD","SUSP_MINOR_INJ_COUNT","SUSP_SERIOUS_INJ_COUNT","SUV_COUNT","TCD_FUNC_CD","TCD_TYPE","TFC_DETOUR_IND","TIME_OF_DAY","TOT_INJ_COUNT","TOTAL_UNITS","UNB_DEATH_COUNT","UNB_SUSP_SERIOUS_INJ_COUNT","UNBELTED_OCC_COUNT","UNK_INJ_DEG_COUNT","UNK_INJ_PER_COUNT","URBAN_RURAL","VAN_COUNT","VEHICLE_COUNT","WORK_ZONE_IND","WORK_ZONE_LOC","WORK_ZONE_TYPE","WORKERS_PRES","WZ_CLOSE_DETOUR","WZ_FLAGGER","WZ_LAW_OFFCR_IND","WZ_LN_CLOSURE","WZ_MOVING","WZ_OTHER","WZ_SHLDER_MDN","ROADWAY_CLEARED","WEATHER1","WEATHER2","WZ_WORKERS_INJ_KILLED","SECONDARY_CRASH","INTERSECTION_RELATED"
"0602","1","0","0","0","0","0","0","0","0","1","0","","36","10","2018","2018111387","5","40.0119","-76.1391","0552","08","0","0","0","0","0","0","0","1","","0","0","0","05","2","0","02","0","40 00:42.762","","00","76 08:20.907","0","0","0","0","36215","0","0","0","N","0","0","0","2","36215","0","","2","01","N","N","0","","0","0","1","0","0","","0540","0","2","0","0","0","0","0","1","0","2","N","","","","","","","","","","","","03","  ","","",""
"1736","3","0","0","0","0","0","0","0","0","1","0","","36","10","2018","2018111388","5","40.031","-76.2354","1732","08","0","0","1","0","0","1","0","0","2","0","0","0","17","1","2","02","1","40 01:50.356","4","00","76 14:03.582","4","0","0","0","36215","0","0","0","N","0","0","0","3","36215","2","","1","01","N","N","0","","0","0","0","3","2","N","1732","2","3","0","0","0","0","0","1","0","3","N","","","","","","","","","","","","03","  ","","",""
"1206","1","0","0","0","0","0","0","0","0","4","0","","36","10","2018","2018111389","6","40.0554","-76.2513","1120","08","0","0","0","0","0","0","0","0","","0","0","0","11","1","0","01","0","40 03:19.468","","00","76 15:04.770","0","0","0","0","36215","0","0","0","N","0","0","0","2","36215","0","","1","01","N","N","0","","0","0","1","3","2","","1116","0","2","0","0","1","0","0","1","0","2","N","","","","","","","","","","","","03","  ","","",""
"1859","1","0","0","0","0","0","0","0","0","7","0","","36","10","2018","2018111390","1","40.0401","-76.2602","1856","08","0","0","0","0","0","0","1","0","1","0","0","0","18","3","0","00","1","40 02:24.442","3","07","76 15:36.711","0","0","0","0","36215","0","0","0","N","0","0","0","1","36215","0","","5","01","N","N","0","","0","0","0","0","0","N","1852","0","1","0","0","0","0","0","1","0","1","N","","","","","","","","","","","","03","  ","","",""
"2211","2","0","0","0","0","0","0","0","0","4","0","","36","10","2018","2018111422","5","40.0368","-76.3011","2210","08","0","0","0","0","0","0","0","0","2","0","0","0","22","3","0","01","2","40 02:12.529","3","00","76 18:03.869","0","0","0","0","36301","0","0","0","N","0","0","0","3","36301","0","","1","01","N","N","0","","0","0","0","3","2","Y","2210","0","2","0","0","0","0","0","3","0","2","N","","","","","","","","","","","","03","  ","","",""
"1800","2","0","0","0","0","0","0","0","0","4","0","","36","10","2018","2018111435","3","40.048","-76.3055","1758","08","0","0","0","0","0","1","0","0","1","0","0","0","17","1","2","01","1","40 02:52.711","2","00","76 18:19.893","4","0","0","0","36301","0","0","0","N","0","0","0","4","36301","2","","1","01","N","N","0","","0","0","0","3","2","N","1758","2","2","0","0","0","0","0","3","0","2","N","","","","","","","","","","","","03","  ","","",""
"1817","1","0","0","0","0","0","0","0","0","5","0","","36","10","2018","2018111436","3","40.0563","-76.4626","1813","08","0","1","0","0","0","0","1","0","1","0","0","0","18","4","0","01","1","40 03:22.745","2","00","76 27:45.285","0","0","0","0","36239","0","0","0","N","0","0","0","2","36239","0","","1","01","N","N","1","","0","0","0","3","3","N","1813","0","2","0","0","0","0","0","3","0","2","N","","","","","","","","","","","","03","  ","","",""
"0418","2","0","0","0","0","0","0","0","0","4","0","","36","10","2018","2018111460","7","40.0407","-76.31","0418","08","0","0","0","0","0","0","0","0","3","0","0","0","04","3","3","00","2","40 02:26.527","3","00","76 18:36.122","3","0","0","0","36301","0","0","0","N","0","0","0","3","36301","0","","1","09","N","N","0","","3","0","0","0","0","Y","0418","3","2","0","0","0","0","0","3","0","2","N","","","","","","","","","","","","07","  ","","",""
"1416","2","0","0","0","0","0","0","0","0","1","0","","36","10","2018","2018111626","2","40.0897","-76.2792","1402","08","0","0","0","0","0","0","0","0","","0","0","0","14","1","0","00","0","40 05:23.090","","00","76 16:45.050","0","0","0","0","36101","0","0","0","N","0","0","0","2","36101","0","","1","09","N","N","0","","0","0","0","3","2","","1400","0","2","0","0","0","0","0","3","0","2","N","","","","","","","","","","","","07","  ","","",""
"1608","0","0","0","0","0","0","0","0","0","7","0","","36","10","2018","2018111627","5","40.1032","-76.4113","1605","08","0","0","1","0","0","0","0","0","3","0","0","0","15","1","1","00","2","40 06:11.650","5","00","76 24:40.500","3","0","0","0","36214","0","0","0","N","0","0","0","1","36214","0","","4","01","N","N","0","","1","0","1","0","0","Y","1555","1","1","0","0","0","0","0","3","0","1","N","","","","","","","","","","","","03","  ","","",""
"0948","0","0","0","0","0","0","0","0","0","4","1","","36","10","2018","2018111640","3","39.9751","-76.2473","0938","08","0","0","0","0","0","1","0","0","","0","1","0","09","1","0","01","0","39 58:30.378","","00","76 14:50.447","0","0","0","0","36240","0","0","0","N","0","0","0","2","36240","0","","1","01","N","N","0","","0","0","1","3","2","","0930","0","2","0","0","0","0","0","1","0","2","N","","","","","","","","","","","","03","  ","","",""
"1020","2","0","0","0","0","0","0","0","0","4","0","","36","10","2018","2018111661","6","40.0414","-76.3204","1014","08","0","0","0","0","0","1","0","0","1","0","0","0","10","1","0","01","2","40 02:29.072","2","00","76 19:13.339","0","0","0","0","36301","0","0","0","N","0","0","0","2","36301","0","","1","01","N","N","0","","0","0","0","3","2","Y","1010","0","2","0","0","0","0","0","3","0","2","N","","","","","","","","","","","","03","  ","","",""
"0928","2","0","0","0","0","0","0","0","0","4","0","","36","10","2018","2018111692","4","40.1505","-76.0281","0923","08","0","0","0","0","0","1","1","0","1","0","0","0","09","1","1","01","1","40 09:01.638","3","00","76 01:41.060","3","0","0","0","36213","0","0","0","N","0","0","0","2","36213","0","","1","01","N","N","0","","1","0","0","3","3","N","0920","1","2","0","0","0","0","0","1","0","2","N","","","","","","","","","","","","03","  ","","",""
"1220","0","0","0","0","0","0","0","0","0","1","1","","36","10","2018","2018111722","6","40.1435","-76.5559","1213","08","0","0","0","0","0","0","0","0","","0","1","0","12","1","2","00","0","40 08:36.524","","00","76 33:21.369","4","0","0","0","36225","0","0","0","N","0","0","0","3","36505","2","","1","01","N","N","0","","0","0","0","0","0","N","1211","2","2","0","0","0","0","0","2","1","2","N","","","","","","","","","","","","03","  ","","",""
"0739","1","0","0","0","0","0","0","0","0","7","0","","36","10","2018","2018111828","4","40.0064","-76.2669","0731","08","0","0","1","0","0","0","0","0","1","0","0","0","07","1","0","00","2","40 00:23.056","5","00","76 16:00.986","0","0","0","0","36240","0","0","0","N","0","0","0","1","36240","0","","5","01","N","N","0","","0","0","0","0","0","Y","0720","0","1","0","0","0","0","0","1","0","1","N","","","","","","","","","","","","03","  ","","",""
"1139","2","0","0","0","0","0","0","0","0","4","0","","36","10","2018","2018111842","4","40.0156","-76.26","1131","08","0","0","0","0","0","0","0","0","1","0","0","0","11","1","0","01","1","40 00:56.102","2","00","76 15:35.991","0","0","0","0","36240","0","0","0","N","0","0","0","2","36240","0","","1","01","N","N","0","","0","0","0","3","2","N","1125","0","2","0","0","0","0","0","1","0","2","N","","","","","","","","","","","","03","  ","","",""
"1737","0","0","0","0","0","0","0","0","0","4","0","","36","10","2018","2018111873","4","40.0685","-76.3074","1715","08","0","0","0","0","0","1","0","0","2","0","0","0","17","1","0","01","1","40 04:06.527","1","00","76 18:26.750","0","0","0","0","36101","0","0","0","N","0","0","0","6","36101","0","","1","01","N","N","0","","0","0","1","3","2","N","1712","0","2","0","0","0","0","0","3","1","2","N","","","","","","","","","","","","03","  ","","",""
"2010","1","0","0","0","0","0","0","0","0","4","0","","36","10","2018","2018111874","2","40.064","-76.3067","2002","08","0","0","0","0","0","0","0","0","2","0","0","0","19","3","0","02","1","40 03:50.229","2","00","76 18:24.189","0","0","0","0","36101","0","0","0","N","0","0","0","3","36101","0","","1","01","N","N","0","","0","0","1","0","0","N","1959","0","2","0","0","0","0","0","3","0","2","N","","","","","","","","","","","","03","  ","","",""
"1734","1","0","0","0","0","0","0","0","0","1","0","","36","10","2018","2018111875","3","40.0681","-76.2924","1717","08","0","0","0","0","0","2","0","0","","0","0","0","16","1","0","00","0","40 04:05.087","","00","76 17:32.721","0","0","0","0","36101","0","0","0","N","0","0","0","2","36101","0","","1","01","N","N","0","","0","0","1","0","0","","1659","0","2","0","0","0","0","0","3","0","2","N","","","","","","","","","","","","03","  ","","",""
"1048","2","0","0","0","0","0","0","0","0","4","0","","36","10","2018","2018111881","4","40.134","-76.6174","1040","08","0","0","0","0","0","0","1","0","1","0","0","0","10","1","0","01","1","40 08:02.403","6","00","76 37:02.506","0","0","0","0","36237","0","0","0","N","0","0","0","2","36505","0","","1","01","N","N","0","","0","0","0","3","3","Y","1035","0","2","0","0","1","0","0","1","0","2","N","","","","","","","","","","","","03","  ","","",""
"2150","3","0","0","0","0","0","0","0","0","4","0","","36","10","2018","2018111921","4","40.0482","-76.3032","2148","08","0","0","0","0","0","1","0","0","","0","0","0","21","3","1","01","0","40 02:53.639","","00","76 18:11.682","8","0","0","0","36301","0","0","0","N","0","0","0","2","36301","0","","1","01","N","N","0","","0","0","0","3","3","","2147","1","3","0","0","0","1","0","3","0","3","N","","","","","","","","","","","","03","  ","","",""
"1201","1","0","0","0","0","0","0","0","0","4","0","","36","10","2018","2018112030","3","40.0379","-76.5042","1200","08","0","0","0","0","0","1","0","0","1","0","0","0","11","1","1","01","1","40 02:16.558","2","00","76 30:14.950","8","0","0","0","36404","0","0","0","N","0","0","0","2","36404","0","","1","01","N","N","1","","0","0","0","3","3","N","1159","1","2","0","0","0","1","0","3","0","2","N","","","","","","","","","","","","03","  ","","",""
"2123","0","0","0","0","0","0","0","0","0","8","0","","36","09","2018","2018112035","4","39.9976","-76.3553","2120","08","0","0","0","0","1","0","0","0","3","0","0","0","21","3","2","02","2","39 59:51.262","7","07","76 21:19.178","2","0","0","0","36412","2","0","2","N","2","0","2","3","36412","0","","1","01","N","N","0","","0","2","1","0","0","Y","2119","2","3","0","0","0","0","0","3","0","1","N","","","","","","","","","","","","03","  ","","",""
"2215","1","0","0","0","0","0","0","0","0","7","0","","36","10","2018","2018112055","5","40.068","-76.2941","2211","08","0","0","0","0","0","0","0","0","","0","0","0","22","3","0","00","0","40 04:04.698","","00","76 17:38.580","0","0","0","0","36101","0","0","0","N","0","0","0","1","36101","0","","3","09","N","N","0","","0","0","0","0","0","","2206","0","1","0","0","0","0","0","3","0","1","N","","","","","","","","","","","","07","  ","","",""
"1219","1","0","0","0","0","0","0","0","0","4","0","","36","10","2018","2018112056","3","40.0701","-76.3005","1218","08","0","0","0","0","0","1","1","0","2","0","0","0","12","1","2","00","1","40 04:12.200","4","00","76 18:01.700","8","0","0","0","36101","0","0","0","N","0","0","0","4","36101","0","","1","01","N","N","1","","0","0","0","0","0","N","1218","2","3","0","0","0","2","0","3","1","3","N","","","","","","","","","","","","03","  ","","",""
"0931","0","0","0","0","0","0","0","0","0","4","0","","36","10","2018","2018112057","6","40.0299","-76.3315","0927","08","0","0","0","0","0","0","2","0","2","0","1","0","09","1","2","01","1","40 01:47.485","2","00","76 19:53.248","3","0","0","0","36220","0","0","0","N","0","0","0","4","36101","0","","1","01","N","N","1","","2","0","0","3","3","N","0901","2","2","0","0","1","0","0","3","0","2","N","","","","","","","","","","","","03","  ","","",""
"1509","1","0","0","0","0","0","0","0","0","1","0","","36","10","2018","2018112058","4","40.038","-76.3443","1502","08","0","0","0","0","0","1","0","0","2","0","0","0","15","1","2","00","2","40 02:16.798","4","00","76 20:39.449","3","0","0","0","36214","0","0","0","N","0","0","0","2","36214","0","","1","01","N","N","0","","2","0","0","0","0","Y","1502","2","2","0","0","0","0","0","3","1","2","N","","","","","","","","","","","","03","  ","","",""
"1736","2","0","0","0","0","0","0","0","0","4","0","","36","10","2018","2018112062","4","40.1694","-76.1989","1734","08","0","0","0","0","0","0","1","0","2","0","0","0","17","1","1","00","1","40 10:09.733","4","07","76 11:55.898","3","0","0","0","36408","0","0","0","N","0","0","0","2","36408","0","","1","01","N","N","0","","1","0","0","0","0","N","1733","1","2","0","0","1","0","0","2","0","2","N","","","","","","","","","","","","03","  ","","",""
"2156","2","0","0","0","0","0","0","0","0","5","0","","36","10","2018","2018112074","5","40.0333","-76.4977","2153","08","0","0","0","0","0","1","0","0","1","0","0","0","21","3","0","00","1","40 01:59.731","4","00","76 29:51.640","0","0","0","0","36404","0","0","0","N","0","0","0","1","36404","0","","6","09","N","N","0","","0","0","1","0","0","N","2149","0","3","0","0","0","0","0","3","0","3","N","","","","","","","","","","","","07","  ","","",""
"1819","2","0","0","0","0","0","0","0","0","4","0","","36","10","2018","2018112101","7","40.0521","-76.2974","1819","08","0","0","0","1","0","0","0","0","","0","0","0","18","3","0","01","0","40 03:07.671","","00","76 17:50.642","0","0","0","0","36301","0","0","0","N","0","0","0","2","36301","0","","1","01","N","N","0","","0","0","0","3","3","","1819","0","2","0","0","0","0","0","3","0","2","N","","","","","","","","","","","","03","  ","","",""
"1212","1","0","0","0","0","0","0","0","0","7","0","","36","10","2018","2018112133","5","40.1567","-76.1665","1203","08","0","0","0","0","0","0","0","0","","0","0","0","12","1","0","00","0","40 09:24.166","","00","76 09:59.578","0","0","0","0","36238","0","0","0","N","0","0","0","1","36238","0","","5","01","N","N","0","","0","0","0","0","0","","1202","0","1","0","0","0","0","0","3","0","1","N","","","","","","","","","","","","03","  ","","",""
"1510","0","0","0","0","0","0","0","0","0","4","0","","36","10","2018","2018112151","7","39.8986","-76.1593","1508","08","0","0","0","0","0","0","0","0","1","0","0","0","15","1","1","01","1","39 53:54.870","7","00","76 09:33.620","4","0","0","0","36416","0","0","0","N","0","0","0","6","36416","1","","1","01","N","N","0","","0","0","2","3","3","N","1506","1","2","0","0","0","0","0","1","0","2","N","","","","","","","","","","","","03","  ","","",""
"2143","1","0","0","0","0","0","0","0","0","0","0","","36","10","2018","2018112214","4","","","2135","08","0","0","0","0","0","0","0","0","3","0","0","0","21","2","0","00","1","","1","00","","0","0","0","0","36238","0","0","0","N","0","0","0","2","36238","0","","1","01","N","N","0","","0","0","0","0","0","N","2133","0","1","0","0","0","0","0","3","0","1","N","","","","","","","","","","","","03","  ","","",""
"1344","0","0","0","0","0","0","0","0","0","7","0","","36","10","2018","2018112341","4","40.0888","-76.3295","1339","08","0","0","0","0","0","0","0","0","2","0","0","0","13","1","0","00","1","40 05:19.656","2","00","76 19:46.323","0","0","0","0","36101","0","0","0","N","0","0","0","1","36101","0","","5","01","N","N","0","","0","0","1","0","0","N","1337","0","1","0","0","0","0","0","3","0","1","N","","","","","","","","","","","","03","  ","","",""
"1539","0","0","0","0","0","0","1","0","0","1","1","","36","10","2018","2018112342","4","40.0956","-76.2926","1535","08","0","0","0","0","0","0","0","1","1","0","0","0","15","1","1","00","2","40 05:44.235","6","00","76 17:33.341","3","0","0","0","36101","0","0","0","N","0","0","0","30","36101","0","","1","01","Y","N","0","","1","0","1","0","0","N","1530","1","2","0","0","0","0","0","3","0","2","N","","","","","","","","","","","","03","  ","","",""
"0927","1","0","0","0","0","0","0","0","0","4","0","","36","10","2018","2018112343","6","40.0252","-76.2069","0919","08","0","0","0","0","0","0","0","0","2","0","0","0","09","1","1","00","1","40 01:30.851","3","00","76 12:24.739","3","0","0","0","36215","0","0","0","N","0","0","0","2","36215","0","","1","01","N","N","0","","1","0","0","0","0","N","0919","1","2","0","0","0","0","1","1","0","2","N","","","","","","","","","","","","03","  ","","",""
"1154","1","0","0","0","0","0","0","0","0","1","1","","36","10","2018","2018112344","3","40.0776","-76.2587","1144","08","0","0","0","0","0","0","0","0","","0","1","0","11","1","0","02","0","40 04:39.294","","00","76 15:31.416","0","0","0","0","36215","0","0","0","N","0","0","0","2","36215","0","","1","01","N","N","0","","0","0","0","0","0","","1141","0","2","0","0","0","0","0","1","0","2","N","","","","","","","","","","","","03","  ","","",""
"1942","2","0","0","0","0","0","0","0","0","4","0","","36","10","2018","2018112345","4","40.0778","-76.2428","1935","08","0","0","0","0","0","1","0","0","2","0","0","0","19","2","1","00","2","40 04:40.090","7","00","76 14:34.150","3","0","0","0","36215","0","0","0","N","0","0","0","1","36215","0","","4","01","N","N","0","","1","0","0","0","0","Y","1932","1","2","0","0","0","0","0","1","0","2","N","","","","","","","","","","","","03","  ","","",""
"0904","1","0","0","0","0","0","0","0","0","1","0","","36","10","2018","2018112353","3","40.0546","-76.3808","0858","08","0","0","0","0","0","0","1","0","","0","0","0","08","1","1","02","0","40 03:16.545","","00","76 22:50.716","3","0","0","0","36214","0","0","0","N","0","0","0","2","36214","0","","1","01","N","N","1","","1","0","0","3","2","","0855","1","2","0","0","0","0","0","3","0","2","N","","","","","","","","","","","","03","  ","","",""
"1437","0","0","0","0","0","0","0","0","0","7","0","","36","10","2018","2018112374","2","40.1596","-76.3076","1436","08","0","0","0","0","0","0","0","1","","0","0","0","14","1","1","02","0","40 09:34.510","","00","76 18:27.185","8","0","0","0","36409","0","0","0","N","0","0","0","1","36409","0","","5","09","N","N","0","","0","0","0","0","0","","1435","1","1","0","0","0","1","0","3","1","1","N","","","","","","","","","","","","07","  ","","",""
"1910","0","0","0","0","0","0","0","0","0","7","0","","36","10","2018","2018112382","6","40.1992","-76.1397","1907","08","0","0","0","0","0","1","0","0","4","0","0","0","18","3","0","00","2","40 11:57.160","5","00","76 08:23.056","0","0","0","0","36210","0","0","0","N","0","0","0","1","36210","0","","5","01","N","N","1","","0","0","0","0","0","Y","1859","0","1","0","0","0","0","0","1","0","1","N","","","","","","","","","","","","03","  ","","",""
"2315","1","0","0","0","0","0","0","0","0","7","0","","36","10","2018","2018112400","5","40.116","-76.527","2315","08","0","0","0","0","0","0","0","0","","0","0","0","23","3","0","00","0","40 06:57.678","","00","76 31:37.267","0","0","0","0","36413","0","0","0","N","0","0","0","1","36413","0","","5","01","N","N","0","","0","0","0","0","0","","2315","0","1","0","0","0","0","0","2","0","1","N","","","","","","","","","","","","03","  ","","",""
"0117","2","0","0","0","0","0","0","0","0","5","0","","36","10","2018","2018112405","7","40.0418","-76.3165","0113","08","0","0","0","0","0","0","0","0","3","0","0","0","01","3","0","00","2","40 02:30.319","4","00","76 18:59.548","0","0","0","0","36301","0","0","0","N","0","0","0","1","36301","0","","6","01","N","N","0","","0","0","0","0","0","N","0112","0","2","0","0","0","0","0","3","0","2","N","","","","","","","","","","","","03","  ","","",""
"1318","0","0","0","0","0","0","0","0","0","8","0","","36","10","2018","2018112502","5","39.989","-76.2552","1315","08","0","0","0","0","0","0","0","1","","0","0","0","13","1","1","00","0","39 59:20.324","","00","76 15:18.617","8","0","0","0","36240","1","0","0","N","1","0","0","2","36240","0","","1","01","N","N","0","","0","0","1","0","0","","1310","1","2","0","0","0","1","0","1","0","1","N","","","","","","","","","","","","03","  ","","",""
"1112","0","0","0","0","0","0","0","0","0","1","0","","36","10","2018","2018112519","5","40.0112","-76.2538","1106","08","0","0","0","0","0","0","1","0","2","0","0","0","11","1","1","02","2","40 00:40.355","7","00","76 15:13.645","8","0","0","0","36240","0","0","0","N","0","0","0","3","36240","0","","1","01","N","N","0","","0","0","3","0","0","Y","1100","1","3","0","0","0","1","0","1","0","3","N","","","","","","","","","","","","03","  ","","",""
"2102","1","0","0","0","0","0","0","0","0","5","0","","36","10","2018","2018112565","5","40.0335","-76.5065","2102","08","0","0","0","0","0","0","0","0","2","0","0","0","21","3","0","00","1","40 02:00.600","1","00","76 30:23.300","0","0","0","0","36404","0","0","0","N","0","0","0","2","36404","0","","2","01","N","N","0","","0","0","1","0","0","N","2102","0","2","0","0","0","0","0","3","0","2","N","","","","","","","","","","","","03","  ","","",""
"1620","2","0","0","0","0","0","0","0","0","1","0","","36","10","2018","2018112613","2","40.2175","-76.0797","1610","08","0","0","0","0","0","1","0","0","","0","0","0","16","1","0","00","0","40 13:02.874","","00","76 04:46.805","9","0","0","0","36210","0","0","0","N","0","0","0","2","68T06","0","","1","01","N","N","0","","0","0","0","0","0","","1610","0","2","0","0","1","0","1","1","0","2","N","","","","","","","","","","","","03","  ","","",""
"1552","2","0","0","0","0","0","0","0","0","4","0","","36","10","2018","2018112637","2","40.044","-76.3242","1545","08","0","0","0","0","0","0","1","0","1","0","0","0","15","1","2","01","1","40 02:38.378","4","00","76 19:27.213","3","0","0","0","36301","0","0","0","N","0","0","0","2","36301","0","","1","01","N","N","0","","2","0","0","3","2","N","1541","2","2","0","0","0","0","0","3","0","2","N","","","","","","","","","","","","03","  ","","",""
"1506","2","0","0","0","0","0","0","0","0","4","0","","36","10","2018","2018112696","3","40.0234","-76.3321","1456","08","0","0","0","0","0","0","0","1","2","0","0","0","14","1","1","01","1","40 01:24.348","5","00","76 19:55.531","3","0","0","0","36220","0","0","0","N","0","0","0","2","36101","0","","1","01","N","N","0","","1","0","0","3","3","N","1455","1","2","0","0","0","0","0","3","0","2","N","","","","","","","","","","","","03","  ","","",""
"1837","1","0","0","0","0","0","0","0","0","4","0","","36","10","2018","2018112698","3","40.1001","-76.0982","1834","08","0","0","0","0","0","1","0","0","1","0","0","0","18","3","1","00","1","40 06:00.444","6","07","76 05:53.574","8","0","0","1","36415","0","0","0","N","0","0","0","2","36415","0","","1","01","N","N","0","","0","0","0","0","0","N","1833","1","2","0","0","0","1","0","1","0","2","N","","","","","","","","","","","","03","  ","","",""
"1545","3","0","0","0","0","0","0","0","0","4","0","","36","10","2018","2018112699","7","40.1161","-76.0966","1541","08","0","0","0","1","0","1","0","1","2","0","0","0","15","1","1","01","1","40 06:57.873","7","00","76 05:47.937","4","0","0","0","36209","0","0","0","N","0","0","0","5","36415","1","","1","01","N","N","0","","0","0","0","3","3","Y","1540","1","3","0","0","0","0","0","1","0","3","N","","","","","","","","","","","","03","  ","","",""
"1558","1","0","0","0","0","0","0","0","0","4","0","","36","09","2018","2018112872","4","40.0526","-76.3231","1552","08","0","0","0","0","0","0","0","1","","0","0","0","15","1","0","00","0","40 03:09.353","","07","76 19:23.242","0","0","0","0","36101","0","0","0","N","0","0","0","2","36101","0","","1","01","N","N","0","","0","0","1","0","0","","1548","0","2","0","0","0","0","0","3","0","2","N","","","","","","","","","","","","03","  ","","",""
"1803","1","0","0","0","0","0","0","0","0","5","0","","36","10","2018","2018112874","3","40.0633","-76.2817","1756","08","0","0","0","0","1","0","0","0","","0","0","0","17","1","0","00","0","40 03:47.960","","00","76 16:54.190","0","0","0","0","36101","0","0","0","N","0","0","0","2","36101","0","","1","01","N","N","0","","0","0","1","0","0","","1752","0","2","0","0","0","0","0","3","0","2","N","","","","","","","","","","","","03","  ","","",""
"1857","1","0","0","0","0","0","0","0","0","4","0","","36","10","2018","2018112875","3","40.0967","-76.3524","1857","08","0","0","0","0","0","0","0","1","2","0","0","0","18","3","0","02","2","40 05:48.011","1","00","76 21:08.577","0","0","0","0","36406","0","0","0","N","0","0","0","2","36101","0","","1","01","N","N","1","","0","0","0","0","0","Y","1854","0","2","0","0","0","0","0","3","0","2","N","","","","","","","","","","","","03","  ","","",""
"0710","1","0","0","0","0","0","0","0","0","4","0","","36","10","2018","2018112876","6","40.0581","-76.3058","0706","08","1","0","0","0","0","1","0","0","2","0","0","0","07","5","0","00","1","40 03:29.158","5","07","76 18:20.936","0","0","0","0","36101","0","0","0","N","0","0","0","2","36101","0","","1","01","N","N","0","","0","0","0","0","0","N","0705","0","2","0","0","0","0","0","3","1","2","N","","","","","","","","","","","","03","  ","","",""
"1704","1","0","0","0","0","0","0","0","0","8","0","","36","10","2018","2018112914","3","40.1102","-76.5052","1701","08","0","0","0","0","0","0","0","0","3","0","0","0","17","1","1","00","2","40 06:36.763","6","00","76 30:18.823","8","0","0","0","36413","1","0","0","N","1","0","0","2","36413","0","","1","01","N","N","0","","0","0","0","0","0","Y","1700","1","2","0","0","0","1","0","2","0","1","N","","","","","","","","","","","","03","  ","","",""
"0840","1","0","0","0","0","0","0","0","0","9","0","","36","10","2018","2018112919","7","40.1066","-76.431","0837","08","0","0","0","0","0","1","0","0","2","0","0","0","08","1","0","00","1","40 06:23.816","3","00","76 25:51.785","0","0","0","0","36214","0","0","0","N","0","0","0","1","36214","0","","1","09","N","N","0","","0","0","0","0","0","N","0837","0","1","0","0","0","0","0","3","0","1","N","","","","","","","","","","","","07","  ","","",""
"1258","2","0","0","0","0","0","0","0","0","4","0","","36","10","2018","2018112922","6","40.1432","-76.5962","1255","08","0","0","0","0","0","0","0","0","2","0","0","0","12","1","0","02","1","40 08:35.370","1","00","76 35:46.214","0","0","0","0","36407","0","0","0","N","0","0","0","2","36407","0","","1","01","N","N","0","","0","0","0","3","2","Y","1251","0","2","0","0","0","0","0","2","0","2","N","","","","","","","","","","","","03","  ","","",""
"1559","1","0","0","0","0","0","0","0","0","4","0","","36","10","2018","2018112959","3","40.037","-76.5057","1557","08","0","0","0","0","0","2","0","0","1","0","0","0","15","1","0","01","1","40 02:13.074","7","00","76 30:20.502","0","0","0","0","36404","0","0","0","N","0","0","0","2","36404","0","","1","01","N","N","0","","0","0","1","3","3","N","1555","0","2","0","0","0","0","0","3","0","2","N","","","","","","","","","","","","03","  ","","",""
"1621","1","0","0","0","0","0","0","0","0","1","0","","36","10","2018","2018112960","6","40.0398","-76.3109","1616","08","0","0","0","0","0","1","0","0","","0","0","0","15","1","1","01","0","40 02:23.305","","00","76 18:39.337","8","0","0","0","36301","0","0","0","N","0","0","0","2","36301","0","","1","01","N","N","0","","0","0","1","0","0","","1525","1","2","0","0","0","1","0","3","0","2","N","","","","","","","","","","","","03","  ","","",""