"ARRIVAL_TM","AUTOMOBILE_COUNT","BELTED_DEATH_COUNT","BELTED_SUSP_SERIOUS_INJ_COUNT","BICYCLE_COUNT","BICYCLE_DEATH_COUNT","BICYCLE_SUSP_SERIOUS_INJ_COUNT","BUS_COUNT","CHLDPAS_DEATH_COUNT","CHLDPAS_SUSP_SERIOUS_INJ_COUNT","COLLISION_TYPE","COMM_VEH_COUNT","CONS_ZONE_SPD_LIM","COUNTY","CRASH_MONTH","CRASH_YEAR","CRN","DAY_OF_WEEK","DEC_LAT","DEC_LONG","DISPATCH_TM","DISTRICT","DRIVER_COUNT_16YR","DRIVER_COUNT_17YR","DRIVER_COUNT_18YR","DRIVER_COUNT_19YR","DRIVER_COUNT_20YR","DRIVER_COUNT_50_64YR","DRIVER_COUNT_65_74YR","DRIVER_COUNT_75PLUS","EST_HRS_CLOSED","FATAL_COUNT","HEAVY_TRUCK_COUNT","HORSE_BUGGY_COUNT","HOUR_OF_DAY","ILLUMINATION","INJURY_COUNT","INTERSECT_TYPE","LANE_CLOSED","LATITUDE","LN_CLOSE_DIR","LOCATION_TYPE","LONGITUDE","MAX_SEVERITY_LEVEL","MCYCLE_DEATH_COUNT","MCYCLE_SUSP_SERIOUS_INJ_COUNT","MOTORCYCLE_COUNT","MUNICIPALITY","NONMOTR_COUNT","NONMOTR_DEATH_COUNT","NONMOTR_SUSP_SERIOUS_INJ_COUNT","NTFY_HIWY_MAINT","PED_COUNT","PED_DEATH_COUNT","PED_SUSP_SERIOUS_INJ_COUNT","PERSON_COUNT","POLICE_AGCY","POSSIBLE_INJ_COUNT","RDWY_SURF_TYPE_CD","RELATION_TO_ROAD","ROAD_CONDITION","SCH_BUS_IND","SCH_ZONE_IND","SMALL_TRUCK_COUNT","SPEC_JURIS_CD","SUSP_MINOR_INJ_COUNT","SUSP_SERIOUS_INJ_COUNT","SUV_COUNT","TCD_FUNC_CD","TCD_TYPE","TFC_DETOUR_IND","TIME_OF_DAY","TOT_INJ_COUNT","TOTAL_UNITS","UNB_DEATH_COUNT","UNB_SUSP_SERIOUS_INJ_COUNT","UNBELTED_OCC_COUNT","UNK_INJ_DEG_COUNT","UNK_INJ_PER_COUNT","URBAN_RURAL","VAN_COUNT","VEHICLE_COUNT","WORK_ZONE_IND","WORK_ZONE_LOC","WORK_ZONE_TYPE","WORKERS_PRES","WZ_CLOSE_DETOUR","WZ_FLAGGER","WZ_LAW_OFFCR_IND","WZ_LN_CLOSURE","WZ_MOVING","WZ_OTHER","WZ_SHLDER_MDN","ROADWAY_CLEARED","WEATHER1","WEATHER2","WZ_WORKERS_INJ_KILLED","SECONDARY_CRASH","INTERSECTION_RELATED"
"1238","2","0","0","0","0","0","0","0","0","2","0","","36","10","2018","2018112964","7","40.1428","-76.3045","1234","08","0","0","0","0","0","1","0","0","1","0","0","0","12","1","0","00","1","40 08:34.130","2","00","76 18:16.206","0","0","0","0","36409","0","0","0","N","0","0","0","3","36409","0","","1","09","N","N","0","","0","0","0","0","0","N","1230","0","2","0","0","0","0","0","3","0","2","N","","","","","","","","","","","","07","  ","","",""
"1217","2","0","0","0","0","0","0","0","0","4","0","","36","10","2018","2018113010","7","40.0522","-76.3084","1217","08","0","1","0","0","0","0","0","0","","0","0","0","12","1","0","01","0","40 03:07.752","","00","76 18:30.128","0","0","0","0","36301","0","0","0","N","0","0","0","5","36301","0","","1","09","N","N","0","","0","0","0","3","2","","1200","0","2","0","0","0","0","0","3","0","2","N","","","","","","","","","","","","03","  ","","",""
"1225","2","0","0","0","0","0","0","0","0","4","0","","36","10","2018","2018113019","7","40.0298","-76.5055","1224","08","0","0","0","0","0","1","0","0","1","0","0","0","12","1","0","02","0","40 01:47.377","","00","76 30:19.674","0","0","0","0","36404","0","0","0","N","0","0","0","3","36404","0","","1","09","N","N","0","","0","0","0","3","3","N","1223","0","2","0","0","0","0","0","3","0","2","N","","","","","","","","","","","","07","  ","","",""
"1156","1","0","0","0","0","0","0","0","0","1","0","","36","10","2018","2018113030","7","40.1309","-76.5628","1150","08","0","0","0","0","0","2","0","0","1","0","0","0","11","1","1","00","2","40 07:51.336","4","00","76 33:46.153","8","0","0","0","36225","0","0","0","N","0","0","0","4","36505","0","","1","09","N","N","1","","0","0","1","0","0","N","1147","1","3","0","0","0","1","0","2","0","3","N","","","","","","","","","","","","07","  ","","",""
"2005","1","0","0","0","0","0","0","0","0","7","0","","36","10","2018","2018113100","7","40.0591","-76.4629","2002","08","0","0","0","0","0","0","0","0","2","0","0","0","20","2","0","02","2","40 03:32.814","7","00","76 27:46.398","0","0","0","0","36239","0","0","0","N","0","0","0","5","36239","0","","5","09","N","N","0","","0","0","0","0","0","Y","2000","0","1","0","0","1","0","0","3","0","1","N","","","","","","","","","","","","07","  ","","",""
"2216","1","0","0","0","0","0","0","0","0","4","0","","36","10","2018","2018113174","6","40.114","-76.5207","2214","08","0","0","0","0","0","0","0","0","2","0","0","0","22","3","2","01","2","40 06:50.558","6","00","76 31:14.611","3","0","0","0","36413","0","0","0","N","0","0","0","2","36413","0","","1","09","N","N","0","","2","0","1","3","2","N","2212","2","2","0","0","0","0","0","2","0","2","N","","","","","","","","","","","","07","  ","","",""
"0756","2","0","0","0","0","0","0","0","0","4","0","","36","10","2018","2018113198","2","40.1628","-76.1499","0752","08","0","0","0","0","0","0","0","0","2","0","0","0","07","1","2","01","1","40 09:46.140","6","02","76 08:59.472","3","0","0","0","36238","0","0","0","N","0","0","0","2","36238","0","","1","01","N","N","0","","2","0","0","3","2","Y","0745","2","2","0","0","0","0","0","3","0","2","N","","","","","","","","","","","","03","  ","","",""
"0714","1","0","0","0","0","0","0","0","0","7","0","","36","10","2018","2018113216","3","40.1197","-76.5387","0707","08","0","0","0","0","0","0","0","0","3","0","0","0","07","5","1","00","1","40 07:10.938","3","00","76 32:19.376","8","0","0","0","36225","0","0","0","Y","0","0","0","1","36505","0","","4","01","N","N","0","","0","0","0","0","0","Y","0702","1","1","0","0","0","1","0","2","0","1","N","","","","","","","","","","","","03","  ","","",""
"0936","2","0","0","0","0","0","0","0","0","4","0","","36","10","2018","2018113222","6","40.1052","-76.1569","0925","08","0","0","0","0","0","0","0","0","","0","0","0","09","1","0","01","0","40 06:18.875","","00","76 09:24.963","0","0","0","0","36238","0","0","0","N","0","0","0","4","36238","0","","1","01","N","N","0","","0","0","0","3","3","N","0925","0","2","0","0","1","0","0","3","0","2","N","","","","","","","","","","","","03","  ","","",""
"1520","2","0","0","0","0","0","0","0","0","6","0","","36","10","2018","2018113241","7","40.0591","-76.4629","1514","08","0","0","0","0","0","1","0","0","","0","0","0","15","1","1","03","0","40 03:32.814","","00","76 27:46.398","4","0","0","0","36239","0","0","0","N","0","0","0","2","36239","1","","1","09","N","N","0","","0","0","0","0","0","N","1514","1","2","0","0","0","0","0","3","0","2","N","","","","","","","","","","","","07","  ","","",""
"0735","1","0","0","0","0","0","0","0","0","7","0","","36","10","2018","2018113293","7","40.2283","-76.3636","0720","08","0","0","0","0","0","0","0","0","","0","0","0","07","1","1","00","0","40 13:41.718","","00","76 21:49.107","8","0","0","0","36227","0","0","0","N","0","0","0","1","68T06","0","","4","09","N","N","0","","0","0","0","0","0","","0720","1","1","0","0","0","1","0","1","0","1","N","","","","","","","","","","","","07","  ","","",""
"1742","1","0","0","0","0","0","0","0","0","1","0","","36","10","2018","2018113314","7","40.0918","-76.0177","1735","08","0","0","0","0","0","0","0","0","2","0","0","0","17","4","0","00","1","40 05:30.512","3","00","76 01:03.616","0","0","0","0","36213","0","0","0","N","0","0","0","2","36213","0","","1","09","N","N","1","","0","0","0","0","0","N","1732","0","2","0","0","0","0","0","1","0","2","N","","","","","","","","","","","","07","  ","","",""
"1247","2","0","0","0","0","0","0","0","0","9","0","","36","10","2018","2018113331","1","40.1747","-76.5525","1247","08","0","0","0","0","0","0","0","1","","0","0","0","12","1","0","00","0","40 10:28.859","","00","76 33:09.162","0","0","0","0","36225","0","0","0","N","0","0","0","4","36505","0","","1","01","N","N","0","","0","0","0","0","0","","1247","0","2","0","0","1","0","0","2","0","2","N","","","","","","","","","","","","03","  ","","",""
"1114","0","0","0","0","0","0","0","0","0","7","0","","36","10","2018","2018113333","7","40.0592","-76.3635","1107","08","0","0","0","0","0","0","0","0","2","0","0","0","11","1","1","00","1","40 03:33.285","4","00","76 21:48.690","4","0","0","0","36214","0","0","0","N","0","0","0","1","36214","1","","4","09","N","N","0","","0","0","1","0","0","N","1105","1","2","0","0","0","0","0","3","0","1","N","","","","","","","","","","","","07","  ","","",""
"2131","1","0","0","0","0","0","0","0","0","7","0","","36","10","2018","2018113522","7","40.1479","-76.4076","2126","08","0","0","1","0","0","0","0","0","","0","0","0","21","2","0","00","0","40 08:52.418","","00","76 24:27.403","0","0","0","0","36227","0","0","0","N","0","0","0","1","36506","0","","2","09","N","N","0","","0","0","0","0","0","","2126","0","1","0","0","0","0","0","1","0","1","N","","","","","","","","","","","","07","  ","","",""
"1822","2","0","0","0","0","0","0","0","0","4","0","","36","09","2018","2018113523","1","40.0234","-76.3064","1822","08","0","0","0","0","0","0","1","0","2","0","0","0","18","1","1","00","1","40 01:24.176","6","00","76 18:23.048","3","0","0","0","36301","0","0","0","N","0","0","0","2","36301","0","","1","01","N","N","0","","1","0","0","0","0","N","1822","1","2","0","0","0","0","0","3","0","2","N","","","","","","","","","","","","03","  ","","",""
"1905","2","0","0","0","0","0","0","0","0","4","0","","36","10","2018","2018113528","7","40.0499","-76.3221","1903","08","0","0","0","0","0","0","1","0","","0","0","0","18","3","0","01","0","40 02:59.474","","00","76 19:19.599","0","0","0","0","36301","0","0","0","N","0","0","0","2","36301","0","","1","09","N","N","0","","0","0","0","0","0","","1851","0","2","0","0","0","0","0","3","0","2","N","","","","","","","","","","","","03","  ","","",""
"1048","1","0","0","0","0","0","0","0","0","1","0","","36","10","2018","2018113553","6","40.0606","-76.3063","1045","08","0","0","0","0","0","0","0","0","","0","0","0","10","1","1","00","0","40 03:38.254","","00","76 18:22.514","3","0","0","0","36101","0","0","0","N","0","0","0","2","36101","0","","1","01","N","N","0","","1","0","1","0","0","","1040","1","2","0","0","0","0","0","3","0","2","N","","","","","","","","","","","","03","  ","","",""
"1615","1","0","0","0","0","0","0","0","0","1","0","","36","10","2018","2018113554","6","40.0629","-76.2983","1611","08","0","0","0","0","0","0","1","0","","0","0","0","16","1","1","00","0","40 03:46.260","","00","76 17:53.760","3","0","0","0","36101","0","0","0","N","0","0","0","1","36101","0","","1","01","N","N","0","","1","0","1","0","0","","1610","1","2","0","0","0","0","0","3","0","2","N","","","","","","","","","","","","03","  ","","",""
"1012","1","0","0","0","0","0","0","0","0","9","0","","36","10","2018","2018113555","7","40.0014","-76.331","1006","08","0","0","0","0","0","0","0","0","2","0","0","0","10","1","0","00","1","40 00:05.011","6","00","76 19:51.736","0","0","0","0","36220","0","0","0","N","0","0","0","2","36101","0","","1","09","N","N","0","","0","0","0","0","0","N","1003","0","1","0","0","0","0","0","3","0","1","N","","","","","","","","","","","","07","  ","","",""
"1026","2","0","0","0","0","0","0","0","0","4","0","","36","10","2018","2018113556","7","40.0681","-76.294","1022","08","0","0","0","0","0","1","1","0","2","0","0","0","10","1","0","00","1","40 04:05.207","4","00","76 17:38.403","0","0","0","0","36101","0","0","0","N","0","0","0","2","36101","0","","1","09","N","N","0","","0","0","0","0","0","N","1020","0","2","0","0","0","0","0","3","0","2","N","","","","","","","","","","","","07","  ","","",""
"2300","1","0","0","0","0","0","0","0","0","4","0","","36","10","2018","2018113557","6","40.0371","-76.3634","2253","08","0","0","0","0","0","0","0","0","2","0","0","0","22","2","2","00","2","40 02:13.584","5","00","76 21:48.266","3","0","0","0","36223","0","0","0","N","0","0","0","2","36223","0","","1","09","N","N","0","","2","0","1","0","0","Y","2250","2","2","0","0","0","0","0","1","0","2","N","","","","","","","","","","","","07","  ","","",""
"0401","0","0","0","0","0","0","0","0","0","7","0","","36","10","2018","2018113558","7","40.0264","-76.3945","0355","08","0","0","1","0","0","0","0","0","4","0","0","0","03","2","0","00","2","40 01:35.036","5","00","76 23:40.049","0","0","0","0","36223","0","0","0","N","0","0","0","1","36223","0","","4","09","N","N","0","","0","0","1","0","0","Y","0350","0","1","0","0","0","0","0","1","0","1","N","","","","","","","","","","","","07","  ","","",""
"1217","2","0","0","0","0","0","0","0","0","4","0","","36","10","2018","2018113574","4","40.0435","-76.298","1206","08","0","0","0","0","0","0","0","1","","0","0","0","11","1","1","01","0","40 02:36.501","","00","76 17:52.632","8","0","0","0","36301","0","0","0","N","0","0","0","2","36301","0","","1","01","N","N","0","","0","0","0","3","3","","1152","1","2","0","0","0","1","0","3","0","2","N","","","","","","","","","","","","03","  ","","",""
"0710","1","0","0","0","0","0","0","0","0","4","0","","36","10","2018","2018113576","2","40.1761","-76.2249","0706","08","0","0","0","0","0","0","0","0","1","0","0","0","07","5","1","02","1","40 10:34.041","7","00","76 13:29.758","8","0","0","0","36218","0","0","0","N","0","0","0","2","36408","0","","1","09","N","N","0","","0","0","1","3","3","Y","0703","1","2","0","0","0","1","0","1","0","2","N","","","","","","","","","","","","07","  ","","",""
"0753","1","0","0","0","0","0","0","0","0","1","0","","36","10","2018","2018113578","2","40.0401","-76.2874","0745","08","0","0","0","0","1","0","0","0","","0","0","0","07","1","0","00","0","40 02:24.494","","00","76 17:14.516","0","0","0","0","36301","0","0","0","N","0","0","0","4","36301","0","","1","09","N","N","1","","0","0","1","0","0","","0742","0","3","0","0","0","0","0","3","0","3","N","","","","","","","","","","","","03","  ","","",""
"0812","0","0","0","0","0","0","0","0","0","4","0","","36","04","2018","2018113594","4","40.0763","-76.5804","0812","08","0","0","0","0","0","0","1","0","2","0","1","0","08","1","0","02","1","40 04:34.604","4","00","76 34:49.324","0","0","0","0","36211","0","0","0","N","0","0","0","2","36504","0","","1","09","N","N","0","","0","0","1","3","3","N","0812","0","2","0","0","0","0","0","1","0","2","N","","","","","","","","","","","","07","  ","","",""
"1736","0","0","0","0","0","0","0","0","0","7","0","","36","10","2018","2018113865","1","40.0999","-76.2618","1731","08","0","0","0","0","0","0","0","0","","0","0","0","17","1","0","00","0","40 05:59.673","","00","76 15:42.596","0","0","0","0","36101","0","0","0","N","0","0","0","3","36101","0","","2","09","N","N","0","","0","0","1","0","0","","1729","0","1","0","0","0","0","0","3","0","1","N","","","","","","","","","","","","03","  ","","",""
"2025","2","0","0","0","0","0","0","0","0","7","0","","36","10","2018","2018113866","7","40.0698","-76.3077","2016","08","0","0","0","0","0","1","0","0","2","0","0","0","20","3","0","01","1","40 04:11.334","1","00","76 18:27.782","9","0","0","0","36101","0","0","0","N","0","0","0","4","36101","0","","1","09","N","N","0","","0","0","0","3","2","N","2015","0","2","0","0","0","0","1","3","0","2","N","","","","","","","","","","","","98","  ","","",""
"1716","2","0","0","0","0","0","0","0","0","1","0","","36","10","2018","2018113867","4","40.0627","-76.3418","1709","08","0","0","0","0","1","1","0","0","2","0","0","0","17","1","2","00","2","40 03:45.591","3","00","76 20:30.446","3","0","0","0","36214","0","0","0","N","0","0","0","4","36214","0","","1","01","N","N","0","","2","0","2","0","0","N","1706","2","4","0","0","0","0","0","3","0","4","N","","","","","","","","","","","","03","  ","","",""
"1949","0","0","0","0","0","0","0","0","0","9","0","","36","10","2018","2018113868","1","40.0526","-76.3782","1946","08","0","0","0","0","0","0","0","0","","0","0","0","19","2","0","00","0","40 03:09.471","","00","76 22:41.464","0","0","0","0","36214","0","0","0","N","0","0","0","3","36214","0","","1","09","N","N","0","","0","0","1","0","0","","1943","0","1","0","0","0","0","0","3","0","1","N","","","","","","","","","","","","07","  ","","",""
"1012","1","0","0","0","0","0","0","0","0","7","0","","36","10","2018","2018113869","7","40.0264","-76.3945","1004","08","0","0","0","0","0","0","0","0","","0","0","0","10","1","0","00","0","40 01:35.181","","00","76 23:40.046","0","0","0","0","36223","0","0","0","N","0","0","0","1","36223","0","","5","09","N","N","0","","0","0","0","0","0","","1002","0","1","0","0","0","0","0","1","0","1","N","","","","","","","","","","","","07","  ","","",""
"0650","1","0","0","1","0","1","0","0","0","1","0","","36","09","2018","2018113870","6","40.1855","-76.4093","0644","08","0","0","0","0","0","1","0","0","1","0","0","0","06","2","1","00","2","40 11:07.810","5","00","76 24:33.327","2","0","0","0","36230","1","0","1","N","0","0","0","2","36410","0","","1","01","N","N","0","","0","1","0","0","0","N","0644","1","2","0","0","0","0","0","1","0","1","N","","","","","","","","","","","","03","  ","","",""
"1702","1","0","0","0","0","0","0","0","0","7","0","","36","09","2018","2018113871","1","40.1977","-76.4203","1656","08","0","0","0","0","0","0","0","0","2","0","0","0","16","1","2","00","2","40 11:51.677","5","00","76 25:12.947","2","0","0","0","36230","0","0","0","N","0","0","0","2","36410","0","","5","01","N","N","0","","1","1","0","0","0","Y","1656","2","1","0","0","0","0","0","1","0","1","N","","","","","","","","","","","","03","  ","","",""
"1711","2","0","0","0","0","0","0","0","0","4","0","","36","10","2018","2018113872","7","40.2129","-76.4293","1705","08","0","1","0","0","0","0","0","0","2","0","0","0","17","1","3","00","2","40 12:46.601","5","00","76 25:45.447","8","0","0","0","36230","0","0","0","N","0","0","0","3","36410","0","","1","09","N","N","0","","0","0","0","0","0","Y","1703","3","2","0","0","0","3","0","1","0","2","N","","","","","","","","","","","","03","  ","","",""
"0833","2","0","0","0","0","0","0","0","0","1","0","","36","10","2018","2018113937","1","40.0156","-76.3011","0823","08","0","0","0","0","0","0","0","1","2","0","0","0","08","1","0","00","1","40 00:56.168","1","00","76 18:04.002","0","0","0","0","36240","0","0","0","N","0","0","0","2","36240","0","","1","01","N","N","0","","0","0","0","0","0","N","0814","0","2","0","0","0","0","0","1","0","2","N","","","","","","","","","","","","03","  ","","",""
"2142","1","0","0","0","0","0","0","0","0","1","0","","36","10","2018","2018114057","7","40.0273","-76.3037","2138","08","0","0","0","1","0","0","0","0","","0","1","0","21","3","0","02","0","40 01:38.209","","00","76 18:13.347","0","0","0","0","36301","0","0","0","N","0","0","0","5","36301","0","","1","01","N","N","0","","0","0","0","3","2","","2130","0","2","0","0","0","0","0","3","0","2","N","","","","","","","","","","","","03","  ","","",""
"2134","1","0","0","0","0","0","0","0","0","7","0","","36","10","2018","2018114070","4","40.0039","-76.4521","2121","08","0","0","0","0","0","1","0","0","1","0","0","0","21","2","0","00","1","40 00:14.100","2","00","76 27:07.610","0","0","0","0","36223","0","0","0","N","0","0","0","1","36223","0","","4","01","N","N","0","","0","0","0","0","0","N","2118","0","1","0","0","0","0","0","1","0","1","N","","","","","","","","","","","","03","  ","","",""
"0653","1","0","0","0","0","0","0","0","0","1","0","","36","10","2018","2018114090","3","40.1849","-76.1867","0651","08","0","0","0","0","0","0","0","0","","0","0","0","06","5","2","00","0","40 11:05.563","","00","76 11:12.156","3","0","0","0","36408","0","0","0","N","0","0","0","2","36408","0","","1","01","N","N","0","","2","0","1","0","0","","0650","2","2","0","0","0","0","0","2","0","2","N","","","","","","","","","","","","03","  ","","",""
"1418","1","0","0","0","0","0","0","0","0","2","0","","36","10","2018","2018114162","5","40.0438","-76.3116","1414","08","0","0","0","0","0","0","0","0","","0","0","0","14","1","0","01","0","40 02:37.734","","00","76 18:41.709","0","0","0","0","36301","0","0","0","N","0","0","0","3","36301","0","","1","01","N","N","1","","0","0","0","3","2","","1409","0","2","0","0","0","0","0","3","0","2","N","","","","","","","","","","","","03","  ","","",""
"1812","2","0","0","0","0","0","0","0","0","4","0","","36","10","2018","2018114178","5","40.1378","-76.562","1809","08","0","0","0","0","0","0","0","0","","0","0","0","18","4","0","01","0","40 08:15.932","","00","76 33:43.084","0","0","0","0","36225","0","0","0","N","0","0","0","2","36505","0","","1","01","N","N","0","","0","0","0","3","2","N","1800","0","2","0","0","0","0","0","2","0","2","N","","","","","","","","","","","","03","  ","","",""
"1224","2","0","0","0","0","0","0","0","0","1","0","","36","10","2018","2018114304","3","40.1537","-76.2066","1222","08","0","0","0","1","0","1","1","0","","0","0","0","12","1","0","01","0","40 09:13.304","","00","76 12:23.606","0","0","0","0","36402","0","0","0","N","0","0","0","3","36402","0","","1","01","N","N","1","","0","0","0","0","0","","1221","0","3","0","0","0","0","0","2","0","3","N","","","","","","","","","","","","03","  ","","",""
"1654","2","0","0","0","0","0","0","0","0","1","0","","36","10","2018","2018114329","4","40.0633","-76.3406","1649","08","0","0","0","0","1","0","0","0","2","0","0","0","16","1","0","00","1","40 03:47.788","4","00","76 20:26.275","0","0","0","0","36101","0","0","0","N","0","0","0","2","36101","0","","1","01","N","N","0","","0","0","0","0","0","N","1646","0","2","0","0","0","0","0","3","0","2","N","","","","","","","","","","","","03","  ","","",""
"2126","1","0","0","0","0","0","0","0","0","7","0","","36","10","2018","2018114330","6","40.0861","-76.2025","2126","08","0","0","0","0","0","0","0","0","2","0","0","0","21","3","1","00","2","40 05:10.112","6","00","76 12:09.128","2","0","0","0","36234","0","0","0","N","0","0","0","1","36215","0","","4","01","N","N","0","","0","1","0","0","0","Y","2126","1","1","0","0","0","0","0","1","0","1","N","","","","","","","","","","","","03","  ","","",""
"1446","1","0","0","0","0","0","0","0","0","4","0","","36","10","2018","2018114331","2","40.0377","-76.2718","1436","08","0","0","0","0","0","0","1","0","2","0","0","0","14","1","1","01","1","40 02:16.006","2","00","76 16:18.567","3","0","0","0","36215","0","0","0","N","0","0","0","2","36215","0","","1","01","N","N","0","","1","0","1","3","2","N","1436","1","2","0","0","0","0","0","1","0","2","N","","","","","","","","","","","","03","  ","","",""
"1539","2","0","0","0","0","0","0","0","0","1","0","","36","10","2018","2018114332","3","40.0526","-76.2618","1533","08","0","0","1","0","0","1","0","0","2","0","0","0","15","1","1","00","1","40 03:09.389","4","03","76 15:42.429","4","0","0","0","36301","0","0","0","N","0","0","0","5","36215","1","","1","01","N","N","0","","0","0","2","0","0","N","1531","1","4","0","0","0","0","0","3","0","4","N","","","","","","","","","","","","03","  ","","",""
"1908","1","0","0","0","0","0","0","0","0","1","0","","36","10","2018","2018114333","3","40.0223","-76.1918","1906","08","0","0","0","0","0","1","0","0","1","0","0","0","19","3","1","00","1","40 01:20.224","4","00","76 11:30.562","8","0","0","0","36215","0","0","0","N","0","0","0","2","36215","0","","1","01","N","N","1","","0","0","0","0","0","N","1906","1","2","0","0","1","1","0","1","0","2","N","","","","","","","","","","","","03","  ","","",""
"1312","1","0","0","0","0","0","0","0","0","1","0","","36","10","2018","2018114334","2","40.0161","-76.1606","1304","08","0","0","0","0","0","2","0","0","2","0","0","0","13","1","0","00","1","40 00:57.918","4","00","76 09:38.285","0","0","0","0","36215","0","0","0","N","0","0","0","2","36215","0","","1","01","N","N","0","","0","0","1","0","0","N","1302","0","2","0","0","0","0","0","1","0","2","N","","","","","","","","","","","","03","  ","","",""
"0323","0","0","0","0","0","0","0","0","0","7","1","","36","10","2018","2018114350","3","40.0459","-76.4223","0317","08","0","0","0","0","0","1","0","0","3","0","1","0","03","3","0","02","1","40 02:45.415","4","02","76 25:20.116","0","0","0","0","36239","0","0","0","Y","0","0","0","1","36239","0","","2","01","N","N","0","","0","0","0","3","2","Y","0315","0","1","0","0","0","0","0","3","0","1","N","","","","","","","","","","","","03","  ","","",""
"0845","1","0","0","0","0","0","0","0","0","7","0","","36","10","2018","2018114372","1","40.072","-76.4211","0834","08","0","0","0","0","1","0","0","0","","0","0","0","08","1","0","00","0","40 04:19.122","","00","76 25:16.093","0","0","0","0","36214","0","0","0","N","0","0","0","1","36214","0","","4","09","N","N","0","","0","0","0","0","0","","0830","0","1","0","0","0","0","0","3","0","1","N","","","","","","","","","","","","03","  ","","",""
"2003","2","0","0","0","0","0","0","0","0","4","0","","36","10","2018","2018114462","3","40.036","-76.2868","2003","08","0","0","1","0","0","0","0","0","2","0","0","0","20","3","0","01","1","40 02:09.555","5","00","76 17:12.521","0","0","0","0","36301","0","0","0","N","0","0","0","2","36301","0","","1","01","N","N","0","","0","0","0","3","3","N","2003","0","2","0","0","0","0","0","3","0","2","N","","","","","","","","","","","","03","  ","","",""
"0214","1","0","1","0","0","0","0","0","0","7","0","","36","10","2018","2018114469","5","39.9705","-76.3225","0205","08","0","0","0","0","0","0","0","0","","0","0","0","02","2","1","00","0","39 58:13.736","","00","76 19:21.116","2","0","0","0","36228","0","0","0","Y","0","0","0","1","36503","0","","2","01","N","N","0","","0","1","0","0","0","","0204","1","1","0","0","0","0","0","1","0","1","N","","","","","","","","","","","","03","  ","","",""
"1659","0","0","0","0","0","0","0","0","0","7","0","","36","10","2018","2018114478","6","40.1727","-76.147","1650","08","0","0","0","0","0","0","0","0","","0","0","0","16","1","0","00","0","40 10:21.726","","00","76 08:49.109","0","0","0","0","36218","0","0","0","Y","0","0","0","1","36408","0","","5","01","N","N","0","","0","0","1","0","0","","1647","0","1","0","0","0","0","0","1","0","1","N","","","","","","","","","","","","03","  ","","",""
"2337","1","0","0","0","0","0","0","0","0","1","0","","36","10","2018","2018114497","2","40.038","-76.2749","2330","08","0","0","1","0","0","0","0","0","2","0","0","0","23","3","0","00","1","40 02:16.816","3","00","76 16:29.631","0","0","0","0","36220","0","0","0","N","0","0","0","4","36101","0","","1","01","N","N","1","","0","0","0","0","0","N","2328","0","2","0","0","0","0","0","3","0","2","N","","","","","","","","","","","","03","  ","","",""
"0515","1","0","0","0","0","0","0","0","0","9","0","","36","10","2018","2018114498","3","40.0892","-76.2651","0507","08","0","0","0","0","0","1","0","0","","0","0","0","05","2","0","00","0","40 05:21.166","","00","76 15:54.365","0","0","0","0","36101","0","0","0","N","0","0","0","1","36101","0","","1","01","N","N","0","","0","0","0","0","0","","0504","0","1","0","0","0","0","0","3","0","1","N","","","","","","","","","","","","03","  ","","",""
"1711","1","0","0","0","0","0","0","0","0","7","0","","36","10","2018","2018114500","2","40.123","-76.479","1701","08","0","0","0","0","0","0","0","0","","0","0","0","17","1","1","00","0","40 07:22.884","","00","76 28:44.434","3","0","0","0","36230","0","0","0","N","0","0","0","1","36410","0","","5","01","N","N","0","","1","0","0","0","0","","1701","1","1","0","0","1","0","0","1","0","1","N","","","","","","","","","","","","03","  ","","",""
"2042","0","0","0","0","0","0","0","0","0","9","0","","36","10","2018","2018114501","2","40.1307","-76.4934","2032","08","0","0","0","0","0","1","0","0","","0","0","0","20","2","0","00","0","40 07:50.443","","00","76 29:36.299","0","0","0","0","36230","0","0","0","N","0","0","0","1","36410","0","","1","01","N","N","0","","0","0","1","0","0","","2022","0","1","0","0","1","0","0","1","0","1","N","","","","","","","","","","","","03","  ","","",""
"0652","0","0","0","1","0","0","0","0","0","4","0","","36","10","2018","2018114525","4","40.0369","-76.2985","0641","08","0","0","0","0","0","0","0","0","","0","0","0","06","3","1","01","0","40 02:12.821","","00","76 17:54.459","3","0","0","0","36301","1","0","0","N","0","0","0","2","36301","0","","1","01","N","N","0","","1","0","1","2","3","","0641","1","2","0","0","0","0","0","3","0","1","N","","","","","","","","","","","","03","  ","","",""
"0719","1","0","0","0","0","0","0","0","0","4","0","","36","10","2018","2018114526","4","40.2225","-76.0968","0716","08","0","0","0","0","0","0","0","0","","0","0","0","07","5","1","01","0","40 13:20.882","","00","76 05:48.548","3","0","0","0","36210","0","0","0","N","0","0","0","3","36210","0","","1","01","N","N","0","","1","0","1","3","2","","0710","1","2","0","0","1","0","0","1","0","2","N","","","","","","","","","","","","03","  ","","",""
"1529","2","0","0","0","0","0","0","0","0","5","0","","36","10","2018","2018114543","1","40.0443","-76.3148","1526","08","0","0","0","0","0","1","0","0","2","0","0","0","15","1","0","00","2","40 02:39.321","2","00","76 18:53.396","0","0","0","0","36301","1","0","0","N","0","0","0","4","36301","0","","1","01","N","N","0","","0","0","0","0","0","Y","1522","0","2","0","0","0","0","0","3","0","2","N","","","","","","","","","","","","03","  ","","",""