"ARRIVAL_TM","AUTOMOBILE_COUNT","BELTED_DEATH_COUNT","BELTED_SUSP_SERIOUS_INJ_COUNT","BICYCLE_COUNT","BICYCLE_DEATH_COUNT","BICYCLE_SUSP_SERIOUS_INJ_COUNT","BUS_COUNT","CHLDPAS_DEATH_COUNT","CHLDPAS_SUSP_SERIOUS_INJ_COUNT","COLLISION_TYPE","COMM_VEH_COUNT","CONS_ZONE_SPD_LIM","COUNTY","CRASH_MONTH","CRASH_YEAR","CRN","DAY_OF_WEEK","DEC_LAT","DEC_LONG","DISPATCH_TM","DISTRICT","DRIVER_COUNT_16YR","DRIVER_COUNT_17YR","DRIVER_COUNT_18YR","DRIVER_COUNT_19YR","DRIVER_COUNT_20YR","DRIVER_COUNT_50_64YR","DRIVER_COUNT_65_74YR","DRIVER_COUNT_75PLUS","EST_HRS_CLOSED","FATAL_COUNT","HEAVY_TRUCK_COUNT","HORSE_BUGGY_COUNT","HOUR_OF_DAY","ILLUMINATION","INJURY_COUNT","INTERSECT_TYPE","LANE_CLOSED","LATITUDE","LN_CLOSE_DIR","LOCATION_TYPE","LONGITUDE","MAX_SEVERITY_LEVEL","MCYCLE_DEATH_COUNT","MCYCLE_SUSP_SERIOUS_INJ_COUNT","MOTORCYCLE_COUNT","MUNICIPALITY","NONMOTR_COUNT","NONMOTR_DEATH_COUNT","NONMOTR_SUSP_SERIOUS_INJ_COUNT","NTFY_HIWY_MAINT","PED_COUNT","PED_DEATH_COUNT","PED_SUSP_SERIOUS_INJ_COUNT","PERSON_COUNT","POLICE_AGCY","POSSIBLE_INJ_COUNT","RDWY_SURF_TYPE_CD","RELATION_TO_ROAD","ROAD_CONDITION","SCH_BUS_IND","SCH_ZONE_IND","SMALL_TRUCK_COUNT","SPEC_JURIS_CD","SUSP_MINOR_INJ_COUNT","SUSP_SERIOUS_INJ_COUNT","SUV_COUNT","TCD_FUNC_CD","TCD_TYPE","TFC_DETOUR_IND","TIME_OF_DAY","TOT_INJ_COUNT","TOTAL_UNITS","UNB_DEATH_COUNT","UNB_SUSP_SERIOUS_INJ_COUNT","UNBELTED_OCC_COUNT","UNK_INJ_DEG_COUNT","UNK_INJ_PER_COUNT","URBAN_RURAL","VAN_COUNT","VEHICLE_COUNT","WORK_ZONE_IND","WORK_ZONE_LOC","WORK_ZONE_TYPE","WORKERS_PRES","WZ_CLOSE_DETOUR","WZ_FLAGGER","WZ_LAW_OFFCR_IND","WZ_LN_CLOSURE","WZ_MOVING","WZ_OTHER","WZ_SHLDER_MDN","ROADWAY_CLEARED","WEATHER1","WEATHER2","WZ_WORKERS_INJ_KILLED","SECONDARY_CRASH","INTERSECTION_RELATED"
"2251","1","0","0","0","0","0","0","0","0","4","0","","36","10","2018","2018114571","4","","","2246","08","0","0","0","0","0","0","0","0","1","0","0","0","22","3","0","00","1","","1","00","","0","0","0","0","36235","1","0","0","N","0","0","0","2","36506","0","","5","01","N","N","0","","0","0","0","0","0","Y","2246","0","2","0","0","1","0","0","1","1","2","N","","","","","","","","","","","","03","  ","","",""
"0002","1","0","0","0","0","0","0","0","0","9","0","","36","10","2018","2018114581","3","40.2025","-76.3911","2357","08","0","0","0","0","0","0","0","0","1","0","0","0","23","2","0","00","1","40 12:09.000","1","03","76 23:27.900","0","0","0","0","36227","0","0","0","N","0","0","0","1","36506","0","","1","01","N","N","0","","0","0","0","0","0","N","2357","0","1","0","0","0","0","0","1","0","1","N","","","","","","","","","","","","03","  ","","",""
"1144","0","0","0","0","0","0","0","0","0","7","0","","36","10","2018","2018114625","4","40.0254","-76.075","1139","08","0","0","0","0","0","0","0","0","3","0","0","0","11","1","0","00","1","40 01:31.597","1","00","76 04:29.847","0","0","0","0","36221","0","0","0","Y","0","0","0","1","68J01","0","","4","01","N","N","1","","0","0","0","0","0","N","1137","0","1","0","0","0","0","0","1","0","1","N","","","","","","","","","","","","03","  ","","",""
"1546","1","0","0","0","0","0","0","0","0","4","0","","36","10","2018","2018114626","4","39.8414","-76.0932","1527","08","0","1","0","0","0","0","1","0","","0","0","0","15","1","0","01","0","39 50:28.973","","00","76 05:35.577","0","0","0","0","36205","0","0","0","N","0","0","0","4","68J01","0","","1","01","N","N","0","","0","0","1","3","3","","1500","0","2","0","0","0","0","0","1","0","2","N","","","","","","","","","","","","03","  ","","",""
"0645","0","0","0","0","0","0","0","0","0","9","0","","36","10","2018","2018114629","5","39.8456","-76.1574","0618","08","0","0","0","0","0","1","0","0","","0","0","0","06","2","0","00","0","39 50:44.334","","00","76 09:26.690","0","0","0","0","36212","0","0","0","N","0","0","0","1","68J01","0","","1","01","N","N","1","","0","0","0","0","0","","0616","0","1","0","0","0","0","0","1","0","1","N","","","","","","","","","","","","03","  ","","",""
"0004","1","0","0","0","0","0","0","0","0","9","0","","36","10","2018","2018114636","5","40.2374","-76.0444","2331","08","0","0","0","0","0","0","0","0","","0","0","0","23","2","0","00","0","40 14:14.809","","00","76 02:39.710","0","0","0","0","36202","0","0","0","N","0","0","0","1","68J01","0","","1","01","N","N","0","","0","0","0","0","0","","2330","0","1","0","0","0","0","0","1","0","1","N","","","","","","","","","","","","03","  ","","",""
"0827","2","0","0","0","0","0","0","0","0","1","0","","36","10","2018","2018114664","2","39.9631","-75.9974","0733","08","0","0","0","0","0","1","0","0","","0","0","0","07","5","1","01","0","39 57:47.302","","00","75 59:50.526","4","0","0","0","36231","0","0","0","N","0","0","0","2","68J01","1","","1","09","N","N","0","","0","0","0","3","1","","0721","1","2","0","0","0","0","0","1","0","2","N","","","","","","","","","","","","03","  ","","",""
"1702","1","0","0","0","0","0","0","0","0","7","0","","36","10","2018","2018114683","3","39.9145","-76.0472","1638","08","0","0","0","0","0","0","1","0","2","0","0","0","16","1","0","00","1","39 54:52.255","1","00","76 02:49.957","0","0","0","0","36201","0","0","0","N","0","0","0","1","68J01","0","","4","01","N","N","0","","0","0","0","0","0","N","1637","0","1","0","0","0","0","0","1","0","1","N","","","","","","","","","","","","03","  ","","",""
"1536","3","2","1","0","0","0","0","0","0","5","0","","36","10","2018","2018114699","6","40.1548","-76.313","1535","08","0","1","0","0","0","3","1","0","5","2","0","0","15","1","5","00","2","40 09:17.204","6","00","76 18:46.855","1","0","0","0","36409","0","0","0","N","0","0","0","16","36409","0","2","1","01","N","N","0","0","0","1","3","0","0","Y","1533","5","8","0","0","0","4","0","3","2","8","N","","","","","","","","","","","","03","  ","","",""
"1245","1","0","0","0","0","0","0","0","0","7","0","","36","10","2018","2018114702","4","40.038","-76.4406","1243","08","0","0","0","0","0","0","0","0","","0","0","0","12","1","0","00","0","40 02:16.806","","00","76 26:26.279","0","0","0","0","36239","0","0","0","N","0","0","0","1","36239","0","","5","01","N","N","0","","0","0","0","0","0","","1243","0","1","0","0","0","0","0","3","0","1","N","","","","","","","","","","","","03","  ","","",""
"1124","1","0","0","0","0","0","0","0","0","7","0","","36","10","2018","2018114711","1","40.296","-76.2009","1120","08","0","1","0","0","0","0","0","0","2","0","0","0","11","1","0","00","1","40 17:45.528","1","00","76 12:03.385","0","0","0","0","36236","0","0","0","N","0","0","0","1","36408","0","","5","01","N","N","0","","0","0","0","0","0","N","1115","0","1","0","0","0","0","0","1","0","1","N","","","","","","","","","","","","03","  ","","",""
"1819","1","0","0","0","0","0","0","0","0","4","0","","36","10","2018","2018114740","3","40.1108","-76.2836","1805","08","0","0","0","0","0","1","0","0","2","0","0","0","18","4","0","00","1","40 06:39.040","1","00","76 17:01.070","0","0","0","0","36101","0","0","0","N","0","0","0","2","36101","0","","1","01","N","N","1","","0","0","0","0","0","N","1804","0","2","0","0","0","0","0","3","0","2","N","","","","","","","","","","","","03","  ","","",""
"2124","2","0","0","0","0","0","0","0","0","1","0","","36","10","2018","2018114741","3","40.1154","-76.2426","2117","08","0","0","0","0","0","0","0","0","2","0","0","0","21","2","1","00","1","40 06:55.540","4","00","76 14:33.475","3","0","0","0","36101","0","0","0","N","0","0","0","2","36101","0","","1","01","N","N","0","","1","0","0","0","0","N","2116","1","2","0","0","0","0","0","3","0","2","N","","","","","","","","","","","","03","  ","","",""
"1850","1","0","0","0","0","0","0","0","0","9","0","","36","10","2018","2018114775","4","40.0436","-76.4313","1846","08","0","0","0","0","0","0","0","0","","0","0","0","18","2","0","00","0","40 02:36.957","","00","76 25:52.545","0","0","0","0","36239","0","0","0","N","0","0","0","1","36239","0","","1","01","N","N","0","","0","0","0","0","0","","1846","0","1","0","0","0","0","0","3","0","1","N","","","","","","","","","","","","03","  ","","",""
"1143","1","0","0","0","0","0","0","0","0","1","0","","36","10","2018","2018114785","7","40.008","-76.3588","1138","08","0","0","0","0","0","0","0","0","","0","0","0","11","1","2","01","0","40 00:28.902","","00","76 21:30.702","3","0","0","0","36412","0","0","0","N","0","0","0","7","36412","0","","1","09","N","N","0","","2","0","1","3","2","","1138","2","2","0","0","0","0","0","3","0","2","N","","","","","","","","","","","","07","  ","","",""
"1244","1","0","0","0","0","0","0","0","0","1","0","","36","10","2018","2018114826","6","40.1502","-75.9058","1208","08","1","0","0","0","0","0","1","0","3","0","0","0","12","1","0","00","1","40 09:00.873","3","00","75 54:20.727","0","0","0","0","36203","0","0","0","N","0","0","0","2","68J01","0","","1","01","N","N","0","","0","0","1","0","0","N","1208","0","2","0","0","0","0","0","1","0","2","N","","","","","","","","","","","","03","  ","","",""
"1951","1","0","0","0","0","0","0","0","0","7","0","","36","10","2018","2018114832","2","39.9815","-76.0732","1943","08","0","0","0","1","0","0","0","0","1","0","0","0","19","2","1","00","1","39 58:53.390","5","00","76 04:23.590","3","0","0","0","36226","0","0","0","N","0","0","0","1","68J01","0","","4","01","N","N","0","","1","0","0","0","0","N","1942","1","1","0","0","0","0","0","1","0","1","N","","","","","","","","","","","","03","  ","","",""
"0853","0","0","1","0","0","0","0","0","0","4","1","","36","10","2018","2018114833","3","40.0079","-76.1194","0849","08","0","0","0","0","0","2","0","0","3","0","0","0","08","1","2","00","2","40 00:28.288","6","00","76 07:09.926","2","0","0","0","36226","0","0","0","N","0","0","0","4","68J01","0","","1","01","N","N","1","","1","1","1","0","0","N","0846","2","3","0","0","0","0","0","1","1","3","N","","","","","","","","","","","","03","  ","","",""
"1925","1","0","0","0","0","0","0","0","0","4","0","","36","10","2018","2018114836","3","40.0523","-76.1013","1902","08","0","0","0","0","0","0","0","0","","0","0","0","18","2","0","02","0","40 03:08.244","","00","76 06:04.852","0","0","0","0","36221","0","0","0","N","0","0","0","4","68J01","0","","1","01","N","N","0","","0","0","1","0","0","","1859","0","2","0","0","0","0","0","1","0","2","N","","","","","","","","","","","","03","  ","","",""
"0802","0","0","0","0","0","0","0","0","0","7","0","","36","10","2018","2018114838","4","39.7332","-76.1541","0721","08","0","0","0","0","0","0","0","0","","0","0","0","07","5","1","00","0","39 43:59.667","","00","76 09:14.730","3","0","0","0","36219","0","0","0","N","0","0","0","1","68J01","0","","4","01","N","N","1","","1","0","0","3","8","","0718","1","1","0","0","1","0","0","1","0","1","N","","","","","","","","","","","","03","  ","","",""
"1342","2","0","0","0","0","0","0","0","0","4","0","","36","10","2018","2018114847","6","40.2091","-76.0471","1313","08","0","0","0","0","0","0","0","2","3","0","0","0","13","1","0","01","1","40 12:32.596","4","00","76 02:49.645","0","0","0","0","36202","0","0","0","N","0","0","0","4","68J01","0","","1","01","N","N","0","","0","0","0","3","3","N","1310","0","2","0","0","0","0","0","1","0","2","N","","","","","","","","","","","","03","  ","","",""
"2002","2","0","0","0","0","0","0","0","0","4","0","","36","10","2018","2018114867","6","40.214","-76.1583","2000","08","0","0","0","0","0","0","0","0","","0","0","0","19","2","0","01","0","40 12:50.259","","00","76 09:29.735","0","0","0","0","36210","0","0","0","N","0","0","0","3","36210","0","","1","01","N","N","0","","0","0","0","3","3","","1959","0","2","0","0","0","0","0","1","0","2","N","","","","","","","","","","","","03","  ","","",""
"0111","0","0","0","0","0","0","0","0","0","9","0","","36","11","2018","2018114878","5","40.0436","-76.5129","0107","08","0","0","0","0","0","1","0","0","","0","0","0","01","2","0","02","0","40 02:37.138","","00","76 30:46.552","0","0","0","0","36239","0","0","0","N","0","0","0","1","36239","0","","1","01","N","N","0","","0","0","1","0","0","","0102","0","1","0","0","0","0","0","3","0","1","N","","","","","","","","","","","","03","  ","","",""
"1521","2","0","0","0","0","0","0","0","0","2","0","","36","10","2018","2018114918","3","40.1555","-76.3089","1521","08","0","0","0","0","0","1","0","0","1","0","0","0","15","1","0","01","1","40 09:19.722","4","00","76 18:32.122","0","0","0","0","36409","0","0","0","N","0","0","0","3","36409","0","","1","01","N","N","0","","0","0","0","3","3","N","1521","0","2","0","0","0","0","0","3","0","2","N","","","","","","","","","","","","03","  ","","",""
"0728","1","0","0","0","0","0","0","0","0","4","0","","36","10","2018","2018114939","6","40.1377","-76.3033","0722","08","0","0","0","0","0","1","0","0","","0","0","0","07","1","0","01","0","40 08:15.854","","00","76 18:11.964","0","0","0","0","36235","0","0","0","N","0","0","0","2","36506","0","","1","01","N","N","1","","0","0","0","3","2","","0722","0","2","0","0","0","0","0","1","0","2","N","","","","","","","","","","","","03","  ","","",""
"1607","1","0","0","0","0","0","0","0","0","1","0","","36","10","2018","2018115226","3","40.1432","-76.5962","1602","08","0","0","0","0","0","1","0","0","","0","0","0","16","1","1","02","0","40 08:35.370","","00","76 35:46.214","4","0","0","0","36407","0","0","0","N","0","0","0","2","36407","1","","1","01","N","N","1","","0","0","0","3","2","","1600","1","2","0","0","0","0","0","2","0","2","N","","","","","","","","","","","","03","  ","","",""
"0025","0","0","0","0","0","0","0","0","0","7","0","","36","09","2018","2018115324","6","39.9898","-75.9994","0012","08","0","0","0","0","0","0","0","0","4","1","0","0","23","2","0","00","1","39 59:23.252","4","00","75 59:57.905","1","0","0","0","36232","0","0","0","N","0","0","0","1","68J01","0","2","4","01","N","N","0","0","0","0","1","0","0","N","2355","0","1","0","0","0","0","0","1","0","1","N","","","","","","","","","","","","03","  ","","",""
"1302","0","0","0","0","0","0","0","0","0","2","0","","36","10","2018","2018115327","4","39.8356","-76.0579","1252","08","0","0","0","0","0","2","0","1","","0","0","0","12","1","0","01","0","39 50:08.175","","00","76 03:28.586","0","0","0","0","36205","0","0","0","N","0","0","0","3","68J01","0","","1","01","N","N","0","","0","0","3","0","0","","1250","0","3","0","0","0","0","0","1","0","3","N","","","","","","","","","","","","03","  ","","",""
"1811","1","0","0","0","0","0","0","0","0","4","0","","36","10","2018","2018115338","5","39.779","-76.1168","1742","08","0","0","0","0","0","0","0","0","","0","0","0","17","1","0","01","0","39 46:44.379","","00","76 07:00.453","0","0","0","0","36222","0","0","0","N","0","0","0","2","68J01","0","","1","01","N","N","0","","0","0","1","3","3","","1734","0","2","0","0","0","0","0","1","0","2","N","","","","","","","","","","","","03","  ","","",""
"1936","0","0","0","0","0","0","0","0","0","9","0","","36","10","2018","2018115339","6","40.0868","-76.2679","1936","08","0","0","0","0","0","0","0","0","","0","0","0","19","2","0","00","0","40 05:12.390","","00","76 16:04.260","0","0","0","0","36101","0","0","0","N","0","0","0","2","68J01","0","","1","01","N","N","0","","0","0","1","0","0","","1936","0","1","0","0","0","0","0","3","0","1","N","","","","","","","","","","","","03","  ","","",""
"1350","0","0","0","0","0","0","0","0","0","1","0","","36","10","2018","2018115341","7","39.919","-76.1887","1324","08","0","0","0","0","0","1","1","0","2","0","0","0","13","1","0","00","1","39 55:08.351","5","00","76 11:19.291","0","0","0","0","36229","0","0","0","N","0","0","0","3","68J01","0","","1","01","N","N","0","","0","0","2","0","0","N","1322","0","2","0","0","0","0","0","1","0","2","N","","","","","","","","","","","","03","  ","","",""
"1301","1","0","0","0","0","0","0","0","0","7","0","","36","10","2018","2018115409","7","40.1167","-76.3206","1255","08","0","0","0","0","0","0","1","0","","0","0","0","12","1","0","02","0","40 07:00.245","","00","76 19:13.990","0","0","0","0","36101","0","0","0","N","0","0","0","1","36101","0","","5","09","N","N","0","","0","0","0","0","0","","1252","0","1","0","0","0","0","0","3","0","1","N","","","","","","","","","","","","07","  ","","",""
"1519","1","0","0","0","0","0","0","0","0","1","0","","36","10","2018","2018115410","7","40.0618","-76.2796","1513","08","0","0","0","0","1","1","0","0","1","0","0","0","15","1","1","00","1","40 03:42.348","3","02","76 16:46.453","4","0","0","0","36101","0","0","0","N","0","0","0","4","36101","1","","1","01","N","N","1","","0","0","0","3","2","N","1510","1","2","0","0","0","0","0","3","0","2","N","","","","","","","","","","","","03","  ","","",""
"2344","0","0","0","0","0","0","0","0","0","7","0","","36","10","2018","2018115411","6","40.0895","-76.3559","2330","08","0","0","0","0","0","0","1","0","","0","0","0","23","2","0","00","0","40 05:22.260","","00","76 21:21.080","0","0","0","0","36214","0","0","0","N","0","0","0","2","36214","0","","4","09","N","N","0","","0","0","0","0","0","","2325","0","1","0","0","0","0","0","3","1","1","N","","","","","","","","","","","","07","  ","","",""
"2132","1","0","0","0","0","0","0","0","0","7","0","","36","10","2018","2018115412","7","40.0502","-76.3504","2127","08","0","0","0","0","0","0","0","0","","0","0","0","21","2","0","09","0","40 03:00.691","","00","76 21:01.372","0","0","0","0","36214","0","0","0","N","0","0","0","2","36214","0","","5","09","N","N","0","","0","0","0","3","6","","2127","0","1","0","0","0","0","0","3","0","1","N","","","","","","","","","","","","03","  ","","",""
"1928","1","0","0","0","0","0","0","0","0","1","0","","36","11","2018","2018115413","5","40.0576","-76.3597","1922","08","0","0","0","0","0","0","0","0","","0","0","0","19","3","1","00","0","40 03:27.508","","00","76 21:34.800","3","0","0","0","36214","0","0","0","N","0","0","0","4","36214","0","","1","01","N","N","0","","1","0","1","0","0","","1922","1","3","0","0","0","0","0","3","1","3","N","","","","","","","","","","","","03","  ","","",""
"1750","1","0","0","0","0","0","0","0","0","8","0","","36","10","2018","2018115414","3","40.0261","-76.2038","1745","08","0","0","0","0","0","0","0","0","","0","0","0","17","1","1","00","0","40 01:34.000","","07","76 12:13.600","3","0","0","0","36215","1","0","0","N","1","0","0","2","36215","0","","1","01","N","N","0","","1","0","0","3","3","","1744","1","2","0","0","0","0","0","1","0","1","N","","","","","","","","","","","","03","  ","","",""
"1015","2","0","0","0","0","0","0","0","0","4","0","","36","11","2018","2018115423","5","40.1093","-76.2501","1010","08","0","0","0","0","0","0","0","0","2","0","0","0","10","1","1","01","1","40 06:33.403","7","00","76 15:00.444","3","0","0","0","36101","0","0","0","N","0","0","0","2","36101","0","","1","01","N","N","0","","1","0","0","3","3","N","1009","1","2","0","0","0","0","0","3","0","2","N","","","","","","","","","","","","03","  ","","",""
"1108","1","0","0","0","0","0","0","0","0","1","0","","36","11","2018","2018115452","5","39.9991","-76.244","1104","08","0","0","0","0","0","0","0","1","","0","0","0","10","1","0","01","0","39 59:56.606","","00","76 14:38.479","0","0","0","0","36240","0","0","0","N","0","0","0","2","36240","0","","1","01","N","N","1","","0","0","0","3","2","","1056","0","2","0","0","0","0","0","1","0","2","N","","","","","","","","","","","","03","  ","","",""
"2003","1","0","0","0","0","0","0","0","0","0","0","","36","10","2018","2018115468","3","40.0498","-76.2551","2000","08","0","0","0","0","0","0","0","0","2","0","0","0","20","3","2","00","1","40 02:59.237","4","00","76 15:18.324","3","0","0","0","36215","0","0","0","N","0","0","0","4","36215","0","","1","01","N","N","0","","2","0","1","0","0","N","2000","2","2","0","0","0","0","0","1","0","2","N","","","","","","","","","","","","03","  ","","",""
"0742","2","0","0","0","0","0","0","0","0","4","0","","36","11","2018","2018115471","6","39.9911","-76.2603","0737","08","0","0","0","0","0","0","0","0","2","0","0","0","07","1","0","01","1","39 59:28.076","1","00","76 15:37.017","0","0","0","0","36240","0","0","0","N","0","0","0","2","36240","0","","1","09","N","N","0","","0","0","0","3","1","N","0731","0","2","0","0","0","0","0","1","0","2","N","","","","","","","","","","","","03","  ","","",""
"1540","1","0","0","0","0","0","0","0","0","4","0","","36","11","2018","2018115489","5","40.0319","-76.5","1528","08","0","1","0","0","0","0","1","0","","0","0","0","15","1","0","01","0","40 01:54.735","","00","76 29:59.892","0","0","0","0","36404","0","0","0","N","0","0","0","2","36404","0","","1","01","N","N","1","","0","0","0","3","3","","1528","0","2","0","0","0","0","0","3","0","2","N","","","","","","","","","","","","03","  ","","",""
"1540","2","0","0","0","0","0","0","0","0","4","0","","36","10","2018","2018115490","3","40.045","-76.4224","1538","08","0","1","0","0","0","0","0","0","1","0","0","0","15","1","0","01","1","40 02:42.048","1","02","76 25:20.464","0","0","0","0","36239","0","0","0","N","0","0","0","2","36239","0","","1","01","N","N","0","","0","0","0","3","2","N","1538","0","2","0","0","0","0","0","3","0","2","N","","","","","","","","","","","","03","  ","","",""
"1644","2","0","0","0","0","0","0","0","0","1","0","","36","10","2018","2018115498","4","40.0585","-76.2743","1638","08","0","0","0","0","0","0","0","0","2","0","0","0","16","1","0","00","1","40 03:30.678","4","00","76 16:27.342","0","0","0","0","36101","0","0","0","N","0","0","0","2","36101","0","","1","01","N","N","0","","0","0","0","0","0","N","1637","0","2","0","0","0","0","0","3","0","2","N","","","","","","","","","","","","03","  ","","",""
"1226","1","0","0","0","0","0","0","0","0","7","0","","36","10","2018","2018115534","3","40.0736","-76.0167","1217","08","0","0","1","0","0","0","0","0","2","0","0","0","12","1","0","00","1","40 04:24.803","1","00","76 01:00.034","0","0","0","0","36232","0","0","0","Y","0","0","0","1","68J01","0","","4","01","N","N","0","","0","0","0","0","0","N","1214","0","1","0","0","0","0","0","1","0","1","N","","","","","","","","","","","","03","  ","","",""
"1706","1","0","0","0","0","0","0","0","0","2","0","","36","10","2018","2018115536","5","39.9542","-76.1386","1653","08","0","0","0","0","0","1","0","1","1","0","0","0","16","1","1","00","1","39 57:15.160","2","00","76 08:18.820","4","0","0","0","36226","0","0","0","N","0","0","0","2","68J01","1","","1","01","N","N","1","","0","0","0","0","0","N","1643","1","2","0","0","0","0","0","1","0","2","N","","","","","","","","","","","","03","  ","","",""
"0759","1","0","0","0","0","0","0","0","0","4","1","","36","10","2018","2018115537","6","39.9631","-75.9974","0750","08","0","0","1","0","0","1","0","0","2","0","0","0","07","1","1","01","2","39 57:47.302","5","00","75 59:50.526","8","0","0","0","36231","0","0","0","N","0","0","0","2","68J01","0","","1","01","N","N","1","","0","0","0","3","2","Y","0737","1","2","0","0","0","1","0","1","0","2","N","","","","","","","","","","","","03","  ","","",""
"1355","1","0","0","0","0","0","0","0","0","5","0","","36","10","2018","2018115540","5","40.0455","-76.3061","1248","08","0","0","0","0","0","0","0","0","","0","0","0","03","3","0","00","0","40 02:43.800","","00","76 18:21.900","0","0","0","0","36301","0","0","0","N","0","0","0","0","36301","0","","6","09","N","N","0","","0","0","0","0","0","","0300","0","1","0","0","0","0","0","3","0","1","N","","","","","","","","","","","","07","  ","","",""
"1608","2","0","0","0","0","0","0","0","0","4","0","","36","10","2018","2018115546","5","40.1715","-75.9282","1539","08","0","0","0","0","0","0","1","0","","0","0","0","15","1","2","01","0","40 10:17.433","","00","75 55:41.348","8","0","0","0","36203","0","0","0","N","0","0","0","3","68J01","0","","1","01","N","N","0","","0","0","0","3","3","","1538","2","2","0","0","0","2","0","1","0","2","N","","","","","","","","","","","","03","  ","","",""
"2228","1","0","0","0","0","0","0","0","0","0","0","","36","10","2018","2018115550","7","39.868","-76.1176","2201","08","0","0","0","0","0","0","0","0","1","0","0","0","21","2","1","00","1","39 52:04.825","2","00","76 07:03.372","8","0","0","0","36205","0","0","0","N","0","0","0","1","68J01","0","","1","09","N","N","0","","0","0","0","0","0","N","2154","1","1","0","0","0","1","0","1","0","1","N","","","","","","","","","","","","03","  ","","",""
"0734","1","0","0","0","0","0","0","0","0","9","0","","36","11","2018","2018115562","5","39.918","-76.0914","0722","08","0","0","0","0","0","0","0","0","","0","0","0","07","5","1","00","0","39 55:04.664","","00","76 05:29.151","8","0","0","0","36201","0","0","0","N","0","0","0","1","68J01","0","","1","01","N","N","0","","0","0","0","0","0","","0710","1","1","0","0","0","1","0","1","0","1","N","","","","","","","","","","","","03","  ","","",""
"1633","0","0","0","0","0","0","0","0","0","1","0","","36","11","2018","2018115589","5","39.9873","-76.2777","1625","08","0","0","0","0","0","1","0","0","","0","0","0","16","1","0","00","0","39 59:14.301","","00","76 16:39.779","0","0","0","0","36240","0","0","0","N","0","0","0","3","36240","0","","1","01","N","N","1","","0","0","1","0","0","","1620","0","2","0","0","0","0","0","1","0","2","N","","","","","","","","","","","","03","  ","","",""
"0802","2","0","0","0","0","0","0","0","0","4","0","","36","10","2018","2018115592","4","40.0381","-76.3215","0752","08","0","0","0","0","0","0","0","0","1","0","0","0","07","1","0","01","1","40 02:17.091","7","00","76 19:17.471","0","0","0","0","36301","0","0","0","N","0","0","0","2","36301","0","","1","01","N","N","0","","0","0","0","3","2","Y","0751","0","2","0","0","0","0","0","3","0","2","N","","","","","","","","","","","","03","  ","","",""
"0849","0","0","0","0","0","0","0","0","0","1","0","","36","10","2018","2018115639","2","40.058","-76.2805","0847","08","0","0","0","0","0","0","0","1","2","0","0","0","08","1","2","00","1","40 03:28.930","4","00","76 16:49.683","4","0","0","0","36101","0","0","0","N","0","0","0","2","36101","2","","1","01","N","N","0","","0","0","1","3","2","Y","0847","2","2","0","0","0","0","0","3","1","2","N","","","","","","","","","","","","03","  ","","",""
"0842","1","0","0","0","0","0","0","0","0","1","0","","36","10","2018","2018115640","3","40.0527","-76.3601","0842","08","0","0","0","0","0","0","0","0","1","0","0","0","08","1","0","00","1","40 03:09.700","1","00","76 21:36.518","0","0","0","0","36214","0","0","0","N","0","0","0","2","36214","0","","1","01","N","N","0","","0","0","1","3","2","N","0840","0","2","0","0","0","0","0","3","0","2","N","","","","","","","","","","","","03","  ","","",""
"0552","2","0","0","0","0","0","0","0","0","4","0","","36","10","2018","2018115654","4","40.0361","-76.3108","0527","08","0","0","0","0","0","0","0","0","1","0","0","0","05","3","0","00","1","40 02:10.134","2","00","76 18:39.045","0","0","0","0","36301","0","0","0","N","0","0","0","1","36301","0","","6","01","N","N","0","","0","0","0","0","0","Y","0527","0","2","0","0","0","0","0","3","0","2","N","","","","","","","","","","","","03","  ","","",""
"2205","1","0","0","0","0","0","0","0","0","5","0","","36","11","2018","2018115711","6","40.1798","-76.1682","2159","08","0","0","0","0","0","0","0","0","1","0","0","0","21","6","0","00","2","40 10:47.400","6","00","76 10:05.500","0","0","0","0","36408","0","0","0","N","0","0","0","1","36408","0","","2","09","N","N","0","","0","0","1","0","0","Y","2159","0","2","0","0","0","0","0","2","0","2","N","","","","","","","","","","","","07","  ","","",""
"0214","0","0","0","0","0","0","0","0","0","7","0","","36","10","2018","2018115726","7","39.897","-76.1779","0207","08","0","0","0","0","0","0","0","0","","0","0","0","02","3","1","01","0","39 53:49.176","","00","76 10:40.444","3","0","0","0","36229","0","0","0","N","0","0","0","1","68J01","0","","4","01","N","N","1","","1","0","0","0","0","","0207","1","1","0","0","1","0","0","1","0","1","N","","","","","","","","","","","","03","  ","","",""
"2312","1","0","0","0","0","0","0","0","0","4","0","","36","11","2018","2018115783","6","40.0404","-76.3229","2259","08","0","0","0","0","0","0","1","0","","0","0","0","22","6","0","01","0","40 02:25.547","","00","76 19:22.515","0","0","0","0","36301","0","0","0","N","0","0","0","2","36301","0","","1","09","N","N","0","","0","0","1","3","2","","2258","0","2","0","0","0","0","0","3","0","2","N","","","","","","","","","","","","07","  ","","",""
"0409","0","0","0","0","0","0","0","0","0","7","0","","36","11","2018","2018115805","6","40.1733","-76.1453","0406","08","0","0","0","0","0","0","0","0","3","0","0","0","04","2","1","00","1","40 10:23.709","1","00","76 08:43.161","8","0","0","0","36218","0","0","0","N","0","0","0","1","36408","0","","5","09","N","N","0","","0","0","1","0","0","N","0402","1","2","0","0","0","1","0","1","0","1","N","","","","","","","","","","","","07","  ","","",""