"ARRIVAL_TM","AUTOMOBILE_COUNT","BELTED_DEATH_COUNT","BELTED_SUSP_SERIOUS_INJ_COUNT","BICYCLE_COUNT","BICYCLE_DEATH_COUNT","BICYCLE_SUSP_SERIOUS_INJ_COUNT","BUS_COUNT","CHLDPAS_DEATH_COUNT","CHLDPAS_SUSP_SERIOUS_INJ_COUNT","COLLISION_TYPE","COMM_VEH_COUNT","CONS_ZONE_SPD_LIM","COUNTY","CRASH_MONTH","CRASH_YEAR","CRN","DAY_OF_WEEK","DEC_LAT","DEC_LONG","DISPATCH_TM","DISTRICT","DRIVER_COUNT_16YR","DRIVER_COUNT_17YR","DRIVER_COUNT_18YR","DRIVER_COUNT_19YR","DRIVER_COUNT_20YR","DRIVER_COUNT_50_64YR","DRIVER_COUNT_65_74YR","DRIVER_COUNT_75PLUS","EST_HRS_CLOSED","FATAL_COUNT","HEAVY_TRUCK_COUNT","HORSE_BUGGY_COUNT","HOUR_OF_DAY","ILLUMINATION","INJURY_COUNT","INTERSECT_TYPE","LANE_CLOSED","LATITUDE","LN_CLOSE_DIR","LOCATION_TYPE","LONGITUDE","MAX_SEVERITY_LEVEL","MCYCLE_DEATH_COUNT","MCYCLE_SUSP_SERIOUS_INJ_COUNT","MOTORCYCLE_COUNT","MUNICIPALITY","NONMOTR_COUNT","NONMOTR_DEATH_COUNT","NONMOTR_SUSP_SERIOUS_INJ_COUNT","NTFY_HIWY_MAINT","PED_COUNT","PED_DEATH_COUNT","PED_SUSP_SERIOUS_INJ_COUNT","PERSON_COUNT","POLICE_AGCY","POSSIBLE_INJ_COUNT","RDWY_SURF_TYPE_CD","RELATION_TO_ROAD","ROAD_CONDITION","SCH_BUS_IND","SCH_ZONE_IND","SMALL_TRUCK_COUNT","SPEC_JURIS_CD","SUSP_MINOR_INJ_COUNT","SUSP_SERIOUS_INJ_COUNT","SUV_COUNT","TCD_FUNC_CD","TCD_TYPE","TFC_DETOUR_IND","TIME_OF_DAY","TOT_INJ_COUNT","TOTAL_UNITS","UNB_DEATH_COUNT","UNB_SUSP_SERIOUS_INJ_COUNT","UNBELTED_OCC_COUNT","UNK_INJ_DEG_COUNT","UNK_INJ_PER_COUNT","URBAN_RURAL","VAN_COUNT","VEHICLE_COUNT","WORK_ZONE_IND","WORK_ZONE_LOC","WORK_ZONE_TYPE","WORKERS_PRES","WZ_CLOSE_DETOUR","WZ_FLAGGER","WZ_LAW_OFFCR_IND","WZ_LN_CLOSURE","WZ_MOVING","WZ_OTHER","WZ_SHLDER_MDN","ROADWAY_CLEARED","WEATHER1","WEATHER2","WZ_WORKERS_INJ_KILLED","SECONDARY_CRASH","INTERSECTION_RELATED"
"2013","1","0","0","0","0","0","0","0","0","3","1","","36","11","2018","2018115815","6","40.0421","-76.4098","2004","08","0","0","0","0","0","0","1","0","1","0","1","0","20","3","0","09","2","40 02:31.700","5","00","76 24:35.200","0","0","0","0","36239","0","0","0","N","0","0","0","2","36239","0","","1","09","N","N","0","","0","0","0","0","0","Y","2002","0","2","0","0","0","0","0","3","0","2","N","","","","","","","","","","","","07","  ","","",""
"1654","2","0","0","0","0","0","0","0","0","1","0","","36","10","2018","2018115841","5","40.104","-76.3054","1648","08","0","0","0","0","0","0","0","0","","0","0","0","16","1","2","00","0","40 06:14.444","","00","76 18:19.483","4","0","0","0","36101","0","0","0","N","0","0","0","3","36101","2","","1","01","N","N","0","","0","0","0","0","0","","1644","2","2","0","0","0","0","0","3","0","2","N","","","","","","","","","","","","03","  ","","",""
"1208","2","0","0","0","0","0","0","0","0","1","0","","36","11","2018","2018115961","7","40.1034","-76.4349","1201","08","0","0","0","0","0","2","0","0","1","0","0","0","12","1","1","02","1","40 06:12.364","2","00","76 26:05.688","8","0","0","0","36239","0","0","0","N","0","0","0","2","36239","0","","1","01","","N","0","","0","0","0","0","0","Y","1201","1","2","0","0","0","1","0","3","0","2","N","","","","","","","","","","","","03","  ","","",""
"0817","2","0","0","0","0","0","0","0","0","1","0","","36","11","2018","2018115972","7","40.1791","-76.6005","0810","08","0","0","0","0","1","1","0","0","","0","0","0","08","1","0","06","0","40 10:44.793","","02","76 36:01.994","0","0","0","0","36225","0","0","0","N","0","0","0","2","36505","0","","1","01","N","N","0","","0","0","0","3","4","","0810","0","2","0","0","0","0","0","2","0","2","N","","","","","","","","","","","","03","  ","","",""
"0600","1","0","0","0","0","0","0","0","0","4","0","","36","10","2018","2018115999","4","40.2153","-76.1824","0554","08","0","0","0","0","0","0","0","0","3","0","0","0","05","2","0","01","1","40 12:55.180","2","00","76 10:56.589","0","0","0","0","36236","0","0","0","N","0","0","0","2","36408","0","","1","01","N","N","0","","0","0","1","3","3","N","0551","0","2","0","0","0","0","0","1","0","2","N","","","","","","","","","","","","03","  ","","",""
"2300","1","0","0","0","0","0","0","0","0","1","0","","36","10","2018","2018116131","2","40.0534","-76.3896","2253","08","0","0","0","0","0","0","0","0","2","0","0","0","22","2","1","00","1","40 03:12.247","4","00","76 23:22.417","4","0","0","0","36214","0","0","0","N","0","0","0","1","36214","1","","4","01","N","N","0","","0","0","1","0","0","N","2249","1","2","0","0","0","0","0","3","0","2","N","","","","","","","","","","","","03","  ","","",""
"0524","0","0","0","0","0","0","0","0","0","1","1","","36","11","2018","2018116132","7","40.0388","-76.4004","0516","08","0","0","0","0","0","1","0","0","","0","1","0","05","2","0","02","0","40 02:19.851","","00","76 24:01.327","0","0","0","0","36214","0","0","0","N","0","0","0","3","36214","0","","1","09","N","N","0","","0","0","1","0","0","","0510","0","2","0","0","0","0","0","3","0","2","N","","","","","","","","","","","","03","  ","","",""
"0351","1","0","0","0","0","0","0","0","0","7","0","","36","10","2018","2018116133","4","39.9701","-76.4295","0338","08","0","0","0","0","0","0","0","0","2","0","0","0","03","2","0","00","2","39 58:12.311","6","00","76 25:46.106","9","0","0","0","36223","0","0","0","N","0","0","0","1","36223","0","","4","01","N","N","0","","0","0","0","0","0","Y","0335","0","1","0","0","0","0","1","1","0","1","N","","","","","","","","","","","","03","  ","","",""
"1345","0","0","0","0","0","0","0","0","0","4","0","","36","11","2018","2018116179","7","40.0321","-76.2984","1339","08","0","0","0","0","1","0","0","0","","0","0","0","13","1","1","01","0","40 01:55.617","","00","76 17:54.187","3","0","0","0","36301","0","0","0","N","0","0","0","3","36301","0","","1","01","N","N","0","","1","0","2","3","2","","1336","1","2","0","0","0","0","1","3","0","2","N","","","","","","","","","","","","03","  ","","",""
"2307","1","0","0","0","0","0","0","0","0","7","0","","36","11","2018","2018116237","6","39.9898","-76.2566","2305","08","0","0","0","0","0","0","0","0","2","0","0","0","23","3","2","02","1","39 59:23.416","2","00","76 15:23.588","8","0","0","0","36240","0","0","0","Y","0","0","0","2","36240","0","","5","09","N","N","0","","0","0","0","3","3","N","2300","2","1","0","0","1","2","0","1","0","1","N","","","","","","","","","","","","07","  ","","",""
"1708","2","0","0","0","0","0","0","0","0","4","0","","36","11","2018","2018116239","7","39.9739","-76.2745","1659","08","0","0","0","0","0","2","0","0","","0","0","0","16","1","0","00","0","39 58:26.198","","00","76 16:28.061","0","0","0","0","36240","0","0","0","N","0","0","0","4","36240","0","","1","01","N","N","0","","0","0","0","0","0","","1650","0","2","0","0","0","0","0","1","0","2","N","","","","","","","","","","","","03","  ","","",""
"1905","1","0","0","0","0","0","0","0","0","7","0","","36","09","2018","2018116241","3","40.031","-76.5065","1858","08","0","0","0","0","0","0","0","0","","0","0","0","18","1","0","00","0","40 01:51.600","","00","76 30:23.300","0","0","0","0","36404","0","0","0","N","0","0","0","1","36404","0","","5","01","N","N","0","","0","0","0","0","0","N","1858","0","1","0","0","0","0","0","3","0","1","N","","","","","","","","","","","","03","  ","","",""
"1220","1","0","0","0","0","0","0","0","0","2","0","","36","10","2018","2018116275","6","40.0762","-76.3477","1209","08","0","0","0","0","0","0","1","0","","0","0","0","12","1","0","02","0","40 04:34.184","","00","76 20:51.758","0","0","0","0","36101","0","0","0","N","0","0","0","2","36101","0","","1","01","N","N","1","","0","0","0","0","0","","1206","0","2","0","0","0","0","0","3","0","2","N","","","","","","","","","","","","03","  ","","",""
"1805","1","0","0","0","0","0","0","0","0","1","0","","36","10","2018","2018116276","3","40.0815","-76.2768","1755","08","0","0","0","0","1","0","1","0","","0","0","0","17","1","0","00","0","40 04:53.462","","00","76 16:36.311","0","0","0","0","36101","0","0","0","N","0","0","0","2","36101","0","","1","01","N","N","0","","0","0","1","0","0","","1755","0","2","0","0","0","0","0","3","0","2","N","","","","","","","","","","","","03","  ","","",""
"0644","2","0","0","0","0","0","0","0","0","4","0","","36","11","2018","2018116279","6","40.0733","-76.3198","0640","08","0","0","0","0","0","1","0","0","2","0","0","0","06","2","1","00","1","40 04:24.027","5","00","76 19:11.399","3","0","0","0","36101","0","0","0","N","0","0","0","2","36101","0","","1","09","N","N","0","","1","0","0","0","0","N","0637","1","2","0","0","0","0","0","3","0","2","N","","","","","","","","","","","","03","  ","","",""
"1725","3","0","0","0","0","0","0","0","0","4","0","","36","11","2018","2018116294","1","40.154","-76.5996","1725","08","0","0","0","0","0","1","0","0","2","0","0","0","17","3","0","01","2","40 09:14.241","7","00","76 35:58.636","0","0","0","0","36407","0","0","0","Y","0","0","0","9","36407","0","","1","01","N","N","0","","0","0","0","3","3","Y","1723","0","3","0","0","0","0","0","2","0","3","N","","","","","","","","","","","","03","  ","","",""
"0437","1","0","0","0","0","0","0","0","0","9","0","","36","10","2018","2018116320","3","40.1354","-76.5451","0431","08","0","0","0","0","0","1","0","0","","0","0","0","04","2","0","00","0","40 08:07.547","","00","76 32:42.321","0","0","0","0","36225","0","0","0","N","0","0","0","1","36505","0","","1","01","N","N","0","","0","0","0","0","0","","0431","0","1","0","0","0","0","0","2","0","1","N","","","","","","","","","","","","03","  ","","",""
"2355","2","0","0","0","0","0","0","0","0","4","0","","36","11","2018","2018116429","1","40.0404","-76.2973","2351","08","0","0","0","0","0","0","0","0","1","0","0","0","23","3","0","00","1","40 02:25.680","4","00","76 17:50.125","0","0","0","0","36301","0","0","0","N","0","0","0","1","36301","0","","1","01","N","N","0","","0","0","2","0","0","N","2351","0","5","0","0","0","0","0","3","1","5","N","","","","","","","","","","","","03","  ","","",""
"2009","1","0","0","0","0","0","0","0","0","8","0","","36","11","2018","2018116440","1","40.0397","-76.2913","2006","08","0","0","0","0","0","0","0","0","1","0","0","0","20","3","1","01","2","40 02:22.957","5","00","76 17:28.796","3","0","0","0","36301","1","0","0","N","1","0","0","2","36301","0","","1","01","N","N","0","","1","0","0","3","2","Y","2006","1","2","0","0","0","0","0","3","0","1","N","","","","","","","","","","","","03","  ","","",""
"2003","1","0","0","0","0","0","0","0","0","4","0","","36","11","2018","2018116446","6","40.0605","-76.5381","2000","08","0","0","0","0","0","0","0","0","2","0","0","0","19","3","0","00","2","40 03:37.808","6","00","76 32:17.020","0","0","0","0","36411","0","0","0","N","0","0","0","1","36504","0","","6","09","N","N","2","","0","0","1","0","0","Y","1956","0","4","0","0","0","0","0","1","0","4","N","","","","","","","","","","","","07","  ","","",""
"1316","2","0","0","0","0","0","0","0","0","4","0","","36","11","2018","2018116450","7","40.0421","-76.2807","1311","08","0","0","0","1","0","0","1","0","","0","0","0","13","1","0","01","0","40 02:31.645","","00","76 16:50.522","0","0","0","0","36220","0","0","0","N","0","0","0","3","36101","0","","1","01","N","N","0","","0","0","0","3","3","","1308","0","2","0","0","0","0","0","3","0","2","N","","","","","","","","","","","","03","  ","","",""
"2244","1","0","0","0","0","0","0","0","0","7","0","","36","11","2018","2018116451","7","40.0951","-76.2914","2244","08","0","1","0","0","0","0","0","0","2","0","0","0","22","2","2","00","2","40 05:42.370","6","00","76 17:29.033","3","0","0","0","36101","0","0","0","N","0","0","0","2","36101","0","","5","01","N","N","0","","2","0","0","0","0","Y","2241","2","1","0","0","0","0","0","3","0","1","N","","","","","","","","","","","","03","  ","","",""
"1846","1","0","0","0","0","0","0","0","0","9","0","","36","11","2018","2018116452","7","40.1061","-76.4297","1846","08","0","0","0","0","0","0","0","0","","0","0","0","18","2","0","00","0","40 06:21.892","","00","76 25:46.996","0","0","0","0","36214","0","0","0","N","0","0","0","2","36214","0","","1","01","N","N","0","","0","0","0","0","0","","1827","0","1","0","0","0","0","0","3","0","1","N","","","","","","","","","","","","03","  ","","",""
"2100","2","0","0","0","0","0","0","0","0","1","0","","36","11","2018","2018116453","7","40.0503","-76.3948","2052","08","0","0","0","1","0","0","0","0","2","0","0","0","20","3","0","01","1","40 03:01.141","2","00","76 23:41.283","0","0","0","0","36214","0","0","0","N","0","0","0","2","36214","0","","1","01","N","N","0","","0","0","0","3","2","N","2048","0","2","0","0","0","0","0","3","0","2","N","","","","","","","","","","","","03","  ","","",""
"2032","1","0","0","0","0","0","0","0","0","7","0","","36","09","2018","2018116459","6","40.0661","-76.576","2026","08","0","0","0","0","0","0","0","0","2","0","0","0","20","3","2","01","2","40 03:58.034","5","07","76 34:33.607","3","0","0","0","36211","2","0","0","N","2","0","0","3","36504","0","","5","01","N","N","0","","1","0","0","0","0","Y","2023","2","3","0","0","1","1","0","1","0","1","N","","","","","","","","","","","","03","  ","","",""
"1122","1","0","0","0","0","0","0","0","0","7","0","","36","11","2018","2018116710","2","39.9601","-76.2451","1116","08","0","0","0","0","0","1","0","0","2","0","0","0","11","1","2","00","1","39 57:36.345","5","00","76 14:42.531","3","0","0","0","36240","0","0","0","Y","0","0","0","2","36240","1","","5","09","N","N","0","","1","0","0","0","0","N","1115","2","1","0","0","0","0","0","1","0","1","N","","","","","","","","","","","","07","  ","","",""
"0101","1","0","0","0","0","0","0","0","0","7","0","","36","10","2018","2018116733","7","40.1929","-76.4155","0054","08","0","0","0","0","0","0","0","0","1","0","0","0","00","2","1","00","1","40 11:34.397","1","00","76 24:55.746","2","0","0","0","36230","0","0","0","N","0","0","0","1","36410","0","","5","01","N","N","0","","0","1","0","0","0","N","0051","1","1","0","1","1","0","0","1","0","1","N","","","","","","","","","","","","03","  ","","",""
"1327","1","0","0","0","0","0","0","0","0","7","0","","36","11","2018","2018116747","2","40.0087","-76.2983","1320","08","0","0","0","0","0","0","1","0","2","0","0","0","13","1","1","00","2","40 00:31.340","5","00","76 17:53.877","8","0","0","0","36240","0","0","0","N","0","0","0","1","36240","0","","5","09","N","N","0","","0","0","0","0","0","Y","1316","1","1","0","0","0","1","0","1","0","1","N","","","","","","","","","","","","07","  ","","",""
"1937","1","0","0","0","0","0","0","0","0","9","0","","36","11","2018","2018116775","1","40.1014","-76.2566","1931","08","0","0","0","0","0","0","0","0","","0","0","0","19","2","1","00","0","40 06:05.124","","00","76 15:23.793","8","0","0","0","36101","0","0","0","N","0","0","0","1","36101","0","","1","01","N","N","0","","0","0","0","0","0","","1915","1","1","0","0","0","1","0","3","0","1","N","","","","","","","","","","","","03","  ","","",""
"2054","1","0","0","0","0","0","0","0","0","4","0","","36","11","2018","2018116777","1","40.0679","-76.3034","2050","08","0","0","0","0","0","0","0","1","2","0","0","0","20","3","0","01","2","40 04:04.462","1","00","76 18:12.202","0","0","0","0","36101","0","0","0","N","0","0","0","4","36101","0","","1","01","N","N","0","","0","0","1","3","2","N","2049","0","2","0","0","0","0","0","3","0","2","N","","","","","","","","","","","","03","  ","","",""
"0604","2","0","0","0","0","0","0","0","0","4","0","","36","11","2018","2018116778","2","40.1136","-76.2496","0558","08","0","0","1","0","0","1","0","0","2","0","0","0","05","2","0","02","1","40 06:48.809","4","00","76 14:58.642","0","0","0","0","36101","0","0","0","N","0","0","0","3","36101","0","","1","09","N","N","0","","0","0","0","3","3","N","0555","0","2","0","0","0","0","0","3","0","2","N","","","","","","","","","","","","07","  ","","",""
"1850","1","0","0","0","0","0","0","0","0","1","0","","36","10","2018","2018116779","1","40.0292","-76.2281","1847","08","0","0","0","0","0","0","0","0","2","0","0","0","18","3","2","02","1","40 01:45.321","4","07","76 13:41.648","3","0","0","0","36215","0","0","0","N","0","0","0","3","36215","0","","1","01","N","N","0","","2","0","2","3","2","N","1847","2","3","0","0","1","0","0","1","0","3","N","","","","","","","","","","","","03","  ","","",""
"0725","1","0","0","0","0","0","0","0","0","4","0","","36","10","2018","2018116780","2","40.0776","-76.2587","0715","08","0","0","0","0","0","1","0","0","","0","0","0","07","1","0","02","0","40 04:39.294","","00","76 15:31.416","0","0","0","0","36215","0","0","0","N","0","0","0","2","36215","0","","1","01","N","N","0","","0","0","1","3","3","","0712","0","2","0","0","0","0","0","1","0","2","N","","","","","","","","","","","","03","  ","","",""
"1340","0","0","0","0","0","0","0","0","0","4","0","","36","10","2018","2018116781","3","40.0862","-76.1821","1329","08","0","0","0","0","0","1","0","0","","0","0","0","13","1","0","02","0","40 05:10.419","","00","76 10:55.461","0","0","0","0","36234","0","0","0","N","0","0","0","2","36215","0","","1","01","N","N","0","","0","0","2","3","3","","1327","0","2","0","0","0","0","0","1","0","2","N","","","","","","","","","","","","03","  ","","",""
"0745","1","0","0","0","0","0","0","0","0","1","0","","36","11","2018","2018116782","7","40.0377","-76.2718","0736","08","0","0","0","0","0","0","0","0","3","0","0","0","07","1","0","01","2","40 02:16.006","2","00","76 16:18.567","0","0","0","0","36215","0","0","0","N","0","0","0","2","36215","0","","1","01","N","N","0","","0","0","1","0","0","N","0732","0","2","0","0","0","0","0","1","0","2","N","","","","","","","","","","","","03","  ","","",""
"1735","2","0","0","0","0","0","0","0","0","1","0","","36","11","2018","2018116823","2","40.1585","-76.6165","1734","08","0","0","0","0","0","0","0","0","","0","0","0","17","3","0","00","0","40 09:30.602","","00","76 36:59.251","0","0","0","0","36407","0","0","0","N","0","0","0","3","36407","0","","1","09","N","N","0","","0","0","0","3","2","","1730","0","2","0","0","0","0","0","2","0","2","N","","","","","","","","","","","","07","  ","","",""
"1830","1","0","0","0","0","0","0","0","0","1","0","","36","11","2018","2018116844","2","40.0284","-76.3223","1820","08","0","0","0","1","0","0","0","0","1","0","0","0","18","3","0","00","1","40 01:42.361","1","00","76 19:20.342","0","0","0","0","36301","0","0","0","N","0","0","0","2","36301","0","","1","09","N","N","0","","0","0","1","0","0","N","1820","0","2","0","0","1","0","0","3","0","2","N","","","","","","","","","","","","07","  ","","",""
"1937","1","0","0","0","0","0","0","0","0","7","0","","36","11","2018","2018116961","5","40.2196","-76.0859","1925","08","0","0","0","0","0","0","0","0","","0","0","0","19","2","0","00","0","40 13:10.533","","00","76 05:09.267","0","0","0","0","36210","0","0","0","N","0","0","0","1","68T06","0","","3","01","N","N","0","","0","0","0","0","0","","1925","0","1","0","0","0","0","0","1","0","1","N","","","","","","","","","","","","03","  ","","",""
"1913","1","0","0","0","0","0","0","0","0","7","1","","36","11","2018","2018116973","6","40.2239","-76.0965","1906","08","0","0","0","0","0","0","0","0","2","0","1","0","19","2","0","00","1","40 13:25.927","4","00","76 05:47.424","0","0","0","0","36210","0","0","0","N","0","0","0","2","68T06","0","","3","08","N","N","0","","0","0","0","0","0","N","1906","0","2","0","0","0","0","0","1","0","2","N","","","","","","","","","","","","07","  ","","",""
"2059","1","0","0","0","0","0","0","0","0","1","0","","36","11","2018","2018117004","2","40.2096","-76.1083","2057","08","0","0","0","0","1","0","0","0","","0","0","0","20","2","1","00","0","40 12:34.385","","00","76 06:29.780","4","0","0","0","36210","0","0","0","N","0","0","0","2","36210","1","","1","09","N","N","0","","0","0","1","0","0","","2055","1","2","0","0","0","0","0","1","0","2","N","","","","","","","","","","","","07","  ","","",""
"0850","1","0","0","0","0","0","0","0","0","7","0","","36","11","2018","2018117092","3","","","0844","08","0","0","0","0","0","0","0","0","","0","0","0","08","1","0","00","0","","","00","","0","0","0","0","36238","0","0","0","N","0","0","0","1","36238","0","","5","09","N","N","0","","0","0","0","0","0","","0839","0","1","0","0","0","0","0","3","0","1","N","","","","","","","","","","","","07","  ","","",""
"0730","1","0","0","0","0","0","0","0","0","1","0","","36","11","2018","2018117103","3","40.124","-76.472","0722","08","0","0","0","0","0","0","0","0","2","0","0","0","07","1","3","02","2","40 07:26.286","6","00","76 28:19.172","2","0","0","0","36230","0","0","0","N","0","0","0","3","36410","0","","1","09","N","N","0","","2","1","1","0","0","N","0719","3","2","0","1","1","0","0","1","0","2","N","","","","","","","","","","","","07","  ","","",""
"1640","2","0","0","0","0","0","0","0","0","1","0","","36","11","2018","2018117140","2","40.1538","-76.2065","1634","08","0","0","0","0","0","0","0","1","","0","0","0","16","4","0","00","0","40 09:13.624","","00","76 12:23.440","0","0","0","0","36402","0","0","0","N","0","0","0","2","36238","0","","1","09","N","N","0","","0","0","0","0","0","","1615","0","2","0","0","0","0","0","2","0","2","N","","","","","","","","","","","","07","  ","","",""
"0921","0","0","0","0","0","0","0","0","0","6","0","","36","11","2018","2018117158","3","40.0508","-76.4575","0915","08","0","0","0","0","0","0","1","0","1","0","0","0","09","1","0","02","1","40 03:02.964","6","00","76 27:26.839","0","0","0","0","36239","0","0","0","N","0","0","0","2","36239","0","","1","09","N","N","1","","0","0","1","2","3","N","0912","0","2","0","0","0","0","0","3","0","2","N","","","","","","","","","","","","07","  ","","",""
"0728","1","0","0","0","0","0","0","0","0","1","0","","36","10","2018","2018117350","4","40.0744","-76.2862","0716","08","0","0","0","0","0","2","0","0","","0","0","0","07","5","1","00","0","40 04:27.957","","00","76 17:10.368","4","0","0","0","36101","0","0","0","N","0","0","0","2","36101","1","","1","01","N","N","0","","0","0","1","0","0","","0713","1","2","0","0","0","0","0","3","0","2","N","","","","","","","","","","","","03","  ","","",""
"1731","1","0","0","0","0","0","0","0","0","7","0","","36","11","2018","2018117351","2","40.0677","-76.2826","1726","08","0","0","0","0","0","0","0","1","","0","0","0","17","2","1","00","0","40 04:03.720","","00","76 16:57.260","4","0","0","0","36101","0","0","0","N","0","0","0","1","36101","1","","4","09","N","N","0","","0","0","0","0","0","","1723","1","1","0","0","0","0","0","3","0","1","N","","","","","","","","","","","","07","  ","","",""
"1958","0","0","0","0","0","0","0","0","0","7","1","","36","11","2018","2018117352","2","40.0683","-76.3298","1952","08","0","0","0","0","0","0","0","0","1","0","1","0","19","3","1","02","1","40 04:06.057","1","02","76 19:47.312","4","0","0","0","36101","0","0","0","Y","0","0","0","1","36101","1","","4","09","N","N","0","","0","0","0","3","2","Y","1945","1","1","0","0","0","0","0","3","0","1","N","","","","","","","","","","","","07","  ","","",""
"0846","0","0","0","0","0","0","0","0","0","5","1","","36","11","2018","2018117353","5","40.0919","-76.4001","0845","08","0","0","0","0","0","0","0","0","","0","1","0","08","1","0","01","0","40 05:30.676","","00","76 24:00.512","0","0","0","1","36214","0","0","0","N","0","0","0","2","36214","0","","1","01","N","N","0","","0","0","0","3","2","","0840","0","2","0","0","0","0","0","3","0","2","N","","","","","","","","","","","","03","  ","","",""
"1610","1","0","0","0","0","0","0","0","0","7","0","","36","11","2018","2018117385","3","40.077","-76.5541","1602","08","0","0","0","0","0","0","0","0","","0","0","0","15","1","0","10","0","40 04:37.275","","00","76 33:14.778","0","0","0","0","36211","0","0","0","N","0","0","0","1","36504","0","","5","09","N","N","0","","0","0","0","0","0","","1555","0","1","0","0","0","0","0","1","0","1","N","","","","","","","","","","","","07","  ","","",""
"1835","2","0","0","0","0","0","0","0","0","4","0","","36","11","2018","2018117403","3","40.1832","-76.1918","1831","08","0","0","0","0","0","0","0","1","1","0","0","0","18","3","0","01","1","40 10:59.536","2","00","76 11:30.551","0","0","0","0","36408","0","0","0","N","0","0","0","7","36408","0","","1","09","N","N","0","","0","0","0","3","2","Y","1830","0","3","0","0","0","0","0","2","1","3","N","","","","","","","","","","","","03","  ","","",""
"1555","1","0","0","0","0","0","0","0","0","4","0","","36","11","2018","2018117458","3","40.2226","-76.0985","1551","08","0","0","1","0","0","1","0","0","1","0","0","0","15","1","0","00","1","40 13:21.306","6","00","76 05:54.753","0","0","0","0","36210","0","0","0","N","0","0","0","2","36210","0","","1","09","N","N","1","","0","0","0","0","0","N","1551","0","2","0","0","0","0","0","1","0","2","N","","","","","","","","","","","","07","  ","","",""
"0213","1","0","0","0","0","0","0","0","0","7","0","","36","11","2018","2018117461","5","","","0208","08","0","0","0","0","0","0","0","0","","0","0","0","02","3","0","01","0","","","00","","0","0","0","0","36301","0","0","0","N","0","0","0","1","36301","0","","5","01","N","N","0","","0","0","0","3","3","N","0204","0","2","0","0","0","0","0","3","0","1","N","","","","","","","","","","","","03","  ","","",""
"1711","2","0","0","0","0","0","0","0","0","1","0","","36","11","2018","2018117548","2","40.0629","-76.4089","1707","08","0","1","0","0","0","0","0","0","","0","0","0","17","3","0","02","0","40 03:46.279","","00","76 24:32.106","0","0","0","0","36214","0","0","0","N","0","0","0","2","36214","0","","1","09","N","N","0","","0","0","0","0","0","","1707","0","2","0","0","0","0","0","3","0","2","N","","","","","","","","","","","","07","  ","","",""
"1936","1","0","0","0","0","0","0","0","0","7","0","","36","10","2018","2018117583","7","40.2448","-76.1151","1936","08","0","0","0","0","0","0","0","0","","0","0","0","19","3","1","00","0","40 14:41.215","","00","76 06:54.310","3","0","0","0","36210","0","0","0","N","0","0","0","1","36210","0","","5","09","N","N","0","","1","0","0","0","0","","1933","1","1","0","0","0","0","0","1","0","1","N","","","","","","","","","","","","07","  ","","",""
"1354","2","0","0","0","0","0","0","0","0","1","0","","36","11","2018","2018117606","5","40.1258","-76.3051","1343","08","0","0","0","0","0","0","0","0","1","0","0","0","13","1","0","00","2","40 07:33.033","1","00","76 18:18.447","0","0","0","0","36101","0","0","0","N","0","0","0","2","36101","0","","1","01","N","N","0","","0","0","0","3","2","N","1342","0","2","0","0","0","0","0","3","0","2","N","","","","","","","","","","","","03","  ","","",""
"1019","2","0","0","0","0","0","0","0","0","4","0","","36","10","2018","2018117906","4","40.1329","-76.2182","1015","08","0","0","0","1","0","0","0","1","","0","0","0","10","1","1","00","0","40 07:58.475","","00","76 13:05.490","4","0","0","0","36238","0","0","0","N","0","0","0","2","36238","1","","1","01","N","N","0","","0","0","0","0","0","","1015","1","2","0","0","0","0","0","3","0","2","N","","","","","","","","","","","","03","  ","","",""
"2145","1","0","0","0","0","0","0","0","0","7","0","","36","11","2018","2018117957","6","40.1499","-76.176","2137","08","0","0","0","0","0","0","1","0","1","0","0","0","21","2","0","00","1","40 08:59.531","2","00","76 10:33.555","0","0","0","0","36238","0","0","0","Y","0","0","0","2","36238","0","","3","09","N","N","0","","0","0","0","0","0","N","2137","0","1","0","0","0","0","0","3","0","1","N","","","","","","","","","","","","07","  ","","",""
"1521","2","0","0","0","0","0","0","0","0","4","0","","36","10","2018","2018118035","3","39.9911","-76.2603","1511","08","0","0","0","0","0","0","0","0","2","0","0","0","15","1","1","01","1","39 59:28.076","6","00","76 15:37.017","8","0","0","0","36240","0","0","0","N","0","0","0","2","36240","0","","1","01","N","N","0","","0","0","0","3","2","Y","1508","1","2","0","0","0","1","0","1","0","2","N","","","","","","","","","","","","03","  ","","",""
"1808","1","0","0","0","0","0","0","0","0","8","0","","36","11","2018","2018118052","6","40.0335","-76.3246","1756","08","0","0","0","0","0","0","0","1","","0","0","0","17","3","1","01","0","40 02:00.452","","00","76 19:28.588","3","0","0","0","36220","1","0","0","N","1","0","0","2","36101","0","","1","09","N","N","0","","1","0","0","0","0","","1750","1","2","0","0","0","0","0","3","0","1","N","","","","","","","","","","","","07","  ","","",""
"1231","2","0","0","0","0","0","0","0","0","4","0","","36","11","2018","2018118101","7","40.1157","-76.5938","1220","08","1","0","0","0","0","0","1","0","","0","0","0","12","1","0","01","0","40 06:56.595","","00","76 35:37.705","0","0","0","0","36237","0","0","0","N","0","0","0","2","36505","0","","1","01","N","N","0","","0","0","0","3","3","","1215","0","2","0","0","0","0","0","1","0","2","N","","","","","","","","","","","","03","  ","","",""