"ARRIVAL_TM","AUTOMOBILE_COUNT","BELTED_DEATH_COUNT","BELTED_SUSP_SERIOUS_INJ_COUNT","BICYCLE_COUNT","BICYCLE_DEATH_COUNT","BICYCLE_SUSP_SERIOUS_INJ_COUNT","BUS_COUNT","CHLDPAS_DEATH_COUNT","CHLDPAS_SUSP_SERIOUS_INJ_COUNT","COLLISION_TYPE","COMM_VEH_COUNT","CONS_ZONE_SPD_LIM","COUNTY","CRASH_MONTH","CRASH_YEAR","CRN","DAY_OF_WEEK","DEC_LAT","DEC_LONG","DISPATCH_TM","DISTRICT","DRIVER_COUNT_16YR","DRIVER_COUNT_17YR","DRIVER_COUNT_18YR","DRIVER_COUNT_19YR","DRIVER_COUNT_20YR","DRIVER_COUNT_50_64YR","DRIVER_COUNT_65_74YR","DRIVER_COUNT_75PLUS","EST_HRS_CLOSED","FATAL_COUNT","HEAVY_TRUCK_COUNT","HORSE_BUGGY_COUNT","HOUR_OF_DAY","ILLUMINATION","INJURY_COUNT","INTERSECT_TYPE","LANE_CLOSED","LATITUDE","LN_CLOSE_DIR","LOCATION_TYPE","LONGITUDE","MAX_SEVERITY_LEVEL","MCYCLE_DEATH_COUNT","MCYCLE_SUSP_SERIOUS_INJ_COUNT","MOTORCYCLE_COUNT","MUNICIPALITY","NONMOTR_COUNT","NONMOTR_DEATH_COUNT","NONMOTR_SUSP_SERIOUS_INJ_COUNT","NTFY_HIWY_MAINT","PED_COUNT","PED_DEATH_COUNT","PED_SUSP_SERIOUS_INJ_COUNT","PERSON_COUNT","POLICE_AGCY","POSSIBLE_INJ_COUNT","RDWY_SURF_TYPE_CD","RELATION_TO_ROAD","ROAD_CONDITION","SCH_BUS_IND","SCH_ZONE_IND","SMALL_TRUCK_COUNT","SPEC_JURIS_CD","SUSP_MINOR_INJ_COUNT","SUSP_SERIOUS_INJ_COUNT","SUV_COUNT","TCD_FUNC_CD","TCD_TYPE","TFC_DETOUR_IND","TIME_OF_DAY","TOT_INJ_COUNT","TOTAL_UNITS","UNB_DEATH_COUNT","UNB_SUSP_SERIOUS_INJ_COUNT","UNBELTED_OCC_COUNT","UNK_INJ_DEG_COUNT","UNK_INJ_PER_COUNT","URBAN_RURAL","VAN_COUNT","VEHICLE_COUNT","WORK_ZONE_IND","WORK_ZONE_LOC","WORK_ZONE_TYPE","WORKERS_PRES","WZ_CLOSE_DETOUR","WZ_FLAGGER","WZ_LAW_OFFCR_IND","WZ_LN_CLOSURE","WZ_MOVING","WZ_OTHER","WZ_SHLDER_MDN","ROADWAY_CLEARED","WEATHER1","WEATHER2","WZ_WORKERS_INJ_KILLED","SECONDARY_CRASH","INTERSECTION_RELATED"
"0153","0","0","0","0","0","0","0","0","0","7","0","","36","11","2018","2018118285","1","40.0605","-76.3356","0151","08","0","0","0","0","0","0","0","0","","0","0","0","01","3","0","01","0","40 03:37.738","","00","76 20:08.147","0","0","0","0","36301","0","0","0","N","0","0","0","1","36301","0","","2","01","N","N","0","","0","0","1","0","0","","0116","0","1","0","0","0","0","0","3","0","1","N","","","","","","","","","","","","03","  ","","",""
"0923","2","0","0","0","0","0","0","0","0","6","0","","36","11","2018","2018118303","5","40.1256","-76.6508","0913","08","0","0","0","0","0","1","0","0","","0","0","0","09","1","0","01","0","40 07:32.192","","00","76 39:03.031","0","0","0","0","36237","0","0","0","N","0","0","0","3","36505","0","","1","01","N","N","0","","0","0","0","3","3","","0908","0","2","0","0","0","0","0","1","0","2","N","","","","","","","","","","","","03","  ","","",""
"1208","1","0","0","0","0","0","0","0","0","1","0","55","36","11","2018","2018118351","4","40.039","-76.4552","1202","08","0","0","1","0","0","0","0","0","","0","0","0","11","1","1","00","0","40 02:20.383","","00","76 27:18.552","4","0","0","0","36239","0","0","0","Y","0","0","0","4","36239","1","","1","01","N","N","0","","0","0","1","3","8","","1159","1","2","0","0","0","0","0","3","0","2","Y","2","2","Y","","","N","Y","","","","","03","  ","","",""
"0745","3","0","0","0","0","0","0","0","0","1","0","","36","11","2018","2018118365","4","40.0783","-76.342","0738","08","0","1","0","0","1","1","0","0","2","0","0","0","07","1","0","00","1","40 04:41.814","3","00","76 20:31.036","0","0","0","0","36101","0","0","0","N","0","0","0","4","36101","0","","1","01","N","N","0","","0","0","0","0","0","N","0733","0","3","0","0","1","0","0","3","0","3","N","","","","","","","","","","","","03","  ","","",""
"0930","2","0","0","0","0","0","0","0","0","4","0","","36","11","2018","2018118366","7","40.1238","-76.3764","0919","08","0","1","0","0","0","0","0","1","","0","0","0","09","1","1","00","0","40 07:25.716","","00","76 22:35.082","3","0","0","0","36214","0","0","0","N","0","0","0","3","36214","0","","1","09","N","N","0","","1","0","0","0","0","","0915","1","2","0","0","0","0","0","3","0","2","N","","","","","","","","","","","","03","  ","","",""
"0229","1","0","0","0","0","0","0","0","0","7","0","","36","10","2018","2018118367","7","40.0403","-76.2589","0228","08","0","0","0","0","0","0","0","0","2","0","0","0","02","2","2","00","1","40 02:25.189","3","00","76 15:32.208","3","0","0","0","36215","0","0","0","N","0","0","0","2","36215","0","","5","09","N","N","0","","2","0","0","0","0","N","0225","2","1","0","0","0","0","0","1","0","1","N","","","","","","","","","","","","07","  ","","",""
"1913","0","0","0","0","0","0","0","0","0","4","1","","36","10","2018","2018118368","5","40.0308","-76.2343","1908","08","0","0","0","0","0","0","0","1","2","0","1","0","19","3","0","01","2","40 01:50.875","3","00","76 14:03.511","9","0","0","0","36215","0","0","0","N","0","0","0","2","36215","0","","1","01","N","N","0","","0","0","1","3","2","N","1906","0","2","0","0","0","0","1","1","0","2","N","","","","","","","","","","","","03","  ","","",""
"0938","1","0","0","0","0","0","0","0","0","1","0","","36","10","2018","2018118369","4","40.0549","-76.2143","0935","08","0","0","0","1","0","0","0","0","","0","0","1","09","1","0","00","0","40 03:17.795","","00","76 12:51.574","0","0","0","0","36215","1","0","0","N","0","0","0","3","36215","0","","1","01","N","N","0","","0","0","0","0","0","","0935","0","2","0","0","0","0","0","1","0","1","N","","","","","","","","","","","","03","  ","","",""
"1759","1","0","0","0","0","0","0","0","0","8","0","","36","11","2018","2018118370","6","40.031","-76.2354","1758","08","0","0","0","0","0","1","0","0","","0","0","0","17","4","1","01","0","40 01:50.868","","00","76 14:03.471","4","0","0","0","36215","1","0","0","N","1","0","0","3","36215","1","","1","09","N","N","0","","0","0","0","3","2","","1758","1","2","0","0","0","0","0","1","0","1","N","","","","","","","","","","","","07","  ","","",""
"1847","1","0","0","0","0","0","0","0","0","4","0","","36","11","2018","2018118371","6","40.0915","-76.1308","1824","08","0","0","0","0","0","1","0","1","","0","0","0","18","2","0","00","0","40 05:29.350","","00","76 07:50.766","0","0","0","0","36234","0","0","0","N","0","0","0","3","36215","0","","1","09","N","N","0","","0","0","1","0","0","","1821","0","2","0","0","0","0","0","1","0","2","N","","","","","","","","","","","","07","  ","","",""
"0115","0","0","0","0","0","0","0","0","0","7","0","","36","11","2018","2018118372","5","40.0835","-76.2308","0114","08","0","0","0","0","0","0","0","0","3","0","0","0","01","3","1","00","1","40 05:00.768","6","00","76 13:50.935","3","0","0","0","36234","0","0","0","N","0","0","0","1","36215","0","","5","01","N","N","0","","1","0","1","0","0","N","0111","1","1","0","0","0","0","0","1","0","1","N","","","","","","","","","","","","03","  ","","",""
"1944","0","0","0","0","0","0","0","0","0","9","0","","36","11","2018","2018118421","5","40.0422","-76.4832","1939","08","0","0","0","0","0","0","0","0","","0","0","0","19","2","0","00","0","40 02:31.927","","00","76 28:59.360","0","0","0","0","36404","0","0","0","N","0","0","0","1","36404","0","","1","01","N","N","1","","0","0","0","0","0","","1939","0","1","0","0","0","0","0","3","0","1","N","","","","","","","","","","","","03","  ","","",""
"1624","2","0","0","0","0","0","0","0","0","4","0","","36","11","2018","2018118434","6","40.1652","-76.5778","1619","08","0","0","0","1","0","0","0","0","2","0","0","0","16","1","0","02","1","40 09:54.723","3","00","76 34:40.236","0","0","0","0","36225","0","0","0","N","0","0","0","3","36505","0","","1","01","N","N","0","","0","0","0","3","3","N","1617","0","2","0","0","0","0","0","2","0","2","N","","","","","","","","","","","","03","  ","","",""
"1455","3","0","0","0","0","0","0","0","0","1","1","","36","11","2018","2018118435","5","39.985","-76.2801","1445","08","0","0","0","0","0","1","0","0","2","0","0","0","14","1","1","00","1","39 59:06.087","1","00","76 16:48.216","4","0","0","0","36240","0","0","0","N","0","0","0","3","36240","1","","1","01","N","N","0","","0","0","0","0","0","N","1445","1","3","0","0","0","0","0","1","0","3","N","","","","","","","","","","","","03","  ","","",""
"0214","1","0","0","0","0","0","0","0","0","9","0","","36","11","2018","2018118463","5","40.2352","-76.2931","0204","08","0","0","0","0","0","0","0","0","","0","0","0","02","2","0","00","0","40 14:06.797","","00","76 17:35.096","0","0","0","0","36217","0","0","0","N","0","0","0","1","68T06","0","","1","01","N","N","0","","0","0","0","0","0","","0204","0","1","0","0","0","0","0","1","0","1","N","","","","","","","","","","","","03","  ","","",""
"2342","1","0","0","0","0","0","0","0","0","4","0","","36","11","2018","2018118502","5","40.0471","-76.4395","2336","08","0","0","0","0","0","0","0","0","1","0","0","0","22","2","1","00","2","40 02:49.389","5","00","76 26:22.197","8","0","0","0","36414","0","0","0","N","0","0","0","1","36239","0","","5","01","N","N","0","","0","0","1","0","0","Y","2236","1","2","0","0","0","1","0","3","0","2","N","","","","","","","","","","","","03","  ","","",""
"1748","2","0","0","0","0","0","0","0","0","4","0","","36","11","2018","2018118514","6","40.1622","-76.6376","1738","08","0","0","0","0","0","0","0","0","","0","0","0","17","4","0","02","0","40 09:43.749","","00","76 38:15.261","0","0","0","0","36237","0","0","0","N","0","0","0","2","36505","0","","1","09","N","N","0","","0","0","0","3","2","","1735","0","2","0","0","0","0","0","1","0","2","N","","","","","","","","","","","","07","  ","","",""
"0700","0","0","0","0","0","0","0","0","0","0","1","","36","11","2018","2018118526","3","40.0525","-76.3951","0658","08","0","0","0","0","0","1","0","0","4","0","1","0","06","5","2","06","2","40 03:08.856","4","02","76 23:42.277","3","0","0","0","36214","0","0","0","N","0","0","0","2","36214","1","","4","09","N","N","0","","1","0","0","0","0","Y","0655","2","1","0","0","0","0","0","3","0","1","N","","","","","","","","","","","","07","  ","","",""
"1656","0","0","0","0","0","0","0","0","0","8","0","","36","10","2018","2018118527","6","40.1185","-76.131","1640","08","0","0","0","0","0","0","1","0","3","1","0","0","16","1","0","00","2","40 07:06.602","5","07","76 07:51.467","1","0","0","0","36209","1","1","0","N","1","1","0","2","36415","0","2","1","01","N","N","1","0","0","0","0","0","0","Y","1639","0","2","0","0","0","0","0","1","0","1","N","","","","","","","","","","","","03","  ","","",""
"1115","2","0","0","0","0","0","0","0","0","4","0","","36","10","2018","2018118528","6","40.1383","-76.1002","1112","08","0","0","0","0","0","2","0","0","","0","0","0","11","1","1","01","0","40 08:17.874","","00","76 06:00.622","3","0","0","0","36209","0","0","0","N","0","0","0","4","36415","0","","1","01","N","N","0","","1","0","0","3","3","","1111","1","2","0","0","0","0","0","1","0","2","N","","","","","","","","","","","","03","  ","","",""
"1258","2","0","0","0","0","0","0","0","0","4","0","","36","11","2018","2018118529","1","40.1028","-76.0775","1255","08","0","0","0","0","0","0","0","0","","0","0","0","12","1","0","01","0","40 06:09.921","","00","76 04:39.151","0","0","0","0","36415","0","0","0","N","0","0","0","2","36415","0","","1","01","N","N","0","","0","0","0","3","3","","1255","0","2","0","0","1","0","0","1","0","2","N","","","","","","","","","","","","03","  ","","",""
"1610","1","0","0","0","0","0","0","0","0","4","0","","36","11","2018","2018118530","2","40.0943","-76.1129","1607","08","0","0","0","0","0","0","0","0","1","0","0","0","16","1","1","01","1","40 05:39.586","4","00","76 06:46.260","8","0","0","0","36209","0","0","0","N","0","0","0","2","36415","0","","1","09","N","N","0","","0","0","1","3","2","N","1603","1","2","0","0","0","1","0","1","0","2","N","","","","","","","","","","","","07","  ","","",""
"1552","1","0","0","0","0","0","0","0","0","1","0","","36","11","2018","2018118531","3","40.1358","-76.0941","1543","08","0","0","1","0","0","0","1","0","1","0","0","0","15","1","1","01","1","40 08:08.710","3","00","76 05:38.857","4","0","0","0","36209","0","0","0","N","0","0","0","2","36415","1","","1","09","N","N","1","","0","0","0","3","3","N","1543","1","2","0","0","0","0","0","1","0","2","N","","","","","","","","","","","","07","  ","","",""
"1701","0","0","0","0","0","0","0","0","0","5","0","","36","11","2018","2018118545","4","40.0102","-76.286","1654","08","0","0","0","0","0","0","0","0","","0","0","0","16","4","0","00","0","40 00:36.786","","00","76 17:09.742","0","0","0","0","36240","1","0","0","N","0","0","0","1","36240","0","","6","01","N","N","0","","0","0","1","0","0","","1640","0","2","0","0","0","0","0","1","0","2","N","","","","","","","","","","","","03","  ","","",""
"0735","2","0","0","0","0","0","0","0","0","1","0","","36","11","2018","2018118566","6","40.2159","-76.0902","0728","08","0","0","0","0","0","1","0","0","","0","0","0","07","1","0","01","0","40 12:57.429","","02","76 05:24.644","0","0","0","0","36210","0","0","0","N","0","0","0","2","36210","0","","1","01","N","N","0","","0","0","0","3","2","","0720","0","2","0","0","0","0","0","1","0","2","N","","","","","","","","","","","","03","  ","","",""
"1645","1","0","0","0","0","0","0","0","0","8","0","","36","11","2018","2018118578","3","40.0395","-76.306","1641","08","0","0","0","0","0","0","0","0","","0","0","0","16","1","1","01","0","40 02:22.325","","00","76 18:21.503","3","0","0","0","36301","1","0","0","N","1","0","0","2","36301","0","","1","01","N","N","0","","1","0","0","3","2","","1639","1","2","0","0","0","0","0","3","0","1","N","","","","","","","","","","","","03","  ","","",""
"1733","2","0","0","0","0","0","0","0","0","2","0","","36","11","2018","2018118636","6","40.1381","-76.5852","1725","08","0","0","1","0","0","0","0","0","2","0","0","0","17","1","0","00","1","40 08:17.327","4","07","76 35:06.647","0","0","0","0","36225","0","0","0","N","0","0","0","2","36505","0","","1","09","N","N","0","","0","0","0","3","2","N","1720","0","2","0","0","0","0","0","2","0","2","N","","","","","","","","","","","","07","  ","","",""
"1136","1","0","0","0","0","0","0","0","0","1","1","","36","11","2018","2018118656","6","40.0807","-76.4593","1133","08","0","0","0","0","0","0","0","0","1","0","1","0","11","1","0","03","1","40 04:50.361","1","00","76 27:33.435","0","0","0","0","36239","0","0","0","N","0","0","0","2","36239","0","","1","09","N","N","0","","0","0","0","0","0","N","1130","0","2","0","0","0","0","0","3","0","2","N","","","","","","","","","","","","07","  ","","",""
"1058","0","0","0","0","0","0","0","0","0","4","0","","36","10","2018","2018118676","5","40.0545","-75.9894","1042","08","0","1","0","0","0","0","0","1","1","0","0","0","10","1","0","01","1","40 03:16.052","2","00","75 59:21.840","0","0","0","0","36232","0","0","0","N","0","0","0","2","68J01","0","","1","01","N","N","0","","0","0","2","3","3","N","1038","0","2","0","0","1","0","0","1","0","2","N","","","","","","","","","","","","03","  ","","",""
"0846","0","0","0","0","0","0","1","0","0","1","1","","36","10","2018","2018118689","3","40.0387","-76.1554","0836","08","0","0","0","0","0","0","0","1","3","0","0","0","08","1","1","00","2","40 02:19.363","6","00","76 09:19.351","3","0","0","0","36221","0","0","0","N","0","0","0","30","68J01","0","","1","01","Y","N","0","","1","0","1","0","0","N","0825","1","2","0","0","0","0","0","1","0","2","N","","","","","","","","","","","","03","  ","","",""
"1908","2","0","0","0","0","0","0","0","0","4","0","","36","10","2018","2018118695","4","39.8575","-76.2086","1900","08","1","0","0","1","0","0","0","0","2","0","0","0","18","2","4","01","2","39 51:26.884","6","00","76 12:31.102","3","0","0","0","36212","0","0","0","N","0","0","0","4","68J01","0","","1","01","N","N","0","","4","0","0","3","3","N","1858","4","2","0","0","1","0","0","1","0","2","N","","","","","","","","","","","","03","  ","","",""
"0844","1","0","0","0","0","0","0","0","0","7","0","","36","11","2018","2018118705","3","40.2282","-76.3646","0832","08","0","0","0","0","0","0","1","0","","0","0","0","08","1","1","00","0","40 13:41.529","","00","76 21:52.515","3","0","0","0","36227","0","0","0","N","0","0","0","1","68T06","0","","4","09","N","N","0","","1","0","0","0","0","","0832","1","1","0","0","0","0","0","1","0","1","N","","","","","","","","","","","","07","  ","","",""
"1050","0","0","0","0","0","0","0","0","0","7","0","","36","11","2018","2018118707","3","40.2442","-76.1609","1030","08","0","0","0","0","0","0","0","0","","0","0","0","10","1","0","00","0","40 14:39.083","","00","76 09:39.162","0","0","0","0","36236","0","0","0","N","0","0","0","1","68T06","0","","4","09","N","N","1","","0","0","0","0","0","","1030","0","1","0","0","0","0","0","1","0","1","N","","","","","","","","","","","","07","  ","","",""
"1805","2","0","0","0","0","0","0","0","0","4","0","","36","11","2018","2018118772","2","40.0157","-76.3496","1802","08","0","0","0","0","0","0","1","0","3","0","0","0","17","3","1","01","2","40 00:56.470","3","00","76 20:58.524","4","0","0","0","36412","0","0","0","N","0","0","0","4","36412","1","","1","09","N","N","1","","0","0","1","3","2","N","1757","1","4","0","0","0","0","0","3","0","4","N","","","","","","","","","","","","07","  ","","",""
"1933","2","0","0","0","0","0","0","0","0","4","0","","36","11","2018","2018118841","6","40.1277","-76.1649","1927","08","0","0","1","0","0","0","1","0","2","0","0","0","19","3","1","01","2","40 07:39.631","7","00","76 09:53.677","3","0","0","0","36238","0","0","0","N","0","0","0","3","36238","0","","1","09","N","N","0","","1","0","0","3","3","Y","1925","1","2","0","0","0","0","0","3","0","2","N","","","","","","","","","","","","07","  ","","",""
"2243","1","0","0","0","0","0","0","0","0","9","0","","36","10","2018","2018118855","1","40.1316","-76.5362","2243","08","0","0","0","0","0","0","0","0","","0","0","0","22","2","0","00","0","40 07:53.804","","00","76 32:10.327","0","0","0","0","36225","0","0","0","N","0","0","0","1","36505","0","","1","01","N","N","0","","0","0","0","0","0","","2243","0","1","0","0","0","0","0","2","0","1","N","","","","","","","","","","","","03","  ","","",""
"2201","1","0","0","0","0","0","0","0","0","8","0","","36","10","2018","2018118862","6","40.0392","-76.2951","2153","08","0","0","0","0","0","0","0","0","2","0","0","0","21","3","1","01","1","40 02:20.968","1","00","76 17:42.317","3","0","0","0","36301","1","0","0","N","1","0","0","2","36301","0","","1","09","N","N","0","","1","0","0","3","2","Y","2149","1","2","0","0","1","0","1","3","0","1","N","","","","","","","","","","","","07","  ","","",""
"1731","1","0","0","0","0","0","0","0","0","1","0","","36","10","2018","2018118864","3","40.1776","-76.5435","1724","08","0","0","0","0","0","1","0","0","","0","0","0","17","1","0","00","0","40 10:39.325","","00","76 32:36.526","0","0","0","0","36225","0","0","0","N","0","0","0","2","36505","0","","1","01","N","N","0","","0","0","1","0","0","","1724","0","2","0","0","0","0","0","2","0","2","N","","","","","","","","","","","","03","  ","","",""
"2158","2","0","0","0","0","0","0","0","0","5","0","","36","10","2018","2018118978","6","40.0606","-76.3598","2155","08","0","0","0","0","1","0","0","0","","0","0","0","21","3","0","01","0","40 03:38.329","","00","76 21:35.304","0","0","0","0","36214","0","0","0","N","0","0","0","4","36214","0","","1","09","N","N","0","","0","0","0","3","2","","2153","0","2","0","0","0","0","0","3","0","2","N","","","","","","","","","","","","07","  ","","",""
"2046","3","0","0","0","0","0","0","0","0","9","0","","36","10","2018","2018118979","1","40.083","-76.3625","2034","08","0","0","0","0","0","1","0","0","","0","0","0","20","2","0","00","0","40 04:58.642","","00","76 21:44.886","0","0","0","0","36214","0","0","0","N","0","0","0","3","36214","0","","1","09","N","N","0","","0","0","0","0","0","","2031","0","3","0","0","0","0","0","3","0","3","N","","","","","","","","","","","","07","  ","","",""
"1200","1","0","0","0","0","0","0","0","0","5","1","","36","11","2018","2018118980","3","39.9885","-76.3913","1148","08","0","0","0","0","0","0","0","1","3","0","1","0","11","1","0","00","2","39 59:18.423","4","00","76 23:28.755","0","0","0","0","36223","0","0","0","N","0","0","0","2","36223","0","","1","09","N","N","0","","0","0","0","0","0","N","1142","0","2","0","0","0","0","0","1","0","2","N","","","","","","","","","","","","07","  ","","",""
"1240","2","0","0","0","0","0","0","0","0","4","0","","36","11","2018","2018119002","6","40.1469","-76.603","1240","08","0","0","0","0","0","1","0","0","","0","0","0","12","1","0","01","0","40 08:48.953","","00","76 36:10.703","0","0","0","0","36407","0","0","0","N","0","0","0","2","36407","0","","1","09","N","N","0","","0","0","0","3","2","","1240","0","2","0","0","0","0","0","2","0","2","N","","","","","","","","","","","","07","  ","","",""
"1607","0","0","0","0","0","0","0","0","0","1","0","","36","11","2018","2018119011","3","40.1042","-76.4333","1559","08","0","0","0","0","0","1","1","0","1","0","0","0","15","1","0","00","1","40 06:15.269","2","03","76 25:59.754","0","0","0","0","36239","0","0","0","N","0","0","0","3","36239","0","","1","09","N","N","1","","0","0","2","0","0","N","1553","0","3","0","0","0","0","0","3","0","3","N","","","","","","","","","","","","07","  ","","",""
"0810","2","0","0","0","0","0","0","0","0","4","0","","36","11","2018","2018119029","6","40.061","-76.4604","0808","08","0","0","0","0","0","0","1","0","1","0","0","0","08","1","1","00","2","40 03:39.452","5","00","76 27:37.548","4","0","0","0","36239","0","0","0","N","0","0","0","2","36239","1","","1","09","N","N","0","","0","0","0","0","0","N","0805","1","2","0","0","0","0","0","3","0","2","N","","","","","","","","","","","","07","  ","","",""
"1150","0","0","0","0","0","0","0","0","0","7","0","","36","11","2018","2018119073","7","40.1493","-76.6046","1145","08","0","0","0","0","0","0","0","1","","0","0","0","11","1","0","00","0","40 08:57.623","","07","76 36:16.429","0","0","0","0","36407","0","0","0","N","0","0","0","1","36407","0","","2","01","N","N","0","","0","0","2","0","0","","1144","0","2","0","0","0","0","0","2","0","2","N","","","","","","","","","","","","03","  ","","",""
"1852","2","0","0","0","0","0","0","0","0","5","0","","36","11","2018","2018119133","5","40.1499","-76.1734","1848","08","0","0","0","0","0","1","0","0","2","0","0","0","18","2","0","00","1","40 08:59.548","1","00","76 10:24.306","0","0","0","0","36238","0","0","0","N","0","0","0","3","36238","0","","1","01","N","N","1","","0","0","0","0","0","N","1848","0","3","0","0","0","0","0","3","0","3","N","","","","","","","","","","","","03","  ","","",""
"2124","0","0","0","0","0","0","0","0","0","7","0","","36","10","2018","2018119172","7","40.1582","-76.2044","2124","08","0","0","0","0","0","0","0","0","3","0","0","0","21","3","0","00","2","40 09:29.559","5","00","76 12:15.887","0","0","0","0","36402","0","0","0","N","0","0","0","1","36402","0","","5","01","N","N","0","","0","0","1","0","0","Y","2123","0","1","0","0","0","0","0","2","0","1","N","","","","","","","","","","","","03","  ","","",""
"0327","1","0","0","0","0","0","0","0","0","9","0","","36","11","2018","2018119194","7","40.0869","-76.2681","0318","08","0","0","0","0","0","1","0","0","","0","0","0","03","2","0","00","0","40 05:12.838","","00","76 16:05.234","0","0","0","0","36101","0","0","0","N","0","0","0","1","36101","0","","1","09","N","N","0","","0","0","0","0","0","","0315","0","1","0","0","0","0","0","3","0","1","N","","","","","","","","","","","","03","  ","","",""
"2151","1","0","0","0","0","0","0","0","0","1","0","","36","11","2018","2018119201","6","40.0882","-76.3806","2147","08","0","0","0","0","0","1","0","0","2","0","0","0","21","3","1","00","2","40 05:17.627","1","00","76 22:50.296","4","0","0","0","36214","0","0","0","N","0","0","0","6","36214","1","","1","09","N","N","0","","0","0","1","3","2","N","2143","1","2","0","0","0","0","0","3","0","2","N","","","","","","","","","","","","07","  ","","",""
"1646","3","0","0","0","0","0","0","0","0","1","0","","36","11","2018","2018119207","7","40.152","-76.6011","1646","08","0","0","0","0","0","0","0","0","3","0","0","0","16","1","0","00","2","40 09:07.150","4","00","76 36:03.800","0","0","0","0","36407","0","0","0","N","0","0","0","1","36407","0","","1","01","N","N","0","","0","0","0","0","0","Y","1644","0","3","0","0","0","0","0","2","0","3","N","","","","","","","","","","","","03","  ","","",""
"2240","1","0","0","0","0","0","0","0","0","7","0","","36","11","2018","2018119251","6","40.0383","-76.4386","2230","08","0","0","0","0","0","0","0","0","","0","0","0","22","3","1","00","0","40 02:17.942","","00","76 26:19.060","4","0","0","0","36414","0","0","0","N","0","0","0","1","36239","1","","5","09","N","N","0","","0","0","0","0","0","","2230","1","1","0","0","0","0","0","3","0","1","N","","","","","","","","","","","","07","  ","","",""
"0752","1","0","0","0","0","0","0","0","0","7","0","","36","10","2018","2018119374","3","40.0332","-76.3173","0747","08","0","0","0","0","0","0","0","0","","0","0","0","07","5","7","00","0","40 01:59.651","","07","76 19:02.265","8","0","0","0","36301","0","0","0","N","0","0","0","7","36301","0","","5","01","N","N","0","","0","0","0","0","0","","0745","7","1","0","0","0","7","0","3","0","1","N","","","","","","","","","","","","03","  ","","",""
"0601","0","0","0","0","0","0","0","0","0","7","0","","36","11","2018","2018119387","1","40.2165","-76.0904","0554","08","0","0","0","0","0","0","0","0","2","0","0","0","05","3","0","00","1","40 12:59.462","2","03","76 05:25.505","0","0","0","0","36210","0","0","0","Y","0","0","0","1","36210","0","","4","01","N","N","0","","0","0","1","0","0","N","0550","0","1","0","0","0","0","0","1","0","1","N","","","","","","","","","","","","03","  ","","",""
"0937","2","0","0","0","0","0","0","0","0","1","0","","36","11","2018","2018119434","1","40.1558","-76.3072","0936","08","0","0","0","0","0","1","0","0","","0","0","0","09","1","0","00","0","40 09:20.728","","00","76 18:26.055","0","0","0","0","36409","0","0","0","N","0","0","0","3","36409","0","","1","01","N","N","0","","0","0","0","0","0","","0933","0","2","0","0","0","0","0","3","0","2","N","","","","","","","","","","","","03","  ","","",""
"1125","0","0","0","0","0","0","0","0","0","5","0","","36","11","2018","2018119457","2","40.0522","-76.3084","1123","08","0","0","0","0","0","1","1","0","2","0","0","0","11","1","0","01","1","40 03:07.752","1","00","76 18:30.128","0","0","0","0","36301","0","0","0","N","0","0","0","2","36301","0","","1","09","N","N","0","","0","0","0","3","2","Y","1123","0","2","0","0","0","0","0","3","2","2","N","","","","","","","","","","","","07","  ","","",""
"1421","1","0","0","0","0","0","0","0","0","5","0","","36","10","2018","2018119528","1","40.0458","-76.3082","1421","08","0","0","0","1","0","1","0","0","1","0","0","0","14","1","0","01","1","40 02:44.721","6","00","76 18:29.541","0","0","0","0","36301","0","0","0","N","0","0","0","2","36301","0","","1","01","N","N","0","","0","0","1","3","3","Y","1421","0","2","0","0","0","0","0","3","0","2","Y","","","","","","","","","","","","03","  ","","",""
"0315","4","0","0","0","0","0","0","0","0","5","0","","36","11","2018","2018119534","6","40.1805","-76.1802","0313","08","0","0","0","0","0","0","0","0","","0","0","0","03","3","0","00","0","40 10:49.908","","00","76 10:48.810","0","0","0","0","36408","0","0","0","N","0","0","0","1","36408","0","","2","01","N","N","1","","0","0","2","0","0","","0313","0","7","0","0","0","0","0","2","0","7","N","","","","","","","","","","","","03","  ","","",""
"0845","2","0","0","0","0","0","0","0","0","1","0","","36","11","2018","2018119548","3","40.1795","-76.1785","0840","08","0","0","0","0","0","0","0","0","2","0","0","0","08","1","1","00","1","40 10:46.256","3","00","76 10:42.709","4","0","0","0","36408","0","0","0","N","0","0","0","3","36408","1","","1","09","N","N","0","","0","0","0","0","0","N","0839","1","2","0","0","0","0","0","2","0","2","N","","","","","","","","","","","","07","  ","","",""
"0659","2","0","0","0","0","0","0","0","0","1","0","","36","11","2018","2018119569","2","40.093","-76.3297","0653","08","0","0","1","0","0","1","0","0","","0","0","0","06","5","0","00","0","40 05:34.738","","00","76 19:46.740","0","0","0","0","36101","0","0","0","N","0","0","0","2","36101","0","","1","09","N","N","0","","0","0","0","0","0","","0651","0","2","0","0","0","0","0","3","0","2","N","","","","","","","","","","","","07","  ","","",""