"ARRIVAL_TM","AUTOMOBILE_COUNT","BELTED_DEATH_COUNT","BELTED_SUSP_SERIOUS_INJ_COUNT","BICYCLE_COUNT","BICYCLE_DEATH_COUNT","BICYCLE_SUSP_SERIOUS_INJ_COUNT","BUS_COUNT","CHLDPAS_DEATH_COUNT","CHLDPAS_SUSP_SERIOUS_INJ_COUNT","COLLISION_TYPE","COMM_VEH_COUNT","CONS_ZONE_SPD_LIM","COUNTY","CRASH_MONTH","CRASH_YEAR","CRN","DAY_OF_WEEK","DEC_LAT","DEC_LONG","DISPATCH_TM","DISTRICT","DRIVER_COUNT_16YR","DRIVER_COUNT_17YR","DRIVER_COUNT_18YR","DRIVER_COUNT_19YR","DRIVER_COUNT_20YR","DRIVER_COUNT_50_64YR","DRIVER_COUNT_65_74YR","DRIVER_COUNT_75PLUS","EST_HRS_CLOSED","FATAL_COUNT","HEAVY_TRUCK_COUNT","HORSE_BUGGY_COUNT","HOUR_OF_DAY","ILLUMINATION","INJURY_COUNT","INTERSECT_TYPE","LANE_CLOSED","LATITUDE","LN_CLOSE_DIR","LOCATION_TYPE","LONGITUDE","MAX_SEVERITY_LEVEL","MCYCLE_DEATH_COUNT","MCYCLE_SUSP_SERIOUS_INJ_COUNT","MOTORCYCLE_COUNT","MUNICIPALITY","NONMOTR_COUNT","NONMOTR_DEATH_COUNT","NONMOTR_SUSP_SERIOUS_INJ_COUNT","NTFY_HIWY_MAINT","PED_COUNT","PED_DEATH_COUNT","PED_SUSP_SERIOUS_INJ_COUNT","PERSON_COUNT","POLICE_AGCY","POSSIBLE_INJ_COUNT","RDWY_SURF_TYPE_CD","RELATION_TO_ROAD","ROAD_CONDITION","SCH_BUS_IND","SCH_ZONE_IND","SMALL_TRUCK_COUNT","SPEC_JURIS_CD","SUSP_MINOR_INJ_COUNT","SUSP_SERIOUS_INJ_COUNT","SUV_COUNT","TCD_FUNC_CD","TCD_TYPE","TFC_DETOUR_IND","TIME_OF_DAY","TOT_INJ_COUNT","TOTAL_UNITS","UNB_DEATH_COUNT","UNB_SUSP_SERIOUS_INJ_COUNT","UNBELTED_OCC_COUNT","UNK_INJ_DEG_COUNT","UNK_INJ_PER_COUNT","URBAN_RURAL","VAN_COUNT","VEHICLE_COUNT","WORK_ZONE_IND","WORK_ZONE_LOC","WORK_ZONE_TYPE","WORKERS_PRES","WZ_CLOSE_DETOUR","WZ_FLAGGER","WZ_LAW_OFFCR_IND","WZ_LN_CLOSURE","WZ_MOVING","WZ_OTHER","WZ_SHLDER_MDN","ROADWAY_CLEARED","WEATHER1","WEATHER2","WZ_WORKERS_INJ_KILLED","SECONDARY_CRASH","INTERSECTION_RELATED"
"1507","0","0","0","0","0","0","0","0","0","1","0","","36","11","2018","2018119570","2","40.1136","-76.2494","1458","08","0","1","0","0","0","0","0","0","","0","0","0","14","1","0","00","0","40 06:48.996","","00","76 14:57.830","0","0","0","0","36101","0","0","0","N","0","0","0","3","36101","0","","1","09","N","N","0","","0","0","1","0","0","","1456","0","2","0","0","0","0","0","3","1","2","N","","","","","","","","","","","","07","  ","","",""
"0710","2","0","0","0","0","0","0","0","0","4","0","","36","11","2018","2018119571","3","40.1155","-76.2427","0703","08","0","0","0","0","0","0","1","0","1","0","0","0","06","1","0","02","1","40 06:55.751","1","00","76 14:33.696","0","0","0","0","36101","0","0","0","N","0","0","0","3","36101","0","","1","09","N","N","0","","0","0","0","3","3","N","0658","0","2","0","0","0","0","0","3","0","2","N","","","","","","","","","","","","03","  ","","",""
"1124","0","0","0","0","0","0","0","0","0","7","0","","36","11","2018","2018119572","3","40.1076","-76.3637","1115","08","0","0","0","0","0","0","0","1","1","0","0","0","11","1","1","00","1","40 06:27.471","3","00","76 21:49.429","4","0","0","0","36406","0","0","0","N","0","0","0","5","36101","1","","4","09","N","N","0","","0","0","0","0","0","N","1111","1","1","0","0","1","0","0","3","1","1","N","","","","","","","","","","","","07","  ","","",""
"1600","2","0","0","0","0","0","0","0","0","1","0","","36","11","2018","2018119573","3","40.0395","-76.2824","1552","08","0","1","0","0","0","0","0","0","1","0","0","0","15","1","1","00","1","40 02:22.137","4","00","76 16:56.651","4","0","0","0","36220","0","0","0","N","0","0","0","5","36101","1","","1","09","N","N","0","","0","0","1","0","0","N","1551","1","3","0","0","0","0","0","3","0","3","N","","","","","","","","","","","","07","  ","","",""
"1617","1","0","0","0","0","0","0","0","0","4","0","","36","11","2018","2018119574","3","40.0695","-76.3076","1612","08","0","0","0","0","0","1","0","0","2","0","0","0","16","1","1","01","1","40 04:10.226","2","00","76 18:28.241","4","0","0","0","36101","0","0","0","N","0","0","0","3","36101","1","","1","09","N","N","0","","0","0","2","3","2","N","1602","1","3","0","0","0","0","0","3","0","3","N","","","","","","","","","","","","03","  ","","",""
"1736","2","0","0","0","0","0","0","0","0","1","0","","36","11","2018","2018119575","6","40.068","-76.297","1730","08","0","0","1","0","0","1","0","0","1","0","0","0","17","3","0","00","1","40 04:04.967","4","00","76 17:49.063","0","0","0","0","36101","0","0","0","N","0","0","0","2","36101","0","","1","09","N","N","0","","0","0","0","0","0","N","1729","0","2","0","0","0","0","0","3","0","2","N","","","","","","","","","","","","07","  ","","",""
"1704","1","0","0","0","0","0","0","0","0","1","0","","36","11","2018","2018119576","7","40.0764","-76.3378","1654","08","0","0","0","0","0","0","1","0","","0","0","0","16","4","0","07","0","40 04:35.008","","00","76 20:16.120","0","0","0","0","36101","0","0","0","N","0","0","0","2","36101","0","","1","01","N","N","0","","0","0","0","3","4","","1641","0","2","0","0","0","0","0","3","1","2","N","","","","","","","","","","","","03","  ","","",""
"2220","1","0","0","0","0","0","0","0","0","7","0","","36","11","2018","2018119636","3","40.1488","-76.1793","2211","08","0","0","0","0","0","0","0","0","","0","0","0","22","2","0","00","0","40 08:55.816","","00","76 10:45.613","0","0","0","0","36238","0","0","0","Y","0","0","0","1","36238","0","","4","01","N","N","0","","0","0","0","0","0","","2211","0","1","0","0","0","0","0","3","0","1","N","","","","","","","","","","","","03","  ","","",""
"2206","1","0","0","0","0","0","0","0","0","9","0","","36","11","2018","2018119770","1","40.0962","-76.0387","2204","08","0","0","0","0","0","0","0","0","","0","0","0","21","2","0","00","0","40 05:46.361","","00","76 02:19.373","0","0","0","0","36213","0","0","0","N","0","0","0","3","36213","0","","1","01","N","N","0","","0","0","0","0","0","","2145","0","1","0","0","0","0","0","1","0","1","N","","","","","","","","","","","","03","  ","","",""
"2050","1","0","0","0","0","0","0","0","0","7","0","","36","10","2018","2018119772","6","40.0319","-76.5026","2050","08","0","0","0","0","0","0","0","0","1","0","0","0","20","3","0","01","1","40 01:54.861","1","00","76 30:09.208","0","0","0","0","36404","0","0","0","N","0","0","0","1","36404","0","","2","09","N","N","0","","0","0","0","3","2","N","2048","0","1","0","0","0","0","0","3","0","1","N","","","","","","","","","","","","03","  ","","",""
"1456","2","0","0","0","0","0","0","0","0","4","0","","36","11","2018","2018119777","6","40.1097","-76.1386","1445","08","0","0","0","0","0","1","0","0","","0","0","0","14","1","1","10","0","40 06:34.894","","00","76 08:18.734","3","0","0","0","36238","0","0","0","N","0","0","0","3","36238","0","","1","09","N","N","0","","1","0","0","3","3","","1440","1","2","0","0","0","0","0","3","0","2","N","","","","","","","","","","","","07","  ","","",""
"1547","2","0","0","0","0","0","0","0","0","4","0","","36","11","2018","2018119804","5","40.175","-76.3087","1544","08","0","0","0","0","1","1","0","0","2","0","0","0","15","1","1","00","1","40 10:30.166","2","00","76 18:31.483","3","0","0","0","36235","0","0","0","N","0","0","0","2","36506","0","","1","01","N","N","0","","1","0","0","3","2","Y","1544","1","2","0","0","1","0","0","1","0","2","N","","","","","","","","","","","","03","  ","","",""
"0806","0","0","0","0","0","0","0","0","0","2","0","","36","11","2018","2018119925","4","39.9061","-76.1304","0747","08","0","0","0","0","0","0","0","0","2","0","0","1","07","1","2","00","1","39 54:22.125","4","00","76 07:49.517","3","0","0","0","36216","2","0","0","N","0","0","0","3","68J01","0","","1","01","N","N","1","","2","0","0","0","0","N","0736","2","2","0","0","0","0","0","1","0","1","N","","","","","","","","","","","","03","  ","","",""
"0835","1","0","0","0","0","0","0","0","0","2","0","","36","11","2018","2018119928","4","39.8947","-76.1715","0835","08","0","0","0","0","0","1","0","0","2","0","0","0","08","1","3","01","1","39 53:40.821","3","00","76 10:17.488","3","0","0","0","36416","0","0","0","N","0","0","0","4","68J01","0","","1","01","N","N","1","","2","0","0","3","2","N","0834","3","2","0","0","0","1","0","1","0","2","N","","","","","","","","","","","","03","  ","","",""
"1641","0","0","0","0","0","0","0","0","0","0","1","","36","11","2018","2018119929","4","40.0154","-75.9912","1635","08","0","0","0","0","0","1","0","0","3","0","1","0","16","1","1","00","2","40 00:55.424","5","00","75 59:28.262","8","0","0","0","36232","0","0","0","N","0","0","0","1","68J01","0","","1","01","N","N","0","","0","0","0","0","0","Y","1633","1","1","0","0","0","1","0","1","0","1","N","","","","","","","","","","","","03","  ","","",""
"1942","1","0","0","0","0","0","0","0","0","9","0","","36","11","2018","2018119938","5","39.9736","-75.9888","1926","08","0","1","0","0","0","0","0","0","2","0","0","0","19","2","0","00","1","39 58:25.046","3","00","75 59:19.647","0","0","0","0","36231","0","0","0","N","0","0","0","1","68J01","0","","1","01","N","N","0","","0","0","0","0","0","N","1922","0","1","0","0","0","0","0","1","0","1","N","","","","","","","","","","","","03","  ","","",""
"1107","0","0","0","0","0","0","0","0","0","7","1","35","36","11","2018","2018119946","6","40.0065","-76.1132","1050","08","0","0","0","0","0","0","0","0","","0","1","0","10","1","1","00","0","40 00:23.502","","03","76 06:47.488","4","0","0","0","36226","0","0","0","N","0","0","0","2","68J01","1","","1","01","N","N","0","","0","0","0","3","8","","1042","1","1","0","0","1","0","0","1","0","1","Y","4","1","Y","N","N","N","N","N","Y","N","","03","  ","","",""
"1450","1","0","0","0","0","0","0","0","0","1","0","","36","11","2018","2018119951","6","40.0049","-76.1051","1423","08","0","0","0","0","0","0","0","0","","0","0","0","14","1","0","01","0","40 00:17.506","","00","76 06:18.451","0","0","0","0","36226","0","0","0","N","0","0","0","5","68J01","0","","1","09","N","N","0","","0","0","1","3","2","","1416","0","2","0","0","0","0","0","1","0","2","N","","","","","","","","","","","","07","  ","","",""
"2335","1","0","0","0","0","0","0","0","0","2","0","","36","11","2018","2018119957","6","40.2223","-76.2664","2321","08","0","0","0","0","0","0","0","0","","0","0","0","23","2","0","00","0","40 13:20.206","","00","76 15:59.032","0","0","0","0","36217","0","0","0","N","0","0","0","1","68J01","0","","4","09","N","N","0","","0","0","1","0","0","","2321","0","2","0","0","1","0","0","1","0","2","N","","","","","","","","","","","","03","  ","","",""
"1427","1","0","0","0","0","0","0","0","0","4","1","","36","11","2018","2018119967","7","39.9463","-76.0433","1405","08","0","0","0","0","0","0","0","1","","0","1","0","14","1","0","01","0","39 56:46.542","","00","76 02:35.829","0","0","0","0","36231","0","0","0","N","0","0","0","2","68J01","0","","1","01","N","N","0","","0","0","0","3","8","","1403","0","2","0","0","0","0","0","1","0","2","N","","","","","","","","","","","","03","  ","","",""
"1918","0","0","0","0","0","0","0","0","0","7","2","","36","10","2018","2018120070","2","40.128","-76.4758","1912","08","0","0","0","0","0","0","1","0","","0","2","0","19","2","0","00","0","40 07:40.736","","01","76 28:32.943","0","0","0","0","36230","0","0","0","Y","0","0","0","3","36410","0","","5","01","N","N","1","","0","0","0","0","0","","1904","0","3","0","0","0","0","0","1","0","3","N","","","","","","","","","","","","03","  ","","",""
"1315","0","0","0","0","0","0","0","0","0","7","0","","36","11","2018","2018120071","4","40.1301","-76.4909","1315","08","0","0","0","1","0","0","0","0","1","0","0","0","13","1","0","00","1","40 07:48.410","6","00","76 29:27.140","0","0","0","1","36230","0","0","0","N","0","0","0","1","36410","0","","5","01","N","N","0","","0","0","0","0","0","N","1315","0","1","0","0","0","0","0","1","0","1","N","","","","","","","","","","","","03","  ","","",""
"0228","1","0","0","0","0","0","0","0","0","7","0","","36","11","2018","2018120072","1","40.2328","-76.4342","0215","08","0","0","0","0","0","0","0","0","","0","0","0","02","2","0","00","0","40 13:58.176","","00","76 26:03.066","0","0","0","0","36230","0","0","0","N","0","0","0","1","36410","0","","2","01","N","N","0","","0","0","0","0","0","","0209","0","1","0","0","0","0","0","1","0","1","N","","","","","","","","","","","","03","  ","","",""
"0751","1","0","0","0","0","0","0","0","0","4","1","","36","11","2018","2018120152","6","40.0314","-76.4816","0748","08","0","0","0","0","0","0","0","0","1","0","1","0","07","1","0","01","1","40 01:53.017","4","00","76 28:53.643","0","0","0","0","36239","0","0","0","N","0","0","0","2","36239","0","","1","09","N","N","0","","0","0","0","3","2","N","0748","0","2","0","0","0","0","0","3","0","2","N","","","","","","","","","","","","03","  ","","",""
"1213","2","0","0","0","0","0","0","0","0","4","0","","36","11","2018","2018120154","6","40.1539","-76.1271","1208","08","0","0","0","0","0","0","0","0","2","0","0","0","12","1","1","00","1","40 09:14.197","1","07","76 07:37.604","3","0","0","0","36218","0","0","0","N","0","0","0","4","36408","0","","1","01","N","N","0","","1","0","0","0","0","N","1205","1","2","0","0","0","0","0","1","0","2","N","","","","","","","","","","","","03","  ","","",""
"1708","0","0","0","0","0","0","0","0","0","7","0","","36","11","2018","2018120204","3","40.029","-75.9802","1658","08","0","0","0","0","0","0","1","0","","0","0","0","16","2","0","00","0","40 01:44.460","","00","75 58:48.860","0","0","0","0","36232","0","0","0","N","0","0","0","1","68J01","0","","5","09","N","N","0","","0","0","0","0","0","","1641","0","1","0","0","0","0","0","1","1","1","N","","","","","","","","","","","","03","  ","","",""
"0936","1","0","1","0","0","0","0","0","0","4","0","","36","11","2018","2018120282","7","40.1873","-76.1844","0933","08","0","0","0","0","0","1","1","0","2","0","0","0","09","1","2","01","1","40 11:14.331","1","00","76 11:03.790","2","0","0","0","36408","0","0","0","N","0","0","0","2","36408","0","","1","01","N","N","0","","1","1","1","3","2","Y","0930","2","2","0","0","0","0","0","2","0","2","N","","","","","","","","","","","","03","  ","","",""
"1435","1","0","0","0","0","0","0","0","0","1","0","","36","11","2018","2018120293","5","40.1567","-76.3072","1427","08","1","0","0","0","0","0","0","0","","0","0","0","14","1","0","00","0","40 09:23.943","","00","76 18:25.959","0","0","0","0","36409","0","0","0","N","0","0","0","2","36409","0","","1","01","N","N","0","","0","0","1","0","0","","1425","0","2","0","0","0","0","0","3","0","2","N","","","","","","","","","","","","03","  ","","",""
"1606","0","0","0","0","0","0","0","0","0","1","0","","36","11","2018","2018120305","6","40.1059","-76.3544","1604","08","0","0","0","0","0","0","0","0","1","0","0","0","16","1","1","00","1","40 06:21.227","1","00","76 21:15.909","4","0","0","0","36406","0","0","0","N","0","0","0","2","36101","1","","1","01","N","N","1","","0","0","1","0","0","N","1602","1","2","0","0","0","0","0","3","0","2","N","","","","","","","","","","","","03","  ","","",""
"2132","1","0","0","0","0","0","0","0","0","9","0","","36","11","2018","2018120306","5","40.0089","-76.383","2127","08","0","0","0","0","0","0","0","1","","0","0","0","21","3","2","00","0","40 00:31.860","","00","76 22:58.797","3","0","0","0","36223","0","0","0","N","0","0","0","2","36223","0","","1","01","N","N","0","","2","0","0","0","0","","2125","2","1","0","0","0","0","0","1","0","1","N","","","","","","","","","","","","03","  ","","",""
"0908","1","0","0","0","0","0","0","0","0","2","0","","36","11","2018","2018120364","3","40.0431","-76.3198","0904","08","0","0","0","0","0","0","0","0","","0","0","0","09","1","0","01","0","40 02:35.131","","00","76 19:11.233","0","0","0","0","36301","0","0","0","N","0","0","0","2","36301","0","","1","09","N","N","0","","0","0","1","3","2","","0901","0","2","0","0","0","0","0","3","0","2","N","","","","","","","","","","","","07","  ","","",""
"1100","1","0","0","0","0","0","0","0","0","6","1","","36","11","2018","2018120400","3","40.0591","-76.4629","1057","08","0","0","0","0","0","0","1","0","2","0","1","0","10","1","2","03","2","40 03:32.814","5","00","76 27:46.398","3","0","0","0","36239","0","0","0","N","0","0","0","3","36239","0","","1","09","N","N","0","","2","0","0","0","0","Y","1057","2","2","0","0","0","0","0","3","0","2","N","","","","","","","","","","","","07","  ","","",""
"1731","2","0","0","0","0","0","0","0","0","4","0","","36","11","2018","2018120561","1","40.0357","-76.3222","1711","08","0","0","0","0","0","1","0","0","1","0","0","0","17","2","0","01","1","40 02:08.487","1","00","76 19:19.801","0","0","0","0","36301","0","0","0","N","0","0","0","3","36301","0","","1","09","N","N","0","","0","0","0","3","3","Y","1709","0","2","0","0","0","0","0","3","0","2","N","","","","","","","","","","","","03","  ","","",""
"0739","2","0","0","0","0","0","0","0","0","1","0","","36","11","2018","2018120598","4","40.1079","-76.4344","0729","08","0","0","0","0","0","0","0","0","1","0","0","0","07","5","1","00","2","40 06:28.304","3","00","76 26:03.781","4","0","0","0","36214","0","0","0","N","0","0","0","2","36214","1","","1","01","N","N","0","","0","0","0","0","0","N","0725","1","3","0","0","0","0","0","3","0","2","N","","","","","","","","","","","","03","  ","","",""
"1946","1","0","0","0","0","0","0","0","0","9","0","","36","11","2018","2018120599","2","40.0895","-76.382","1931","08","0","0","0","0","0","1","0","0","1","0","0","0","19","2","0","00","1","40 05:22.078","3","00","76 22:55.113","0","0","0","0","36214","0","0","0","N","0","0","0","2","36214","0","","1","09","N","N","0","","0","0","0","0","0","N","1928","0","1","0","0","0","0","0","3","0","1","N","","","","","","","","","","","","07","  ","","",""
"0540","0","0","0","0","0","0","0","0","0","4","0","","36","10","2018","2018120600","3","40.0889","-76.1801","0534","08","0","0","0","0","0","1","0","0","","0","0","0","05","3","0","02","0","40 05:20.180","","00","76 10:48.323","9","0","0","0","36234","0","0","0","N","0","0","0","2","36215","0","","4","01","N","N","0","","0","0","1","3","3","","0528","0","2","0","0","0","0","1","1","0","2","N","","","","","","","","","","","","03","  ","","",""
"0346","1","0","0","0","0","0","0","0","0","7","0","","36","10","2018","2018120601","7","40.0744","-76.2051","0343","08","0","0","0","0","0","0","0","0","1","0","0","0","03","2","1","00","1","40 04:27.969","5","00","76 12:18.492","3","0","0","0","36234","0","0","0","Y","0","0","0","1","36215","0","","5","01","N","N","0","","1","0","0","0","0","Y","0340","1","1","0","0","1","0","0","1","0","1","N","","","","","","","","","","","","03","  ","","",""
"1531","1","0","0","0","0","0","0","0","0","1","0","","36","10","2018","2018120602","7","40.0257","-76.2092","1525","08","0","0","0","0","0","1","1","0","","0","0","0","15","1","1","00","0","40 01:32.489","","07","76 12:32.956","8","0","0","0","36215","0","0","0","N","0","0","0","4","36215","0","","1","01","N","N","0","","0","0","1","3","2","","1523","1","2","0","0","1","1","0","1","0","2","N","","","","","","","","","","","","03","  ","","",""
"0221","1","0","0","0","0","0","0","0","0","7","0","","36","11","2018","2018120603","5","40.0036","-76.2018","0218","08","0","0","0","1","0","0","0","0","","0","0","0","02","2","0","00","0","40 00:13.050","","00","76 12:06.330","0","0","0","0","36215","0","0","0","N","0","0","0","1","36215","0","","4","01","N","N","0","","0","0","0","0","0","","0215","0","1","0","0","0","0","0","1","0","1","N","","","","","","","","","","","","03","  ","","",""
"0812","2","0","0","0","0","0","0","0","0","1","0","","36","11","2018","2018120604","5","40.0527","-76.2624","0812","08","0","0","1","0","0","0","0","0","2","0","0","0","08","1","0","00","1","40 03:09.786","3","00","76 15:44.570","0","0","0","0","36215","0","0","0","N","0","0","0","3","36215","0","","1","01","N","N","0","","0","0","1","0","0","N","0812","0","3","0","0","0","0","0","1","0","3","N","","","","","","","","","","","","03","  ","","",""
"1846","1","0","0","0","0","0","0","0","0","1","0","","36","11","2018","2018120605","3","40.0335","-76.1972","1841","08","0","0","0","0","0","2","0","1","1","0","0","0","18","2","1","00","1","40 02:00.567","1","00","76 11:49.760","3","0","0","0","36215","0","0","0","N","0","0","0","15","36215","0","","1","09","N","N","0","","1","0","0","0","0","N","1836","1","3","0","0","4","0","0","1","2","3","N","","","","","","","","","","","","03","  ","","",""
"1609","1","0","0","0","0","0","0","0","0","4","0","","36","11","2018","2018120606","4","40.0223","-76.1925","1600","08","0","0","0","1","0","0","0","1","2","0","0","0","15","1","0","00","2","40 01:20.394","6","07","76 11:33.126","0","0","0","0","36215","0","0","0","N","0","0","0","2","36215","0","","1","01","N","N","0","","0","0","1","0","0","N","1557","0","2","0","0","0","0","0","1","0","2","N","","","","","","","","","","","","03","  ","","",""
"1153","1","0","0","0","0","0","0","0","0","4","0","","36","11","2018","2018120607","6","40.0303","-76.2319","1149","08","0","0","0","0","0","0","0","0","3","0","0","0","11","1","3","00","1","40 01:48.911","4","00","76 13:54.990","3","0","0","0","36215","0","0","0","N","0","0","0","3","36215","0","","1","01","N","N","0","","1","0","1","0","0","N","1147","3","2","0","0","0","2","0","1","0","2","N","","","","","","","","","","","","03","  ","","",""
"1728","1","0","0","0","0","0","0","0","0","1","0","","36","11","2018","2018120608","6","40.0373","-76.2642","1716","08","0","0","0","0","0","1","0","0","","0","0","0","17","2","0","00","0","40 02:14.187","","00","76 15:50.991","0","0","0","0","36215","0","0","0","N","0","0","0","2","36215","0","","1","09","N","N","1","","0","0","0","0","0","","1715","0","2","0","0","0","0","0","1","0","2","N","","","","","","","","","","","","07","  ","","",""
"1400","2","0","0","0","0","0","0","0","0","1","0","","36","11","2018","2018120609","7","40.0285","-76.2258","1400","08","0","0","0","0","0","1","0","0","","0","0","0","14","1","2","00","0","40 01:42.608","","00","76 13:32.753","4","0","0","0","36215","0","0","0","N","0","0","0","3","36215","2","","1","01","N","N","0","","0","0","0","0","0","","1400","2","2","0","0","0","0","0","1","0","2","N","","","","","","","","","","","","03","  ","","",""
"1231","3","0","0","0","0","0","0","0","0","4","0","","36","11","2018","2018120610","7","40.1539","-76.3072","1228","08","0","0","0","0","0","0","0","1","1","0","0","0","12","1","1","00","1","40 09:14.039","1","00","76 18:25.935","3","0","0","0","36409","0","0","0","N","0","0","0","1","36409","0","","6","01","N","N","0","","1","0","0","0","0","N","1226","1","3","0","0","0","0","0","3","0","3","N","","","","","","","","","","","","03","  ","","",""
"0121","3","0","0","0","0","0","0","0","0","4","0","","36","11","2018","2018120798","4","40.0385","-76.3189","0118","08","0","0","0","0","0","1","0","0","2","0","0","0","01","3","2","00","2","40 02:18.758","1","00","76 19:08.023","3","0","0","0","36301","0","0","0","N","0","0","0","2","36301","0","","6","01","N","N","0","","2","0","0","0","0","Y","0118","2","3","0","0","0","0","0","3","0","3","N","","","","","","","","","","","","03","  ","","",""
"0742","3","0","0","0","0","0","0","0","0","1","0","","36","11","2018","2018120821","5","40.0917","-76.3038","0740","08","0","0","0","0","0","0","0","0","1","0","0","0","07","3","0","00","2","40 05:30.243","1","00","76 18:13.600","0","0","0","0","36101","0","0","0","N","0","0","0","4","36101","0","","1","01","N","N","0","","0","0","1","0","0","N","0736","0","4","0","0","0","0","0","3","0","4","N","","","","","","","","","","","","03","  ","","",""
"1801","2","0","0","0","0","0","0","0","0","1","0","","36","11","2018","2018120822","2","40.0444","-76.3634","1740","08","0","0","0","1","0","0","0","0","","0","0","0","17","3","0","01","0","40 02:39.964","","00","76 21:48.087","0","0","0","0","36214","0","0","0","N","0","0","0","2","36214","0","","1","01","N","N","0","","0","0","0","0","0","","1738","0","2","0","0","0","0","0","3","0","2","N","","","","","","","","","","","","03","  ","","",""
"2017","2","0","0","0","0","0","0","0","0","1","0","","36","11","2018","2018120823","3","40.0439","-76.3634","1956","08","0","0","0","1","0","0","0","0","1","0","0","0","19","3","0","00","1","40 02:38.191","1","00","76 21:48.395","0","0","0","0","36214","0","0","0","N","0","0","0","2","36214","0","","1","01","N","N","0","","0","0","0","0","0","N","1950","0","2","0","0","0","0","0","3","0","2","N","","","","","","","","","","","","03","  ","","",""
"0642","3","0","0","0","0","0","0","0","0","5","2","45","36","10","2018","2018120934","3","39.8182","-76.3226","0626","08","0","0","0","0","1","2","0","1","4","0","2","0","06","2","2","00","2","39 49:05.610","6","03","76 19:21.475","3","0","0","0","36224","0","0","0","N","0","0","0","5","68J01","0","","1","01","N","N","1","","2","0","0","3","2","Y","0621","2","6","0","0","0","0","0","1","0","6","Y","3","1","N","N","N","N","Y","N","Y","N","","03","  ","","",""
"1603","0","0","0","1","0","0","0","0","0","8","0","","36","10","2018","2018120935","4","40.18","-76.0358","1533","08","0","0","0","0","0","0","1","0","1","0","0","0","15","1","1","02","1","40 10:47.884","3","00","76 02:08.707","8","0","0","0","36202","1","0","0","N","0","0","0","15","68J01","0","","1","01","N","N","0","","0","0","0","3","3","N","1510","1","2","0","0","0","1","0","1","1","1","N","","","","","","","","","","","","03","  ","","",""
"2351","1","0","0","0","0","0","0","0","0","7","0","","36","10","2018","2018120937","7","40.0468","-75.9536","2349","08","0","1","0","0","0","0","0","0","","0","0","0","23","3","0","00","0","40 02:48.400","","00","75 57:12.780","0","0","0","0","36232","0","0","0","N","0","0","0","1","68J01","0","","4","09","N","N","0","","0","0","0","0","0","","2349","0","1","0","0","0","0","0","1","0","1","N","","","","","","","","","","","","07","  ","","",""
"1639","0","0","0","0","0","0","0","0","0","7","0","","36","10","2018","2018120962","1","39.9414","-76.3599","1621","08","0","0","1","0","0","0","0","0","1","0","0","0","15","1","0","00","2","39 56:29.190","3","00","76 21:35.580","0","0","0","0","36206","0","0","0","N","0","0","0","1","68J01","0","","4","01","N","N","0","","0","0","1","0","0","N","1559","0","1","0","0","0","0","0","1","0","1","N","","","","","","","","","","","","03","  ","","",""
"0613","0","0","0","0","0","0","0","0","0","4","0","","36","10","2018","2018120970","3","39.983","-76.1577","0606","08","0","0","1","0","1","1","0","0","","0","0","0","06","5","0","00","0","39 58:58.682","","00","76 09:27.653","0","0","0","0","36233","0","0","0","N","0","0","0","5","68J01","0","","1","01","N","N","2","","0","0","1","0","0","","0602","0","3","0","0","0","0","0","1","0","3","N","","","","","","","","","","","","03","  ","","",""
"0807","0","0","0","0","0","0","0","0","0","9","0","","36","10","2018","2018120976","4","39.9405","-76.1503","0745","08","0","0","0","0","0","0","0","1","","0","0","0","07","1","0","00","0","39 56:25.790","","00","76 09:01.220","0","0","0","0","36233","0","0","0","N","0","0","0","1","68J01","0","","1","01","N","N","0","","0","0","1","0","0","","0742","0","1","0","0","0","0","0","1","0","1","N","","","","","","","","","","","","03","  ","","",""
"0607","1","0","0","0","0","0","0","0","0","9","0","","36","11","2018","2018120983","6","40.1376","-75.9505","0535","08","0","0","0","0","0","0","0","0","","0","0","0","05","2","0","00","0","40 08:15.337","","00","75 57:01.688","0","0","0","0","36203","0","0","0","N","0","0","0","1","68J01","0","","1","09","N","N","0","","0","0","0","0","0","","0530","0","1","0","0","0","0","0","1","0","1","N","","","","","","","","","","","","99","  ","","",""
"0713","1","0","0","0","0","0","0","0","0","9","0","","36","11","2018","2018120989","1","40.2247","-76.3035","0713","08","0","0","0","0","0","0","0","0","","0","0","0","06","1","0","00","0","40 13:29.048","","00","76 18:12.722","0","0","0","0","36217","0","0","0","N","0","0","0","1","68J01","0","","1","01","N","N","0","","0","0","0","0","0","","0615","0","1","0","0","0","0","0","1","0","1","N","","","","","","","","","","","","03","  ","","",""
"0922","1","0","0","0","0","0","0","0","0","7","0","","36","11","2018","2018120991","1","39.9024","-76.2362","0913","08","0","0","0","0","0","1","0","0","1","0","0","0","09","1","1","00","2","39 54:08.690","6","00","76 14:10.350","3","0","0","0","36229","0","0","0","N","0","0","0","1","68J01","0","","4","01","N","N","0","","1","0","0","0","0","N","0913","1","1","0","0","0","0","0","1","0","1","N","","","","","","","","","","","","03","  ","","",""
"0842","1","0","0","0","0","0","0","0","0","1","0","","36","11","2018","2018121001","4","39.9308","-76.2155","0824","08","0","0","0","0","0","0","0","0","","0","0","1","08","1","0","00","0","39 55:50.800","","00","76 12:55.890","0","0","0","0","36229","3","0","0","N","0","0","0","4","68J01","0","","1","01","N","N","0","","0","0","0","0","0","","0824","0","2","0","0","1","0","0","1","0","1","N","","","","","","","","","","","","03","  ","","",""