"ARRIVAL_TM","AUTOMOBILE_COUNT","BELTED_DEATH_COUNT","BELTED_SUSP_SERIOUS_INJ_COUNT","BICYCLE_COUNT","BICYCLE_DEATH_COUNT","BICYCLE_SUSP_SERIOUS_INJ_COUNT","BUS_COUNT","CHLDPAS_DEATH_COUNT","CHLDPAS_SUSP_SERIOUS_INJ_COUNT","COLLISION_TYPE","COMM_VEH_COUNT","CONS_ZONE_SPD_LIM","COUNTY","CRASH_MONTH","CRASH_YEAR","CRN","DAY_OF_WEEK","DEC_LAT","DEC_LONG","DISPATCH_TM","DISTRICT","DRIVER_COUNT_16YR","DRIVER_COUNT_17YR","DRIVER_COUNT_18YR","DRIVER_COUNT_19YR","DRIVER_COUNT_20YR","DRIVER_COUNT_50_64YR","DRIVER_COUNT_65_74YR","DRIVER_COUNT_75PLUS","EST_HRS_CLOSED","FATAL_COUNT","HEAVY_TRUCK_COUNT","HORSE_BUGGY_COUNT","HOUR_OF_DAY","ILLUMINATION","INJURY_COUNT","INTERSECT_TYPE","LANE_CLOSED","LATITUDE","LN_CLOSE_DIR","LOCATION_TYPE","LONGITUDE","MAX_SEVERITY_LEVEL","MCYCLE_DEATH_COUNT","MCYCLE_SUSP_SERIOUS_INJ_COUNT","MOTORCYCLE_COUNT","MUNICIPALITY","NONMOTR_COUNT","NONMOTR_DEATH_COUNT","NONMOTR_SUSP_SERIOUS_INJ_COUNT","NTFY_HIWY_MAINT","PED_COUNT","PED_DEATH_COUNT","PED_SUSP_SERIOUS_INJ_COUNT","PERSON_COUNT","POLICE_AGCY","POSSIBLE_INJ_COUNT","RDWY_SURF_TYPE_CD","RELATION_TO_ROAD","ROAD_CONDITION","SCH_BUS_IND","SCH_ZONE_IND","SMALL_TRUCK_COUNT","SPEC_JURIS_CD","SUSP_MINOR_INJ_COUNT","SUSP_SERIOUS_INJ_COUNT","SUV_COUNT","TCD_FUNC_CD","TCD_TYPE","TFC_DETOUR_IND","TIME_OF_DAY","TOT_INJ_COUNT","TOTAL_UNITS","UNB_DEATH_COUNT","UNB_SUSP_SERIOUS_INJ_COUNT","UNBELTED_OCC_COUNT","UNK_INJ_DEG_COUNT","UNK_INJ_PER_COUNT","URBAN_RURAL","VAN_COUNT","VEHICLE_COUNT","WORK_ZONE_IND","WORK_ZONE_LOC","WORK_ZONE_TYPE","WORKERS_PRES","WZ_CLOSE_DETOUR","WZ_FLAGGER","WZ_LAW_OFFCR_IND","WZ_LN_CLOSURE","WZ_MOVING","WZ_OTHER","WZ_SHLDER_MDN","ROADWAY_CLEARED","WEATHER1","WEATHER2","WZ_WORKERS_INJ_KILLED","SECONDARY_CRASH","INTERSECTION_RELATED"
"2144","1","0","0","0","0","0","0","0","0","4","0","","36","11","2018","2018121033","3","39.9132","-76.1051","2136","08","0","0","0","1","0","0","0","0","2","0","0","1","21","2","0","00","2","39 54:47.431","6","07","76 06:18.517","0","0","0","0","36216","2","0","0","N","0","0","0","3","68J01","0","","1","01","N","N","0","","0","0","0","0","0","Y","2134","0","2","0","0","0","0","0","1","0","1","N","","","","","","","","","","","","03","  ","","",""
"0142","2","0","0","0","0","0","0","0","0","4","0","","36","10","2018","2018121093","7","40.0426","-76.3076","0142","08","0","0","0","0","0","0","0","0","2","0","0","0","01","3","0","01","1","40 02:33.356","1","00","76 18:27.431","0","0","0","0","36301","0","0","0","N","0","0","0","2","36301","0","","1","09","N","N","0","","0","0","0","3","3","Y","0142","0","2","0","0","0","0","0","3","0","2","N","","","","","","","","","","","","07","  ","","",""
"0940","1","0","0","0","0","0","0","0","0","4","0","","36","11","2018","2018121119","5","40.1093","-76.2501","0936","08","0","0","0","0","0","0","1","0","1","0","0","0","09","1","2","01","2","40 06:33.403","2","00","76 15:00.444","3","0","0","0","36101","0","0","0","N","0","0","0","2","36101","0","","1","01","N","N","0","","1","0","1","0","0","Y","0934","2","2","0","0","0","1","0","3","0","2","N","","","","","","","","","","","","03","  ","","",""
"1435","0","0","0","0","0","0","0","0","0","4","0","","36","11","2018","2018121120","7","40.1098","-76.4127","1427","08","1","0","0","1","0","0","0","0","","0","0","0","14","1","0","02","0","40 06:35.305","","00","76 24:45.604","0","0","0","0","36214","0","0","0","N","0","0","0","5","36214","0","","1","01","N","N","0","","0","0","2","3","3","","1425","0","2","0","0","0","0","0","3","0","2","N","","","","","","","","","","","","03","  ","","",""
"0840","2","0","0","0","0","0","0","0","0","4","0","","36","11","2018","2018121121","6","40.0498","-76.2991","0836","08","0","0","0","0","0","1","0","0","1","0","0","0","08","1","0","08","1","40 02:59.100","5","00","76 17:56.700","0","0","0","0","36301","0","0","0","N","0","0","0","2","36301","0","","1","09","N","N","0","","0","0","0","9","3","N","0836","0","2","0","0","0","0","0","3","0","2","N","","","","","","","","","","","","07","  ","","",""
"0856","1","0","0","0","0","0","0","0","0","7","0","","36","11","2018","2018121152","6","39.9947","-76.3206","0510","08","0","0","0","0","0","1","0","0","","0","0","0","05","3","0","00","0","39 59:41.068","","00","76 19:14.034","0","0","0","0","36228","0","0","0","Y","0","0","0","1","36503","0","","5","09","N","N","0","","0","0","0","0","0","","0510","0","1","0","0","0","0","0","1","0","1","N","","","","","","","","","","","","07","  ","","",""
"1721","0","0","0","0","0","0","0","0","0","1","0","","36","11","2018","2018121168","6","40.2289","-76.1329","1717","08","0","0","0","0","0","1","0","0","2","0","0","0","17","3","0","02","2","40 13:43.862","6","00","76 07:58.598","0","0","0","0","36405","0","0","0","N","0","0","0","3","36210","0","","1","09","N","N","0","","0","0","1","3","3","Y","1715","0","2","0","0","0","0","0","1","1","2","N","","","","","","","","","","","","07","  ","","",""
"1402","1","0","0","0","0","0","0","0","0","7","0","","36","11","2018","2018121169","3","40.1502","-76.0089","1402","08","0","0","0","0","0","1","0","0","2","0","0","0","13","1","0","00","2","40 09:00.580","6","00","76 00:31.989","0","0","0","0","36213","0","0","0","N","0","0","0","1","36213","0","","5","01","N","N","0","","0","0","0","0","0","Y","1315","0","1","0","0","0","0","0","1","0","1","N","","","","","","","","","","","","03","  ","","",""
"2226","1","0","0","0","0","0","0","0","0","7","0","","36","10","2018","2018121198","1","40.0438","-75.9543","2210","08","1","0","0","0","0","0","0","0","3","0","0","0","22","2","0","00","2","40 02:37.570","5","00","75 57:15.640","0","0","0","0","36232","0","0","0","N","0","0","0","1","68J01","0","","4","01","N","N","0","","0","0","0","0","0","Y","2204","0","1","0","0","1","0","0","1","0","1","N","","","","","","","","","","","","03","  ","","",""
"1328","1","0","0","0","0","0","0","0","0","6","1","","36","11","2018","2018121229","2","39.9709","-76.0395","1325","08","0","0","0","0","1","0","0","0","1","0","1","0","13","1","0","00","1","39 58:15.260","2","00","76 02:22.370","0","0","0","0","36231","0","0","0","N","0","0","0","2","68J01","0","","1","09","N","N","0","","0","0","0","0","0","N","1318","0","2","0","0","0","0","0","1","0","2","N","","","","","","","","","","","","07","  ","","",""
"1529","2","0","0","0","0","0","0","0","0","4","0","","36","11","2018","2018121287","1","40.0324","-76.5031","1529","08","0","0","0","0","0","2","0","0","1","0","0","0","15","1","0","01","2","40 01:56.546","7","00","76 30:11.145","0","0","0","0","36404","0","0","0","N","0","0","0","2","36404","0","","1","01","N","N","0","","0","0","0","0","0","Y","1529","0","2","0","0","0","0","0","3","0","2","N","","","","","","","","","","","","03","  ","","",""
"1644","2","0","0","0","0","0","0","0","0","2","0","","36","11","2018","2018121301","6","40.0506","-76.352","1638","08","0","0","0","1","1","0","0","0","2","0","0","0","16","4","1","00","2","40 03:02.199","6","00","76 21:07.033","2","0","0","0","36214","0","0","0","N","0","0","0","4","36214","0","","1","09","N","N","0","","0","1","0","0","0","Y","1636","1","2","0","0","0","0","0","3","0","2","N","","","","","","","","","","","","07","  ","","",""
"0630","1","0","0","0","0","0","0","0","0","9","0","","36","11","2018","2018121328","3","40.0657","-76.5947","0625","08","0","0","0","0","0","0","0","0","","0","0","0","06","1","0","00","0","40 03:56.534","","00","76 35:40.854","0","0","0","0","36211","0","0","0","N","0","0","0","1","36504","0","","1","09","N","N","0","","0","0","0","0","0","","0623","0","1","0","0","0","0","0","1","0","1","N","","","","","","","","","","","","07","  ","","",""
"2309","1","0","0","0","0","0","0","0","0","7","0","","36","10","2018","2018121413","1","39.9113","-76.1701","2257","08","0","0","0","0","0","0","0","0","","0","0","0","22","2","1","00","0","39 54:40.724","","00","76 10:12.289","8","0","0","0","36216","0","0","0","N","0","0","0","1","68J01","0","","5","01","N","N","0","","0","0","1","0","0","","2257","1","2","0","0","1","1","0","1","0","2","N","","","","","","","","","","","","03","  ","","",""
"0137","1","0","0","0","0","0","0","0","0","7","0","","36","10","2018","2018121419","7","40.095","-76.3276","0128","08","0","0","0","0","0","0","0","0","","0","0","0","00","2","1","00","0","40 05:42.000","","00","76 19:39.180","3","0","0","0","36101","0","0","0","N","0","0","0","1","68J01","0","","4","09","N","N","0","","1","0","0","0","0","","0058","1","1","0","0","0","0","0","3","0","1","N","","","","","","","","","","","","07","  ","","",""
"1852","0","0","0","0","0","0","0","0","0","1","0","","36","11","2018","2018121425","1","39.9706","-76.2732","1852","08","0","0","0","0","0","2","0","0","","0","0","0","18","3","1","01","0","39 58:14.115","","00","76 16:23.451","3","0","0","0","36240","0","0","0","N","0","0","0","2","68J01","0","","1","01","N","N","1","","1","0","0","3","2","","1850","1","2","0","0","0","0","0","1","1","2","N","","","","","","","","","","","","03","  ","","",""
"1123","0","0","0","0","0","0","0","0","0","1","1","","36","11","2018","2018121426","2","39.9937","-76.1818","1112","08","0","0","0","0","0","0","0","0","3","0","1","0","11","1","0","00","2","39 59:37.293","5","07","76 10:54.632","0","0","0","0","36233","0","0","0","N","0","0","0","2","68J01","0","","1","09","N","N","0","","0","0","0","0","0","Y","1110","0","2","0","0","0","0","0","1","1","2","N","","","","","","","","","","","","07","  ","","",""
"0634","1","0","0","0","0","0","0","0","0","1","0","","36","11","2018","2018121428","4","39.9378","-76.0795","0539","08","0","0","0","0","0","1","0","0","","0","0","0","05","2","0","00","0","39 56:16.222","","00","76 04:46.024","0","0","0","0","36201","0","0","0","N","0","0","0","2","68J01","0","","1","01","N","N","0","","0","0","0","0","0","","0534","0","2","0","0","0","0","0","1","0","2","N","","","","","","","","","","","","03","  ","","",""
"1230","1","0","0","0","0","0","0","0","0","8","0","","36","11","2018","2018121497","5","40.0397","-76.306","1230","08","0","0","0","0","0","1","0","0","","0","0","0","12","1","1","00","0","40 02:22.969","","00","76 18:21.627","8","0","0","0","36301","1","0","0","N","1","0","0","3","36301","0","","1","07","N","N","0","","0","0","0","0","0","Y","1230","1","2","0","0","0","1","0","3","0","1","N","","","","","","","","","","","","10","  ","","",""
"1154","1","0","0","0","0","0","0","0","0","1","0","","36","11","2018","2018121514","5","40.2401","-76.0595","1140","08","0","0","1","0","0","0","1","0","2","0","0","0","11","1","3","00","2","40 14:24.252","5","00","76 03:34.311","8","0","0","0","36401","0","0","0","N","0","0","0","3","36408","0","","1","07","N","N","0","","0","0","1","0","0","Y","1138","3","2","0","0","0","3","0","1","0","2","N","","","","","","","","","","","","10","  ","","",""
"1644","1","0","0","0","0","0","0","0","0","1","0","","36","11","2018","2018121545","1","40.0773","-76.3376","1634","08","0","1","1","0","0","0","0","0","2","0","0","0","16","1","0","00","1","40 04:38.457","4","02","76 20:15.471","0","0","0","0","36101","0","0","0","N","0","0","0","3","36101","0","","1","01","N","N","0","","0","0","1","0","0","N","1630","0","2","0","0","0","0","0","3","0","2","N","","","","","","","","","","","","03","  ","","",""
"1508","0","0","0","0","0","0","0","0","0","1","0","","36","10","2018","2018121546","3","40.0758","-76.1091","1449","08","0","0","0","0","0","0","0","0","9","0","0","0","14","1","1","01","9","40 04:33.008","","00","76 06:32.870","3","0","0","0","36234","0","0","0","N","0","0","0","2","36215","0","","1","01","N","N","0","","1","0","1","3","3","U","1429","1","2","0","0","0","0","0","1","1","2","N","","","","","","","","","","","","03","  ","","",""
"1320","1","0","0","0","0","0","0","0","0","4","0","","36","11","2018","2018121547","3","40.0487","-76.2521","1312","08","0","0","0","0","0","0","0","1","2","0","0","0","13","1","1","02","2","40 02:55.417","5","00","76 15:07.419","3","0","0","0","36215","0","0","0","N","0","0","0","2","36215","0","","1","01","N","N","1","","1","0","0","0","0","Y","1310","1","2","0","0","0","0","0","1","0","2","N","","","","","","","","","","","","03","  ","","",""
"1148","0","0","0","0","0","0","0","0","0","7","0","","36","11","2018","2018121584","5","40.1098","-76.0069","1139","08","0","0","0","0","0","0","0","0","2","0","0","0","11","1","0","00","1","40 06:35.272","5","00","76 00:25.228","0","0","0","0","36213","0","0","0","N","0","0","0","2","36213","0","","4","07","N","N","0","","0","0","0","0","0","N","1138","0","1","0","0","1","0","0","1","1","1","N","","","","","","","","","","","","10","  ","","",""
"2047","2","0","0","0","0","0","0","0","0","7","0","","36","11","2018","2018121586","4","40.1081","-76.4921","2043","08","0","0","1","0","0","0","0","0","2","0","0","0","20","2","0","00","2","40 06:29.092","5","04","76 29:31.702","0","0","0","0","36413","0","0","0","N","0","0","0","2","36413","0","","1","01","N","N","0","","0","0","0","3","4","Y","2043","0","2","0","0","0","0","0","2","0","2","N","","","","","","","","","","","","03","  ","","",""
"1420","2","0","0","0","0","0","0","0","0","4","0","","36","11","2018","2018121591","5","40.1202","-76.2251","1410","08","0","0","0","0","0","0","0","0","2","0","0","0","13","1","0","00","1","40 07:12.871","2","00","76 13:30.494","0","0","0","0","36238","0","0","0","N","0","0","0","3","36238","0","","1","07","N","N","0","","0","0","1","0","0","N","1357","0","3","0","0","0","0","0","3","0","3","N","","","","","","","","","","","","10","  ","","",""
"1344","0","0","0","0","0","0","0","0","0","0","0","","36","11","2018","2018121605","5","40.0916","-76.0154","1218","08","0","0","0","0","0","1","0","0","3","0","0","0","12","1","0","00","1","40 05:29.800","3","00","76 00:55.500","0","0","0","0","36213","0","0","0","N","0","0","0","2","36213","0","","4","07","N","N","1","","0","0","0","0","0","N","1218","0","1","0","0","0","0","0","1","0","1","N","","","","","","","","","","","","10","  ","","",""
"0039","0","0","0","0","0","0","0","0","0","7","0","","36","11","2018","2018121624","5","40.25","-76.0854","0037","08","0","0","0","0","0","0","0","0","4","0","0","0","00","2","0","00","2","40 15:00.095","6","00","76 05:07.559","0","0","0","0","36210","0","0","0","N","0","0","0","1","36210","0","","5","01","N","N","1","","0","0","0","0","0","Y","0035","0","1","0","0","0","0","0","1","0","1","N","","","","","","","","","","","","03","  ","","",""
"1910","0","0","0","0","0","0","0","0","0","7","0","","36","11","2018","2018121642","5","","","1910","08","0","0","0","0","0","0","0","0","","0","0","0","19","2","0","00","0","","","00","","0","0","0","0","36404","0","0","0","Y","0","0","0","1","36404","0","","2","07","N","N","0","","0","0","1","0","0","","1910","0","1","0","0","0","0","0","3","0","1","N","","","","","","","","","","","","10","  ","","",""
"0445","1","0","0","0","0","0","0","0","0","7","0","","36","11","2018","2018121656","5","40.0294","-76.2979","0440","08","0","0","0","0","0","0","1","0","","0","0","0","04","3","3","00","0","40 01:45.902","","00","76 17:52.552","3","0","0","0","36301","0","0","0","N","0","0","0","3","36301","0","","5","01","N","N","0","","1","0","0","0","0","","0440","3","1","0","0","3","2","0","3","0","1","N","","","","","","","","","","","","03","  ","","",""
"2305","1","0","0","0","0","0","0","0","0","7","0","","36","11","2018","2018121702","4","40.0756","-76.461","2256","08","0","1","0","0","0","0","0","0","","0","0","0","22","2","0","00","0","40 04:32.156","","00","76 27:39.437","0","0","0","0","36239","0","0","0","Y","0","0","0","1","36239","0","","5","01","N","N","0","","0","0","0","0","0","","2256","0","1","0","0","0","0","0","3","0","1","N","","","","","","","","","","","","03","  ","","",""
"2050","3","0","0","0","0","0","0","0","0","1","0","","36","11","2018","2018121717","4","40.1141","-76.3056","2044","08","1","1","1","1","0","0","0","0","2","0","0","0","20","3","0","00","1","40 06:50.739","1","00","76 18:20.189","0","0","0","0","36101","0","0","0","N","0","0","0","4","36101","0","","1","01","N","N","0","","0","0","1","0","0","N","2042","0","4","0","0","0","0","0","3","0","4","N","","","","","","","","","","","","03","  ","","",""
"1129","2","0","0","0","0","0","0","0","0","2","0","","36","11","2018","2018121732","5","40.025","-76.2559","1129","08","0","0","0","0","0","0","1","0","2","0","0","0","11","1","2","00","2","40 01:29.929","3","00","76 15:21.095","3","0","0","0","36240","0","0","0","N","0","0","0","2","36240","0","","1","07","N","N","0","","2","0","0","3","3","Y","1120","2","2","0","0","0","0","0","1","0","2","N","","","","","","","","","","","","10","  ","","",""
"2234","0","0","0","0","0","0","0","0","0","4","0","","36","11","2018","2018121733","6","39.9901","-76.2399","2233","08","0","0","0","0","0","1","0","0","1","0","0","0","22","2","0","01","2","39 59:24.433","7","00","76 14:23.626","0","0","0","0","36240","0","0","0","N","0","0","0","2","36240","0","","1","09","N","N","0","","0","0","1","1","2","N","2233","0","2","0","0","0","0","0","1","1","2","N","","","","","","","","","","","","98","  ","","",""
"0535","1","0","0","0","0","0","0","0","0","7","0","","36","11","2018","2018121739","6","40.0231","-76.2756","0529","08","0","0","0","0","0","0","0","0","","0","0","0","05","3","0","00","0","40 01:23.335","","00","76 16:32.292","0","0","0","0","36240","0","0","0","Y","0","0","0","1","36240","0","","5","09","N","N","0","","0","0","0","0","0","","0528","0","1","0","0","0","0","0","1","0","1","N","","","","","","","","","","","","07","  ","","",""
"1243","2","0","0","0","0","0","0","0","0","4","0","","36","11","2018","2018121742","5","40.1518","-76.1777","1225","08","0","0","0","0","0","0","1","0","","0","0","0","12","1","1","00","0","40 09:06.474","","00","76 10:39.879","8","0","0","0","36238","0","0","0","N","0","0","0","3","36238","0","","1","07","N","N","0","","0","0","0","0","0","","1224","1","2","0","0","0","1","0","3","0","2","N","","","","","","","","","","","","10","  ","","",""
"1434","2","0","0","0","0","0","0","0","0","4","0","","36","11","2018","2018121744","3","40.042","-76.2977","1433","08","0","0","0","0","0","0","0","0","2","0","0","0","14","1","1","01","2","40 02:31.214","3","00","76 17:51.648","3","0","0","0","36301","0","0","0","N","0","0","0","2","36301","0","","1","01","N","N","0","","1","0","0","3","2","Y","1427","1","2","0","0","0","0","0","3","0","2","N","","","","","","","","","","","","03","  ","","",""
"0737","0","0","0","0","0","0","0","0","0","6","0","","36","11","2018","2018121790","6","40.17","-76.2049","0732","08","0","0","0","0","0","1","0","0","1","0","0","0","07","1","0","00","1","40 10:11.874","4","03","76 12:17.549","0","0","0","0","36218","0","0","0","N","0","0","0","2","36408","0","","1","06","N","N","1","","0","0","1","0","0","N","0732","0","2","0","0","0","0","0","1","0","2","N","","","","","","","","","","","","03","  ","","",""
"1509","1","0","0","0","0","0","0","0","0","1","0","","36","11","2018","2018121814","4","40.047","-76.3121","1457","08","0","0","0","0","0","0","0","0","1","0","0","0","14","1","0","01","1","40 02:49.253","3","00","76 18:43.447","0","0","0","0","36301","0","0","0","N","0","0","0","2","36301","0","","1","01","N","N","0","","0","0","1","3","2","N","1457","0","2","0","0","0","0","0","3","0","2","N","","","","","","","","","","","","03","  ","","",""
"1647","3","0","0","0","0","0","0","0","0","4","0","","36","11","2018","2018121841","2","40.0349","-76.3051","1641","08","0","0","0","1","0","0","0","1","1","0","0","0","16","3","1","01","2","40 02:05.543","1","00","76 18:18.345","4","0","0","0","36301","0","0","0","N","0","0","0","2","36301","1","","1","01","N","N","0","","0","0","0","3","3","Y","1638","1","3","0","0","0","0","0","3","0","3","N","","","","","","","","","","","","03","  ","","",""
"1628","1","0","1","0","0","0","0","0","0","7","0","","36","11","2018","2018121859","4","40.0584","-76.5302","1621","08","0","0","0","0","0","0","0","0","2","0","0","0","16","1","1","00","1","40 03:30.090","5","00","76 31:48.662","2","0","0","0","36411","0","0","0","N","0","0","0","2","36504","0","","5","01","N","N","0","","0","1","0","0","0","Y","1619","1","1","0","0","0","0","1","1","0","1","N","","","","","","","","","","","","03","  ","","",""
"1315","1","0","0","0","0","0","0","0","0","4","0","","36","11","2018","2018121951","6","40.2137","-76.1264","1310","08","0","0","0","0","0","0","1","0","","0","0","0","13","1","0","01","0","40 12:49.356","","00","76 07:35.127","0","0","0","0","36210","0","0","0","N","0","0","0","2","36210","0","","1","01","N","N","1","","0","0","0","3","2","","1309","0","2","0","0","0","0","0","1","0","2","N","","","","","","","","","","","","03","  ","","",""
"1925","0","0","0","0","0","0","0","0","0","4","0","","36","11","2018","2018122175","4","40.0626","-76.3137","1921","08","0","0","0","0","0","1","0","0","2","0","0","0","19","3","1","01","1","40 03:45.299","1","00","76 18:49.471","3","0","0","0","36101","0","0","0","N","0","0","0","3","36101","0","","1","01","N","N","0","","1","0","2","3","2","N","1917","1","2","0","0","0","0","0","3","0","2","N","","","","","","","","","","","","03","  ","","",""
"1935","1","0","0","0","0","0","0","0","0","4","0","","36","11","2018","2018122176","1","40.0362","-76.3356","1931","08","0","0","0","0","0","0","0","0","2","0","0","0","19","3","2","01","1","40 02:10.352","1","00","76 20:08.116","3","0","0","0","36220","0","0","0","N","0","0","0","2","36101","1","","1","01","N","N","0","","1","0","1","3","3","N","1930","2","2","0","0","0","0","0","3","0","2","N","","","","","","","","","","","","03","  ","","",""
"0653","0","0","0","0","0","0","1","0","0","1","1","","36","11","2018","2018122177","2","40.0976","-76.3051","0646","08","0","0","0","0","0","0","0","0","2","0","0","0","06","1","0","00","1","40 05:51.484","2","00","76 18:18.498","0","0","0","0","36101","0","0","0","N","0","0","0","2","36101","0","","1","01","Y","N","0","","0","0","0","0","0","N","0644","0","2","0","0","0","0","0","3","1","2","N","","","","","","","","","","","","03","  ","","",""
"1133","1","0","0","0","0","0","0","0","0","1","0","","36","11","2018","2018122178","2","40.0694","-76.3076","1124","08","0","0","0","0","0","2","0","0","2","0","0","0","11","1","1","00","2","40 04:09.747","1","00","76 18:27.383","4","0","0","0","36101","0","0","0","N","0","0","0","2","36101","1","","1","01","N","N","1","","0","0","0","0","0","N","1115","1","2","0","0","0","0","0","3","0","2","N","","","","","","","","","","","","03","  ","","",""
"1319","1","0","0","0","0","0","0","0","0","4","0","","36","11","2018","2018122179","3","40.0696","-76.2921","1308","08","0","0","0","0","0","1","0","0","2","0","0","0","13","1","0","00","1","40 04:10.619","1","07","76 17:31.426","0","0","0","0","36101","0","0","0","N","0","0","0","2","36101","0","","1","09","N","N","0","","0","0","1","3","3","N","1302","0","2","0","0","0","0","0","3","0","2","N","","","","","","","","","","","","03","  ","","",""
"1618","0","0","1","0","0","0","0","0","0","2","1","","36","11","2018","2018122180","5","40.0952","-76.2918","1615","08","0","0","0","0","0","0","0","0","3","0","1","0","16","1","1","00","2","40 05:42.873","6","00","76 17:30.342","2","0","0","0","36101","0","0","0","N","0","0","0","2","36101","0","","1","07","N","N","0","","0","1","1","0","0","Y","1612","1","2","0","0","0","0","0","3","0","2","N","","","","","","","","","","","","09","  ","","",""
"1148","0","0","0","0","0","0","0","0","0","7","0","","36","11","2018","2018122189","5","40.1396","-76.5065","1126","08","0","0","0","1","0","0","0","0","","0","0","0","11","1","0","01","0","40 08:22.533","","00","76 30:23.441","0","0","0","0","36225","0","0","0","Y","0","0","0","1","36505","0","","5","07","N","N","1","","0","0","0","0","0","N","1120","0","1","0","0","0","0","0","2","0","1","N","","","","","","","","","","","","10","  ","","",""
"1310","0","0","0","0","0","0","0","0","0","4","0","","36","11","2018","2018122195","1","40.181","-76.1786","1308","08","0","1","0","0","0","0","0","0","","0","0","0","13","1","3","01","0","40 10:51.776","","00","76 10:42.841","3","0","0","0","36408","0","0","0","N","0","0","0","4","36408","0","","1","01","N","N","0","","3","0","1","3","3","","1306","3","2","0","0","0","0","0","2","1","2","N","","","","","","","","","","","","03","  ","","",""
"2336","2","0","0","0","0","0","0","0","0","1","0","","36","11","2018","2018122348","6","40.0494","-76.4046","2330","08","0","0","0","0","0","0","1","0","1","0","0","0","23","2","1","00","1","40 02:57.879","3","00","76 24:16.697","4","0","0","0","36239","0","0","0","N","0","0","0","3","36239","1","","1","01","N","N","0","","0","0","0","0","0","N","2330","1","2","0","0","0","0","0","3","0","2","N","","","","","","","","","","","","03","  ","","",""
"0755","0","0","0","0","0","0","0","0","0","4","0","","36","11","2018","2018122374","3","40.0731","-76.3083","0743","08","0","0","0","0","0","0","1","0","","0","0","0","07","1","0","01","0","40 04:23.119","","00","76 18:29.940","0","0","0","0","36101","0","0","0","N","0","0","0","3","36101","0","","1","08","N","N","0","","0","0","2","3","3","","0741","0","2","0","0","0","0","0","3","0","2","N","","","","","","","","","","","","07","  ","","",""
"1113","1","0","0","0","0","0","0","0","0","1","1","","36","11","2018","2018122375","3","40.0823","-76.3583","1103","08","0","0","0","0","0","1","0","0","","0","1","0","11","1","1","00","0","40 04:56.303","","00","76 21:29.719","3","0","0","0","36214","0","0","0","N","0","0","0","2","36214","0","","1","01","N","N","0","","1","0","0","0","0","","1100","1","2","0","0","0","0","0","3","0","2","N","","","","","","","","","","","","03","  ","","",""
"1547","1","0","0","0","0","0","0","0","0","8","0","","36","11","2018","2018122427","6","40.0463","-76.3029","1533","08","0","0","0","0","0","0","0","0","","0","0","0","14","1","1","10","0","40 02:46.621","","07","76 18:10.343","3","0","0","0","36301","1","0","0","N","1","0","0","2","36301","0","","4","01","N","N","0","","1","0","0","3","3","","1451","1","2","0","0","0","0","0","3","0","1","N","","","","","","","","","","","","03","  ","","",""
"1333","1","0","0","0","0","0","0","0","0","4","0","","36","11","2018","2018122535","7","40.1099","-76.5032","1332","08","0","0","0","0","0","1","0","0","1","0","0","0","13","1","0","01","2","40 06:35.512","7","00","76 30:11.698","0","0","0","0","36413","0","0","0","N","0","0","0","2","36413","0","","1","01","N","N","0","","0","0","1","3","2","Y","1329","0","2","0","0","0","0","0","2","0","2","N","","","","","","","","","","","","03","  ","","",""
"0358","1","0","0","0","0","0","0","0","0","9","0","","36","11","2018","2018122571","7","","","0350","08","0","0","0","0","0","0","0","0","2","0","0","0","03","2","0","00","1","","4","00","","0","0","0","0","36239","0","0","0","N","0","0","0","3","36239","0","","1","01","N","N","0","","0","0","1","0","0","N","0348","0","2","0","0","0","0","0","3","0","2","N","","","","","","","","","","","","03","  ","","",""
"0013","1","0","0","0","0","0","0","0","0","7","0","","36","11","2018","2018122610","6","40.0417","-76.3256","2351","08","0","0","0","0","0","0","0","0","","0","0","0","23","2","0","00","0","40 02:30.043","","00","76 19:32.044","0","0","0","0","36239","0","0","0","N","0","0","0","1","36239","0","","5","01","N","N","0","","0","0","0","0","0","","2347","0","1","0","0","0","0","0","3","0","1","N","","","","","","","","","","","","03","  ","","",""
"1205","1","0","0","0","0","0","0","0","0","1","0","","36","11","2018","2018122713","2","40.0851","-76.4129","1158","08","0","0","0","0","0","1","0","0","","0","0","0","11","1","1","00","0","40 05:06.400","","00","76 24:46.570","4","0","0","0","36214","0","0","0","N","0","0","0","4","36214","1","","1","01","N","Y","0","","0","0","1","0","0","","1150","1","2","0","0","0","0","0","3","0","2","N","","","","","","","","","","","","03","  ","","",""
"1015","1","0","0","0","0","0","0","0","0","7","0","","36","11","2018","2018122714","7","40.1079","-76.4344","1008","08","0","0","0","0","0","0","0","0","1","0","0","0","10","1","1","00","2","40 06:28.299","3","00","76 26:03.769","3","0","0","0","36214","0","0","0","N","0","0","0","2","36214","0","","5","01","N","N","0","","1","0","0","0","0","Y","1000","1","1","0","0","0","0","0","3","0","1","N","","","","","","","","","","","","03","  ","","",""
"1419","1","0","0","0","0","0","0","0","0","0","0","","36","11","2018","2018122715","7","40.119","-76.367","1412","08","0","0","0","1","0","0","0","0","2","0","0","0","14","1","0","00","1","40 07:08.377","1","00","76 22:01.201","0","0","0","0","36214","0","0","0","N","0","0","0","2","36214","0","","1","01","N","N","0","","0","0","0","0","0","N","1405","0","1","0","0","0","0","0","3","0","1","N","","","","","","","","","","","","03","  ","","",""