"ARRIVAL_TM","AUTOMOBILE_COUNT","BELTED_DEATH_COUNT","BELTED_SUSP_SERIOUS_INJ_COUNT","BICYCLE_COUNT","BICYCLE_DEATH_COUNT","BICYCLE_SUSP_SERIOUS_INJ_COUNT","BUS_COUNT","CHLDPAS_DEATH_COUNT","CHLDPAS_SUSP_SERIOUS_INJ_COUNT","COLLISION_TYPE","COMM_VEH_COUNT","CONS_ZONE_SPD_LIM","COUNTY","CRASH_MONTH","CRASH_YEAR","CRN","DAY_OF_WEEK","DEC_LAT","DEC_LONG","DISPATCH_TM","DISTRICT","DRIVER_COUNT_16YR","DRIVER_COUNT_17YR","DRIVER_COUNT_18YR","DRIVER_COUNT_19YR","DRIVER_COUNT_20YR","DRIVER_COUNT_50_64YR","DRIVER_COUNT_65_74YR","DRIVER_COUNT_75PLUS","EST_HRS_CLOSED","FATAL_COUNT","HEAVY_TRUCK_COUNT","HORSE_BUGGY_COUNT","HOUR_OF_DAY","ILLUMINATION","INJURY_COUNT","INTERSECT_TYPE","LANE_CLOSED","LATITUDE","LN_CLOSE_DIR","LOCATION_TYPE","LONGITUDE","MAX_SEVERITY_LEVEL","MCYCLE_DEATH_COUNT","MCYCLE_SUSP_SERIOUS_INJ_COUNT","MOTORCYCLE_COUNT","MUNICIPALITY","NONMOTR_COUNT","NONMOTR_DEATH_COUNT","NONMOTR_SUSP_SERIOUS_INJ_COUNT","NTFY_HIWY_MAINT","PED_COUNT","PED_DEATH_COUNT","PED_SUSP_SERIOUS_INJ_COUNT","PERSON_COUNT","POLICE_AGCY","POSSIBLE_INJ_COUNT","RDWY_SURF_TYPE_CD","RELATION_TO_ROAD","ROAD_CONDITION","SCH_BUS_IND","SCH_ZONE_IND","SMALL_TRUCK_COUNT","SPEC_JURIS_CD","SUSP_MINOR_INJ_COUNT","SUSP_SERIOUS_INJ_COUNT","SUV_COUNT","TCD_FUNC_CD","TCD_TYPE","TFC_DETOUR_IND","TIME_OF_DAY","TOT_INJ_COUNT","TOTAL_UNITS","UNB_DEATH_COUNT","UNB_SUSP_SERIOUS_INJ_COUNT","UNBELTED_OCC_COUNT","UNK_INJ_DEG_COUNT","UNK_INJ_PER_COUNT","URBAN_RURAL","VAN_COUNT","VEHICLE_COUNT","WORK_ZONE_IND","WORK_ZONE_LOC","WORK_ZONE_TYPE","WORKERS_PRES","WZ_CLOSE_DETOUR","WZ_FLAGGER","WZ_LAW_OFFCR_IND","WZ_LN_CLOSURE","WZ_MOVING","WZ_OTHER","WZ_SHLDER_MDN","ROADWAY_CLEARED","WEATHER1","WEATHER2","WZ_WORKERS_INJ_KILLED","SECONDARY_CRASH","INTERSECTION_RELATED"
"1500","0","0","0","0","0","0","0","0","0","7","0","","36","11","2018","2018122764","5","40.1788","-76.6004","1200","08","0","0","0","0","0","0","0","0","","0","0","0","11","1","0","00","0","40 10:43.748","","02","76 36:01.327","0","0","0","0","36225","0","0","0","N","0","0","0","1","36505","0","","5","07","N","N","0","","0","0","1","0","0","N","1157","0","1","0","0","0","0","0","2","0","1","N","","","","","","","","","","","","10","  ","","",""
"1143","1","0","2","0","0","0","0","0","0","4","0","","36","11","2018","2018122842","1","40.2171","-76.091","1139","08","0","0","0","0","0","0","0","0","1","0","0","0","11","1","2","01","1","40 13:02.105","4","02","76 05:27.302","2","0","0","0","36210","0","0","0","N","0","0","0","7","36210","0","","1","01","N","N","1","","0","2","0","3","2","N","1136","2","2","0","0","2","0","0","1","0","2","N","","","","","","","","","","","","03","  ","","",""
"1130","0","0","0","0","0","0","0","0","0","1","1","","36","11","2018","2018122930","2","40.0546","-76.3004","1116","08","0","0","0","0","0","2","0","0","1","0","1","0","11","1","0","02","1","40 03:16.675","3","00","76 18:01.277","0","0","0","0","36101","0","0","0","N","0","0","0","2","36101","0","","1","01","N","N","0","","0","0","1","3","3","N","1114","0","2","0","0","0","0","0","3","0","2","N","","","","","","","","","","","","03","  ","","",""
"1555","0","0","0","0","0","0","0","0","0","4","0","","36","11","2018","2018122932","7","40.0245","-76.3309","1551","08","0","0","0","0","0","0","0","1","2","0","0","0","15","1","2","02","2","40 01:28.028","6","00","76 19:51.268","3","0","0","0","36220","0","0","0","N","0","0","0","3","36101","0","","1","01","N","N","0","","2","0","2","0","0","Y","1549","2","2","0","0","1","0","0","3","0","2","N","","","","","","","","","","","","03","  ","","",""
"1739","1","0","0","0","0","0","0","0","0","4","0","","36","11","2018","2018122933","7","40.062","-76.3059","1733","08","0","0","0","0","0","0","0","0","2","0","0","0","17","3","1","00","1","40 03:43.076","1","07","76 18:21.278","3","0","0","0","36101","0","0","0","N","0","0","0","3","36101","0","","1","01","N","N","0","","1","0","1","0","0","N","1730","1","2","0","0","1","0","0","3","0","2","N","","","","","","","","","","","","03","  ","","",""
"1751","2","0","0","0","0","0","0","0","0","1","0","","36","11","2018","2018122934","7","40.0714","-76.3353","1746","08","0","0","0","0","0","0","0","0","2","0","0","0","17","2","0","00","1","40 04:17.060","3","00","76 20:06.960","0","0","0","0","36101","0","0","0","N","0","0","0","2","36101","0","","1","01","N","N","0","","0","0","0","3","2","N","1741","0","2","0","0","0","0","0","3","0","2","N","","","","","","","","","","","","03","  ","","",""
"1934","3","0","0","0","0","0","0","0","0","4","0","","36","11","2018","2018122935","7","40.0352","-76.3317","1930","08","0","0","0","0","0","0","0","0","3","0","0","0","19","2","1","00","2","40 02:06.820","4","00","76 19:54.020","3","0","0","0","36220","0","0","0","N","0","0","0","1","36101","0","","1","01","N","N","0","","1","0","4","0","0","Y","1929","1","7","0","0","0","0","0","3","0","7","N","","","","","","","","","","","","03","  ","","",""
"1225","2","0","0","0","0","0","0","0","0","1","0","","36","11","2018","2018122936","7","40.0476","-76.3565","1218","08","0","0","0","0","0","0","0","2","2","0","0","0","12","1","0","02","1","40 02:51.205","1","00","76 21:23.489","0","0","0","0","36214","0","0","0","N","0","0","0","2","36214","0","","1","01","N","N","0","","0","0","0","3","2","N","1214","0","2","0","0","0","0","0","3","0","2","N","","","","","","","","","","","","03","  ","","",""
"1836","1","0","0","0","0","0","0","0","0","1","0","","36","11","2018","2018122972","6","40.1537","-76.2066","1834","08","0","0","0","0","0","1","0","0","","0","0","0","18","3","0","01","0","40 09:13.304","","00","76 12:23.606","0","0","0","0","36402","0","0","0","N","0","0","0","2","36402","0","","1","09","N","N","1","","0","0","0","0","0","","1829","0","2","0","0","0","0","0","2","0","2","N","","","","","","","","","","","","03","  ","","",""
"1731","1","0","0","0","0","0","0","0","0","9","0","","36","11","2018","2018122998","7","40.1443","-76.2917","1730","08","0","0","0","0","0","0","0","0","","0","0","0","17","2","0","00","0","40 08:39.378","","00","76 17:30.079","0","0","0","0","36235","0","0","0","N","0","0","0","1","36506","0","","1","09","N","N","0","","0","0","0","0","0","","1730","0","1","0","0","0","0","0","1","0","1","N","","","","","","","","","","","","07","  ","","",""
"0305","0","0","0","0","0","0","0","0","0","7","0","","36","11","2018","2018123138","1","40.1455","-76.5587","0305","08","0","0","0","0","0","0","0","0","","0","0","0","02","2","0","07","0","40 08:48.337","","08","76 33:37.350","0","0","0","0","36225","0","0","0","N","0","0","0","1","36505","0","","7","01","N","N","0","","0","0","1","0","0","","0255","0","1","0","0","0","0","0","2","0","1","N","","","","","","","","","","","","03","  ","","",""
"1250","0","0","0","0","0","0","1","0","0","7","1","","36","11","2018","2018123142","5","40.2334","-76.088","1246","08","0","0","0","0","0","1","0","0","","0","0","0","12","1","1","00","0","40 14:00.399","","00","76 05:16.775","8","0","0","0","36210","0","0","0","N","0","0","0","1","36210","0","","4","07","Y","N","0","","0","0","0","0","0","","1242","1","1","0","0","0","1","0","1","0","1","N","","","","","","","","","","","","10","  ","","",""
"2135","2","0","0","0","0","0","0","0","0","4","0","","36","11","2018","2018123146","6","40.0606","-76.2768","2129","08","0","1","0","0","0","0","0","0","2","0","0","0","21","3","1","01","1","40 03:38.398","6","08","76 16:37.304","3","0","0","0","36101","0","0","0","N","0","0","0","2","36101","0","","1","01","N","N","0","","1","0","0","3","2","N","2126","1","2","0","0","0","0","0","3","0","2","N","","","","","","","","","","","","03","  ","","",""
"1541","3","0","0","0","0","0","0","0","0","1","0","","36","11","2018","2018123147","7","40.0682","-76.3074","1541","08","0","0","0","0","0","2","0","0","2","0","0","0","15","1","1","00","1","40 04:05.503","1","00","76 18:26.552","3","0","0","0","36101","0","0","0","N","0","0","0","4","36101","0","","1","01","N","N","0","","1","0","0","3","2","N","1541","1","3","0","0","0","0","0","3","0","3","N","","","","","","","","","","","","03","  ","","",""
"1602","1","0","0","0","0","0","0","0","0","4","0","","36","11","2018","2018123148","7","40.0885","-76.336","1557","08","0","0","0","0","0","0","0","0","1","0","0","0","15","1","0","01","1","40 05:18.474","3","00","76 20:09.607","0","0","0","0","36101","0","0","0","N","0","0","0","2","36101","0","","1","01","N","N","0","","0","0","1","3","3","N","1555","0","2","0","0","0","0","0","3","0","2","N","","","","","","","","","","","","03","  ","","",""
"1011","3","0","0","0","0","0","0","0","0","4","0","","36","11","2018","2018123149","1","40.0388","-76.3304","1011","08","0","0","0","0","0","0","0","1","","0","0","0","10","1","1","02","0","40 02:19.596","","00","76 19:49.426","3","0","0","0","36220","0","0","0","N","0","0","0","3","36101","0","","1","01","N","N","0","","1","0","0","3","2","","1011","1","3","0","0","0","0","0","3","0","3","N","","","","","","","","","","","","03","  ","","",""
"1359","2","0","0","0","0","0","0","0","0","4","0","","36","11","2018","2018123150","1","40.0418","-76.2835","1356","08","0","0","0","1","0","1","0","0","","0","0","0","13","1","2","01","0","40 02:30.645","","00","76 17:00.500","4","0","0","0","36220","0","0","0","N","0","0","0","3","36101","2","","1","01","N","N","0","","0","0","0","3","3","","1355","2","2","0","0","0","0","0","3","0","2","N","","","","","","","","","","","","03","  ","","",""
"1556","2","0","0","0","0","0","0","0","0","4","0","","36","11","2018","2018123173","4","40.0418","-76.2917","1556","08","0","0","0","0","0","0","0","0","","0","0","0","15","1","0","01","0","40 02:30.552","","00","76 17:30.138","0","0","0","0","36301","0","0","0","N","0","0","0","2","36301","0","","1","01","N","N","0","","0","0","0","3","3","","1541","0","2","0","0","0","0","0","3","0","2","N","","","","","","","","","","","","03","  ","","",""
"1325","2","0","0","0","0","0","0","0","0","5","0","","36","11","2018","2018123184","1","39.9722","-76.2738","1319","08","0","0","0","1","0","0","0","1","","0","0","0","13","1","1","01","0","39 58:19.748","","00","76 16:25.601","3","0","0","0","36240","0","0","0","N","0","0","0","2","36240","0","","1","01","N","N","0","","1","0","0","3","3","","1314","1","2","0","0","0","0","0","1","0","2","N","","","","","","","","","","","","03","  ","","",""
"1627","1","0","0","0","0","0","0","0","0","7","0","","36","11","2018","2018123219","7","40.1658","-76.2843","1623","08","0","0","0","0","0","1","0","0","2","0","0","0","16","1","1","00","1","40 09:56.679","4","03","76 17:03.502","8","0","0","0","36235","0","0","0","Y","0","0","0","1","36506","0","","2","01","N","N","0","","0","0","0","0","0","Y","1623","1","1","0","0","0","1","0","1","0","1","N","","","","","","","","","","","","03","  ","","",""
"1115","0","0","0","0","0","0","0","0","0","5","1","","36","11","2018","2018123258","5","40.2048","-76.1179","1109","08","0","0","0","0","0","0","0","0","","0","1","0","11","1","0","00","0","40 12:17.259","","03","76 07:04.500","0","0","0","0","36210","0","0","0","Y","0","0","0","2","36210","0","","1","07","N","N","0","","0","0","0","0","0","","1108","0","2","0","0","0","0","0","1","1","2","N","","","","","","","","","","","","10","  ","","",""
"1531","0","0","0","0","0","0","0","0","0","4","0","","36","10","2018","2018123280","6","40.0227","-76.3138","1526","08","0","0","0","0","0","2","0","0","2","0","0","0","15","1","3","00","2","40 01:21.837","6","00","76 18:49.722","3","0","0","0","36301","0","0","0","N","0","0","0","11","36301","0","","1","01","Y","N","0","","3","0","1","0","0","Y","1526","3","2","0","0","9","0","0","3","1","2","N","","","","","","","","","","","","03","  ","","",""
"1950","1","0","0","0","0","0","0","0","0","7","0","","36","11","2018","2018123296","5","40.1353","-76.3488","1921","08","0","0","0","0","0","0","0","0","3","0","0","0","19","2","0","00","1","40 08:07.201","2","00","76 20:55.587","0","0","0","0","36227","0","0","0","N","0","0","0","1","36506","0","","2","06","N","N","0","","0","0","0","0","0","Y","1921","0","1","0","0","0","0","0","1","0","1","N","","","","","","","","","","","","10","  ","","",""
"1505","2","0","0","0","0","0","0","0","0","1","0","","36","11","2018","2018123301","2","40.151","-76.2397","1459","08","0","0","1","1","0","0","0","0","","0","0","0","14","1","1","00","0","40 09:03.682","","00","76 14:22.984","3","0","0","0","36235","0","0","0","N","0","0","0","2","36506","0","","1","01","N","N","0","","1","0","0","0","0","","1459","1","2","0","0","0","0","0","1","0","2","N","","","","","","","","","","","","03","  ","","",""
"1601","1","0","2","0","0","0","0","0","0","2","0","","36","10","2018","2018123310","5","39.92","-76.247","1558","08","0","1","0","0","0","0","1","0","3","0","0","0","15","1","2","00","2","39 55:12.177","1","00","76 14:49.263","2","0","0","0","36229","0","0","0","N","0","0","0","2","68J01","0","","1","01","N","N","1","","0","2","0","0","0","Y","1556","2","2","0","0","0","0","0","1","0","2","N","","","","","","","","","","","","03","  ","","",""
"1842","1","0","0","0","0","0","0","0","0","2","0","","36","10","2018","2018123320","6","39.9906","-76.0119","1834","08","0","0","0","0","0","1","0","0","","0","0","0","18","2","2","00","0","39 59:26.304","","00","76 00:42.685","3","0","0","0","36232","0","0","0","N","0","0","0","2","68J01","1","","1","01","N","N","1","","1","0","0","0","0","","1830","2","2","0","0","0","0","0","1","0","2","N","","","","","","","","","","","","03","  ","","",""
"0650","1","0","0","0","0","0","0","0","0","7","0","","36","10","2018","2018123321","7","40.0275","-76.1423","0637","08","0","0","0","0","0","0","0","0","","0","0","0","06","2","0","00","0","40 01:39.013","","00","76 08:32.214","9","0","0","0","36221","0","0","0","N","0","0","0","1","68J01","0","","5","09","N","N","0","","0","0","0","0","0","","0611","0","1","0","0","0","0","1","1","0","1","N","","","","","","","","","","","","07","  ","","",""
"1333","2","0","0","0","0","0","0","0","0","4","0","","36","11","2018","2018123424","2","40.1574","-76.3041","1333","08","0","0","0","0","0","0","1","1","1","0","0","0","13","1","1","01","1","40 09:26.503","5","00","76 18:14.691","8","0","0","0","36409","0","0","0","N","0","0","0","3","36409","0","","1","01","N","N","0","","0","0","0","3","3","Y","1333","1","2","0","0","0","1","0","3","0","2","N","","","","","","","","","","","","03","  ","","",""
"0534","0","0","0","0","0","0","0","0","0","5","2","","36","11","2018","2018123425","2","40.1735","-76.1457","0526","08","0","0","0","0","0","0","0","0","3","0","2","0","05","2","0","00","2","40 10:24.727","2","00","76 08:44.489","9","0","0","0","36218","0","0","0","N","0","0","0","2","36408","0","","1","01","N","N","0","","0","0","0","0","0","N","0524","0","2","0","0","0","0","1","1","0","2","N","","","","","","","","","","","","03","  ","","",""
"2229","1","0","0","0","0","0","0","0","0","7","0","","36","11","2018","2018123617","5","40.0693","-76.3086","2223","08","0","0","0","0","0","0","0","0","2","0","0","0","22","3","1","00","1","40 04:09.332","4","03","76 18:30.904","3","0","0","0","36101","0","0","0","N","0","0","0","2","36101","0","","2","06","N","N","0","","1","0","0","0","0","N","2219","1","1","0","0","0","0","0","3","0","1","N","","","","","","","","","","","","10","  ","","",""
"1944","1","0","0","0","0","0","0","0","0","9","0","","36","11","2018","2018123618","6","40.1076","-76.2487","1937","08","0","0","0","0","0","0","0","0","","0","0","0","18","2","0","00","0","40 06:27.531","","00","76 14:55.164","0","0","0","0","36101","0","0","0","N","0","0","0","2","36101","0","","1","01","N","N","0","","0","0","0","0","0","","1851","0","1","0","0","0","0","0","3","0","1","N","","","","","","","","","","","","03","  ","","",""
"1934","2","0","0","0","0","0","0","0","0","4","0","","36","11","2018","2018123619","7","40.0361","-76.3391","1931","08","0","0","0","0","0","0","0","0","1","0","0","0","19","2","1","00","1","40 02:10.060","3","00","76 20:20.620","3","0","0","0","36220","0","0","0","N","0","0","0","1","36101","0","","2","01","N","N","0","","1","0","1","0","0","N","1931","1","3","0","0","0","0","0","3","0","3","N","","","","","","","","","","","","03","  ","","",""
"1235","1","0","0","0","0","0","0","0","0","7","0","","36","11","2018","2018123620","1","40.0293","-76.2347","1235","08","1","0","0","0","0","0","0","0","1","0","0","0","12","1","0","00","1","40 01:45.330","4","00","76 14:04.860","0","0","0","0","36215","0","0","0","N","0","0","0","1","36215","0","","4","01","N","N","0","","0","0","0","0","0","N","1235","0","1","0","0","0","0","0","1","0","1","N","","","","","","","","","","","","03","  ","","",""
"1014","1","0","0","0","0","0","0","0","0","7","0","","36","11","2018","2018123621","5","40.162","-76.3919","1008","08","0","0","0","0","0","0","1","0","","0","0","0","10","1","0","00","0","40 09:43.340","","07","76 23:30.730","0","0","0","0","36410","0","0","0","N","0","0","0","1","36410","0","","5","01","N","N","0","","0","0","0","0","0","","1006","0","1","0","0","0","0","0","2","0","1","N","","","","","","","","","","","","03","  ","","",""
"1439","0","0","0","0","0","0","0","0","0","7","0","","36","11","2018","2018123622","2","40.2157","-76.4324","1428","08","0","0","0","0","0","1","0","0","3","0","0","0","14","1","0","00","1","40 12:56.394","5","00","76 25:56.715","9","0","0","0","36230","0","0","0","N","0","0","0","4","36410","0","","4","01","Y","N","0","","0","0","0","0","0","N","1424","0","1","0","0","0","0","4","1","1","1","N","","","","","","","","","","","","03","  ","","",""
"1752","1","0","0","0","0","0","0","0","0","9","0","","36","11","2018","2018123623","2","40.1799","-76.4758","1713","08","0","0","0","0","0","1","0","0","2","0","0","0","17","2","0","01","1","40 10:47.592","6","00","76 28:32.779","9","0","0","0","36230","0","0","0","N","0","0","0","1","36410","0","","1","01","N","N","0","","0","0","0","0","0","N","1712","0","1","0","0","0","0","1","1","0","1","N","","","","","","","","","","","","03","  ","","",""
"1751","3","0","0","0","0","0","0","0","0","1","0","","36","11","2018","2018123624","3","40.1303","-76.4921","1731","08","0","0","0","0","0","1","0","0","","0","0","0","17","3","0","00","0","40 07:48.926","","00","76 29:31.736","0","0","0","0","36230","0","0","0","N","0","0","0","3","36410","0","","1","01","N","N","0","","0","0","0","0","0","","1724","0","3","0","0","0","0","0","1","0","3","N","","","","","","","","","","","","03","  ","","",""
"1310","1","0","0","0","0","0","0","0","0","1","0","","36","11","2018","2018123640","5","40.2174","-76.1163","1244","08","0","0","0","1","0","0","0","0","","0","0","0","12","1","0","00","0","40 13:02.695","","00","76 06:58.505","0","0","0","0","36210","0","0","0","N","0","0","0","2","36210","0","","1","06","N","N","1","","0","0","0","0","0","","1244","0","2","0","0","0","0","0","1","0","2","N","","","","","","","","","","","","10","  ","","",""
"1145","4","0","0","0","0","0","0","0","0","1","0","","36","11","2018","2018123662","5","40.1542","-76.2394","1133","08","0","0","0","0","1","0","0","0","1","0","0","0","11","1","1","02","1","40 09:14.978","1","00","76 14:21.795","4","0","0","0","36235","0","0","0","N","0","0","0","4","36506","1","","1","07","N","N","0","","0","0","0","0","0","Y","1133","1","4","0","0","0","0","0","1","0","4","N","","","","","","","","","","","","10","  ","","",""
"1106","2","0","0","0","0","0","0","0","0","1","0","","36","11","2018","2018123666","5","40.1034","-76.4349","1056","08","0","0","0","0","0","0","0","0","2","0","0","0","10","1","0","02","2","40 06:12.364","2","00","76 26:05.688","0","0","0","0","36239","0","0","0","N","0","0","0","2","36239","0","","1","07","N","N","0","","0","0","0","0","0","N","1054","0","2","0","0","0","0","0","3","0","2","N","","","","","","","","","","","","10","  ","","",""
"1128","1","0","0","0","0","0","0","0","0","4","0","","36","11","2018","2018123671","5","40.032","-76.455","1124","08","0","0","0","0","0","0","1","0","","0","0","0","11","1","0","00","0","40 01:55.143","","00","76 27:18.174","0","0","0","0","36239","0","0","0","N","0","0","0","2","36239","0","","1","07","N","N","0","","0","0","1","0","0","","1124","0","2","0","0","0","0","0","3","0","2","N","","","","","","","","","","","","10","  ","","",""
"1115","2","0","0","0","0","0","0","0","0","4","0","","36","11","2018","2018123696","5","40.1661","-76.162","1115","08","0","0","0","1","0","0","0","0","2","0","0","0","11","1","0","00","1","40 09:58.081","4","00","76 09:43.304","0","0","0","0","36218","0","0","0","N","0","0","0","4","36408","0","","1","07","N","N","0","","0","0","0","0","0","N","1115","0","2","0","0","0","0","0","1","0","2","N","","","","","","","","","","","","10","  ","","",""
"1321","0","0","0","0","0","0","0","0","0","0","1","","36","11","2018","2018123752","2","39.9456","-76.0515","1306","08","0","0","0","0","0","0","0","0","3","0","1","0","13","1","0","00","1","39 56:44.320","4","00","76 03:05.433","0","0","0","0","36231","0","0","0","N","0","0","0","1","68J01","0","","1","01","N","N","0","","0","0","0","0","0","N","1304","0","1","0","0","0","0","0","1","0","1","N","","","","","","","","","","","","03","  ","","",""
"2041","2","0","0","0","0","0","0","0","0","2","0","","36","11","2018","2018123754","2","39.9378","-76.2047","2029","08","0","0","0","0","0","0","0","0","3","0","0","0","20","2","4","00","2","39 56:16.019","7","00","76 12:17.066","3","0","0","0","36233","0","0","0","N","0","0","0","5","68J01","2","","1","09","N","N","0","","1","0","1","0","0","Y","2027","4","3","0","0","2","1","0","1","0","3","N","","","","","","","","","","","","07","  ","","",""
"1543","0","0","0","0","0","0","0","0","0","7","0","","36","11","2018","2018123758","4","39.9242","-76.2534","1543","08","0","0","0","0","0","0","0","0","","0","0","0","15","1","0","00","0","39 55:27.134","","00","76 15:12.286","0","0","0","0","36229","0","0","0","Y","0","0","0","1","68J01","0","","5","01","N","N","0","","0","0","1","0","0","","1541","0","1","0","0","0","0","0","1","0","1","N","","","","","","","","","","","","03","  ","","",""
"2049","1","0","0","0","0","0","0","0","0","1","1","","36","11","2018","2018123759","4","39.9894","-75.9945","2039","08","0","0","0","0","0","0","0","0","","0","1","0","20","2","2","00","0","39 59:21.995","","00","75 59:40.188","3","0","0","0","36232","0","0","0","N","0","0","0","3","68J01","0","","1","01","N","N","0","","2","0","0","0","0","","2036","2","2","0","0","0","0","0","1","0","2","N","","","","","","","","","","","","03","  ","","",""
"1225","0","0","0","0","0","0","0","0","0","7","0","","36","11","2018","2018123841","5","40.0994","-76.3289","1137","08","0","0","0","0","0","0","0","0","","0","0","0","11","1","0","00","0","40 05:57.783","","00","76 19:44.073","0","0","0","0","36101","0","0","0","N","0","0","0","3","36101","0","","5","07","N","N","0","","0","0","0","0","0","","1134","0","1","0","0","0","0","0","3","1","1","N","","","","","","","","","","","","10","  ","","",""
"1355","1","0","0","0","0","0","0","0","0","1","0","","36","11","2018","2018123842","5","40.0543","-76.3064","1350","08","0","0","0","0","0","0","0","0","","0","0","0","13","1","2","00","0","40 03:15.385","","00","76 18:23.113","4","0","0","0","36101","0","0","0","N","0","0","0","2","36101","2","","1","07","N","N","0","","0","0","0","0","0","","1341","2","2","0","0","0","0","0","3","1","2","N","","","","","","","","","","","","10","  ","","",""
"1510","1","0","0","0","0","0","0","0","0","1","0","","36","11","2018","2018123843","5","40.0208","-76.3055","1455","08","0","0","0","0","0","0","0","0","","0","0","0","13","1","0","00","0","40 01:14.925","","00","76 18:19.629","0","0","0","0","36220","0","0","0","N","0","0","0","2","36101","0","","1","06","N","N","0","","0","0","1","0","0","","1345","0","2","0","0","0","0","0","3","0","2","N","","","","","","","","","","","","10","  ","","",""
"1720","2","0","0","0","0","0","0","0","0","1","0","","36","11","2018","2018123844","5","40.0834","-76.328","1712","08","0","0","0","0","0","1","0","0","1","0","0","0","17","2","1","00","1","40 05:00.417","1","00","76 19:40.862","4","0","0","0","36101","0","0","0","N","0","0","0","2","36101","1","","1","07","N","N","0","","0","0","0","0","0","N","1708","1","2","0","0","0","0","0","3","0","2","N","","","","","","","","","","","","10","  ","","",""
"1140","1","0","0","0","0","0","0","0","0","4","0","","36","11","2018","2018123860","5","40.1758","-76.3088","1136","08","0","0","1","0","0","0","1","0","","0","0","0","11","1","0","00","0","40 10:33.011","","00","76 18:31.695","0","0","0","0","36235","0","0","0","N","0","0","0","4","36506","0","","1","07","N","N","1","","0","0","0","0","0","","1136","0","2","0","0","0","0","0","1","0","2","N","","","","","","","","","","","","10","  ","","",""
"1638","0","0","0","0","0","0","0","0","0","7","0","","36","11","2018","2018123863","2","40.217","-76.0791","1636","08","0","0","0","0","0","1","0","0","3","0","0","0","16","4","0","00","1","40 13:01.191","4","00","76 04:44.620","0","0","0","0","36210","0","0","0","Y","0","0","0","1","36210","0","","5","01","N","N","0","","0","0","1","0","0","N","1630","0","1","0","0","0","0","0","1","0","1","N","","","","","","","","","","","","03","  ","","",""
"1210","0","0","0","1","0","0","0","0","0","4","0","","36","11","2018","2018123868","2","40.036","-76.3082","1204","08","0","0","0","0","0","0","0","0","","0","0","0","08","1","1","01","0","40 02:09.771","","00","76 18:29.474","3","0","0","0","36301","1","0","0","N","0","0","0","2","36301","0","","1","09","N","N","0","","1","0","1","3","3","","0830","1","2","0","0","0","0","1","3","0","1","N","","","","","","","","","","","","07","  ","","",""
"2303","1","0","0","0","0","0","0","0","0","7","0","","36","11","2018","2018124082","1","40.1743","-76.1763","2302","08","0","0","0","1","0","0","0","0","","0","0","0","23","3","0","00","0","40 10:27.331","","00","76 10:34.814","0","0","0","0","36408","0","0","0","N","0","0","0","1","36408","0","","5","01","N","N","0","","0","0","0","0","0","","2300","0","1","0","0","0","0","0","2","0","1","N","","","","","","","","","","","","03","  ","","",""
"1408","0","0","0","0","0","0","0","0","0","1","0","","36","10","2018","2018124146","4","40.1093","-76.069","1408","08","0","0","0","0","0","1","0","0","","0","0","0","14","1","0","00","0","40 06:33.410","","00","76 04:08.337","0","0","0","0","36415","0","0","0","N","0","0","0","2","36415","0","","1","01","N","N","0","","0","0","2","0","0","","1408","0","2","0","0","0","0","0","1","0","2","N","","","","","","","","","","","","03","  ","","",""
"1146","0","0","0","0","0","0","0","0","0","4","0","","36","11","2018","2018124147","6","40.1383","-76.1002","1144","08","0","0","0","0","0","2","0","0","1","0","0","0","11","1","0","01","1","40 08:17.874","7","00","76 06:00.622","0","0","0","0","36209","0","0","0","N","0","0","0","2","36415","0","","1","01","N","N","0","","0","0","2","3","3","N","1142","0","2","0","0","0","0","0","1","0","2","N","","","","","","","","","","","","03","  ","","",""
"1322","0","0","0","0","0","0","0","0","0","2","1","","36","11","2018","2018124149","5","40.1118","-76.0782","1318","08","0","0","0","0","0","2","0","0","3","0","1","0","13","1","1","02","2","40 06:42.577","6","00","76 04:41.471","3","0","0","0","36415","0","0","0","N","0","0","0","2","36415","0","","1","07","N","N","0","","1","0","1","0","0","Y","1318","1","2","0","0","0","0","0","1","0","2","N","","","","","","","","","","","","10","  ","","",""
"0933","2","0","0","0","0","0","0","0","0","1","0","","36","11","2018","2018124150","6","40.1369","-76.0969","0922","08","0","0","0","1","0","1","0","0","","0","0","0","09","1","0","00","0","40 08:12.927","","00","76 05:48.935","0","0","0","0","36209","0","0","0","N","0","0","0","2","36415","0","","1","09","N","N","0","","0","0","0","0","0","","0920","0","2","0","0","0","0","0","1","0","2","N","","","","","","","","","","","","98","  ","","",""
"1715","0","0","0","0","0","0","1","0","0","8","1","","36","11","2018","2018124176","3","40.0411","-76.3063","1715","08","0","0","0","0","0","1","0","0","3","0","0","0","17","1","1","01","2","40 02:27.991","7","00","76 18:22.594","2","0","0","0","36301","1","0","1","N","1","0","1","3","36301","0","","1","01","N","N","0","","0","1","0","3","2","Y","1715","1","2","0","0","0","0","0","3","0","1","N","","","","","","","","","","","","03","  ","","",""
"1204","1","0","0","0","0","0","0","0","0","1","1","","36","11","2018","2018124202","5","40.1776","-76.6018","1154","08","0","0","0","0","0","0","0","0","2","0","1","0","11","1","0","00","1","40 10:39.534","3","02","76 36:06.336","0","0","0","0","36225","0","0","0","N","0","0","0","2","36505","0","","1","07","N","N","0","","0","0","0","0","0","N","1150","0","2","0","0","0","0","0","2","0","2","N","","","","","","","","","","","","10","  ","","",""