"ARRIVAL_TM","AUTOMOBILE_COUNT","BELTED_DEATH_COUNT","BELTED_SUSP_SERIOUS_INJ_COUNT","BICYCLE_COUNT","BICYCLE_DEATH_COUNT","BICYCLE_SUSP_SERIOUS_INJ_COUNT","BUS_COUNT","CHLDPAS_DEATH_COUNT","CHLDPAS_SUSP_SERIOUS_INJ_COUNT","COLLISION_TYPE","COMM_VEH_COUNT","CONS_ZONE_SPD_LIM","COUNTY","CRASH_MONTH","CRASH_YEAR","CRN","DAY_OF_WEEK","DEC_LAT","DEC_LONG","DISPATCH_TM","DISTRICT","DRIVER_COUNT_16YR","DRIVER_COUNT_17YR","DRIVER_COUNT_18YR","DRIVER_COUNT_19YR","DRIVER_COUNT_20YR","DRIVER_COUNT_50_64YR","DRIVER_COUNT_65_74YR","DRIVER_COUNT_75PLUS","EST_HRS_CLOSED","FATAL_COUNT","HEAVY_TRUCK_COUNT","HORSE_BUGGY_COUNT","HOUR_OF_DAY","ILLUMINATION","INJURY_COUNT","INTERSECT_TYPE","LANE_CLOSED","LATITUDE","LN_CLOSE_DIR","LOCATION_TYPE","LONGITUDE","MAX_SEVERITY_LEVEL","MCYCLE_DEATH_COUNT","MCYCLE_SUSP_SERIOUS_INJ_COUNT","MOTORCYCLE_COUNT","MUNICIPALITY","NONMOTR_COUNT","NONMOTR_DEATH_COUNT","NONMOTR_SUSP_SERIOUS_INJ_COUNT","NTFY_HIWY_MAINT","PED_COUNT","PED_DEATH_COUNT","PED_SUSP_SERIOUS_INJ_COUNT","PERSON_COUNT","POLICE_AGCY","POSSIBLE_INJ_COUNT","RDWY_SURF_TYPE_CD","RELATION_TO_ROAD","ROAD_CONDITION","SCH_BUS_IND","SCH_ZONE_IND","SMALL_TRUCK_COUNT","SPEC_JURIS_CD","SUSP_MINOR_INJ_COUNT","SUSP_SERIOUS_INJ_COUNT","SUV_COUNT","TCD_FUNC_CD","TCD_TYPE","TFC_DETOUR_IND","TIME_OF_DAY","TOT_INJ_COUNT","TOTAL_UNITS","UNB_DEATH_COUNT","UNB_SUSP_SERIOUS_INJ_COUNT","UNBELTED_OCC_COUNT","UNK_INJ_DEG_COUNT","UNK_INJ_PER_COUNT","URBAN_RURAL","VAN_COUNT","VEHICLE_COUNT","WORK_ZONE_IND","WORK_ZONE_LOC","WORK_ZONE_TYPE","WORKERS_PRES","WZ_CLOSE_DETOUR","WZ_FLAGGER","WZ_LAW_OFFCR_IND","WZ_LN_CLOSURE","WZ_MOVING","WZ_OTHER","WZ_SHLDER_MDN","ROADWAY_CLEARED","WEATHER1","WEATHER2","WZ_WORKERS_INJ_KILLED","SECONDARY_CRASH","INTERSECTION_RELATED"
"0312","1","0","0","0","0","0","0","0","0","7","0","","36","11","2018","2018124213","3","40.1752","-76.1899","0310","08","0","0","1","0","0","0","0","0","","0","0","0","03","3","0","00","0","40 10:30.817","","00","76 11:23.200","0","0","0","0","36408","0","0","0","N","0","0","0","1","36408","0","","5","01","N","N","0","","0","0","0","0","0","","0308","0","1","0","0","0","0","0","2","0","1","N","","","","","","","","","","","","03","  ","","",""
"2208","1","0","0","0","0","0","0","0","0","4","0","","36","11","2018","2018124238","3","40.0317","-76.477","2205","08","0","0","0","0","0","0","0","0","2","0","0","0","22","3","1","02","2","40 01:54.243","7","00","76 28:37.337","8","0","0","0","36239","0","0","0","N","0","0","0","2","36239","0","","1","01","N","N","1","","0","0","0","3","2","N","2203","1","2","0","0","0","1","0","3","0","2","N","","","","","","","","","","","","03","  ","","",""
"1500","1","0","0","0","0","0","0","0","0","8","0","","36","10","2018","2018124373","2","40.04","-76.3016","1448","08","0","0","0","0","0","1","0","0","","0","0","0","14","1","1","01","0","40 02:24.019","","00","76 18:05.911","3","0","0","0","36301","1","0","0","N","1","0","0","2","36301","0","","1","01","N","N","0","","1","0","0","3","2","","1455","1","2","0","0","0","0","0","3","0","1","N","","","","","","","","","","","","03","  ","","",""
"1821","1","0","0","0","0","0","0","0","0","7","0","","36","11","2018","2018124360","3","40.0397","-76.2913","1814","08","0","0","0","0","0","0","1","0","","0","0","0","18","3","0","01","0","40 02:22.957","","00","76 17:28.796","0","0","0","0","36301","0","0","0","N","0","0","0","1","36301","0","","5","01","N","N","0","","0","0","0","0","0","","1810","0","1","0","0","0","0","0","3","0","1","N","","","","","","","","","","","","03","  ","","",""
"0850","0","0","0","0","0","0","0","0","0","1","2","","36","11","2018","2018124387","3","40.0749","-76.2859","0842","08","0","0","0","0","0","0","0","0","2","0","2","0","08","1","0","00","1","40 04:29.478","2","00","76 17:09.366","0","0","0","0","36101","0","0","0","N","0","0","0","2","36101","0","","1","01","N","N","0","","0","0","0","0","0","N","0840","0","2","0","0","0","0","0","3","0","2","N","","","","","","","","","","","","03","  ","","",""
"1855","2","0","0","0","0","0","0","0","0","1","0","","36","11","2018","2018124388","3","40.105","-76.2527","1851","08","0","0","0","0","0","0","0","0","2","0","0","0","18","2","0","00","1","40 06:17.853","1","00","76 15:09.687","0","0","0","0","36101","0","0","0","N","0","0","0","2","36101","0","","1","01","N","N","0","","0","0","0","0","0","N","1848","0","2","0","0","0","0","0","3","0","2","N","","","","","","","","","","","","03","  ","","",""
"0745","1","0","0","0","0","0","0","0","0","7","0","","36","11","2018","2018124389","3","40.0694","-76.3565","0734","08","0","0","0","0","0","0","0","0","2","0","0","0","07","1","0","00","1","40 04:09.827","1","00","76 21:23.410","0","0","0","0","36214","0","0","0","N","0","0","0","1","36214","0","","4","09","N","N","0","","0","0","0","0","0","N","0730","0","1","0","0","0","0","0","3","0","1","N","","","","","","","","","","","","07","  ","","",""
"0746","1","0","0","0","0","0","0","0","0","1","0","","36","11","2018","2018124390","4","40.1004","-76.4158","0734","08","0","0","0","0","0","0","0","0","","0","0","0","07","1","1","00","0","40 06:01.370","","00","76 24:56.958","4","0","0","0","36214","0","0","0","N","0","0","0","2","36214","1","","1","01","N","N","0","","0","0","1","0","0","","0733","1","2","0","0","0","0","0","3","0","2","N","","","","","","","","","","","","03","  ","","",""
"1135","1","0","0","0","0","0","0","0","0","7","0","","36","11","2018","2018124391","5","40.0618","-76.3838","1124","08","0","0","0","0","0","0","0","0","","0","0","0","11","1","0","00","0","40 03:42.310","","00","76 23:01.530","0","0","0","0","36214","0","0","0","N","0","0","0","1","36214","0","","2","07","N","N","0","","0","0","0","0","0","","1120","0","1","0","0","0","0","0","3","0","1","N","","","","","","","","","","","","10","  ","","",""
"1231","1","0","0","0","0","0","0","0","0","4","1","","36","11","2018","2018124392","5","40.1017","-76.4273","1215","08","0","0","0","0","0","1","0","0","","0","1","0","12","1","0","02","0","40 06:06.283","","00","76 25:38.263","0","0","0","0","36214","0","0","0","N","0","0","0","2","36214","0","","1","07","N","N","0","","0","0","0","3","3","","1200","0","2","0","0","0","0","0","3","0","2","N","","","","","","","","","","","","10","  ","","",""
"1850","1","0","0","0","0","0","0","0","0","4","0","","36","11","2018","2018124393","3","40.1211","-76.3791","1842","08","0","0","0","0","0","1","0","0","","0","0","0","18","2","1","00","0","40 07:15.820","","00","76 22:44.838","3","0","0","0","36214","0","0","0","N","0","0","0","2","36214","0","","1","01","N","N","0","","1","0","1","0","0","","1842","1","2","0","0","0","0","0","3","0","2","N","","","","","","","","","","","","03","  ","","",""
"1113","2","0","0","0","0","0","0","0","0","1","0","","36","11","2018","2018124427","7","40.0475","-76.4837","1110","08","0","0","0","0","0","0","1","1","2","0","0","0","11","1","3","01","1","40 02:51.172","2","00","76 29:01.226","3","0","0","0","36239","0","0","0","N","0","0","0","3","36239","0","","1","01","N","N","0","","3","0","0","0","0","N","1108","3","2","0","0","0","0","0","3","0","2","N","","","","","","","","","","","","03","  ","","",""
"0726","0","0","0","0","0","0","1","0","0","8","1","","36","11","2018","2018124429","4","40.0344","-76.5001","0724","08","0","0","0","0","0","1","0","0","1","0","0","0","07","1","1","01","2","40 02:03.748","7","00","76 30:00.532","3","0","0","0","36404","1","0","0","N","1","0","0","3","36404","0","","1","01","N","N","0","","1","0","0","0","0","Y","0724","1","2","0","0","0","0","0","3","0","1","N","","","","","","","","","","","","03","  ","","",""
"1915","0","0","0","0","0","0","0","0","0","4","1","","36","10","2018","2018124481","3","39.9468","-76.2263","1855","08","0","0","0","0","0","0","0","1","2","0","1","0","18","2","1","02","2","39 56:48.536","5","00","76 13:34.850","3","0","0","0","36233","0","0","0","N","0","0","0","2","68J01","0","","1","01","N","N","1","","1","0","0","3","3","Y","1854","1","2","0","0","0","0","0","1","0","2","N","","","","","","","","","","","","03","  ","","",""
"0637","1","0","0","0","0","0","0","0","0","4","0","","36","11","2018","2018124502","1","40.2261","-76.3024","0622","08","0","0","0","0","0","1","0","0","3","0","0","0","06","1","2","01","2","40 13:34.012","6","00","76 18:08.758","3","0","0","0","36217","0","0","0","Y","0","0","0","4","68J01","0","","1","01","N","N","0","","2","0","1","3","2","Y","0615","2","2","0","0","1","0","0","1","0","2","N","","","","","","","","","","","","03","  ","","",""
"2320","0","0","0","0","0","0","0","0","0","4","1","","36","11","2018","2018124522","3","40.0096","-76.1279","2244","08","0","0","0","0","0","0","0","0","2","0","1","1","22","3","1","00","2","40 00:34.664","6","07","76 07:40.516","3","0","0","0","36226","1","0","0","N","0","0","0","2","68J01","0","","1","01","N","N","0","","1","0","0","0","0","N","2235","1","2","0","0","0","0","0","1","0","1","N","","","","","","","","","","","","03","  ","","",""
"0719","0","0","0","0","0","0","0","0","0","1","0","","36","11","2018","2018124524","5","39.7792","-76.1787","0647","08","0","0","0","0","0","2","0","0","3","0","0","0","06","2","1","00","1","39 46:45.193","2","00","76 10:43.327","3","0","0","0","36219","0","0","0","N","0","0","0","2","68J01","0","","1","01","N","N","2","","1","0","0","0","0","N","0636","1","2","0","0","0","0","0","1","0","2","N","","","","","","","","","","","","03","  ","","",""
"1232","1","0","0","0","0","0","0","0","0","7","0","","36","11","2018","2018124525","5","39.8726","-76.2286","1232","08","0","0","0","0","0","0","0","0","","0","0","0","12","1","0","01","0","39 52:21.285","","00","76 13:43.327","0","0","0","0","36208","0","0","0","N","0","0","0","1","68J01","0","","5","07","N","N","0","","0","0","0","0","0","","1232","0","1","0","0","0","0","0","1","0","1","N","","","","","","","","","","","","10","  ","","",""
"0934","1","0","0","0","0","0","0","0","0","4","0","","36","11","2018","2018124540","2","39.9986","-76.0623","0924","08","0","0","0","0","0","0","1","0","1","0","0","0","09","1","0","01","1","39 59:54.815","4","00","76 03:44.266","0","0","0","0","36226","0","0","0","N","0","0","0","2","68J01","0","","1","01","N","N","0","","0","0","1","0","0","N","0908","0","2","0","0","0","0","0","1","0","2","N","","","","","","","","","","","","03","  ","","",""
"1353","0","0","0","0","0","0","0","0","0","7","0","","36","11","2018","2018124542","2","40.2343","-76.3287","1336","08","0","0","0","0","0","1","0","0","2","0","0","0","13","1","0","00","2","40 14:03.649","6","00","76 19:43.398","0","0","0","0","36217","0","0","0","N","0","0","0","1","68J01","0","","4","01","N","N","0","","0","0","1","0","0","Y","1333","0","1","0","0","0","0","0","1","0","1","N","","","","","","","","","","","","03","  ","","",""
"1540","1","0","0","0","0","0","0","0","0","7","0","","36","11","2018","2018124544","2","39.7991","-76.1593","1517","08","0","0","0","0","1","0","0","0","1","0","0","0","15","1","0","00","1","39 47:56.632","1","00","76 09:33.514","0","0","0","0","36219","0","0","0","N","0","0","0","2","68J01","0","","4","01","N","N","0","","0","0","0","0","0","N","1501","0","1","0","0","0","0","0","1","0","1","N","","","","","","","","","","","","03","  ","","",""
"1834","0","0","0","0","0","0","0","0","0","4","1","","36","11","2018","2018124548","2","39.9135","-76.0453","1816","08","0","0","0","0","0","1","0","0","2","0","1","0","17","2","0","01","2","39 54:48.553","4","00","76 02:42.913","0","0","0","0","36201","0","0","0","N","0","0","0","2","68J01","0","","1","01","N","N","1","","0","0","0","3","3","Y","1758","0","2","0","0","0","0","0","1","0","2","N","","","","","","","","","","","","03","  ","","",""
"1312","1","0","0","0","0","0","0","0","0","7","0","","36","11","2018","2018124569","2","40.067","-76.3435","1300","08","0","0","0","0","0","0","1","0","1","0","0","0","13","1","1","00","1","40 04:01.118","1","00","76 20:36.763","4","0","0","0","36301","0","0","0","N","0","0","0","1","36301","1","","3","01","N","N","0","","0","0","0","0","0","N","1300","1","1","0","0","0","0","0","3","0","1","N","","","","","","","","","","","","03","  ","","",""
"1657","0","0","0","0","0","0","0","0","0","7","0","","36","11","2018","2018124609","5","40.0644","-76.3777","1657","08","0","0","0","0","0","1","0","0","3","0","0","0","16","4","0","00","1","40 03:51.860","4","00","76 22:39.850","0","0","0","0","36214","0","0","0","N","0","0","0","1","36214","0","","4","07","N","N","0","","0","0","0","0","0","Y","1657","0","1","0","0","0","0","0","3","1","1","N","","","","","","","","","","","","10","  ","","",""
"1159","1","0","0","0","0","0","0","0","0","1","0","","36","11","2018","2018124610","1","40.0399","-76.2234","1152","08","0","0","0","0","0","1","0","0","1","0","1","0","11","1","1","00","1","40 02:23.576","3","00","76 13:24.332","3","0","0","0","36215","0","0","0","N","0","0","0","4","36215","0","","1","01","N","N","0","","1","0","0","0","0","N","1150","1","2","0","0","0","0","0","1","0","2","N","","","","","","","","","","","","03","  ","","",""
"0642","1","0","0","0","0","0","0","0","0","1","0","","36","11","2018","2018124611","2","40.0871","-76.1916","0633","08","0","0","0","0","0","0","0","0","2","0","0","0","06","1","1","00","1","40 05:13.648","3","00","76 11:29.690","3","0","0","0","36234","0","0","0","N","0","0","0","2","36215","0","","1","01","N","N","0","","1","0","1","0","0","N","0630","1","2","0","0","0","0","0","1","0","2","N","","","","","","","","","","","","03","  ","","",""
"1740","1","0","0","0","0","0","0","0","0","1","0","","36","11","2018","2018124612","2","40.0814","-76.2374","1731","08","0","0","0","0","0","0","0","1","2","0","0","0","17","2","0","00","1","40 04:52.968","4","00","76 14:14.710","0","0","0","0","36234","0","0","0","N","0","0","0","2","36215","0","","1","01","N","N","0","","0","0","1","0","0","N","1731","0","2","0","0","0","0","0","1","0","2","N","","","","","","","","","","","","03","  ","","",""
"1731","2","0","0","0","0","0","0","0","0","4","0","","36","11","2018","2018124626","6","40.1424","-76.5573","1724","08","0","0","0","0","0","1","0","0","","0","0","0","17","3","0","02","0","40 08:32.612","","00","76 33:26.143","0","0","0","0","36225","0","0","0","N","0","0","0","2","36505","0","","1","07","N","N","0","","0","0","0","3","3","","1720","0","2","0","0","0","0","0","2","0","2","N","","","","","","","","","","","","10","  ","","",""
"1739","1","0","0","0","0","0","0","0","0","7","0","","36","11","2018","2018124683","5","40.1895","-76.5811","1732","08","0","0","0","0","0","0","0","0","","0","0","0","12","1","0","00","0","40 11:22.037","","00","76 34:52.097","0","0","0","0","36225","0","0","0","N","0","0","0","1","36505","0","","5","07","N","N","0","","0","0","0","0","0","","1200","0","1","0","0","0","0","0","2","0","1","N","","","","","","","","","","","","10","  ","","",""
"0912","1","0","4","0","0","0","0","0","0","2","0","","36","10","2018","2018124697","1","40.0966","-75.9462","0857","08","1","1","0","0","0","0","0","0","3","0","0","0","08","1","7","00","2","40 05:47.820","5","00","75 56:46.340","2","0","0","0","36232","0","0","0","N","0","0","0","7","68J01","0","","1","09","N","N","0","","1","6","0","0","0","Y","0853","7","2","0","2","2","0","0","1","1","2","N","","","","","","","","","","","","03","  ","","",""
"1809","2","0","0","0","0","0","0","0","0","1","0","","36","11","2018","2018124702","5","40.0008","-76.1844","1801","08","0","0","0","0","0","0","1","0","","0","0","0","17","2","0","00","0","40 00:02.769","","00","76 11:03.981","0","0","0","0","36233","0","0","0","N","0","0","0","3","68J01","0","","1","01","N","N","0","","0","0","1","0","0","","1758","0","3","0","0","0","0","0","1","0","3","N","","","","","","","","","","","","03","  ","","",""
"1042","2","0","0","0","0","0","0","0","0","4","0","","36","11","2018","2018124712","4","40.0392","-76.0644","1027","08","0","0","0","0","0","0","0","0","3","0","0","0","10","1","0","01","1","40 02:21.008","2","00","76 03:51.801","0","0","0","0","36221","0","0","0","N","0","0","0","3","68J01","0","","1","01","N","N","0","","0","0","0","3","3","N","1016","0","2","0","0","0","0","0","1","0","2","N","","","","","","","","","","","","03","  ","","",""
"0000","1","0","0","0","0","0","0","0","0","7","0","","36","11","2018","2018124715","4","39.9927","-75.9831","2341","08","0","0","1","0","0","0","0","0","1","0","0","0","23","2","1","00","1","39 59:33.600","5","00","75 58:59.200","3","0","0","0","36232","0","0","0","N","0","0","0","3","68J01","0","","4","01","N","N","0","","1","0","0","0","0","N","2335","1","1","0","0","0","0","0","1","0","1","N","","","","","","","","","","","","03","  ","","",""
"1129","0","0","0","0","0","0","0","0","0","7","0","","36","11","2018","2018124723","5","40.0663","-75.9475","1126","08","0","0","0","0","0","0","1","0","2","0","0","0","11","1","0","00","1","40 03:58.680","2","00","75 56:51.160","0","0","0","0","36232","0","0","0","N","0","0","0","1","68J01","0","","4","07","N","N","0","","0","0","1","0","0","N","1117","0","1","0","0","0","0","0","1","0","1","N","","","","","","","","","","","","10","  ","","",""
"1158","1","0","0","0","0","0","0","0","0","6","0","","36","11","2018","2018124725","5","39.9085","-76.1186","1142","08","0","0","0","0","0","0","1","0","1","0","0","0","11","1","1","00","1","39 54:30.691","4","00","76 07:06.990","3","0","0","0","36216","0","0","0","N","0","0","0","2","68J01","0","","1","07","N","N","0","","1","0","0","0","0","N","1139","1","2","0","0","0","0","0","1","1","2","N","","","","","","","","","","","","10","  ","","",""
"1305","1","0","0","0","0","0","0","0","0","4","0","","36","11","2018","2018124726","5","39.9219","-76.1522","1239","08","0","0","0","0","0","1","0","0","2","0","1","0","11","1","1","00","2","39 55:18.780","6","00","76 09:07.860","8","0","0","0","36216","0","0","0","N","0","0","0","2","68J01","0","","1","07","N","N","0","","0","0","0","0","0","N","1147","1","2","0","0","0","1","0","1","0","2","N","","","","","","","","","","","","10","  ","","",""
"1235","2","0","0","0","0","0","0","0","0","0","0","","36","11","2018","2018124728","5","40.0657","-76.0181","1229","08","0","0","0","0","0","0","0","1","2","0","0","0","12","1","0","00","2","40 03:56.483","5","00","76 01:05.166","0","0","0","0","36232","0","0","0","N","0","0","0","3","68J01","0","","4","07","N","N","0","","0","0","0","0","0","Y","1217","0","2","0","0","0","0","0","1","0","2","N","","","","","","","","","","","","10","  ","","",""
"1330","0","0","0","0","0","0","0","0","0","4","0","","36","11","2018","2018124729","5","40.0288","-76.0822","1257","08","0","0","0","0","0","1","0","0","","0","0","0","12","1","1","01","0","40 01:43.772","","00","76 04:56.558","3","0","0","0","36221","0","0","0","N","0","0","0","2","68J01","0","","1","07","N","N","1","","1","0","1","3","3","","1230","1","2","0","0","0","0","0","1","0","2","N","","","","","","","","","","","","10","  ","","",""
"1306","1","0","0","0","0","0","0","0","0","0","0","","36","11","2018","2018124731","5","40.0657","-76.0182","1306","08","0","0","0","0","0","1","0","0","2","0","0","0","13","1","0","00","2","40 03:56.364","5","00","76 01:05.399","0","0","0","0","36232","0","0","0","N","0","0","0","1","68J01","0","","4","07","N","N","0","","0","0","0","0","0","Y","1306","0","1","0","0","0","0","0","1","0","1","N","","","","","","","","","","","","10","  ","","",""
"1430","0","0","0","0","0","0","0","0","0","7","0","","36","11","2018","2018124734","5","39.8578","-76.2727","1354","08","0","0","0","0","0","1","0","0","","0","0","0","13","1","0","00","0","39 51:28.197","","00","76 16:21.876","0","0","0","0","36224","0","0","0","N","0","0","0","1","68J01","0","","2","07","N","N","0","","0","0","1","0","0","","1353","0","1","0","0","0","0","0","1","0","1","N","","","","","","","","","","","","10","  ","","",""
"0529","0","0","0","0","0","0","0","0","0","0","0","","36","11","2018","2018124739","6","40.1292","-75.9046","0421","08","0","0","0","0","0","0","0","0","","0","0","0","04","2","0","00","0","40 07:45.253","","00","75 54:16.485","0","0","0","0","36203","0","0","0","N","0","0","0","2","68J01","0","","1","07","N","N","0","","0","0","0","0","0","","0421","0","1","0","0","0","0","0","1","1","1","N","","","","","","","","","","","","09","  ","","",""
"0621","0","0","0","0","0","0","0","0","0","7","0","","36","11","2018","2018124740","6","40.1895","-76.0165","0605","08","0","0","0","0","0","0","0","0","","0","0","0","04","2","0","00","0","40 11:22.242","","00","76 00:59.278","0","0","0","0","36202","0","0","0","N","0","0","0","1","68J01","0","","2","07","N","N","1","","0","0","0","0","0","","0456","0","1","0","0","0","0","0","1","0","1","N","","","","","","","","","","","","10","  ","","",""
"1832","0","0","0","0","0","0","0","0","0","4","0","","36","11","2018","2018124744","6","39.851","-76.2208","1828","08","0","0","0","0","0","0","0","0","2","0","0","0","18","2","10","01","1","39 51:03.737","3","00","76 13:14.888","3","0","0","0","36212","0","0","0","N","0","0","0","11","68J01","0","","1","09","N","N","0","","6","0","1","3","3","N","1827","10","2","0","0","1","4","0","1","1","2","N","","","","","","","","","","","","03","  ","","",""
"1340","0","0","0","0","0","0","0","0","0","4","2","","36","11","2018","2018124751","2","40.0392","-76.0644","1328","08","0","0","0","0","0","1","1","0","2","0","2","0","13","1","4","01","1","40 02:21.008","4","00","76 03:51.801","3","0","0","0","36221","0","0","0","Y","0","0","0","4","68J01","0","","1","01","N","N","0","","3","0","0","3","3","Y","1325","4","3","0","0","1","1","0","1","1","3","N","","","","","","","","","","","","03","  ","","",""
"1930","2","0","0","0","0","0","0","0","0","1","0","","36","11","2018","2018124767","2","40.1636","-76.1524","1927","08","0","0","0","0","0","0","0","0","1","0","0","0","19","3","1","01","1","40 09:48.894","2","02","76 09:08.473","3","0","0","0","36218","0","0","0","N","0","0","0","2","36408","0","","1","01","N","N","0","","1","0","0","9","2","Y","1920","1","2","0","0","0","0","0","1","0","2","N","","","","","","","","","","","","03","  ","","",""
"0139","1","0","0","0","0","0","0","0","0","7","0","","36","11","2018","2018124779","2","40.1467","-76.6028","0138","08","0","0","0","0","0","0","0","0","2","0","0","0","01","3","1","00","1","40 08:48.149","1","00","76 36:10.190","3","0","0","0","36407","0","0","0","N","0","0","0","1","36407","0","","5","01","N","N","0","","1","0","0","0","0","N","0136","1","1","0","0","0","0","0","2","0","1","N","","","","","","","","","","","","03","  ","","",""
"1503","2","0","0","0","0","0","0","0","0","4","0","","36","11","2018","2018124788","4","40.1093","-76.2501","1459","08","0","1","0","0","0","0","0","0","1","0","0","0","14","1","1","01","1","40 06:33.403","2","00","76 15:00.444","3","0","0","0","36101","0","0","0","N","0","0","0","3","36101","0","","1","01","N","N","0","","1","0","0","3","3","Y","1449","1","2","0","0","0","0","0","3","0","2","N","","","","","","","","","","","","03","  ","","",""
"1623","1","0","0","0","0","0","0","0","0","1","0","","36","11","2018","2018124789","1","40.0409","-76.364","1623","08","0","0","1","0","0","0","2","0","2","0","0","0","16","1","0","00","1","40 02:27.203","2","00","76 21:50.462","9","0","0","0","36214","0","0","0","N","0","0","0","4","36214","0","","1","01","N","N","0","","0","0","2","0","0","N","1623","0","3","0","0","0","0","1","3","0","3","N","","","","","","","","","","","","03","  ","","",""
"0622","1","0","0","0","0","0","0","0","0","7","0","","36","11","2018","2018124790","4","40.1016","-76.4187","0613","08","0","0","0","0","0","0","0","0","2","0","0","0","06","2","0","00","1","40 06:05.883","4","00","76 25:07.142","0","0","0","0","36214","0","0","0","N","0","0","0","1","36214","0","","4","01","N","N","0","","0","0","0","0","0","N","0611","0","1","0","0","0","0","0","3","0","1","N","","","","","","","","","","","","03","  ","","",""
"0623","1","0","0","0","0","0","0","0","0","7","0","","36","11","2018","2018124791","4","40.1021","-76.4197","0615","08","0","0","0","0","0","0","0","0","","0","0","0","06","1","0","00","0","40 06:07.433","","00","76 25:11.020","0","0","0","0","36214","0","0","0","N","0","0","0","1","36214","0","","5","01","N","N","0","","0","0","0","0","0","","0610","0","1","0","0","0","0","0","3","0","1","N","","","","","","","","","","","","03","  ","","",""
"0730","0","0","0","0","0","0","0","0","0","1","2","","36","11","2018","2018124792","4","40.1001","-76.4149","0719","08","0","0","0","0","0","1","0","0","2","0","2","0","07","1","0","00","1","40 06:00.426","4","00","76 24:53.650","0","0","0","0","36214","0","0","0","N","0","0","0","3","36214","0","","1","01","N","N","0","","0","0","0","0","0","N","0717","0","2","0","0","0","0","0","3","0","2","N","","","","","","","","","","","","03","  ","","",""
"1145","2","0","0","0","0","0","0","0","0","2","0","","36","11","2018","2018124793","3","40.0221","-76.3612","1143","08","0","0","0","0","0","0","0","1","2","0","0","0","11","1","2","00","2","40 01:19.472","2","00","76 21:40.409","3","0","0","0","36223","0","0","0","N","0","0","0","4","36223","0","","1","01","N","N","0","","2","0","1","0","0","Y","1139","2","3","0","0","0","0","0","1","0","3","N","","","","","","","","","","","","03","  ","","",""
"1951","0","0","0","0","0","0","0","0","0","7","0","","36","11","2018","2018124794","7","40.0361","-76.4072","1945","08","0","0","0","0","0","0","0","0","5","0","0","0","19","3","0","00","2","40 02:09.921","5","00","76 24:26.047","0","0","0","0","36223","0","0","0","N","0","0","0","1","36223","0","","4","01","N","N","0","","0","0","1","0","0","Y","1945","0","1","0","0","0","0","0","1","0","1","N","","","","","","","","","","","","03","  ","","",""
"0637","0","0","0","0","0","0","0","0","0","7","0","","36","11","2018","2018124799","4","40.0115","-76.2994","0631","08","0","0","0","0","0","0","0","0","6","0","0","0","06","1","1","00","2","40 00:41.287","5","00","76 17:57.993","4","0","0","0","36240","0","0","0","N","0","0","0","1","36240","1","","5","01","N","N","1","","0","0","0","0","0","Y","0630","1","1","0","0","0","0","0","1","0","1","N","","","","","","","","","","","","03","  ","","",""
"1807","1","0","0","0","0","0","0","0","0","4","0","","36","11","2018","2018124828","4","40.1713","-76.1238","1755","08","0","0","0","0","0","0","0","0","2","0","0","0","17","2","0","01","2","40 10:16.682","5","00","76 07:25.649","0","0","0","0","36218","0","0","0","Y","0","0","0","11","36408","0","","1","01","N","N","0","","0","0","0","3","3","Y","1755","0","2","0","0","0","0","0","1","1","2","N","","","","","","","","","","","","03","  ","","",""
"1233","1","0","0","0","0","0","0","0","0","4","0","","36","11","2018","2018124935","1","39.9679","-76.3224","1228","08","0","0","0","0","0","0","1","0","","0","0","0","12","1","0","10","0","39 58:04.314","","00","76 19:20.496","0","0","0","0","36228","0","0","0","N","0","0","0","2","36503","0","","1","01","N","N","0","","0","0","0","3","3","N","1226","0","2","0","0","0","0","0","1","1","2","N","","","","","","","","","","","","03","  ","","",""
"0325","2","0","0","0","0","0","0","0","0","1","0","","36","11","2018","2018125004","2","40.0402","-76.2934","0320","08","0","0","1","0","0","0","0","0","1","0","0","0","03","3","1","00","1","40 02:24.608","1","00","76 17:36.251","4","0","0","0","36301","0","0","0","N","0","0","0","1","36301","1","","2","01","N","N","0","","0","0","0","0","0","N","0320","1","2","0","0","1","0","0","3","0","2","N","","","","","","","","","","","","03","  ","","",""
"0319","1","0","0","0","0","0","0","0","0","7","0","","36","11","2018","2018125006","5","40.0167","-76.3237","0319","08","0","0","0","0","0","0","0","0","","0","0","0","03","2","0","02","0","40 01:00.249","","00","76 19:25.434","9","0","0","0","36220","0","0","0","N","0","0","0","1","36101","0","","2","01","N","N","0","","0","0","0","0","0","","0309","0","1","0","0","0","0","1","3","0","1","N","","","","","","","","","","","","03","  ","","",""
"2004","1","0","0","0","0","0","0","0","0","7","0","","36","11","2018","2018125007","1","40.1173","-76.3637","1956","08","0","0","1","0","0","0","0","0","1","0","0","0","19","2","0","00","1","40 07:02.207","3","00","76 21:49.243","0","0","0","0","36214","0","0","0","N","0","0","0","1","36214","0","","5","01","N","N","0","","0","0","0","0","0","N","1954","0","1","0","0","0","0","0","3","0","1","N","","","","","","","","","","","","03","  ","","",""