"ARRIVAL_TM","AUTOMOBILE_COUNT","BELTED_DEATH_COUNT","BELTED_SUSP_SERIOUS_INJ_COUNT","BICYCLE_COUNT","BICYCLE_DEATH_COUNT","BICYCLE_SUSP_SERIOUS_INJ_COUNT","BUS_COUNT","CHLDPAS_DEATH_COUNT","CHLDPAS_SUSP_SERIOUS_INJ_COUNT","COLLISION_TYPE","COMM_VEH_COUNT","CONS_ZONE_SPD_LIM","COUNTY","CRASH_MONTH","CRASH_YEAR","CRN","DAY_OF_WEEK","DEC_LAT","DEC_LONG","DISPATCH_TM","DISTRICT","DRIVER_COUNT_16YR","DRIVER_COUNT_17YR","DRIVER_COUNT_18YR","DRIVER_COUNT_19YR","DRIVER_COUNT_20YR","DRIVER_COUNT_50_64YR","DRIVER_COUNT_65_74YR","DRIVER_COUNT_75PLUS","EST_HRS_CLOSED","FATAL_COUNT","HEAVY_TRUCK_COUNT","HORSE_BUGGY_COUNT","HOUR_OF_DAY","ILLUMINATION","INJURY_COUNT","INTERSECT_TYPE","LANE_CLOSED","LATITUDE","LN_CLOSE_DIR","LOCATION_TYPE","LONGITUDE","MAX_SEVERITY_LEVEL","MCYCLE_DEATH_COUNT","MCYCLE_SUSP_SERIOUS_INJ_COUNT","MOTORCYCLE_COUNT","MUNICIPALITY","NONMOTR_COUNT","NONMOTR_DEATH_COUNT","NONMOTR_SUSP_SERIOUS_INJ_COUNT","NTFY_HIWY_MAINT","PED_COUNT","PED_DEATH_COUNT","PED_SUSP_SERIOUS_INJ_COUNT","PERSON_COUNT","POLICE_AGCY","POSSIBLE_INJ_COUNT","RDWY_SURF_TYPE_CD","RELATION_TO_ROAD","ROAD_CONDITION","SCH_BUS_IND","SCH_ZONE_IND","SMALL_TRUCK_COUNT","SPEC_JURIS_CD","SUSP_MINOR_INJ_COUNT","SUSP_SERIOUS_INJ_COUNT","SUV_COUNT","TCD_FUNC_CD","TCD_TYPE","TFC_DETOUR_IND","TIME_OF_DAY","TOT_INJ_COUNT","TOTAL_UNITS","UNB_DEATH_COUNT","UNB_SUSP_SERIOUS_INJ_COUNT","UNBELTED_OCC_COUNT","UNK_INJ_DEG_COUNT","UNK_INJ_PER_COUNT","URBAN_RURAL","VAN_COUNT","VEHICLE_COUNT","WORK_ZONE_IND","WORK_ZONE_LOC","WORK_ZONE_TYPE","WORKERS_PRES","WZ_CLOSE_DETOUR","WZ_FLAGGER","WZ_LAW_OFFCR_IND","WZ_LN_CLOSURE","WZ_MOVING","WZ_OTHER","WZ_SHLDER_MDN","ROADWAY_CLEARED","WEATHER1","WEATHER2","WZ_WORKERS_INJ_KILLED","SECONDARY_CRASH","INTERSECTION_RELATED"
"1138","0","0","0","0","0","0","0","0","0","9","0","","36","11","2018","2018125008","5","40.0711","-76.3539","1134","08","0","0","0","0","0","0","0","0","","0","0","0","11","1","0","00","0","40 04:16.083","","00","76 21:14.076","0","0","0","0","36214","0","0","0","N","0","0","0","4","36214","0","","1","01","N","N","0","","0","0","0","0","0","","1130","0","1","0","0","0","0","0","3","1","1","N","","","","","","","","","","","","03","  ","","",""
"0739","1","0","0","0","0","0","0","0","0","4","0","","36","11","2018","2018125019","3","40.0384","-76.5096","0736","08","0","0","0","0","1","1","0","0","","0","0","0","07","1","0","00","0","40 02:18.278","","00","76 30:34.488","9","0","0","0","36404","0","0","0","N","0","0","0","2","36404","0","","1","01","N","N","0","","0","0","1","0","0","N","0736","0","2","0","0","0","0","1","3","0","2","N","","","","","","","","","","","","03","  ","","",""
"1121","0","0","0","0","0","0","0","0","0","7","0","","36","11","2018","2018125040","5","40.0551","-76.2677","1120","08","0","0","0","0","0","0","0","0","","0","0","0","11","1","0","00","0","40 03:18.272","","00","76 16:03.788","0","0","0","0","36404","0","0","0","N","0","0","0","1","36404","0","","2","07","N","N","0","","0","0","1","0","0","","1120","0","1","0","0","0","0","0","3","0","1","N","","","","","","","","","","","","10","  ","","",""
"0855","0","0","0","0","0","0","0","0","0","7","0","","36","11","2018","2018125064","3","40.0371","-76.3011","0850","08","0","0","0","0","0","0","0","0","1","0","0","0","08","1","2","00","1","40 02:13.384","2","00","76 18:03.803","3","0","0","0","36416","0","0","0","N","0","0","0","2","36416","0","","5","01","N","N","1","","1","0","0","0","0","N","0850","2","1","0","0","2","1","0","1","0","1","N","","","","","","","","","","","","03","  ","","",""
"1903","0","0","0","0","0","0","0","0","0","8","0","","36","11","2018","2018125151","6","40.0461","-76.3052","1903","08","0","0","0","0","0","1","0","0","","0","0","0","19","3","1","01","0","40 02:45.784","","00","76 18:18.607","3","0","0","0","36301","1","0","0","N","1","0","0","2","36301","0","","1","01","N","N","0","","1","0","1","3","2","","1903","1","2","0","0","0","0","0","3","0","1","N","","","","","","","","","","","","03","  ","","",""
"1323","0","0","0","0","0","0","0","0","0","1","1","","36","11","2018","2018125255","6","40.1213","-76.0388","1318","08","0","0","0","0","0","1","0","0","1","0","1","0","13","1","0","02","1","40 07:16.519","4","00","76 02:19.591","0","0","0","0","36213","0","0","0","N","0","0","0","2","36213","0","","1","01","N","N","0","","0","0","1","3","2","N","1315","0","2","0","0","0","0","0","1","0","2","N","","","","","","","","","","","","03","  ","","",""
"1029","2","0","0","0","0","0","0","0","0","4","0","","36","11","2018","2018125262","3","40.0566","-76.2828","1020","08","0","0","0","0","0","0","0","0","1","0","0","0","10","1","0","01","1","40 03:23.700","3","00","76 16:58.100","0","0","0","0","36301","0","0","0","N","0","0","0","3","36301","0","","1","01","N","N","0","","0","0","0","3","2","N","1016","0","2","0","0","1","0","0","3","0","2","N","","","","","","","","","","","","03","  ","","",""
"0153","0","0","0","0","0","0","0","0","0","9","0","","36","10","2018","2018125308","1","40.2367","-76.2771","0131","08","0","0","0","0","0","0","1","0","","0","0","0","01","3","0","00","0","40 14:12.056","","00","76 16:37.725","0","0","0","0","36204","0","0","0","N","0","0","0","4","68T06","0","","1","01","N","N","0","","0","0","0","0","0","","0130","0","1","0","0","0","0","0","1","1","1","N","","","","","","","","","","","","03","  ","","",""
"2203","1","0","0","0","0","0","0","0","0","9","0","","36","10","2018","2018125309","1","40.2367","-76.277","2010","08","0","0","0","0","0","0","0","0","","0","0","0","02","3","0","00","0","40 14:12.135","","00","76 16:37.112","0","0","0","0","36204","0","0","0","N","0","0","0","1","68T06","0","","1","01","N","N","0","","0","0","0","0","0","","0226","0","1","0","0","0","0","0","1","0","1","N","","","","","","","","","","","","03","  ","","",""
"1422","1","0","0","0","0","0","0","0","0","7","0","","36","11","2018","2018125326","5","40.2429","-76.1512","1422","08","0","0","0","0","0","0","0","0","2","0","0","0","14","1","0","00","1","40 14:34.444","3","00","76 09:04.401","0","0","0","0","36236","0","0","0","N","0","0","0","2","68T06","0","","4","07","N","N","0","","0","0","1","0","0","N","1422","0","2","0","0","0","0","0","1","0","2","N","","","","","","","","","","","","10","  ","","",""
"1212","1","0","0","0","0","0","0","0","0","7","0","","36","08","2018","2018125340","6","40.2263","-76.3936","1153","08","0","0","0","0","0","0","0","0","2","0","0","0","11","1","1","00","1","40 13:34.706","3","00","76 23:36.905","3","0","0","0","36227","0","0","0","N","0","0","0","1","68T06","0","","5","01","N","N","0","","1","0","0","0","0","N","1152","1","1","0","0","0","0","0","1","0","1","N","","","","","","","","","","","","03","  ","","",""
"2148","0","0","0","0","0","0","0","0","0","1","0","","36","11","2018","2018125393","5","40.0404","-76.2978","2144","08","0","0","0","0","0","0","0","0","1","0","0","0","21","3","0","00","1","40 02:25.485","4","00","76 17:51.955","0","0","0","0","36301","0","0","0","N","0","0","0","2","36301","0","","4","01","N","N","0","","0","0","2","0","0","N","2144","0","3","0","0","0","0","0","3","1","3","N","","","","","","","","","","","","03","  ","","",""
"1640","1","0","0","0","0","0","0","0","0","7","0","","36","11","2018","2018125395","7","40.2101","-76.1623","1630","08","0","1","0","0","0","0","0","0","3","0","0","0","16","4","0","00","2","40 12:36.532","5","00","76 09:44.109","0","0","0","0","36210","0","0","0","N","0","0","0","1","36210","0","","5","09","N","N","0","","0","0","0","0","0","Y","1629","0","1","0","0","0","0","0","1","0","1","N","","","","","","","","","","","","07","  ","","",""
"2340","1","0","0","0","0","0","0","0","0","0","0","","36","11","2018","2018125484","4","40.1138","-76.6483","2333","08","0","0","0","0","0","0","0","0","2","0","0","0","23","2","1","00","2","40 06:49.692","5","00","76 38:53.953","8","0","0","0","36207","0","0","0","N","0","0","0","1","36504","0","","5","01","N","N","0","","0","0","0","0","0","Y","2330","1","1","0","0","1","1","0","1","0","1","N","","","","","","","","","","","","03","  ","","",""
"1810","1","0","0","0","0","0","0","0","0","5","0","","36","11","2018","2018125499","7","40.0608","-76.2881","1806","08","0","0","0","0","0","0","0","0","2","0","0","0","18","3","0","00","1","40 03:38.900","2","00","76 17:17.200","0","0","0","0","36101","0","0","0","N","0","0","0","1","36101","0","","2","09","N","N","0","","0","0","1","0","0","N","1804","0","2","0","0","0","0","0","3","0","2","N","","","","","","","","","","","","07","  ","","",""
"1914","0","0","0","0","0","0","0","0","0","4","0","","36","11","2018","2018125500","7","40.0703","-76.3013","1902","08","0","0","0","0","0","1","0","0","2","0","0","0","18","3","0","01","1","40 04:12.969","2","00","76 18:04.751","0","0","0","0","36101","0","0","0","N","0","0","0","4","36101","0","","1","09","N","N","1","","0","0","1","3","2","N","1858","0","2","0","0","0","0","0","3","0","2","N","","","","","","","","","","","","07","  ","","",""
"2010","1","0","0","0","0","0","0","0","0","0","0","","36","11","2018","2018125501","7","40.1112","-76.2443","2004","08","0","0","0","0","0","0","0","0","","0","0","0","20","2","0","00","0","40 06:40.312","","00","76 14:39.489","0","0","0","0","36101","0","0","0","N","0","0","0","1","36101","0","","3","09","N","N","0","","0","0","0","0","0","","2003","0","1","0","0","0","0","0","3","0","1","N","","","","","","","","","","","","07","  ","","",""
"2157","1","0","0","0","0","0","0","0","0","4","0","","36","11","2018","2018125502","7","40.0638","-76.2824","2153","08","0","1","0","0","0","0","0","0","2","0","0","0","21","3","1","00","1","40 03:49.660","3","00","76 16:56.671","3","0","0","0","36101","0","0","0","N","0","0","0","2","36101","0","","1","09","N","N","0","","1","0","1","0","0","N","2152","1","2","0","0","0","0","0","3","0","2","N","","","","","","","","","","","","07","  ","","",""
"0632","0","0","0","0","0","0","0","0","0","7","0","","36","11","2018","2018125532","1","39.9937","-76.2868","0626","08","0","0","0","1","0","0","0","0","1","0","0","0","06","2","1","00","1","39 59:37.217","2","00","76 17:12.636","8","0","0","0","36240","0","0","0","N","0","0","0","1","36240","0","","5","09","N","N","1","","0","0","0","0","0","N","0624","1","1","0","0","1","1","0","1","0","1","N","","","","","","","","","","","","03","  ","","",""
"0919","2","0","0","0","0","0","0","0","0","4","0","","36","11","2018","2018125537","1","40.0378","-76.3181","0919","08","0","0","0","0","0","1","0","0","1","0","0","0","09","1","0","01","2","40 02:15.904","3","00","76 19:05.285","9","0","0","0","36301","0","0","0","N","0","0","0","2","36301","0","","1","01","N","N","0","","0","0","0","3","3","N","0919","0","2","0","0","0","0","1","3","0","2","N","","","","","","","","","","","","03","  ","","",""
"1337","3","0","0","0","0","0","0","0","0","1","0","","36","10","2018","2018125541","1","39.9811","-76.3055","1337","08","0","0","0","0","0","1","1","0","2","0","0","0","13","1","0","00","1","39 58:52.067","4","00","76 18:19.718","9","0","0","0","36228","0","0","0","N","0","0","0","5","36503","0","","1","01","N","N","0","","0","0","0","0","0","N","1337","0","3","0","0","0","0","2","1","0","3","N","","","","","","","","","","","","03","  ","","",""
"0413","0","0","0","0","0","0","0","0","0","7","0","","36","11","2018","2018125542","1","40.0417","-76.3256","0411","08","0","0","0","0","0","1","0","0","","0","0","0","04","2","1","00","0","40 02:30.043","","00","76 19:32.044","3","0","0","0","36239","0","0","0","N","0","0","0","1","36239","0","","5","01","N","N","1","","1","0","0","0","0","","0411","1","1","0","0","0","0","0","3","0","1","N","","","","","","","","","","","","03","  ","","",""
"1420","1","0","0","0","0","0","0","0","0","4","0","","36","11","2018","2018125545","2","39.9697","-76.2776","1417","08","0","0","0","0","0","1","0","0","","0","0","0","14","1","0","01","0","39 58:10.971","","00","76 16:39.392","0","0","0","0","36228","0","0","0","N","0","0","0","2","36503","0","","1","01","N","N","1","","0","0","0","3","2","","1415","0","2","0","0","0","0","0","1","0","2","N","","","","","","","","","","","","03","  ","","",""
"1349","2","0","0","0","0","0","0","0","0","1","0","","36","11","2018","2018125552","2","40.1445","-76.21","1347","08","0","0","0","0","0","0","0","0","2","0","0","0","13","1","0","01","1","40 08:40.211","5","00","76 12:36.127","0","0","0","0","36238","0","0","0","N","0","0","0","3","36238","0","","1","01","N","N","0","","0","0","0","0","0","Y","1345","0","2","0","0","1","0","0","3","0","2","N","","","","","","","","","","","","03","  ","","",""
"0102","2","0","0","0","0","0","0","0","0","1","0","","36","11","2018","2018125738","7","40.0378","-76.3071","0100","08","0","0","0","0","0","0","0","0","","0","0","0","00","3","0","00","0","40 02:16.124","","00","76 18:25.451","0","0","0","0","36301","0","0","0","N","0","0","0","1","36301","0","","6","01","N","N","0","","0","0","0","0","0","","0058","0","2","0","0","0","0","0","3","0","2","N","","","","","","","","","","","","03","  ","","",""
"1054","2","0","0","0","0","0","0","0","0","1","0","","36","11","2018","2018125761","4","40.2629","-76.1113","1053","08","0","0","1","0","0","0","0","1","1","0","0","0","10","1","0","00","1","40 15:46.551","2","00","76 06:40.624","0","0","0","0","36236","0","0","0","N","0","0","0","3","36408","0","","1","01","N","N","0","","0","0","0","0","0","N","1053","0","2","0","0","0","0","0","1","0","2","N","","","","","","","","","","","","03","  ","","",""
"2150","2","0","0","0","0","0","0","0","0","4","0","","36","11","2018","2018125799","7","39.9969","-76.3581","2149","08","0","0","0","1","0","0","0","0","1","0","0","0","21","3","0","02","1","39 59:48.693","3","00","76 21:29.107","0","0","0","0","36412","0","0","0","N","0","0","0","2","36412","0","","1","01","N","N","0","","0","0","0","0","0","N","2145","0","2","0","0","0","0","0","3","0","2","N","","","","","","","","","","","","03","  ","","",""
"1558","0","0","0","0","0","0","0","0","0","1","0","","36","11","2018","2018125962","4","40.0491","-76.3078","1453","08","0","0","0","0","0","2","0","0","2","0","0","0","15","1","1","00","2","40 02:56.783","1","00","76 18:28.071","8","0","0","0","36301","0","0","0","N","0","0","0","2","36301","0","","1","01","N","N","0","","0","0","2","0","0","Y","1550","1","2","0","0","0","1","0","3","0","2","N","","","","","","","","","","","","03","  ","","",""
"1350","1","0","0","0","0","0","0","0","0","4","0","","36","11","2018","2018125981","2","40.0479","-76.3076","1346","08","0","0","0","1","0","0","0","0","2","0","0","0","13","1","1","00","1","40 02:52.346","1","00","76 18:27.224","3","0","0","0","36301","0","0","0","Y","0","0","0","4","36301","0","","1","09","N","N","1","","1","0","1","0","0","N","1345","1","3","0","0","0","0","0","3","0","3","N","","","","","","","","","","","","07","  ","","",""
"2040","1","0","0","0","0","0","0","0","0","1","0","","36","11","2018","2018126021","7","40.0785","-76.3463","2033","08","0","0","0","0","0","0","0","0","","0","0","0","20","3","0","00","0","40 04:42.651","","00","76 20:46.736","0","0","0","0","36101","0","0","0","N","0","0","0","2","36101","0","","1","01","N","N","0","","0","0","1","3","3","","2025","0","2","0","0","0","0","0","3","0","2","N","","","","","","","","","","","","03","  ","","",""
"2257","1","0","0","0","0","0","0","0","0","1","0","","36","11","2018","2018126022","7","40.0638","-76.3405","2253","08","0","0","0","0","0","0","0","0","2","0","0","0","22","3","0","01","1","40 03:49.895","4","00","76 20:25.345","0","0","0","0","36101","0","0","0","N","0","0","0","3","36101","0","","1","01","N","N","0","","0","0","1","3","2","N","2250","0","2","0","0","0","0","0","3","0","2","N","","","","","","","","","","","","03","  ","","",""
"1226","0","0","0","0","0","0","0","0","0","1","0","","36","11","2018","2018126023","2","40.0732","-76.2987","1224","08","0","0","0","0","0","0","1","0","","0","0","0","12","1","1","02","0","40 04:23.386","","00","76 17:55.294","4","0","0","0","36101","0","0","0","N","0","0","0","5","36101","1","","1","01","N","N","0","","0","0","3","0","0","","1222","1","3","0","0","0","0","0","3","0","3","N","","","","","","","","","","","","03","  ","","",""
"1100","1","0","0","0","0","0","0","0","0","4","0","","36","11","2018","2018126024","2","40.1233","-76.3753","1057","08","0","0","0","0","0","0","2","0","","0","0","0","10","1","1","01","0","40 07:23.702","","00","76 22:31.147","3","0","0","0","36214","0","0","0","N","0","0","0","3","36214","0","","1","09","N","N","0","","1","0","0","3","3","","1050","1","2","0","0","0","0","0","3","1","2","N","","","","","","","","","","","","07","  ","","",""
"1719","2","0","0","0","0","0","0","0","0","4","0","","36","11","2018","2018126025","4","40.1575","-76.4067","1713","08","0","0","0","0","0","2","0","0","2","0","0","0","17","2","0","02","1","40 09:26.961","4","00","76 24:23.971","0","0","0","0","36410","0","0","0","N","0","0","0","2","36410","0","","1","01","N","N","0","","0","0","0","3","3","Y","1712","0","2","0","0","0","0","0","2","0","2","N","","","","","","","","","","","","03","  ","","",""
"2048","0","0","0","0","0","0","0","0","0","7","0","","36","11","2018","2018126026","5","40.185","-76.5093","2041","08","0","0","0","1","0","0","0","0","2","0","0","0","20","2","1","00","1","40 11:06.087","3","00","76 30:33.581","8","0","0","0","36230","0","0","0","N","0","0","0","1","36410","0","","5","01","N","N","0","","0","0","1","0","0","Y","2039","1","1","0","0","1","1","0","1","0","1","N","","","","","","","","","","","","03","  ","","",""
"1123","1","0","0","0","0","0","0","0","0","6","1","","36","10","2018","2018126117","3","39.8235","-76.3176","1052","08","0","0","0","0","1","0","0","0","3","1","1","0","10","1","0","00","2","39 49:24.716","6","00","76 19:03.219","1","0","0","0","36224","0","0","0","N","0","0","0","2","68J01","0","2","1","01","N","N","0","0","0","0","0","0","0","Y","1052","0","2","1","0","1","0","0","1","0","2","N","","","","","","","","","","","","03","  ","","",""
"1345","1","0","0","0","0","0","0","0","0","5","1","","36","11","2018","2018126197","1","40.1852","-75.9978","1330","08","0","0","0","0","0","1","0","0","2","0","1","0","13","1","2","00","1","40 11:06.642","4","00","75 59:52.220","3","0","0","0","36202","0","0","0","N","0","0","0","3","68T06","0","","1","01","N","N","0","","2","0","0","0","0","N","1330","2","2","0","0","0","0","0","1","0","2","N","","","","","","","","","","","","03","  ","","",""
"1156","2","0","0","0","0","0","0","0","0","4","0","","36","11","2018","2018126228","2","40.0579","-76.3059","1156","08","0","0","0","0","0","2","0","0","","0","0","0","11","1","1","00","0","40 03:28.353","","07","76 18:21.253","3","0","0","0","36101","0","0","0","N","0","0","0","3","36101","0","","1","09","N","N","0","","1","0","0","0","0","","1154","1","2","0","0","0","0","0","3","0","2","N","","","","","","","","","","","","07","  ","","",""
"2244","0","0","0","0","0","0","0","0","0","7","0","","36","11","2018","2018126238","2","40.039","-76.5105","2240","08","0","0","0","0","0","0","0","0","3","1","0","0","22","3","0","01","1","40 02:20.317","1","02","76 30:37.949","1","0","0","0","36404","0","0","0","Y","0","0","0","1","36404","0","2","1","09","N","N","0","0","0","0","1","3","2","Y","2240","0","1","1","0","1","0","0","3","0","1","N","","","","","","","","","","","","07","  ","","",""
"0833","2","0","0","0","0","0","0","0","0","4","0","","36","11","2018","2018126349","3","40.045","-76.2837","0814","08","0","0","0","0","0","0","0","1","","0","0","0","08","1","0","01","0","40 02:41.866","","00","76 17:01.190","0","0","0","0","36301","0","0","0","N","0","0","0","3","36301","0","","1","09","N","N","1","","0","0","0","3","2","","0811","0","3","0","0","0","0","0","3","0","3","N","","","","","","","","","","","","03","  ","","",""
"1845","1","0","0","0","0","0","0","0","0","7","0","","36","11","2018","2018126378","4","40.1119","-76.2081","1839","08","0","0","0","0","0","0","0","1","1","0","0","0","18","2","1","00","1","40 06:42.956","3","00","76 12:29.135","3","0","0","0","36238","0","0","0","N","0","0","0","1","36238","0","","4","01","N","N","0","","1","0","0","0","0","N","1836","1","1","0","0","0","0","0","3","0","1","N","","","","","","","","","","","","03","  ","","",""
"0129","2","0","0","0","0","0","0","0","0","2","0","","36","11","2018","2018126422","1","40.0229","-76.3048","0123","08","0","0","0","1","0","0","0","0","2","0","0","0","01","2","0","05","1","40 01:22.431","7","00","76 18:17.120","0","0","0","0","36220","0","0","0","N","0","0","0","2","36101","0","","1","01","N","N","0","","0","0","0","3","2","N","0120","0","2","0","0","0","0","0","3","0","2","N","","","","","","","","","","","","03","  ","","",""
"2358","1","0","0","0","0","0","0","0","0","7","0","","36","11","2018","2018126423","5","40.0577","-76.2806","2352","08","0","0","0","1","0","0","0","0","3","0","0","0","23","2","1","00","2","40 03:27.850","4","00","76 16:50.110","8","0","0","0","36101","0","0","0","N","0","0","0","1","36101","0","","5","01","N","N","0","","0","0","0","0","0","N","2350","1","1","0","0","0","1","0","3","0","1","N","","","","","","","","","","","","03","  ","","",""
"1943","0","0","0","0","0","0","0","0","0","4","0","","36","11","2018","2018126424","2","40.0306","-76.2343","1942","08","0","0","0","0","0","0","1","0","2","0","0","0","19","3","2","01","1","40 01:50.687","3","00","76 14:03.501","3","0","0","0","36215","0","0","0","N","0","0","0","2","36215","0","","1","09","N","N","1","","2","0","1","3","2","N","1940","2","2","0","0","1","0","0","1","0","2","N","","","","","","","","","","","","07","  ","","",""
"0729","1","0","0","0","0","0","0","0","0","1","0","","36","11","2018","2018126425","4","40.0428","-76.238","0725","08","0","0","0","0","0","0","0","0","2","0","0","0","07","1","0","02","1","40 02:33.930","1","00","76 14:16.852","0","0","0","0","36215","0","0","0","N","0","0","0","2","36215","0","","1","01","N","N","0","","0","0","1","0","0","N","0723","0","2","0","0","0","0","0","1","0","2","N","","","","","","","","","","","","03","  ","","",""
"1819","1","0","0","0","0","0","0","0","0","4","0","","36","11","2018","2018126426","4","40.0402","-76.2391","1814","08","0","0","0","0","0","0","1","0","","0","0","0","18","3","0","01","0","40 02:24.730","","00","76 14:20.844","0","0","0","0","36215","0","0","0","N","0","0","0","2","36215","0","","1","01","N","N","0","","0","0","1","3","2","","1811","0","2","0","0","0","0","0","1","0","2","N","","","","","","","","","","","","03","  ","","",""
"2103","1","0","0","0","0","0","0","0","0","4","0","","36","11","2018","2018126427","5","40.0776","-76.2587","2053","08","0","0","0","0","0","0","2","0","2","0","0","0","20","3","0","02","1","40 04:39.294","1","00","76 15:31.416","0","0","0","0","36215","0","0","0","N","0","0","0","4","36215","0","","1","01","N","N","0","","0","0","1","3","3","N","2051","0","2","0","0","0","0","0","1","0","2","N","","","","","","","","","","","","03","  ","","",""
"1423","1","0","0","0","0","0","0","0","0","4","0","","36","11","2018","2018126428","6","40.0232","-76.224","1413","08","0","1","0","0","0","0","0","0","","0","0","0","14","1","2","02","0","40 01:23.458","","00","76 13:26.464","3","0","0","0","36215","0","0","0","N","0","0","0","2","36215","0","","1","01","N","N","0","","2","0","1","3","3","","1413","2","2","0","0","0","0","0","1","0","2","N","","","","","","","","","","","","03","  ","","",""
"2248","1","0","0","0","0","0","0","0","0","7","0","","36","11","2018","2018126438","6","40.0638","-76.4344","2245","08","0","0","0","0","0","0","0","0","3","0","0","0","22","3","1","00","1","40 03:49.576","6","00","76 26:03.832","3","0","0","0","36239","0","0","0","N","0","0","0","1","36239","0","","5","09","N","N","0","","1","0","0","0","0","Y","2243","1","1","0","0","0","0","0","3","0","1","N","","","","","","","","","","","","07","  ","","",""
"1706","1","0","0","0","0","0","0","0","0","1","0","","36","11","2018","2018126440","6","40.0408","-76.3237","1703","08","0","0","0","0","0","0","0","0","1","0","0","0","17","3","0","00","1","40 02:26.868","3","00","76 19:25.398","0","0","0","0","36301","0","0","0","N","0","0","0","2","36301","0","","1","01","N","N","0","","0","0","1","3","2","Y","1700","0","2","0","0","0","0","0","3","0","2","N","","","","","","","","","","","","03","  ","","",""
"1723","1","0","0","0","0","0","0","0","0","4","0","","36","11","2018","2018126445","7","40.049","-76.3057","1714","08","0","0","0","0","0","1","0","0","2","0","0","0","17","3","1","01","1","40 02:56.518","3","00","76 18:20.618","8","0","0","0","36301","0","0","0","N","0","0","0","4","36301","0","","1","01","N","N","0","","0","0","1","3","3","N","1712","1","2","0","0","0","1","0","3","0","2","N","","","","","","","","","","","","03","  ","","",""
"1425","3","0","0","0","0","0","0","0","0","2","0","","36","11","2018","2018126520","2","40.0389","-76.1024","1420","08","0","0","0","0","0","1","1","0","3","0","0","0","14","8","3","01","2","40 02:19.932","6","00","76 06:08.798","3","0","0","0","36221","0","0","0","N","0","0","0","7","68J01","0","","1","09","N","N","1","","1","0","1","3","3","Y","1413","3","5","0","0","0","2","0","1","0","5","N","","","","","","","","","","","","07","  ","","",""
"0506","1","0","0","0","0","0","0","0","0","7","0","","36","11","2018","2018126542","3","40.0294","-76.0838","0450","08","0","0","0","0","0","0","0","0","","0","0","0","04","2","0","00","0","40 01:45.888","","00","76 05:01.534","0","0","0","0","36221","0","0","0","N","0","0","0","1","68J01","0","","4","09","N","N","0","","0","0","0","0","0","","0447","0","1","0","0","0","0","0","1","0","1","N","","","","","","","","","","","","07","  ","","",""
"0831","0","0","0","0","0","0","0","0","0","0","1","","36","11","2018","2018126571","6","40.2406","-76.0406","0831","08","0","0","0","0","0","1","0","0","","0","1","0","08","1","0","00","0","40 14:26.335","","03","76 02:26.187","0","0","0","0","36202","0","0","0","N","0","0","0","2","68J01","0","","1","09","N","N","1","","0","0","0","0","0","","0826","0","2","0","0","0","0","0","1","0","2","N","","","","","","","","","","","","03","  ","","",""
"1732","1","0","1","0","0","0","0","0","0","4","0","","36","11","2018","2018126586","2","39.9479","-76.2301","1720","08","0","0","0","0","0","1","0","0","2","0","0","0","17","3","2","05","2","39 56:52.314","7","00","76 13:48.470","2","0","0","0","36233","0","0","0","N","0","0","0","3","68J01","1","","1","01","N","N","1","","0","1","0","3","3","Y","1718","2","2","0","0","0","0","1","1","0","2","N","","","","","","","","","","","","03","  ","","",""
"1156","1","0","0","1","0","0","0","0","0","8","0","","36","11","2018","2018126613","6","40.0543","-76.102","1142","08","0","0","0","0","0","0","0","1","1","0","0","0","11","1","1","00","1","40 03:15.330","1","00","76 06:07.220","8","0","0","0","36234","1","0","0","N","0","0","0","2","68J01","0","","1","01","N","N","0","","0","0","0","0","0","Y","1140","1","2","0","0","0","1","0","1","0","1","N","","","","","","","","","","","","03","  ","","",""
"0140","0","0","0","0","0","0","0","0","0","0","1","","36","11","2018","2018126652","2","40.1977","-76.0174","0130","08","0","0","0","0","0","0","0","0","3","0","1","0","01","3","0","00","2","40 11:51.802","5","00","76 01:02.502","0","0","0","0","36202","0","0","0","N","0","0","0","1","68J01","0","","1","01","N","N","0","","0","0","0","0","0","Y","0130","0","1","0","0","0","0","0","1","0","1","N","","","","","","","","","","","","03","  ","","",""
"1102","0","0","0","0","0","0","0","0","0","2","0","","36","11","2018","2018126660","2","39.9705","-75.9914","1052","08","0","0","0","0","0","1","1","0","2","0","0","0","10","1","2","00","2","39 58:13.767","5","00","75 59:28.902","2","0","0","0","36231","0","0","0","N","0","0","0","3","68J01","0","","1","09","N","N","1","","1","1","1","0","0","N","1051","2","2","0","1","1","0","0","1","0","2","N","","","","","","","","","","","","07","  ","","",""
"1703","1","0","0","0","0","0","0","0","0","7","0","","36","11","2018","2018126664","2","39.9188","-76.0617","1651","08","0","0","0","0","0","0","0","0","","0","0","0","16","2","0","00","0","39 55:07.730","","00","76 03:42.025","0","0","0","0","36201","0","0","0","N","0","0","0","1","68J01","0","","4","09","N","N","0","","0","0","0","0","0","","1650","0","1","0","0","0","0","0","1","0","1","N","","","","","","","","","","","","07","  ","","",""
"1650","2","0","0","0","0","0","0","0","0","4","0","","36","11","2018","2018126703","7","40.0615","-76.306","1643","08","0","0","0","0","0","1","0","1","","0","0","0","16","4","0","02","0","40 03:41.576","","00","76 18:21.513","0","0","0","0","36101","0","0","0","N","0","0","0","3","36101","0","","1","01","N","N","0","","0","0","1","0","0","","1641","0","3","0","0","0","0","0","3","0","3","N","","","","","","","","","","","","03","  ","","",""