"ARRIVAL_TM","AUTOMOBILE_COUNT","BELTED_DEATH_COUNT","BELTED_SUSP_SERIOUS_INJ_COUNT","BICYCLE_COUNT","BICYCLE_DEATH_COUNT","BICYCLE_SUSP_SERIOUS_INJ_COUNT","BUS_COUNT","CHLDPAS_DEATH_COUNT","CHLDPAS_SUSP_SERIOUS_INJ_COUNT","COLLISION_TYPE","COMM_VEH_COUNT","CONS_ZONE_SPD_LIM","COUNTY","CRASH_MONTH","CRASH_YEAR","CRN","DAY_OF_WEEK","DEC_LAT","DEC_LONG","DISPATCH_TM","DISTRICT","DRIVER_COUNT_16YR","DRIVER_COUNT_17YR","DRIVER_COUNT_18YR","DRIVER_COUNT_19YR","DRIVER_COUNT_20YR","DRIVER_COUNT_50_64YR","DRIVER_COUNT_65_74YR","DRIVER_COUNT_75PLUS","EST_HRS_CLOSED","FATAL_COUNT","HEAVY_TRUCK_COUNT","HORSE_BUGGY_COUNT","HOUR_OF_DAY","ILLUMINATION","INJURY_COUNT","INTERSECT_TYPE","LANE_CLOSED","LATITUDE","LN_CLOSE_DIR","LOCATION_TYPE","LONGITUDE","MAX_SEVERITY_LEVEL","MCYCLE_DEATH_COUNT","MCYCLE_SUSP_SERIOUS_INJ_COUNT","MOTORCYCLE_COUNT","MUNICIPALITY","NONMOTR_COUNT","NONMOTR_DEATH_COUNT","NONMOTR_SUSP_SERIOUS_INJ_COUNT","NTFY_HIWY_MAINT","PED_COUNT","PED_DEATH_COUNT","PED_SUSP_SERIOUS_INJ_COUNT","PERSON_COUNT","POLICE_AGCY","POSSIBLE_INJ_COUNT","RDWY_SURF_TYPE_CD","RELATION_TO_ROAD","ROAD_CONDITION","SCH_BUS_IND","SCH_ZONE_IND","SMALL_TRUCK_COUNT","SPEC_JURIS_CD","SUSP_MINOR_INJ_COUNT","SUSP_SERIOUS_INJ_COUNT","SUV_COUNT","TCD_FUNC_CD","TCD_TYPE","TFC_DETOUR_IND","TIME_OF_DAY","TOT_INJ_COUNT","TOTAL_UNITS","UNB_DEATH_COUNT","UNB_SUSP_SERIOUS_INJ_COUNT","UNBELTED_OCC_COUNT","UNK_INJ_DEG_COUNT","UNK_INJ_PER_COUNT","URBAN_RURAL","VAN_COUNT","VEHICLE_COUNT","WORK_ZONE_IND","WORK_ZONE_LOC","WORK_ZONE_TYPE","WORKERS_PRES","WZ_CLOSE_DETOUR","WZ_FLAGGER","WZ_LAW_OFFCR_IND","WZ_LN_CLOSURE","WZ_MOVING","WZ_OTHER","WZ_SHLDER_MDN","ROADWAY_CLEARED","WEATHER1","WEATHER2","WZ_WORKERS_INJ_KILLED","SECONDARY_CRASH","INTERSECTION_RELATED"
"1405","2","0","0","0","0","0","0","0","0","1","0","","36","11","2018","2018126704","4","40.0778","-76.2957","1402","08","0","0","0","0","0","0","0","0","1","0","0","0","13","1","2","01","2","40 04:40.099","5","00","76 17:44.509","3","0","0","0","36101","0","0","0","N","0","0","0","3","36101","0","","1","01","N","N","0","","1","0","0","3","2","N","1359","2","2","0","0","0","1","1","3","0","2","N","","","","","","","","","","","","03","  ","","",""
"1624","1","0","0","0","0","0","0","0","0","9","0","","36","11","2018","2018126705","5","40.0142","-76.3274","1620","08","0","0","0","0","0","0","0","0","2","0","0","0","16","4","0","00","1","40 00:51.117","4","00","76 19:38.715","0","0","0","0","36220","0","0","0","N","0","0","0","3","36101","0","","1","01","N","N","0","","0","0","0","0","0","N","1617","0","1","0","0","0","0","0","3","0","1","N","","","","","","","","","","","","03","  ","","",""
"1708","1","0","0","0","0","0","0","0","0","1","0","","36","11","2018","2018126706","3","40.043","-76.3636","1658","08","0","0","0","0","0","1","0","0","1","0","0","0","16","3","1","00","1","40 02:34.684","2","00","76 21:49.006","4","0","0","0","36214","0","0","0","N","0","0","0","4","36214","1","","1","01","N","N","0","","0","0","1","3","2","N","1656","1","2","0","0","0","0","0","3","0","2","N","","","","","","","","","","","","03","  ","","",""
"1330","1","0","0","0","0","0","0","0","0","2","0","","36","11","2018","2018126785","1","40.0363","-76.4555","1322","08","0","0","0","0","0","1","1","0","2","0","0","0","13","1","1","00","2","40 02:10.565","6","00","76 27:19.898","3","0","0","0","36239","0","0","0","N","0","0","0","3","36239","0","","1","01","N","N","0","","1","0","1","0","0","Y","1322","1","2","0","0","0","0","0","3","0","2","N","","","","","","","","","","","","03","  ","","",""
"1812","0","0","0","0","0","0","0","0","0","1","0","","36","11","2018","2018126808","1","40.0331","-76.4972","1809","08","0","0","0","0","0","1","0","1","","0","0","0","18","1","0","00","0","40 01:59.220","","00","76 29:49.979","0","0","0","0","36404","0","0","0","N","0","0","0","3","36404","0","","1","09","N","N","0","","0","0","2","0","0","","1805","0","2","0","0","0","0","0","3","0","2","N","","","","","","","","","","","","03","  ","","",""
"1320","0","0","0","0","0","0","0","0","0","1","0","","36","11","2018","2018126835","5","39.9885","-75.9826","1320","08","0","0","0","0","1","0","0","0","","0","0","0","12","1","2","00","0","39 59:18.521","","00","75 58:57.386","4","0","0","0","36232","0","0","0","N","0","0","0","8","68J01","2","","1","07","N","N","1","","0","0","2","0","0","","1232","2","3","0","0","0","0","0","1","0","3","N","","","","","","","","","","","","10","  ","","",""
"1501","2","0","0","0","0","0","0","0","0","4","0","","36","11","2018","2018126945","2","40.1399","-76.3827","1458","08","0","0","1","0","0","1","0","0","2","0","0","0","14","1","1","01","1","40 08:23.771","2","00","76 22:57.704","4","0","0","0","36227","0","0","0","N","0","0","0","3","36506","1","","1","09","N","N","0","","0","0","0","3","2","N","1458","1","2","0","0","0","0","0","1","0","2","N","","","","","","","","","","","","07","  ","","",""
"1320","0","0","0","0","0","0","0","0","0","7","0","","36","11","2018","2018126955","2","40.1475","-76.4055","1313","08","0","0","0","0","0","0","0","0","3","0","0","0","13","1","1","02","1","40 08:51.140","6","00","76 24:19.764","4","0","0","0","36227","0","0","0","N","0","0","0","1","36506","1","","4","09","N","N","1","","0","0","0","0","0","N","1313","1","1","0","0","0","0","0","1","0","1","N","","","","","","","","","","","","07","  ","","",""
"1730","2","0","0","0","0","0","0","0","0","1","0","","36","11","2018","2018126970","3","39.9937","-76.2868","1719","08","0","0","0","0","0","1","0","0","1","0","0","0","17","3","0","00","1","39 59:37.217","2","00","76 17:12.636","0","0","0","0","36240","0","0","0","N","0","0","0","2","36240","0","","1","01","N","N","0","","0","0","0","0","0","N","1715","0","2","0","0","0","0","0","1","0","2","N","","","","","","","","","","","","03","  ","","",""
"1610","2","0","0","0","0","0","0","0","0","2","0","","36","11","2018","2018126976","4","40.0229","-76.2647","1607","08","0","0","0","0","0","0","0","0","2","0","0","0","16","1","0","01","2","40 01:22.402","5","00","76 15:52.862","0","0","0","0","36240","0","0","0","N","0","0","0","2","36240","0","","1","01","N","N","0","","0","0","0","3","2","Y","1600","0","2","0","0","0","0","0","1","0","2","N","","","","","","","","","","","","03","  ","","",""
"2129","1","0","0","0","0","0","0","0","0","4","0","","36","11","2018","2018126998","3","40.042","-76.2977","2125","08","0","0","0","1","0","1","0","0","","0","0","0","21","3","0","01","0","40 02:31.214","","00","76 17:51.648","0","0","0","0","36301","0","0","0","N","0","0","0","2","36301","0","","1","01","N","N","0","","0","0","0","3","2","N","2108","0","2","0","0","0","0","0","3","1","2","N","","","","","","","","","","","","03","  ","","",""
"1236","0","0","0","0","0","0","0","0","0","6","0","","36","11","2018","2018127023","4","40.1658","-76.1846","1227","08","0","0","0","0","0","0","1","0","2","0","0","0","12","1","1","00","2","40 09:57.056","5","00","76 11:04.478","3","0","0","0","36218","0","0","0","N","0","0","0","4","36408","0","","1","07","N","N","1","","1","0","2","0","0","N","1227","1","3","0","0","0","0","0","1","0","3","N","","","","","","","","","","","","10","  ","","",""
"2228","2","0","0","0","0","0","0","0","0","4","0","","36","11","2018","2018127180","7","40.0606","-76.2768","2218","08","0","0","0","0","0","0","0","0","2","0","0","0","22","3","0","01","1","40 03:38.104","4","08","76 16:36.712","0","0","0","0","36101","0","0","0","N","0","0","0","4","36101","0","","1","09","N","N","0","","0","0","0","3","2","N","2214","0","2","0","0","0","0","0","3","0","2","N","","","","","","","","","","","","07","  ","","",""
"1719","0","0","0","0","0","0","0","0","0","7","0","","36","11","2018","2018127258","5","40.243","-76.0833","1713","08","0","0","0","0","0","1","0","0","","0","0","0","17","2","0","00","0","40 14:34.950","","00","76 05:00.031","0","0","0","0","36210","0","0","0","N","0","0","0","2","36210","0","","5","07","N","N","0","","0","0","1","0","0","","1710","0","1","0","0","0","0","0","1","0","1","N","","","","","","","","","","","","10","  ","","",""
"1652","1","0","0","0","0","0","0","0","0","2","0","","36","11","2018","2018127477","5","","","1641","08","0","0","0","0","0","1","0","1","","0","0","0","16","1","0","01","0","","","00","","0","0","0","0","36214","0","0","0","N","0","0","0","2","36214","0","","1","01","N","N","0","","0","0","0","3","3","","1641","0","2","0","0","0","0","0","3","1","2","N","","","","","","","","","","","","03","  ","","",""
"1302","0","0","0","0","0","0","0","0","0","1","0","","36","11","2018","2018127502","5","40.0896","-76.1767","1252","08","0","0","0","0","0","0","0","0","","0","0","0","12","1","0","00","0","40 05:22.629","","00","76 10:36.030","0","0","0","0","36234","0","0","0","N","0","0","0","2","36215","0","","1","07","N","N","1","","0","0","0","3","2","","1252","0","2","0","0","0","0","0","1","1","2","N","","","","","","","","","","","","10","  ","","",""
"2059","0","0","0","0","0","0","0","0","0","4","0","","36","11","2018","2018127503","5","40.0306","-76.2343","2056","08","0","0","0","0","0","1","1","0","2","0","0","0","20","3","2","01","1","40 01:50.123","6","00","76 14:03.641","4","0","0","0","36215","0","0","0","N","0","0","0","6","36215","2","","1","01","N","N","0","","0","0","3","3","2","N","2056","2","3","0","0","0","0","0","1","0","3","N","","","","","","","","","","","","03","  ","","",""
"2346","0","0","0","0","0","0","0","0","0","7","0","","36","11","2018","2018127504","7","40.0311","-76.2364","2345","08","0","0","0","0","0","0","0","0","","0","0","0","23","2","0","00","0","40 01:51.815","","00","76 14:11.137","0","0","0","0","36215","0","0","0","N","0","0","0","1","36215","0","","3","09","N","N","0","","0","0","1","0","0","","2341","0","1","0","0","0","0","0","1","0","1","N","","","","","","","","","","","","03","  ","","",""
"1526","1","0","0","0","0","0","0","0","0","4","0","","36","11","2018","2018127505","2","40.0403","-76.245","1523","08","0","0","0","0","1","0","0","1","","0","0","0","15","1","1","02","0","40 02:25.231","","00","76 14:41.992","4","0","0","0","36215","0","0","0","N","0","0","0","2","36215","1","","1","09","N","N","0","","0","0","1","0","0","","1523","1","2","0","0","0","0","0","1","0","2","N","","","","","","","","","","","","07","  ","","",""
"1657","2","0","0","0","0","0","0","0","0","1","0","","36","11","2018","2018127506","3","40.0399","-76.2258","1655","08","0","0","0","0","0","0","0","1","","0","0","0","16","2","1","02","0","40 02:23.751","","00","76 13:33.017","8","0","0","0","36215","0","0","0","N","0","0","0","3","36215","0","","1","01","N","N","0","","0","0","0","0","0","","1654","1","2","0","0","0","1","0","1","0","2","N","","","","","","","","","","","","03","  ","","",""
"1756","1","0","0","0","0","0","0","0","0","4","0","","36","11","2018","2018127536","5","40.1636","-76.1588","1750","08","0","0","0","0","0","0","0","0","1","0","0","0","17","3","0","00","1","40 09:48.809","2","00","76 09:31.772","0","0","0","0","36218","0","0","0","N","0","0","0","2","36408","0","","1","01","N","N","0","","0","0","1","0","0","N","1744","0","2","0","0","0","0","0","1","0","2","N","","","","","","","","","","","","03","  ","","",""
"0421","2","0","0","0","0","0","0","0","0","5","0","","36","11","2018","2018127569","5","40.0447","-76.3049","0416","08","0","0","0","0","0","0","0","0","1","0","0","0","04","3","0","00","1","40 02:40.834","2","00","76 18:17.505","0","0","0","0","36301","0","0","0","N","0","0","0","1","36301","0","","4","01","N","N","0","","0","0","0","0","0","N","0416","0","2","0","0","0","0","0","3","0","2","N","","","","","","","","","","","","03","  ","","",""
"1126","2","0","0","0","0","0","0","0","0","4","0","","36","11","2018","2018127572","5","40.1207","-76.2351","1123","08","0","0","0","0","0","1","0","0","2","0","0","0","11","1","2","00","2","40 07:14.461","5","00","76 14:06.389","8","0","0","0","36238","0","0","0","N","0","0","0","2","36238","0","","1","07","N","N","0","","0","0","0","0","0","Y","1121","2","2","0","0","0","2","0","3","0","2","N","","","","","","","","","","","","10","  ","","",""
"1144","1","0","0","1","0","1","0","0","0","8","0","","36","11","2018","2018127664","4","40.0771","-76.3088","1144","08","0","0","0","0","0","1","0","0","1","0","0","0","11","1","1","01","1","40 04:37.265","3","00","76 18:31.707","2","0","0","0","36101","1","0","1","N","0","0","0","2","36101","0","","1","01","N","N","0","","0","1","0","3","2","Y","1137","1","2","0","0","0","0","0","3","0","1","N","","","","","","","","","","","","03","  ","","",""
"0846","1","0","0","0","0","0","0","0","0","5","1","","36","11","2018","2018127665","5","40.0788","-76.3431","0843","08","0","0","0","0","0","1","0","0","","0","1","0","08","1","0","00","0","40 04:43.772","","00","76 20:35.279","0","0","0","0","36101","0","0","0","N","0","0","0","2","36101","0","","1","01","N","N","0","","0","0","0","0","0","","0842","0","2","0","0","0","0","0","3","0","2","N","","","","","","","","","","","","03","  ","","",""
"1345","0","0","0","0","0","0","0","0","0","6","0","","36","11","2018","2018127666","5","40.0386","-76.3358","1341","08","0","0","0","0","0","1","0","0","1","0","0","0","13","1","0","01","1","40 02:18.838","3","00","76 20:08.900","0","0","0","0","36220","0","0","0","N","0","0","0","2","36101","0","","1","01","N","N","0","","0","0","2","3","2","N","1339","0","2","0","0","0","0","0","3","0","2","N","","","","","","","","","","","","03","  ","","",""
"1504","1","0","0","0","0","0","0","0","0","1","0","","36","11","2018","2018127667","5","40.0698","-76.3096","1459","08","0","0","0","1","0","1","0","0","","0","0","0","14","1","1","00","0","40 04:11.279","","00","76 18:34.535","4","0","0","0","36101","0","0","0","N","0","0","0","2","36101","1","","1","01","N","N","0","","0","0","1","0","0","","1455","1","2","0","0","0","0","0","3","0","2","N","","","","","","","","","","","","03","  ","","",""
"1739","2","0","0","0","0","0","0","0","0","1","0","","36","11","2018","2018127669","5","40.0706","-76.3228","1723","08","0","0","1","0","0","0","0","0","","0","0","0","17","3","1","00","0","40 04:14.270","","00","76 19:22.122","4","0","0","0","36101","0","0","0","N","0","0","0","3","36101","1","","1","01","N","N","0","","0","0","1","0","0","","1717","1","3","0","0","0","0","0","3","0","3","N","","","","","","","","","","","","03","  ","","",""
"1141","1","0","0","0","0","0","0","0","0","1","0","","36","11","2018","2018127670","5","40.007","-76.378","1132","08","0","0","0","0","0","1","0","0","","0","0","0","11","1","0","00","0","40 00:25.171","","00","76 22:40.701","0","0","0","0","36223","0","0","0","N","0","0","0","3","36223","0","","1","07","N","N","0","","0","0","2","0","0","","1131","0","3","0","0","0","0","0","1","0","3","N","","","","","","","","","","","","10","  ","","",""
"2126","2","0","0","0","0","0","0","0","0","1","0","","36","11","2018","2018127671","1","40.0395","-76.2931","2115","08","0","0","0","0","0","0","0","0","2","0","0","0","21","3","0","00","1","40 02:22.023","3","00","76 17:35.291","0","0","0","0","36301","0","0","0","N","0","0","0","4","36301","0","","6","01","N","N","0","","0","0","1","3","3","N","2114","0","3","0","0","3","0","0","3","0","3","N","","","","","","","","","","","","03","  ","","",""
"1748","2","0","0","0","0","0","0","0","0","6","0","","36","11","2018","2018127708","2","40.049","-76.3057","1744","08","0","0","0","0","0","1","0","1","","0","0","0","17","3","1","01","0","40 02:56.518","","00","76 18:20.618","4","0","0","0","36301","0","0","0","N","0","0","0","3","36301","1","","1","09","N","N","0","","0","0","0","3","3","","1742","1","2","0","0","0","0","1","3","0","2","N","","","","","","","","","","","","03","  ","","",""
"0808","3","0","0","0","0","0","0","0","0","1","0","","36","11","2018","2018127680","3","40.0498","-76.2553","0753","08","0","0","0","0","0","0","0","0","1","0","0","0","07","1","1","00","1","40 02:59.155","3","00","76 15:18.958","4","0","0","0","36301","0","0","0","N","0","0","0","3","36301","1","","1","01","N","N","0","","0","0","0","0","0","N","0753","1","3","0","0","0","0","0","3","0","3","N","","","","","","","","","","","","03","  ","","",""
"0803","1","0","0","0","0","0","0","0","0","4","0","","36","11","2018","2018127710","3","40.0419","-76.3154","0747","08","0","0","0","0","0","0","0","0","2","0","0","0","07","1","0","01","1","40 02:30.706","4","00","76 18:55.562","0","0","0","0","36301","0","0","0","N","0","0","0","2","36301","0","","1","01","N","N","1","","0","0","0","3","3","N","0747","0","2","0","0","0","0","0","3","0","2","N","","","","","","","","","","","","03","  ","","",""
"1308","1","0","0","0","0","0","0","0","0","6","0","","36","11","2018","2018127797","6","40.2752","-76.1","1306","08","0","0","0","0","0","1","1","0","2","0","0","0","13","1","1","00","1","40 16:30.881","1","00","76 06:00.169","3","0","0","0","36236","0","0","0","N","0","0","0","3","36408","0","","1","01","N","N","1","","1","0","1","0","0","N","1306","1","3","0","0","0","0","0","1","0","3","N","","","","","","","","","","","","03","  ","","",""
"0215","1","0","0","0","0","0","0","0","0","5","0","","36","11","2018","2018127827","5","40.0567","-76.2906","0212","08","0","0","0","0","0","0","0","0","1","0","0","0","02","3","0","00","1","40 03:24.040","3","00","76 17:25.990","0","0","0","0","36101","0","0","0","N","0","0","0","1","36101","0","","1","01","N","N","0","","0","0","1","0","0","N","0211","0","2","0","0","0","0","0","3","0","2","N","","","","","","","","","","","","03","  ","","",""
"2219","0","0","0","0","0","0","0","0","0","9","0","","36","11","2018","2018127828","5","40.1001","-76.2575","2219","08","0","0","0","0","0","0","0","0","","0","0","0","22","3","0","00","0","40 06:00.320","","00","76 15:26.886","0","0","0","0","36101","0","0","0","N","0","0","0","1","36101","0","","1","01","N","N","0","","0","0","1","0","0","","2207","0","1","0","0","0","0","0","3","0","1","N","","","","","","","","","","","","03","  ","","",""
"1749","1","0","0","0","0","0","0","0","0","7","0","","36","11","2018","2018127870","6","40.2313","-76.0756","1742","08","0","0","0","0","0","0","0","0","2","0","0","0","17","3","0","00","2","40 13:52.509","6","00","76 04:32.209","0","0","0","0","36210","0","0","0","N","0","0","0","1","36210","0","","5","01","N","N","0","","0","0","0","0","0","Y","1741","0","1","0","0","0","0","0","1","0","1","N","","","","","","","","","","","","03","  ","","",""
"2244","0","0","0","0","0","0","0","0","0","7","0","","36","11","2018","2018127972","6","40.0368","-76.426","2235","08","0","0","0","0","0","0","0","0","1","0","0","0","22","3","0","02","1","40 02:12.440","6","00","76 25:33.769","0","0","0","0","36414","0","0","0","N","0","0","0","1","36239","0","","5","01","N","N","0","","0","0","1","0","0","Y","2234","0","1","0","0","0","0","0","3","0","1","N","","","","","","","","","","","","03","  ","","",""
"2132","1","0","0","0","0","0","0","0","0","7","0","","36","11","2018","2018127986","5","40.0654","-76.3455","2124","08","0","0","0","1","0","1","0","0","2","0","0","0","21","3","0","00","2","40 03:55.415","6","00","76 20:43.634","0","0","0","0","36101","0","0","0","N","0","0","0","2","36101","0","","5","01","N","N","0","","0","0","1","0","0","N","2121","0","2","0","0","0","0","0","3","0","2","N","","","","","","","","","","","","03","  ","","",""
"1457","2","0","0","0","0","0","0","0","0","4","0","","36","11","2018","2018127987","2","40.0581","-76.3074","1446","08","0","0","0","0","0","1","0","0","2","0","0","0","14","1","0","00","1","40 03:29.080","3","00","76 18:26.720","0","0","0","0","36101","0","0","0","N","0","0","0","1","36101","0","","1","01","N","N","0","","0","0","0","0","0","N","1439","0","2","0","0","0","0","0","3","0","2","N","","","","","","","","","","","","03","  ","","",""
"1645","2","0","0","0","0","0","0","0","0","1","0","","36","11","2018","2018127988","2","40.0336","-76.362","1640","08","0","0","0","0","1","0","0","0","","0","0","0","16","3","1","00","0","40 02:00.842","","00","76 21:43.271","4","0","0","0","36223","0","0","0","N","0","0","0","2","36223","1","","1","09","N","N","0","","0","0","0","0","0","","1637","1","2","0","0","0","0","0","1","0","2","N","","","","","","","","","","","","07","  ","","",""
"1505","2","0","0","0","0","0","0","0","0","4","0","","36","12","2018","2018128073","7","40.0497","-76.2924","1453","08","0","0","0","0","0","0","0","0","","0","0","0","14","1","0","01","0","40 02:59.027","","00","76 17:32.504","0","0","0","0","36301","0","0","0","N","0","0","0","3","36301","0","","1","09","N","N","0","","0","0","0","3","3","","1450","0","2","0","0","0","0","0","3","0","2","N","","","","","","","","","","","","07","  ","","",""
"1035","1","0","0","0","0","0","0","0","0","1","0","","36","11","2018","2018128102","6","40.0605","-76.2768","1021","08","0","0","0","0","0","0","1","0","","0","0","0","10","1","0","00","0","40 03:37.911","","02","76 16:36.407","0","0","0","0","36101","0","0","0","N","0","0","0","3","36101","0","","1","01","N","N","0","","0","0","1","3","4","","1017","0","2","0","0","0","0","0","3","0","2","N","","","","","","","","","","","","03","  ","","",""
"1501","2","0","0","0","0","0","0","0","0","4","0","","36","11","2018","2018128103","6","40.0606","-76.2768","1459","08","0","0","1","0","0","0","0","0","","0","0","0","14","1","0","02","0","40 03:38.263","","00","76 16:36.564","0","0","0","0","36101","0","0","0","N","0","0","0","2","36101","0","","1","09","N","N","0","","0","0","0","3","2","","1450","0","2","0","0","0","0","0","3","0","2","N","","","","","","","","","","","","03","  ","","",""
"0728","1","0","0","0","0","0","0","0","0","1","0","","36","11","2018","2018128105","3","40.109","-76.4372","0719","08","0","0","0","0","0","1","0","0","1","0","0","0","07","5","1","00","2","40 06:32.321","3","00","76 26:13.821","3","0","0","0","36214","0","0","0","N","0","0","0","4","36214","0","","1","01","N","N","1","","1","0","1","0","0","N","0715","1","3","0","0","0","0","0","3","0","3","N","","","","","","","","","","","","03","  ","","",""
"1623","1","0","1","0","0","0","0","0","0","2","1","","36","11","2018","2018128127","3","40.2438","-76.0496","1614","08","0","0","0","0","0","1","0","0","4","0","1","0","16","2","2","00","2","40 14:37.540","5","00","76 02:58.653","2","0","0","0","36401","0","0","0","N","0","0","0","2","36408","0","","1","01","N","N","0","","1","1","0","0","0","Y","1614","2","2","0","0","0","0","0","1","0","2","N","","","","","","","","","","","","03","  ","","",""
"1919","2","0","0","0","0","0","0","0","0","4","0","","36","12","2018","2018128144","7","40.036","-76.5072","1917","08","0","0","0","0","0","1","0","0","1","0","0","0","19","3","0","01","1","40 02:09.560","2","00","76 30:25.938","0","0","0","0","36404","0","0","0","N","0","0","0","2","36404","0","","1","09","N","N","0","","0","0","0","3","3","Y","1910","0","2","0","0","0","0","0","3","0","2","N","","","","","","","","","","","","07","  ","","",""
"1804","2","0","0","0","0","0","0","0","0","4","0","","36","11","2018","2018128168","5","40.1654","-76.6077","1801","08","0","1","0","0","0","0","0","0","2","0","0","0","17","3","1","05","1","40 09:55.703","2","00","76 36:28.169","8","0","0","0","36225","0","0","0","N","0","0","0","2","36505","0","","1","01","N","N","0","","0","0","0","3","2","N","1759","1","2","0","0","0","1","0","2","0","2","N","","","","","","","","","","","","03","  ","","",""
"1757","2","0","0","0","0","0","0","0","0","4","0","","36","11","2018","2018128177","6","40.1398","-76.5894","1754","08","0","0","0","0","0","1","0","0","2","0","0","0","17","3","1","01","2","40 08:23.253","6","00","76 35:21.980","8","0","0","0","36237","0","0","0","N","0","0","0","3","36505","0","","1","01","N","N","0","","0","0","0","3","2","N","1752","1","2","0","0","0","1","0","1","0","2","N","","","","","","","","","","","","03","  ","","",""
"1713","1","0","0","0","0","0","0","0","0","4","0","","36","11","2018","2018128270","6","40.1133","-76.5176","1711","08","0","0","0","0","0","1","0","1","1","0","0","0","17","3","0","00","2","40 06:47.735","6","00","76 31:03.274","0","0","0","0","36413","0","0","0","N","0","0","0","2","36413","0","","5","01","N","N","0","","0","0","1","0","0","N","1709","0","2","0","0","0","0","0","2","0","2","N","","","","","","","","","","","","03","  ","","",""
"0813","2","0","0","0","0","0","0","0","0","5","0","","36","12","2018","2018128305","7","40.0421","-76.3133","0803","08","0","0","1","0","0","0","0","0","","0","0","0","08","1","0","00","0","40 02:31.486","","00","76 18:47.750","0","0","0","0","36301","0","0","0","N","0","0","0","1","36301","0","","1","01","N","N","0","","0","0","1","0","0","","0803","0","3","0","0","0","0","0","3","0","3","N","","","","","","","","","","","","03","  ","","",""
"1605","0","0","0","0","0","0","1","0","0","4","1","","36","11","2018","2018128316","6","40.0364","-76.3003","1558","08","0","0","0","0","0","0","0","0","2","0","0","0","15","1","0","01","2","40 02:11.065","7","00","76 18:01.188","0","0","0","0","36301","0","0","0","N","0","0","0","7","36301","0","","1","09","Y","N","0","","0","0","1","3","3","Y","1558","0","2","0","0","0","0","0","3","0","2","N","","","","","","","","","","","","03","  ","","",""
"1734","3","0","0","0","0","0","0","0","0","1","0","","36","11","2018","2018128322","5","40.0613","-76.5378","1727","08","0","0","0","1","0","0","0","0","","0","0","0","17","3","0","02","0","40 03:40.612","","00","76 32:16.210","0","0","0","0","36411","0","0","0","N","0","0","0","4","36504","0","","1","01","N","N","1","","0","0","0","3","2","","1720","0","4","0","0","0","0","0","1","0","4","N","","","","","","","","","","","","03","  ","","",""
"1142","2","0","0","0","0","0","0","0","0","2","0","","36","12","2018","2018128408","1","40.0591","-76.4629","1138","08","0","1","0","0","0","1","0","0","3","0","0","0","11","1","2","02","2","40 03:32.814","5","00","76 27:46.398","3","0","0","0","36239","0","0","0","N","0","0","0","2","36239","0","","1","09","N","N","0","","2","0","0","0","0","Y","1136","2","2","0","0","0","0","0","3","0","2","N","","","","","","","","","","","","05","  ","","",""
"1817","1","0","0","0","0","0","0","0","0","7","0","","36","12","2018","2018128435","7","40.1359","-76.3038","1800","08","0","0","0","0","0","1","0","0","","0","0","0","18","3","0","00","0","40 08:09.328","","07","76 18:13.513","9","0","0","0","36235","0","0","0","N","0","0","0","1","36506","0","","5","09","N","N","0","","0","0","0","0","0","","1800","0","1","0","0","0","0","1","1","0","1","N","","","","","","","","","","","","07","  ","","",""
"2015","2","0","0","0","0","0","0","0","0","1","0","","36","11","2018","2018128440","5","40.114","-76.2479","2008","08","0","0","0","0","0","0","1","0","2","0","0","0","20","2","1","00","2","40 06:50.249","6","07","76 14:52.567","3","0","0","0","36101","0","0","0","N","0","0","0","4","36101","0","","1","01","N","N","0","","1","0","0","0","0","Y","2005","1","2","0","0","0","0","0","3","0","2","N","","","","","","","","","","","","03","  ","","",""
"1500","0","0","0","0","0","0","0","0","0","1","0","","36","12","2018","2018128441","7","40.0563","-76.3044","1454","08","0","0","0","0","0","0","0","0","","0","0","0","14","1","1","00","0","40 03:22.780","","00","76 18:15.720","4","0","0","0","36101","0","0","0","N","0","0","0","2","36101","1","","1","09","N","N","0","","0","0","2","0","0","","1451","1","2","0","0","0","0","0","3","0","2","N","","","","","","","","","","","","07","  ","","",""
"1911","3","0","0","0","0","0","0","0","0","5","0","","36","11","2018","2018128442","6","40.1499","-76.6023","1908","08","0","0","0","0","0","1","0","0","2","0","0","0","19","3","0","00","2","40 08:59.600","3","00","76 36:08.298","0","0","0","0","36407","0","0","0","N","0","0","0","1","36407","0","","4","09","N","N","0","","0","0","0","0","0","N","1908","0","3","0","0","0","0","0","2","0","3","N","","","","","","","","","","","","03","  ","","",""
"0830","2","0","0","0","0","0","0","0","0","4","0","","36","12","2018","2018128443","7","40.0373","-76.4082","0823","08","0","0","0","0","0","1","0","0","2","0","0","0","08","1","2","01","1","40 02:14.323","1","00","76 24:29.659","4","0","0","0","36223","0","0","0","N","0","0","0","2","36223","2","","1","01","N","N","0","","0","0","1","3","2","Y","0821","2","3","0","0","0","0","0","1","0","3","N","","","","","","","","","","","","03","  ","","",""
"0245","2","0","0","0","0","0","0","0","0","2","0","","36","12","2018","2018128462","1","40.0423","-76.3021","0237","08","0","0","0","0","0","0","0","0","","0","0","0","02","3","0","00","0","40 02:32.175","","00","76 18:07.475","0","0","0","0","36301","0","0","0","N","0","0","0","2","36301","0","","1","09","N","N","0","","0","0","0","0","0","","0237","0","2","0","0","0","0","0","3","0","2","N","","","","","","","","","","","","07","  ","","",""