"ARRIVAL_TM","AUTOMOBILE_COUNT","BELTED_DEATH_COUNT","BELTED_SUSP_SERIOUS_INJ_COUNT","BICYCLE_COUNT","BICYCLE_DEATH_COUNT","BICYCLE_SUSP_SERIOUS_INJ_COUNT","BUS_COUNT","CHLDPAS_DEATH_COUNT","CHLDPAS_SUSP_SERIOUS_INJ_COUNT","COLLISION_TYPE","COMM_VEH_COUNT","CONS_ZONE_SPD_LIM","COUNTY","CRASH_MONTH","CRASH_YEAR","CRN","DAY_OF_WEEK","DEC_LAT","DEC_LONG","DISPATCH_TM","DISTRICT","DRIVER_COUNT_16YR","DRIVER_COUNT_17YR","DRIVER_COUNT_18YR","DRIVER_COUNT_19YR","DRIVER_COUNT_20YR","DRIVER_COUNT_50_64YR","DRIVER_COUNT_65_74YR","DRIVER_COUNT_75PLUS","EST_HRS_CLOSED","FATAL_COUNT","HEAVY_TRUCK_COUNT","HORSE_BUGGY_COUNT","HOUR_OF_DAY","ILLUMINATION","INJURY_COUNT","INTERSECT_TYPE","LANE_CLOSED","LATITUDE","LN_CLOSE_DIR","LOCATION_TYPE","LONGITUDE","MAX_SEVERITY_LEVEL","MCYCLE_DEATH_COUNT","MCYCLE_SUSP_SERIOUS_INJ_COUNT","MOTORCYCLE_COUNT","MUNICIPALITY","NONMOTR_COUNT","NONMOTR_DEATH_COUNT","NONMOTR_SUSP_SERIOUS_INJ_COUNT","NTFY_HIWY_MAINT","PED_COUNT","PED_DEATH_COUNT","PED_SUSP_SERIOUS_INJ_COUNT","PERSON_COUNT","POLICE_AGCY","POSSIBLE_INJ_COUNT","RDWY_SURF_TYPE_CD","RELATION_TO_ROAD","ROAD_CONDITION","SCH_BUS_IND","SCH_ZONE_IND","SMALL_TRUCK_COUNT","SPEC_JURIS_CD","SUSP_MINOR_INJ_COUNT","SUSP_SERIOUS_INJ_COUNT","SUV_COUNT","TCD_FUNC_CD","TCD_TYPE","TFC_DETOUR_IND","TIME_OF_DAY","TOT_INJ_COUNT","TOTAL_UNITS","UNB_DEATH_COUNT","UNB_SUSP_SERIOUS_INJ_COUNT","UNBELTED_OCC_COUNT","UNK_INJ_DEG_COUNT","UNK_INJ_PER_COUNT","URBAN_RURAL","VAN_COUNT","VEHICLE_COUNT","WORK_ZONE_IND","WORK_ZONE_LOC","WORK_ZONE_TYPE","WORKERS_PRES","WZ_CLOSE_DETOUR","WZ_FLAGGER","WZ_LAW_OFFCR_IND","WZ_LN_CLOSURE","WZ_MOVING","WZ_OTHER","WZ_SHLDER_MDN","ROADWAY_CLEARED","WEATHER1","WEATHER2","WZ_WORKERS_INJ_KILLED","SECONDARY_CRASH","INTERSECTION_RELATED"
"1717","1","0","0","0","0","0","0","0","0","1","0","","36","12","2018","2018128625","7","40.068","-76.2948","1710","08","0","0","0","0","0","0","0","0","","0","0","0","17","3","0","00","0","40 04:04.636","","00","76 17:41.306","0","0","0","0","36101","0","0","0","N","0","0","0","4","36101","0","","1","09","N","N","0","","0","0","2","0","0","","1708","0","3","0","0","1","0","0","3","0","3","N","","","","","","","","","","","","07","  ","","",""
"1210","0","0","0","0","0","0","0","0","0","1","0","","36","12","2018","2018128626","1","40.0876","-76.3288","1203","08","0","0","0","0","0","0","0","0","1","0","0","0","12","1","1","00","2","40 05:15.317","1","00","76 19:43.667","3","0","0","0","36101","0","0","0","N","0","0","0","3","36101","0","","1","09","N","N","0","","1","0","2","0","0","N","1201","1","2","0","0","0","0","0","3","0","2","N","","","","","","","","","","","","03","  ","","",""
"1135","1","0","0","0","0","0","0","0","0","7","0","","36","11","2018","2018128627","5","40.1105","-76.0815","1135","08","0","0","0","0","0","0","1","0","2","0","0","0","11","1","0","00","1","40 06:37.720","4","00","76 04:53.340","0","0","0","0","36415","0","0","0","N","0","0","0","1","36415","0","","5","07","N","N","0","","0","0","0","0","0","Y","1130","0","1","0","0","1","0","0","1","0","1","N","","","","","","","","","","","","10","  ","","",""
"1238","1","0","0","0","0","0","0","0","0","7","0","","36","11","2018","2018128628","5","40.1324","-76.0863","1228","08","0","0","1","0","0","0","0","0","","0","0","0","12","1","0","00","0","40 07:56.818","","00","76 05:10.590","0","0","0","0","36209","0","0","0","N","0","0","0","1","36415","0","","5","07","N","N","0","","0","0","0","0","0","","1226","0","1","0","0","0","0","0","1","0","1","N","","","","","","","","","","","","10","  ","","",""
"1618","2","0","0","0","0","0","0","0","0","1","0","","36","11","2018","2018128629","3","40.105","-76.0763","1618","08","0","0","0","0","0","1","0","0","","0","0","0","06","3","0","00","0","40 06:17.918","","00","76 04:34.564","0","0","0","0","36415","0","0","0","N","0","0","0","2","36415","0","","1","09","N","N","0","","0","0","0","0","0","","0615","0","2","0","0","2","0","0","1","0","2","N","","","","","","","","","","","","03","  ","","",""
"0945","1","0","0","0","0","0","0","0","0","1","1","","36","11","2018","2018128630","3","40.1327","-76.0869","0939","08","0","0","0","0","0","1","0","1","1","0","1","0","09","1","1","01","1","40 07:57.745","4","00","76 05:12.751","3","0","0","0","36209","0","0","0","N","0","0","0","3","36415","0","","1","01","N","N","0","","1","0","0","0","0","Y","0936","1","3","0","0","0","0","0","1","1","3","N","","","","","","","","","","","","03","  ","","",""
"1714","1","0","0","0","0","0","0","0","0","4","0","","36","11","2018","2018128631","3","40.1401","-76.0982","1704","08","0","0","0","0","0","1","0","1","1","0","0","0","17","2","1","01","1","40 08:24.316","2","00","76 05:53.584","4","0","0","0","36209","0","0","0","N","0","0","0","2","36415","1","","1","01","N","N","1","","0","0","0","3","3","N","1704","1","2","0","0","0","0","0","1","0","2","N","","","","","","","","","","","","03","  ","","",""
"1728","2","0","0","0","0","0","0","0","0","1","0","","36","11","2018","2018128632","6","40.1596","-76.1405","1715","08","0","0","1","0","0","0","0","0","1","0","0","0","17","2","0","00","1","40 09:34.725","3","00","76 08:25.808","0","0","0","0","36209","0","0","0","N","0","0","0","5","36415","0","","1","01","N","N","0","","0","0","0","0","0","N","1715","0","2","0","0","0","0","0","1","0","2","N","","","","","","","","","","","","03","  ","","",""
"1746","3","0","0","0","0","0","0","0","0","1","0","","36","11","2018","2018128633","4","40.0948","-76.1114","1741","08","0","0","0","0","0","1","0","1","1","0","0","0","17","2","1","00","2","40 05:41.329","6","00","76 06:41.191","4","0","0","0","36209","0","0","0","N","0","0","0","3","36415","1","","1","01","N","N","0","","0","0","0","3","2","Y","1741","1","3","0","0","0","0","0","1","0","3","N","","","","","","","","","","","","03","  ","","",""
"1517","2","0","0","0","0","0","0","0","0","1","0","","36","10","2018","2018128634","6","39.9867","-76.1909","1514","08","0","1","0","1","0","0","0","0","","0","0","0","15","1","2","00","0","39 59:12.198","","00","76 11:27.136","3","0","0","0","36417","0","0","0","N","0","0","0","5","36417","0","","1","01","N","N","0","","2","0","1","0","0","","1511","2","3","0","0","0","0","0","1","0","3","N","","","","","","","","","","","","03","  ","","",""
"0916","1","0","0","0","0","0","0","0","0","5","0","","36","10","2018","2018128635","5","39.9881","-76.1818","0910","08","0","0","0","0","0","0","1","0","2","0","0","0","09","1","0","00","1","39 59:17.230","4","00","76 10:54.510","0","0","0","0","36417","1","0","0","N","0","0","0","2","36417","0","","6","09","N","N","0","","0","0","1","0","0","N","0905","0","2","0","0","0","0","0","1","0","2","N","","","","","","","","","","","","07","  ","","",""
"1257","1","0","0","0","0","0","0","0","0","5","0","","36","11","2018","2018128636","3","39.9823","-76.1719","1254","08","0","0","0","0","0","0","0","0","2","0","0","0","12","1","0","00","1","39 58:56.203","4","00","76 10:18.778","0","0","0","0","36417","1","0","0","N","0","0","0","2","36417","0","","6","01","N","N","1","","0","0","0","0","0","Y","1250","0","2","0","0","0","0","0","1","0","2","N","","","","","","","","","","","","03","  ","","",""
"0536","0","0","0","0","0","0","0","0","0","7","0","","36","11","2018","2018128700","5","40.2084","-76.4199","0530","08","0","0","0","0","0","0","0","0","1","0","0","0","05","3","0","00","1","40 12:30.344","1","00","76 25:11.660","0","0","0","0","36227","0","0","0","N","0","0","0","1","36506","0","","2","01","N","N","0","","0","0","1","0","0","N","0530","0","1","0","0","0","0","0","1","0","1","N","","","","","","","","","","","","03","  ","","",""
"1241","1","0","0","0","0","0","0","0","0","1","0","","36","11","2018","2018128757","7","40.0041","-76.1016","1220","08","0","0","0","0","0","0","0","0","","0","0","0","12","1","0","00","0","40 00:14.918","","00","76 06:05.758","0","0","0","0","36226","0","0","0","N","0","0","0","3","68J01","0","","1","01","N","N","0","","0","0","1","0","0","","1218","0","2","0","0","0","0","0","1","0","2","N","","","","","","","","","","","","03","  ","","",""
"1457","1","0","0","0","0","0","0","0","0","4","0","","36","11","2018","2018128777","7","39.7841","-76.1155","1426","08","0","0","0","1","0","0","0","1","3","0","0","0","14","1","3","00","2","39 47:02.838","5","00","76 06:55.667","8","0","0","0","36222","0","0","0","N","0","0","0","3","68J01","0","","1","09","N","N","1","","0","0","0","0","0","Y","1413","3","2","0","0","1","3","0","1","0","2","N","","","","","","","","","","","","07","  ","","",""
"1534","0","0","0","0","0","0","0","0","0","1","0","","36","11","2018","2018128793","5","39.8986","-76.2409","1520","08","0","0","0","0","0","1","0","0","","0","0","0","15","1","0","00","0","39 53:54.943","","00","76 14:27.111","0","0","0","0","36229","0","0","0","N","0","0","0","2","68J01","0","","1","01","N","N","0","","0","0","1","0","0","","1517","0","2","0","0","0","0","0","1","1","2","N","","","","","","","","","","","","03","  ","","",""
"1143","0","0","0","0","0","0","0","0","0","1","1","","36","11","2018","2018128804","6","40.0049","-76.1051","1136","08","0","0","0","1","0","0","0","0","1","0","1","0","11","1","0","01","1","40 00:17.506","4","00","76 06:18.451","0","0","0","0","36226","0","0","0","N","0","0","0","3","68J01","0","","1","01","N","N","0","","0","0","1","3","2","N","1130","0","2","0","0","0","0","0","1","0","2","N","","","","","","","","","","","","03","  ","","",""
"1834","1","0","0","0","0","0","0","0","0","7","0","","36","11","2018","2018128808","6","39.9269","-76.2523","1828","08","0","0","0","0","0","0","0","0","","0","0","0","18","2","0","00","0","39 55:36.883","","00","76 15:08.215","0","0","0","0","36229","0","0","0","N","0","0","0","1","68J01","0","","2","01","N","N","0","","0","0","0","0","0","","1824","0","1","0","0","0","0","0","1","0","1","N","","","","","","","","","","","","03","  ","","",""
"0853","1","0","0","0","0","0","0","0","0","4","0","","36","12","2018","2018128811","7","40.0304","-76.0862","0837","08","0","0","0","0","0","2","0","0","1","0","0","0","08","1","1","00","2","40 01:49.554","6","00","76 05:10.186","3","0","0","0","36221","0","0","0","N","0","0","0","3","68J01","0","","1","01","N","N","0","","1","0","1","0","0","Y","0836","1","2","0","0","0","0","0","1","0","2","N","","","","","","","","","","","","03","  ","","",""
"1820","1","0","0","0","0","0","0","0","0","1","0","","36","12","2018","2018128815","7","39.8923","-76.1791","1815","08","0","1","0","0","0","0","1","0","","0","0","0","18","2","0","02","0","39 53:32.260","","00","76 10:44.595","0","0","0","0","36212","0","0","0","N","0","0","0","4","68J01","0","","1","09","N","N","0","","0","0","1","3","3","","1812","0","2","0","0","0","0","0","1","0","2","N","","","","","","","","","","","","07","  ","","",""
"1803","1","0","0","0","0","0","0","0","0","7","0","","36","12","2018","2018128820","1","39.9544","-76.3365","1739","08","0","0","0","0","1","0","0","0","","0","0","0","17","2","0","00","0","39 57:15.900","","00","76 20:11.500","0","0","0","0","36206","0","0","0","N","0","0","0","1","68J01","0","","4","09","N","N","0","","0","0","0","0","0","","1738","0","1","0","0","0","0","0","1","0","1","N","","","","","","","","","","","","07","05","","",""
"2126","1","0","0","0","0","0","0","0","0","1","0","","36","12","2018","2018128823","1","40.2461","-76.3404","2110","08","0","0","0","0","0","0","0","1","1","0","0","0","21","2","2","00","1","40 14:45.862","3","00","76 20:25.280","3","0","0","0","36217","0","0","0","N","0","0","0","4","68J01","0","","1","09","N","N","0","","2","0","1","0","0","N","2106","2","2","0","0","0","0","0","1","0","2","N","","","","","","","","","","","","07","  ","","",""
"1225","0","0","0","0","0","0","1","0","0","1","1","","36","11","2018","2018128878","5","40.0949","-76.4103","1220","08","0","0","0","0","0","0","0","0","1","0","0","0","12","1","2","00","2","40 05:41.718","5","00","76 24:37.025","3","0","0","0","36214","0","0","0","N","0","0","0","14","36214","0","","1","07","Y","N","0","","2","0","1","3","2","Y","1214","2","2","0","0","0","0","0","3","0","2","N","","","","","","","","","","","","10","  ","","",""
"0245","1","0","0","0","0","0","0","0","0","7","0","","36","11","2018","2018128880","4","40.0247","-76.2317","0242","08","0","0","1","0","0","0","0","0","","0","0","0","02","3","1","00","0","40 01:28.800","","07","76 13:54.180","3","0","0","0","36215","0","0","0","N","0","0","0","1","36215","0","","5","09","N","N","1","","1","0","0","0","0","","0245","1","2","0","0","0","0","0","1","0","2","N","","","","","","","","","","","","03","  ","","",""
"1726","1","0","0","0","0","0","0","0","0","1","0","","36","11","2018","2018128881","4","40.0413","-76.2723","1715","08","0","0","0","0","0","0","0","0","","0","0","0","17","2","0","00","0","40 02:28.539","","00","76 16:20.211","0","0","0","0","36215","0","0","0","N","0","0","0","3","36215","0","","1","01","N","N","0","","0","0","1","0","0","","1707","0","2","0","0","0","0","0","1","0","2","N","","","","","","","","","","","","03","  ","","",""
"1203","1","0","0","0","0","0","0","0","0","4","0","","36","11","2018","2018128882","5","40.0763","-76.2324","1154","08","0","0","0","0","0","0","0","0","2","0","0","0","11","1","0","02","1","40 04:34.615","4","00","76 13:56.485","0","0","0","0","36215","0","0","0","N","0","0","0","2","36215","0","","1","07","N","N","0","","0","0","1","3","3","N","1153","0","2","0","0","0","0","0","1","0","2","N","","","","","","","","","","","","10","  ","","",""
"0759","1","0","0","0","0","0","0","0","0","7","0","","36","11","2018","2018128883","2","40.0915","-76.13","0733","08","0","0","0","1","0","0","0","0","1","0","0","0","07","1","1","00","2","40 05:29.510","3","00","76 07:47.911","3","0","0","0","36234","0","0","0","N","0","0","0","1","36215","0","","5","01","N","N","0","","1","0","0","0","0","N","0733","1","1","0","0","0","0","0","1","0","1","N","","","","","","","","","","","","03","  ","","",""
"1757","2","0","0","0","0","0","0","0","0","4","0","","36","11","2018","2018128884","2","40.0856","-76.2084","1750","08","0","0","0","0","0","1","0","1","1","0","0","0","17","3","0","02","2","40 05:08.293","6","00","76 12:30.187","0","0","0","0","36234","0","0","0","N","0","0","0","2","36215","0","","1","09","N","N","0","","0","0","0","3","3","Y","1750","0","2","0","0","0","0","0","1","0","2","N","","","","","","","","","","","","07","05","","",""
"0731","0","0","0","0","0","0","0","0","0","9","0","","36","11","2018","2018128885","6","40.1016","-76.2289","0714","08","0","0","0","0","0","0","0","0","","0","0","0","07","2","0","00","0","40 06:05.904","","00","76 13:44.110","0","0","0","0","36234","0","0","0","N","0","0","0","1","36215","0","","1","01","N","N","0","","0","0","0","0","0","","0710","0","1","0","0","0","0","0","1","1","1","N","","","","","","","","","","","","03","  ","","",""
"1430","0","0","0","0","0","0","0","0","0","7","0","","36","11","2018","2018128886","6","40.0928","-76.1513","1425","08","0","0","0","0","0","1","0","0","2","0","0","0","14","1","1","00","2","40 05:33.963","7","00","76 09:04.620","3","0","0","0","36234","0","0","0","N","0","0","0","1","36215","0","","5","09","N","N","0","","1","0","1","0","0","Y","1422","1","1","0","0","0","0","0","1","0","1","N","","","","","","","","","","","","07","  ","","",""
"1909","1","0","0","0","0","0","0","0","0","1","0","","36","11","2018","2018128887","6","40.0262","-76.2118","1825","08","0","0","0","0","0","1","0","0","1","0","0","0","18","3","0","00","1","40 01:34.261","3","00","76 12:42.527","0","0","0","0","36215","0","0","0","N","0","0","0","6","36215","0","","1","01","N","N","0","","0","0","2","3","2","N","1822","0","3","0","0","0","0","0","1","0","3","N","","","","","","","","","","","","03","  ","","",""
"1746","0","0","0","0","0","0","0","0","0","4","0","","36","12","2018","2018128888","1","40.0224","-76.1929","1741","08","0","0","0","0","0","0","0","0","2","0","0","0","17","3","1","01","1","40 01:21.007","3","00","76 11:34.501","3","0","0","0","36215","0","0","0","N","0","0","0","3","36215","0","","1","09","N","N","1","","1","0","1","3","2","Y","1739","1","2","0","0","1","0","0","1","0","2","N","","","","","","","","","","","","07","  ","","",""
"2033","1","0","0","0","0","0","0","0","0","7","0","","36","11","2018","2018128889","2","40.0085","-76.4803","2022","08","0","0","1","0","0","0","0","0","3","0","0","0","20","2","0","00","1","40 00:30.540","1","00","76 28:48.912","0","0","0","0","36223","0","0","0","N","0","0","0","1","36223","0","","5","08","N","N","0","","0","0","0","0","0","N","2017","0","1","0","0","0","0","0","1","0","1","N","","","","","","","","","","","","03","  ","","",""
"1052","1","0","0","0","0","0","0","0","0","1","0","","36","11","2018","2018128890","3","40.124","-76.4068","1041","08","0","0","0","0","0","0","0","0","2","0","0","0","10","1","0","00","2","40 07:26.280","2","00","76 24:24.310","0","0","0","0","36230","0","0","0","N","0","0","0","3","36410","0","","1","01","N","N","0","","0","0","1","0","0","N","1037","0","2","0","0","0","0","0","1","0","2","N","","","","","","","","","","","","03","  ","","",""
"1653","2","0","0","0","0","0","0","0","0","4","0","","36","11","2018","2018128891","3","40.1117","-76.4517","1645","08","0","0","0","1","0","0","1","0","9","0","0","0","16","3","0","01","9","40 06:42.218","","00","76 27:05.960","0","0","0","0","36230","0","0","0","N","0","0","0","2","36410","0","","1","01","N","N","0","","0","0","0","3","2","U","1642","0","2","0","0","0","0","0","1","0","2","N","","","","","","","","","","","","03","  ","","",""
"1942","0","0","0","0","0","0","0","0","0","7","0","","36","12","2018","2018128914","1","39.9903","-76.2646","1942","08","0","0","0","0","0","0","1","0","2","0","0","0","19","2","1","00","2","39 59:24.995","5","00","76 15:52.439","3","0","0","0","36240","0","0","0","N","0","0","0","3","36240","0","","5","09","N","N","0","","1","0","1","0","0","Y","1940","1","1","0","0","0","0","0","1","0","1","N","","","","","","","","","","","","07","  ","","",""
"1125","1","0","0","0","0","0","0","0","0","4","0","","36","11","2018","2018128915","5","40.0624","-76.3531","1120","08","0","0","0","0","0","1","0","0","2","0","0","0","11","1","1","00","1","40 03:44.492","2","00","76 21:11.066","4","0","0","0","36214","0","0","0","N","0","0","0","2","36214","1","","1","01","N","N","0","","0","0","0","3","3","N","1120","1","2","0","0","2","0","0","3","1","2","N","","","","","","","","","","","","03","  ","","",""
"1601","1","0","0","0","0","0","0","0","0","7","0","","36","11","2018","2018128939","5","40.0936","-76.3509","1558","08","0","0","0","0","0","0","0","0","","0","0","0","15","1","0","00","0","40 05:36.831","","00","76 21:03.415","0","0","0","0","36214","0","0","0","N","0","0","0","1","36214","0","","4","01","N","N","0","","0","0","0","0","0","","1558","0","1","0","0","0","0","0","3","0","1","N","","","","","","","","","","","","03","  ","","",""
"1519","1","0","0","0","0","0","0","0","0","4","0","","36","11","2018","2018128947","7","40.0087","-76.343","1515","08","0","0","0","0","0","0","0","0","3","0","0","0","15","1","1","01","1","40 00:31.485","6","00","76 20:34.745","3","0","0","0","36412","0","0","0","N","0","0","0","2","36412","0","","1","01","N","N","0","","1","0","0","3","2","N","1519","1","2","0","0","0","0","0","3","0","2","N","","","","","","","","","","","","03","  ","","",""
"0952","0","0","0","0","0","0","0","0","0","4","2","","36","11","2018","2018128983","5","40.2022","-76.1884","0947","08","0","0","0","0","0","0","0","0","3","0","2","0","09","1","0","02","2","40 12:08.040","1","00","76 11:18.079","0","0","0","0","36218","0","0","0","N","0","0","0","2","36408","0","","1","01","N","N","0","","0","0","0","0","0","N","0940","0","2","0","0","0","0","0","1","0","2","N","","","","","","","","","","","","03","  ","","",""
"1309","0","0","0","0","0","0","0","0","1","7","0","","36","11","2018","2018129150","5","40.191","-76.1951","1307","08","0","0","0","0","0","0","0","0","3","0","0","0","13","1","2","00","2","40 11:27.592","6","00","76 11:42.400","2","0","0","0","36408","0","0","0","N","0","0","0","3","36408","0","","2","01","N","N","0","","0","1","1","0","0","Y","1305","2","1","0","0","2","1","0","2","0","1","N","","","","","","","","","","","","03","  ","","",""
"1125","1","0","0","0","0","0","0","0","0","4","0","","36","11","2018","2018129153","5","39.9821","-76.3009","1119","08","0","0","0","0","0","1","0","0","2","0","0","0","11","1","0","00","1","39 58:55.648","4","00","76 18:03.161","0","0","0","0","36228","0","0","0","N","0","0","0","2","36503","0","","1","02","N","N","1","","0","0","0","0","0","N","1110","0","2","0","0","0","0","0","1","0","2","N","","","","","","","","","","","","10","  ","","",""
"0845","1","0","0","0","0","0","0","0","0","1","0","","36","11","2018","2018129157","5","40.1881","-76.1909","0842","08","0","0","0","0","0","0","0","0","3","0","0","0","08","1","0","00","2","40 11:17.319","6","00","76 11:27.184","0","0","0","0","36408","0","0","0","Y","0","0","0","1","36408","0","","6","01","N","N","1","","0","0","0","0","0","Y","0840","0","2","0","0","1","0","0","2","0","2","N","","","","","","","","","","","","03","  ","","",""
"1507","1","0","0","0","0","0","0","0","0","7","0","","36","11","2018","2018129170","5","40.1759","-76.3408","1507","08","0","0","0","0","0","0","0","1","2","0","0","0","15","1","0","03","1","40 10:33.400","4","00","76 20:27.000","0","0","0","0","36204","0","0","0","N","0","0","0","1","36506","0","","4","01","N","N","0","","0","0","0","3","3","N","1507","0","1","0","0","0","0","0","1","0","1","N","","","","","","","","","","","","03","  ","","",""
"1200","2","0","0","0","0","0","0","0","0","4","0","","36","11","2018","2018129178","4","40.0435","-76.3147","1152","08","0","0","0","1","0","1","0","0","2","0","0","0","11","1","0","01","1","40 02:36.711","4","00","76 18:52.865","0","0","0","0","36301","0","0","0","N","0","0","0","2","36301","0","","1","01","N","N","0","","0","0","0","3","3","N","1150","0","2","0","0","0","0","0","3","0","2","N","","","","","","","","","","","","03","  ","","",""
"2259","1","0","0","0","0","0","0","0","0","7","0","","36","11","2018","2018129195","6","40.2165","-76.249","2253","08","0","0","0","0","0","0","0","0","3","0","0","0","22","2","2","00","2","40 12:59.383","6","00","76 14:56.302","3","0","0","0","36204","0","0","0","N","0","0","0","2","36506","0","","5","09","N","N","0","","2","0","0","0","0","Y","2253","2","1","0","0","2","0","0","1","0","1","N","","","","","","","","","","","","07","  ","","",""
"1802","2","0","0","0","0","0","0","0","0","1","0","","36","11","2018","2018129200","3","40.1445","-76.21","1800","08","0","0","0","0","0","1","0","0","2","0","0","0","17","2","4","01","2","40 08:40.211","7","00","76 12:36.127","8","0","0","0","36238","0","0","0","N","0","0","0","4","36238","0","","1","01","N","N","0","","0","0","1","3","3","Y","1759","4","3","0","0","0","4","0","3","0","3","N","","","","","","","","","","","","03","  ","","",""
"1519","2","0","0","0","0","0","0","0","0","1","0","","36","11","2018","2018129201","5","40.041","-76.3079","1519","08","0","0","0","0","0","2","0","0","2","0","0","0","15","1","1","00","1","40 02:27.445","3","00","76 18:28.574","8","0","0","0","36301","0","0","0","N","0","0","0","2","36301","0","","1","01","N","N","0","","0","0","0","0","0","N","1517","1","2","0","0","0","1","0","3","0","2","N","","","","","","","","","","","","03","  ","","",""
"1459","1","0","0","0","0","0","0","0","0","4","0","","36","12","2018","2018129215","2","40.1421","-76.5665","1456","08","0","0","0","0","0","0","0","0","1","0","0","0","14","1","2","01","1","40 08:31.700","3","00","76 33:59.551","3","0","0","0","36225","0","0","0","N","0","0","0","3","36505","0","","1","01","N","N","0","","2","0","0","3","3","N","1452","2","2","0","0","0","0","0","2","1","2","N","","","","","","","","","","","","03","  ","","",""
"0755","0","0","0","0","0","0","0","0","0","4","1","","36","12","2018","2018129230","2","40.2057","-76.1752","0753","08","0","0","0","0","0","0","0","0","","0","1","0","07","1","0","01","0","40 12:20.434","","00","76 10:30.803","0","0","0","0","36218","0","0","0","N","0","0","0","2","36408","0","","1","01","N","N","0","","0","0","1","3","3","","0753","0","2","0","0","0","0","0","1","0","2","N","","","","","","","","","","","","03","  ","","",""
"1332","2","0","0","0","0","0","0","0","0","1","0","","36","03","2018","2018129246","6","40.2283","-76.4321","1331","08","0","0","0","0","0","0","0","0","2","0","0","0","13","1","0","01","1","40 13:41.932","1","00","76 25:55.610","0","0","0","0","36230","0","0","0","N","0","0","0","2","36410","0","","1","01","N","N","0","","0","0","0","3","1","N","1313","0","2","0","0","0","0","0","1","0","2","N","","","","","","","","","","","","03","  ","","",""
"0445","0","0","0","0","0","0","0","0","0","9","0","","36","11","2018","2018129296","7","40.2284","-76.452","0432","08","0","0","0","0","0","0","0","0","","0","0","0","04","2","0","00","0","40 13:42.349","","00","76 27:07.348","0","0","0","0","36230","0","0","0","N","0","0","0","1","68T06","0","","1","01","N","N","0","","0","0","0","0","0","","0432","0","1","0","0","0","0","0","1","1","1","N","","","","","","","","","","","","03","  ","","",""
"0314","1","0","0","0","0","0","0","0","0","7","0","","36","12","2018","2018129360","7","40.2202","-76.0875","0308","08","0","0","0","0","0","0","0","0","","0","0","0","03","2","0","00","0","40 13:12.888","","00","76 05:14.931","9","0","0","0","36210","0","0","0","N","0","0","0","1","68T06","0","","3","01","N","N","0","","0","0","0","0","0","","0308","0","1","0","0","0","0","1","1","0","1","N","","","","","","","","","","","","03","  ","","",""
"1118","0","0","0","0","0","0","0","0","0","1","0","","36","12","2018","2018129401","3","40.1648","-76.2152","1115","08","0","0","0","0","0","0","1","1","2","0","0","0","11","1","6","00","2","40 09:53.187","6","00","76 12:54.737","3","0","0","0","36218","0","0","0","N","0","0","0","15","36408","2","","1","01","N","N","0","","4","0","1","0","0","Y","1115","6","2","0","0","13","0","0","1","1","2","N","","","","","","","","","","","","03","  ","","",""
"1638","1","0","0","0","0","0","0","0","0","7","0","","36","12","2018","2018129469","1","40.0223","-76.2746","1634","08","0","0","0","0","0","2","0","0","2","0","0","0","16","1","0","00","2","40 01:20.422","6","00","76 16:28.686","0","0","0","0","36240","0","0","0","N","0","0","0","2","36240","0","","4","09","N","N","0","","0","0","1","0","0","Y","1630","0","2","0","0","0","0","0","1","0","2","N","","","","","","","","","","","","07","  ","","",""
"1545","2","0","0","0","0","0","0","0","0","4","1","","36","11","2018","2018129493","5","40.1636","-76.1525","1542","08","0","1","0","0","0","2","0","0","2","0","1","0","15","1","1","01","2","40 09:49.440","2","02","76 09:08.800","3","0","0","0","36218","0","0","0","Y","0","0","0","3","36408","0","","1","01","N","N","0","","1","0","0","3","2","N","1540","1","3","0","0","0","0","0","1","0","3","N","","","","","","","","","","","","03","  ","","",""
"1933","1","0","0","0","0","0","0","0","0","9","0","","36","12","2018","2018129635","3","40.1339","-76.572","1931","08","0","0","0","0","0","0","0","0","1","0","0","0","19","2","0","00","1","40 08:01.996","3","00","76 34:19.267","0","0","0","0","36225","0","0","0","N","0","0","0","1","36505","0","","1","01","N","N","0","","0","0","0","0","0","N","1931","0","1","0","0","0","0","0","2","0","1","N","","","","","","","","","","","","03","  ","","",""
"2039","2","0","0","0","0","0","0","0","0","4","0","","36","12","2018","2018129655","2","40.1761","-76.2249","2032","08","0","0","0","0","0","2","0","0","","0","0","0","20","2","0","01","0","40 10:34.041","","00","76 13:29.758","0","0","0","0","36218","0","0","0","Y","0","0","0","2","36408","0","","1","01","N","N","0","","0","0","0","3","3","","2030","0","2","0","0","1","0","0","1","0","2","N","","","","","","","","","","","","03","  ","","",""
"0655","1","0","0","0","0","0","0","0","0","7","0","","36","12","2018","2018129679","4","40.1631","-76.2486","0642","08","0","0","0","0","0","0","1","0","","0","0","0","06","2","0","02","0","40 09:47.214","","00","76 14:54.974","0","0","0","0","36235","0","0","0","N","0","0","0","1","36506","0","","5","01","N","N","0","","0","0","0","3","3","","0642","0","1","0","0","0","0","0","1","0","1","N","","","","","","","","","","","","03","  ","","",""
"1700","2","0","0","0","0","0","0","0","0","4","0","","36","11","2018","2018129688","5","40.1775","-76.6012","1651","08","0","0","0","0","0","1","0","0","2","0","0","0","16","3","1","01","2","40 10:38.704","2","00","76 36:05.159","3","0","0","0","36225","0","0","0","N","0","0","0","2","36505","0","","1","01","N","N","0","","1","0","0","3","2","N","1645","1","2","0","0","0","0","0","2","0","2","N","","","","","","","","","","","","03","  ","","",""