"ARRIVAL_TM","AUTOMOBILE_COUNT","BELTED_DEATH_COUNT","BELTED_SUSP_SERIOUS_INJ_COUNT","BICYCLE_COUNT","BICYCLE_DEATH_COUNT","BICYCLE_SUSP_SERIOUS_INJ_COUNT","BUS_COUNT","CHLDPAS_DEATH_COUNT","CHLDPAS_SUSP_SERIOUS_INJ_COUNT","COLLISION_TYPE","COMM_VEH_COUNT","CONS_ZONE_SPD_LIM","COUNTY","CRASH_MONTH","CRASH_YEAR","CRN","DAY_OF_WEEK","DEC_LAT","DEC_LONG","DISPATCH_TM","DISTRICT","DRIVER_COUNT_16YR","DRIVER_COUNT_17YR","DRIVER_COUNT_18YR","DRIVER_COUNT_19YR","DRIVER_COUNT_20YR","DRIVER_COUNT_50_64YR","DRIVER_COUNT_65_74YR","DRIVER_COUNT_75PLUS","EST_HRS_CLOSED","FATAL_COUNT","HEAVY_TRUCK_COUNT","HORSE_BUGGY_COUNT","HOUR_OF_DAY","ILLUMINATION","INJURY_COUNT","INTERSECT_TYPE","LANE_CLOSED","LATITUDE","LN_CLOSE_DIR","LOCATION_TYPE","LONGITUDE","MAX_SEVERITY_LEVEL","MCYCLE_DEATH_COUNT","MCYCLE_SUSP_SERIOUS_INJ_COUNT","MOTORCYCLE_COUNT","MUNICIPALITY","NONMOTR_COUNT","NONMOTR_DEATH_COUNT","NONMOTR_SUSP_SERIOUS_INJ_COUNT","NTFY_HIWY_MAINT","PED_COUNT","PED_DEATH_COUNT","PED_SUSP_SERIOUS_INJ_COUNT","PERSON_COUNT","POLICE_AGCY","POSSIBLE_INJ_COUNT","RDWY_SURF_TYPE_CD","RELATION_TO_ROAD","ROAD_CONDITION","SCH_BUS_IND","SCH_ZONE_IND","SMALL_TRUCK_COUNT","SPEC_JURIS_CD","SUSP_MINOR_INJ_COUNT","SUSP_SERIOUS_INJ_COUNT","SUV_COUNT","TCD_FUNC_CD","TCD_TYPE","TFC_DETOUR_IND","TIME_OF_DAY","TOT_INJ_COUNT","TOTAL_UNITS","UNB_DEATH_COUNT","UNB_SUSP_SERIOUS_INJ_COUNT","UNBELTED_OCC_COUNT","UNK_INJ_DEG_COUNT","UNK_INJ_PER_COUNT","URBAN_RURAL","VAN_COUNT","VEHICLE_COUNT","WORK_ZONE_IND","WORK_ZONE_LOC","WORK_ZONE_TYPE","WORKERS_PRES","WZ_CLOSE_DETOUR","WZ_FLAGGER","WZ_LAW_OFFCR_IND","WZ_LN_CLOSURE","WZ_MOVING","WZ_OTHER","WZ_SHLDER_MDN","ROADWAY_CLEARED","WEATHER1","WEATHER2","WZ_WORKERS_INJ_KILLED","SECONDARY_CRASH","INTERSECTION_RELATED"
"1723","1","0","0","0","0","0","0","0","0","4","0","","36","11","2018","2018129727","5","40.0703","-76.3013","1715","08","0","0","0","0","0","0","0","0","","0","0","0","17","3","0","01","0","40 04:12.969","","00","76 18:04.751","0","0","0","0","36101","0","0","0","N","0","0","0","2","36101","0","","1","01","N","N","0","","0","0","1","3","2","","1705","0","2","0","0","0","0","0","3","0","2","N","","","","","","","","","","","","03","  ","","",""
"1541","1","0","0","0","0","0","0","0","0","4","0","","36","12","2018","2018129728","2","40.1021","-76.3235","1531","08","0","0","0","0","0","0","0","1","","0","0","0","15","1","0","01","0","40 06:07.470","","00","76 19:24.776","0","0","0","0","36101","0","0","0","N","0","0","0","3","36101","0","","1","01","N","N","0","","0","0","1","3","3","","1529","0","2","0","0","0","0","0","3","0","2","N","","","","","","","","","","","","03","  ","","",""
"1736","3","0","0","0","0","0","0","0","0","1","0","","36","12","2018","2018129729","2","40.0705","-76.3196","1730","08","0","0","0","0","0","1","1","0","2","0","0","0","17","3","0","00","1","40 04:13.800","3","00","76 19:10.523","0","0","0","0","36101","0","0","0","N","0","0","0","4","36101","0","","1","01","N","N","0","","0","0","0","0","0","N","1727","0","3","0","0","0","0","0","3","0","3","N","","","","","","","","","","","","03","  ","","",""
"1757","2","0","0","0","0","0","0","0","0","1","0","","36","12","2018","2018129730","2","40.0582","-76.2803","1756","08","0","0","0","0","0","0","0","0","2","0","0","0","17","3","0","00","1","40 03:29.607","2","00","76 16:49.181","0","0","0","0","36101","0","0","0","N","0","0","0","4","36101","0","","1","01","N","N","0","","0","0","1","0","0","N","1753","0","3","0","0","0","0","0","3","0","3","N","","","","","","","","","","","","03","  ","","",""
"1729","1","0","0","0","0","0","0","0","0","1","0","","36","11","2018","2018129731","3","40.0392","-76.2653","1722","08","0","0","0","0","0","0","0","1","1","0","0","0","17","3","1","00","1","40 02:21.065","6","00","76 15:55.092","3","0","0","0","36215","0","0","0","N","0","0","0","3","36215","0","","1","01","N","N","0","","1","0","1","0","0","Y","1722","1","2","0","0","0","0","0","1","0","2","N","","","","","","","","","","","","03","  ","","",""
"1238","2","0","0","0","0","0","0","0","0","5","0","","36","11","2018","2018129732","4","40.04","-76.2293","1232","08","0","0","0","0","0","1","1","0","","0","0","0","12","1","0","00","0","40 02:24.019","","00","76 13:45.423","0","0","0","0","36215","0","0","0","N","0","0","0","2","36215","0","","1","01","N","N","0","","0","0","0","0","0","","1231","0","2","0","0","0","0","0","1","0","2","N","","","","","","","","","","","","03","  ","","",""
"1820","1","0","0","0","0","0","0","0","0","8","0","","36","11","2018","2018129733","4","40.037","-76.2618","1816","08","0","0","0","0","0","0","0","0","","0","0","0","18","2","1","00","0","40 02:13.362","","00","76 15:42.334","3","0","0","0","36215","1","0","0","N","1","0","0","2","36215","0","","1","01","N","N","0","","1","0","0","0","0","","1815","1","2","0","0","0","0","0","1","0","1","N","","","","","","","","","","","","03","  ","","",""
"1135","2","0","0","0","0","0","0","0","0","5","0","","36","11","2018","2018129734","5","40.0404","-76.2463","1126","08","0","0","0","0","0","1","0","0","2","0","0","0","11","1","2","01","1","40 02:25.424","3","00","76 14:46.678","3","0","0","0","36215","0","0","0","N","0","0","0","6","36215","0","","1","01","N","N","0","","2","0","1","3","2","Y","1126","2","3","0","0","0","0","1","1","0","3","N","","","","","","","","","","","","03","  ","","",""
"0445","1","0","0","0","0","0","0","0","0","7","0","","36","11","2018","2018129735","6","40.0148","-76.1541","0445","08","0","0","0","0","0","0","0","0","3","0","0","0","04","6","0","00","2","40 00:53.357","6","00","76 09:14.807","0","0","0","0","36215","0","0","0","N","0","0","0","2","36215","0","","5","01","N","N","0","","0","0","0","0","0","Y","0444","0","1","0","0","0","0","0","1","0","1","N","","","","","","","","","","","","03","  ","","",""
"1750","2","0","0","0","0","0","0","0","0","1","0","","36","12","2018","2018129736","2","40.0395","-76.2042","1735","08","0","0","0","0","0","1","1","0","","0","0","0","17","3","1","00","0","40 02:22.021","","00","76 12:15.073","4","0","0","0","36215","0","0","0","N","0","0","0","2","36215","1","","1","01","N","N","0","","0","0","0","0","0","","1707","1","2","0","0","0","0","0","1","0","2","N","","","","","","","","","","","","03","  ","","",""
"1137","1","0","0","0","0","0","0","0","0","1","0","","36","11","2018","2018129737","4","40.0308","-76.3574","1131","08","0","0","0","0","0","2","0","0","1","0","0","0","11","1","2","02","2","40 01:50.826","7","00","76 21:26.690","4","0","0","0","36223","0","0","0","N","0","0","0","6","36223","2","","1","01","N","N","2","","0","0","1","0","0","N","1128","2","4","0","0","0","0","0","1","0","4","N","","","","","","","","","","","","03","  ","","",""
"1038","0","0","0","0","0","0","0","0","0","0","0","","36","11","2018","2018129803","6","39.8638","-76.2601","1035","08","0","0","0","0","0","1","0","0","2","0","0","0","10","1","0","00","1","39 51:49.836","3","00","76 15:36.438","0","0","0","0","36208","0","0","0","N","0","0","0","1","68J01","0","","1","01","N","N","1","","0","0","0","0","0","N","1033","0","1","0","0","0","0","0","1","0","1","N","","","","","","","","","","","","03","  ","","",""
"2351","1","0","0","0","0","0","0","0","0","7","0","","36","11","2018","2018129815","5","40.2097","-76.0166","2323","08","0","0","0","1","0","0","0","0","1","0","0","0","23","2","0","00","1","40 12:34.926","1","00","76 00:59.755","0","0","0","0","36202","0","0","0","N","0","0","0","4","68J01","0","","2","01","N","N","0","","0","0","0","0","0","N","2317","0","1","0","0","0","0","0","1","0","1","N","","","","","","","","","","","","03","  ","","",""
"0040","2","0","0","0","0","0","0","0","0","8","0","","36","11","2018","2018129818","7","39.8608","-76.0922","0021","08","0","0","0","1","0","0","0","0","2","0","0","0","00","2","2","00","1","39 51:38.803","5","00","76 05:32.045","3","0","0","0","36205","3","0","0","N","1","0","0","5","68J01","0","","1","09","N","N","0","","1","0","0","0","0","N","0017","2","3","0","0","0","1","0","1","0","2","N","","","","","","","","","","","","07","  ","","",""
"1251","0","0","0","0","0","0","0","0","0","4","0","","36","11","2018","2018129863","7","39.9593","-76.0996","1238","08","0","0","0","0","0","0","0","1","","0","0","0","12","1","2","01","0","39 57:33.444","","00","76 05:58.443","3","0","0","0","36226","0","0","0","N","0","0","0","3","68J01","0","","1","01","N","N","0","","2","0","1","0","0","","1232","2","2","0","0","0","0","0","1","1","2","N","","","","","","","","","","","","03","  ","","",""
"1130","1","0","0","0","0","0","0","0","0","1","0","","36","12","2018","2018129916","7","40.1052","-76.2001","1124","08","0","0","0","0","0","1","1","0","2","0","0","0","11","1","1","01","2","40 06:18.605","5","00","76 12:00.298","4","0","0","0","36238","0","0","0","N","0","0","0","3","36238","1","","1","01","N","N","0","","0","0","1","0","0","Y","1123","1","2","0","0","0","0","0","3","0","2","N","","","","","","","","","","","","03","  ","","",""
"1445","1","0","0","0","0","0","0","0","0","4","0","","36","11","2018","2018129924","6","40.036","-76.3082","1441","08","0","0","0","0","0","1","0","0","","0","0","0","14","1","0","01","0","40 02:09.771","","00","76 18:29.474","0","0","0","0","36301","0","0","0","N","0","0","0","2","36301","0","","1","09","N","N","1","","0","0","0","3","3","","1440","0","2","0","0","0","0","0","3","0","2","N","","","","","","","","","","","","07","  ","","",""
"1245","0","0","0","0","0","0","0","0","0","1","0","","36","11","2018","2018129961","7","40.0399","-76.2253","1237","08","0","0","0","0","0","0","1","0","","0","0","0","12","1","0","00","0","40 02:23.716","","00","76 13:31.131","0","0","0","0","36215","0","0","0","N","0","0","0","3","36215","0","","1","01","N","N","1","","0","0","1","0","0","","1236","0","2","0","0","0","0","0","1","0","2","N","","","","","","","","","","","","03","  ","","",""
"1406","1","0","0","0","0","0","0","0","0","7","0","","36","12","2018","2018129963","4","40.1939","-76.5645","1358","08","0","0","0","0","0","0","0","1","1","0","0","0","13","1","1","00","1","40 11:38.153","2","00","76 33:52.080","8","0","0","0","36225","0","0","0","N","0","0","0","1","36505","0","","5","01","N","N","0","","0","0","0","0","0","N","1351","1","1","0","0","0","1","0","2","0","1","N","","","","","","","","","","","","03","  ","","",""
"1907","1","0","0","0","0","0","0","0","0","1","0","","36","11","2018","2018130008","7","40.0381","-76.3218","1904","08","0","0","0","0","0","0","0","0","","0","0","0","18","3","0","02","0","40 02:17.177","","00","76 19:18.634","0","0","0","0","36301","0","0","0","N","0","0","0","2","36301","0","","1","01","N","N","0","","0","0","1","3","2","","1851","0","2","0","0","0","0","0","3","0","2","N","","","","","","","","","","","","03","  ","","",""
"1848","1","0","0","0","0","0","0","0","0","9","0","","36","12","2018","2018130060","3","39.8596","-76.0863","1848","08","0","0","0","0","0","0","0","0","","0","0","0","18","2","0","00","0","39 51:34.619","","00","76 05:10.728","0","0","0","0","36205","0","0","0","N","0","0","0","1","68J01","0","","1","01","N","N","0","","0","0","0","0","0","","1841","0","1","0","0","0","0","0","1","0","1","N","","","","","","","","","","","","03","  ","","",""
"0158","1","0","0","0","0","0","0","0","0","7","0","","36","12","2018","2018130070","5","40.0533","-76.2614","0151","08","0","0","0","0","0","0","0","0","","0","0","0","01","3","0","00","0","40 03:11.781","","00","76 15:40.875","0","0","0","0","36301","0","0","0","N","0","0","0","1","36301","0","","2","01","N","N","0","","0","0","0","0","0","","0151","0","1","0","0","0","0","0","3","0","1","N","","","","","","","","","","","","03","  ","","",""
"1502","3","0","0","0","0","0","0","0","0","4","0","","36","12","2018","2018130104","4","40.0077","-76.2441","1459","08","0","0","0","1","1","0","1","0","1","0","0","0","14","1","1","02","1","40 00:27.835","4","00","76 14:38.828","8","0","0","0","36240","0","0","0","N","0","0","0","3","36240","0","","1","01","N","N","0","","0","0","0","3","3","N","1458","1","3","0","0","0","1","0","1","0","3","N","","","","","","","","","","","","03","  ","","",""
"1730","0","0","0","0","0","0","0","0","0","9","0","","36","12","2018","2018130109","4","40.0389","-76.4548","1723","08","0","0","0","0","0","0","0","0","","0","0","0","17","4","0","00","0","40 02:20.167","","00","76 27:17.173","0","0","0","0","36239","0","0","0","N","0","0","0","1","36239","0","","1","01","N","N","0","","0","0","0","0","0","N","1718","0","1","0","0","0","0","0","3","1","1","N","","","","","","","","","","","","03","  ","","",""
"1718","1","0","0","0","0","0","0","0","0","1","0","","36","12","2018","2018130110","4","40.04","-76.2872","1656","08","0","0","0","0","0","1","0","0","","0","0","0","16","3","1","00","0","40 02:23.896","","00","76 17:14.076","3","0","0","0","36301","0","0","0","N","0","0","0","2","36301","0","","1","01","N","N","0","","1","0","0","0","0","","1651","1","2","0","0","0","0","0","3","1","2","N","","","","","","","","","","","","03","  ","","",""
"1304","2","0","0","0","0","0","0","0","0","2","0","","36","11","2018","2018130113","6","40.1624","-76.5318","1258","08","0","0","0","0","0","1","0","0","1","0","0","0","12","1","0","01","1","40 09:44.624","3","00","76 31:54.533","0","0","0","0","36225","0","0","0","N","0","0","0","2","36505","0","","1","01","N","N","0","","0","0","0","3","3","N","1255","0","2","0","0","0","0","0","2","0","2","N","","","","","","","","","","","","03","  ","","",""
"2256","2","0","0","0","0","0","0","0","0","4","0","","36","11","2018","2018130143","6","40.1091","-76.4934","2254","08","0","0","0","1","0","0","0","0","1","0","0","0","22","3","1","01","2","40 06:32.592","7","00","76 29:35.741","2","0","0","0","36413","0","0","0","N","0","0","0","3","36413","0","","1","01","N","N","0","","0","1","0","0","0","Y","2253","1","2","0","1","1","0","0","2","0","2","N","","","","","","","","","","","","03","  ","","",""
"1321","1","0","0","0","0","0","0","0","0","4","0","","36","12","2018","2018130170","7","40.1421","-76.5665","1318","08","0","0","0","0","0","0","0","0","2","0","0","0","13","1","0","01","2","40 08:31.700","7","00","76 33:59.551","0","0","0","0","36225","0","0","0","N","0","0","0","4","36505","0","","1","01","N","N","0","","0","0","0","3","3","Y","1315","0","2","0","0","0","0","0","2","1","2","N","","","","","","","","","","","","03","  ","","",""
"1258","0","0","0","0","0","0","0","0","0","7","0","","36","12","2018","2018130208","5","40.228","-76.0877","1255","08","0","0","0","0","0","0","0","1","","0","0","0","12","1","1","00","0","40 13:40.964","","00","76 05:15.582","3","0","0","0","36210","0","0","0","N","0","0","0","1","36210","0","","5","01","N","N","1","","1","0","0","0","0","","1253","1","1","0","0","0","0","0","1","0","1","N","","","","","","","","","","","","03","  ","","",""
"1112","0","0","0","0","0","0","0","0","0","7","0","","36","11","2018","2018130236","5","39.9436","-76.2106","1109","08","0","0","0","0","1","0","0","0","","0","0","0","11","1","0","05","0","39 56:37.007","","00","76 12:38.078","0","0","0","0","36233","0","0","0","N","0","0","0","1","68J01","0","","4","07","N","N","0","","0","0","1","0","0","","1101","0","1","0","0","0","0","0","1","0","1","N","","","","","","","","","","","","10","  ","","",""
"1245","1","0","1","0","0","0","0","0","0","5","1","","36","11","2018","2018130238","5","40.1731","-75.9571","1158","08","0","0","0","0","0","0","1","0","","0","1","0","11","1","1","00","0","40 10:23.330","","00","75 57:25.564","2","0","0","0","36203","0","0","0","N","0","0","0","2","68T06","0","","1","07","N","N","0","","0","1","0","0","0","","1157","1","2","0","0","0","0","1","1","0","2","N","","","","","","","","","","","","10","  ","","",""
"0650","0","0","0","0","0","0","0","0","0","7","0","","36","11","2018","2018130241","6","40.1081","-75.9527","0613","08","0","0","0","0","0","0","0","0","3","0","0","0","06","2","0","00","1","40 06:29.288","1","00","75 57:09.770","0","0","0","0","36203","0","0","0","N","0","0","0","1","68J01","0","","5","07","N","N","1","","0","0","0","0","0","N","0600","0","1","0","0","0","0","0","1","0","1","N","","","","","","","","","","","","10","  ","","",""
"0929","0","0","0","0","0","0","0","0","0","4","0","","36","11","2018","2018130246","1","39.9803","-76.163","0919","08","0","0","0","0","0","0","0","1","3","0","0","0","09","1","0","01","2","39 58:49.236","5","00","76 09:46.622","0","0","0","0","36233","0","0","0","N","0","0","0","5","68J01","0","","1","01","N","N","0","","0","0","2","3","3","Y","0919","0","2","0","0","0","0","0","1","0","2","N","","","","","","","","","","","","03","  ","","",""
"0851","1","0","0","0","0","0","0","0","0","7","0","","36","11","2018","2018130257","6","39.7937","-76.0449","0842","08","0","0","1","0","0","0","0","0","2","0","0","0","08","1","0","00","2","39 47:37.254","6","03","76 02:41.700","0","0","0","0","36222","0","0","0","N","0","0","0","1","68J01","0","","5","01","N","N","0","","0","0","0","0","0","Y","0840","0","1","0","0","1","0","0","1","0","1","N","","","","","","","","","","","","03","  ","","",""
"1055","2","0","0","0","0","0","0","0","0","1","0","","36","11","2018","2018130261","1","40.2433","-76.1536","1044","08","0","0","2","0","0","0","1","0","1","0","0","0","10","1","0","00","1","40 14:36.000","4","00","76 09:12.900","0","0","0","0","36236","0","0","0","N","0","0","0","6","68T06","0","","1","01","N","N","0","","0","0","4","0","0","N","1044","0","6","0","0","0","0","0","1","0","6","N","","","","","","","","","","","","03","  ","","",""
"0736","1","0","0","0","0","0","0","0","0","0","0","","36","11","2018","2018130271","5","39.9282","-76.0705","0715","08","0","0","0","0","0","0","0","0","2","0","0","0","07","1","1","00","1","39 55:41.585","1","00","76 04:13.888","3","0","0","0","36201","0","0","0","N","0","0","0","3","68J01","0","","5","02","N","N","0","","1","0","0","0","0","N","0713","1","1","0","0","0","0","0","1","0","1","N","","","","","","","","","","","","98","  ","","",""
"0709","0","0","0","0","0","0","0","0","0","9","0","","36","11","2018","2018130275","6","40.2375","-76.2707","0641","08","0","0","0","0","0","0","0","1","","0","0","0","06","1","0","00","0","40 14:15.115","","00","76 16:14.414","0","0","0","0","36204","0","0","0","N","0","0","0","1","68T06","0","","1","01","N","N","1","","0","0","0","0","0","","0641","0","1","0","0","0","0","0","1","0","1","N","","","","","","","","","","","","03","  ","","",""
"2308","1","0","0","0","0","0","0","0","0","7","0","","36","11","2018","2018130277","6","40.1893","-76.3226","2247","08","0","1","0","0","0","0","0","0","","0","0","0","22","2","1","00","0","40 11:21.528","","00","76 19:21.320","3","0","0","0","36217","0","0","0","N","0","0","0","1","68J01","0","","2","01","N","N","0","","1","0","0","0","0","","2224","1","1","0","0","0","0","0","1","0","1","N","","","","","","","","","","","","03","  ","","",""
"2024","0","0","0","0","0","0","0","0","0","7","0","","36","12","2018","2018130426","7","40.1044","-76.3098","2021","08","0","0","0","0","0","0","0","0","","0","0","0","20","3","0","03","0","40 06:15.705","","00","76 18:35.349","0","0","0","0","36101","0","0","0","N","0","0","0","2","36101","0","","5","09","N","N","0","","0","0","1","0","0","","2015","0","1","0","0","0","0","0","3","0","1","N","","","","","","","","","","","","07","  ","","",""
"2037","3","0","0","0","0","0","0","0","0","1","0","","36","12","2018","2018130427","4","40.1055","-76.3338","2030","08","0","0","0","0","0","0","0","0","2","0","0","0","20","2","1","00","2","40 06:19.895","6","00","76 20:01.691","3","0","0","0","36101","0","0","0","N","0","0","0","1","36101","0","","1","01","N","N","0","","1","0","0","0","0","Y","2029","1","3","0","0","0","0","0","3","0","3","N","","","","","","","","","","","","03","  ","","",""
"1545","1","0","0","0","0","0","0","0","0","4","0","","36","12","2018","2018130441","5","40.1389","-76.2223","1540","08","0","0","0","0","0","1","0","0","2","0","0","0","15","1","0","01","1","40 08:20.182","1","03","76 13:20.414","0","0","0","0","36238","0","0","0","N","0","0","0","2","36238","0","","1","01","N","N","0","","0","0","1","3","3","Y","1539","0","2","0","0","0","0","0","3","0","2","N","","","","","","","","","","","","03","  ","","",""
"1941","1","0","0","0","0","0","0","0","0","4","0","","36","12","2018","2018130470","5","40.1885","-76.1819","1938","08","0","0","0","0","0","1","1","0","2","0","0","0","19","3","2","02","2","40 11:18.675","2","00","76 10:54.803","3","0","0","0","36408","0","0","0","N","0","0","0","4","36408","1","","1","01","N","N","0","","1","0","1","3","2","N","1937","2","2","0","0","1","0","0","2","0","2","N","","","","","","","","","","","","03","  ","","",""
"1846","0","0","0","0","0","0","0","0","0","2","0","","36","12","2018","2018130501","5","40.032","-76.4729","1844","08","0","0","0","0","0","0","0","0","2","0","0","0","18","3","1","00","1","40 01:55.156","3","07","76 28:22.510","8","0","0","0","36239","0","0","0","N","0","0","0","3","36239","0","","1","01","N","N","1","","0","0","1","0","0","N","1844","1","2","0","0","0","1","0","3","0","2","N","","","","","","","","","","","","03","  ","","",""
"1645","2","0","0","0","0","0","0","0","0","4","0","","36","12","2018","2018130536","7","40.0344","-76.0957","1630","08","0","0","0","0","0","0","0","0","","0","0","0","16","2","0","01","0","40 02:03.964","","00","76 05:44.435","0","0","0","0","36221","0","0","0","N","0","0","0","4","68J01","0","","1","09","N","N","0","","0","0","0","0","0","","1627","0","2","0","0","0","0","0","1","0","2","N","","","","","","","","","","","","07","  ","","",""
"1735","0","0","0","0","0","0","0","0","0","1","0","","36","12","2018","2018130559","1","","","1731","08","0","0","0","0","0","0","0","0","2","0","0","0","17","6","0","00","2","","3","00","","0","0","0","1","36413","0","0","0","N","0","0","0","2","36413","0","","1","09","N","N","0","","0","0","1","0","0","N","1735","0","2","0","0","0","0","0","2","0","2","N","","","","","","","","","","","","07","  ","","",""
"1457","1","0","0","0","0","0","0","0","0","1","0","","36","11","2018","2018130596","6","40.0699","-76.3133","1450","08","0","0","1","0","0","1","0","0","","0","0","0","14","1","0","00","0","40 04:11.685","","00","76 18:47.953","0","0","0","0","36101","0","0","0","N","0","0","0","4","36101","0","","1","01","N","N","1","","0","0","0","0","0","","1447","0","2","0","0","0","0","0","3","0","2","N","","","","","","","","","","","","03","  ","","",""
"0731","1","0","0","0","0","0","0","0","0","7","0","","36","12","2018","2018130597","4","40.0815","-76.3085","0727","08","0","0","0","0","0","0","0","0","3","0","0","0","07","1","0","00","2","40 04:53.212","2","00","76 18:30.655","0","0","0","0","36101","0","0","0","N","0","0","0","1","36101","0","","5","01","N","N","0","","0","0","0","0","0","Y","0724","0","1","0","0","0","0","0","3","0","1","N","","","","","","","","","","","","03","  ","","",""
"1244","0","0","0","0","0","0","0","0","0","1","0","","36","12","2018","2018130598","4","40.0643","-76.3381","1244","08","0","0","0","0","0","0","0","0","","0","0","0","12","1","0","00","0","40 03:51.493","","00","76 20:17.305","0","0","0","0","36101","0","0","0","N","0","0","0","2","36101","0","","1","01","N","N","0","","0","0","0","0","0","","1243","0","2","0","0","0","0","0","3","2","2","N","","","","","","","","","","","","03","  ","","",""
"1458","1","0","0","0","0","0","0","0","0","4","0","","36","12","2018","2018130606","3","40.1819","-76.3092","1454","08","0","0","0","0","0","0","0","1","","0","0","0","14","1","0","02","0","40 10:54.896","","00","76 18:33.163","0","0","0","0","36235","0","0","0","N","0","0","0","2","36506","0","","1","01","N","N","0","","0","0","1","0","0","","1454","0","2","0","0","0","0","0","1","0","2","N","","","","","","","","","","","","03","  ","","",""
"1509","1","0","0","0","0","0","0","0","0","8","0","","36","11","2018","2018130610","6","40.0334","-76.2938","1508","08","0","0","1","0","0","0","0","0","","0","0","0","14","1","1","01","0","40 02:00.319","","00","76 17:37.546","3","0","0","0","36301","1","0","0","N","1","0","0","2","36301","0","","1","09","N","Y","0","","1","0","0","3","3","","1452","1","2","0","0","0","0","0","3","0","1","N","","","","","","","","","","","","07","  ","","",""
"0905","1","0","0","0","0","0","0","0","0","7","0","","36","12","2018","2018130635","6","40.2459","-76.0846","0858","08","0","0","0","0","0","0","0","0","","0","0","0","08","1","0","00","0","40 14:45.276","","00","76 05:04.463","0","0","0","0","36210","0","0","0","N","0","0","0","1","36210","0","","5","01","N","N","0","","0","0","0","0","0","","0850","0","1","0","0","0","0","0","1","0","1","N","","","","","","","","","","","","03","  ","","",""
"1615","1","0","0","0","0","0","0","0","0","9","0","","36","12","2018","2018130682","3","40.2452","-76.1725","1606","08","0","0","0","0","0","1","0","0","","0","0","0","16","1","1","00","0","40 14:42.749","","00","76 10:20.990","3","0","0","0","36236","0","0","0","N","0","0","0","1","36408","0","","1","01","N","N","0","","1","0","0","0","0","","1606","1","1","0","0","0","0","0","1","0","1","N","","","","","","","","","","","","03","  ","","",""
"1956","1","0","0","0","0","0","0","0","0","7","0","","36","12","2018","2018130884","1","40.0883","-76.3794","1946","08","0","0","0","0","0","1","0","0","","0","0","0","19","2","0","00","0","40 05:17.737","","00","76 22:45.715","0","0","0","0","36214","0","0","0","N","0","0","0","1","36214","0","","5","09","N","N","0","","0","0","0","0","0","","1946","0","1","0","0","0","0","0","3","0","1","N","","","","","","","","","","","","07","  ","","",""
"1352","0","0","0","0","0","0","0","0","0","4","0","","36","12","2018","2018130885","3","40.0566","-76.3595","1351","08","0","0","0","1","0","0","0","1","","0","0","0","13","1","0","02","0","40 03:23.714","","00","76 21:34.022","0","0","0","0","36214","0","0","0","N","0","0","0","3","36214","0","","1","01","N","N","0","","0","0","2","3","3","","1348","0","2","0","0","0","0","0","3","0","2","N","","","","","","","","","","","","03","  ","","",""
"0035","1","0","0","0","0","0","0","0","0","7","0","","36","12","2018","2018130886","6","40.0854","-76.3732","0032","08","0","0","0","1","0","0","0","0","2","0","0","0","00","2","1","00","1","40 05:07.324","4","00","76 22:23.527","8","0","0","0","36214","0","0","0","N","0","0","0","1","36214","0","","2","01","N","N","0","","0","0","0","0","0","N","0031","1","1","0","0","1","1","0","3","0","1","N","","","","","","","","","","","","03","  ","","",""
"1416","0","0","0","0","0","0","0","0","0","7","0","","36","10","2018","2018130887","7","40.1001","-76.2392","1413","08","0","0","0","0","0","1","0","0","2","0","0","0","14","1","1","00","2","40 06:00.410","6","00","76 14:20.980","2","0","1","1","36234","0","0","0","N","0","0","0","1","36215","0","","2","01","N","N","0","","0","1","0","0","0","N","1411","1","1","0","0","0","0","0","1","0","1","N","","","","","","","","","","","","03","  ","","",""
"1712","1","0","0","0","0","0","0","0","0","4","0","","36","12","2018","2018130937","6","40.1115","-76.356","1708","08","0","0","0","0","0","1","0","1","2","0","0","0","17","2","1","02","1","40 06:41.494","7","00","76 21:21.712","4","0","0","0","36214","0","0","0","N","0","0","0","3","36214","1","","1","01","N","N","0","","0","0","1","3","3","N","1705","1","2","0","0","0","0","0","3","0","2","N","","","","","","","","","","","","03","  ","","",""
"2257","1","0","0","0","0","0","0","0","0","7","0","","36","12","2018","2018130958","3","40.2297","-76.1247","2254","08","0","0","0","0","1","0","0","0","","0","0","0","22","2","0","00","0","40 13:46.797","","00","76 07:28.750","0","0","0","0","36210","0","0","0","N","0","0","0","1","36210","0","","5","02","N","N","0","","0","0","0","0","0","","2253","0","1","0","0","0","0","0","1","0","1","N","","","","","","","","","","","","03","  ","","",""
"1543","1","0","0","0","0","0","0","0","0","7","0","","36","11","2018","2018130973","1","40.2347","-76.129","1536","08","0","0","0","0","0","0","0","0","3","0","0","0","15","1","0","00","1","40 14:04.788","4","00","76 07:44.365","0","0","0","0","36405","0","0","0","N","0","0","0","5","68T06","0","","2","01","N","N","0","","0","0","1","0","0","N","1535","0","2","0","0","0","0","0","1","0","2","N","","","","","","","","","","","","03","  ","","",""
"0447","1","0","0","0","0","0","0","0","0","0","0","","36","12","2018","2018131025","5","40.1656","-76.4029","0443","08","0","0","0","0","0","0","0","0","","0","0","0","01","2","0","00","0","40 09:56.144","","00","76 24:10.370","0","0","0","0","36211","0","0","0","N","0","0","0","1","36504","0","","5","01","N","N","0","","0","0","0","0","0","","0100","0","1","0","0","0","0","0","1","0","1","N","","","","","","","","","","","","03","  ","","",""