"ARRIVAL_TM","AUTOMOBILE_COUNT","BELTED_DEATH_COUNT","BELTED_SUSP_SERIOUS_INJ_COUNT","BICYCLE_COUNT","BICYCLE_DEATH_COUNT","BICYCLE_SUSP_SERIOUS_INJ_COUNT","BUS_COUNT","CHLDPAS_DEATH_COUNT","CHLDPAS_SUSP_SERIOUS_INJ_COUNT","COLLISION_TYPE","COMM_VEH_COUNT","CONS_ZONE_SPD_LIM","COUNTY","CRASH_MONTH","CRASH_YEAR","CRN","DAY_OF_WEEK","DEC_LAT","DEC_LONG","DISPATCH_TM","DISTRICT","DRIVER_COUNT_16YR","DRIVER_COUNT_17YR","DRIVER_COUNT_18YR","DRIVER_COUNT_19YR","DRIVER_COUNT_20YR","DRIVER_COUNT_50_64YR","DRIVER_COUNT_65_74YR","DRIVER_COUNT_75PLUS","EST_HRS_CLOSED","FATAL_COUNT","HEAVY_TRUCK_COUNT","HORSE_BUGGY_COUNT","HOUR_OF_DAY","ILLUMINATION","INJURY_COUNT","INTERSECT_TYPE","LANE_CLOSED","LATITUDE","LN_CLOSE_DIR","LOCATION_TYPE","LONGITUDE","MAX_SEVERITY_LEVEL","MCYCLE_DEATH_COUNT","MCYCLE_SUSP_SERIOUS_INJ_COUNT","MOTORCYCLE_COUNT","MUNICIPALITY","NONMOTR_COUNT","NONMOTR_DEATH_COUNT","NONMOTR_SUSP_SERIOUS_INJ_COUNT","NTFY_HIWY_MAINT","PED_COUNT","PED_DEATH_COUNT","PED_SUSP_SERIOUS_INJ_COUNT","PERSON_COUNT","POLICE_AGCY","POSSIBLE_INJ_COUNT","RDWY_SURF_TYPE_CD","RELATION_TO_ROAD","ROAD_CONDITION","SCH_BUS_IND","SCH_ZONE_IND","SMALL_TRUCK_COUNT","SPEC_JURIS_CD","SUSP_MINOR_INJ_COUNT","SUSP_SERIOUS_INJ_COUNT","SUV_COUNT","TCD_FUNC_CD","TCD_TYPE","TFC_DETOUR_IND","TIME_OF_DAY","TOT_INJ_COUNT","TOTAL_UNITS","UNB_DEATH_COUNT","UNB_SUSP_SERIOUS_INJ_COUNT","UNBELTED_OCC_COUNT","UNK_INJ_DEG_COUNT","UNK_INJ_PER_COUNT","URBAN_RURAL","VAN_COUNT","VEHICLE_COUNT","WORK_ZONE_IND","WORK_ZONE_LOC","WORK_ZONE_TYPE","WORKERS_PRES","WZ_CLOSE_DETOUR","WZ_FLAGGER","WZ_LAW_OFFCR_IND","WZ_LN_CLOSURE","WZ_MOVING","WZ_OTHER","WZ_SHLDER_MDN","ROADWAY_CLEARED","WEATHER1","WEATHER2","WZ_WORKERS_INJ_KILLED","SECONDARY_CRASH","INTERSECTION_RELATED"
"0036","1","0","0","0","0","0","0","0","0","7","0","","36","12","2018","2018131030","7","40.0465","-76.4389","0032","08","0","0","0","0","0","0","0","0","2","0","0","0","00","3","0","00","2","40 02:47.394","5","00","76 26:19.976","0","0","0","0","36414","0","0","0","N","0","0","0","1","36239","0","","5","01","N","N","0","","0","0","0","0","0","Y","0032","0","1","0","0","0","0","0","3","0","1","N","","","","","","","","","","","","03","  ","","",""
"2007","1","0","0","0","0","0","0","0","0","1","0","","36","11","2018","2018131091","1","39.9535","-76.2644","2005","08","0","0","0","0","0","0","0","0","","0","0","0","20","2","0","00","0","39 57:12.720","","00","76 15:52.003","0","0","0","0","36228","0","0","0","N","0","0","0","2","36503","0","","2","01","N","N","1","","0","0","0","0","0","","2000","0","2","0","0","0","0","0","1","0","2","N","","","","","","","","","","","","03","  ","","",""
"1354","2","0","0","0","0","0","0","0","0","2","0","","36","12","2018","2018131159","3","40.039","-76.5105","1351","08","0","0","0","0","0","0","1","0","","0","0","0","13","1","2","01","0","40 02:20.317","","00","76 30:37.949","3","0","0","0","36404","0","0","0","N","0","0","0","4","36404","0","","1","01","N","N","0","","2","0","0","3","2","","1350","2","2","0","0","0","0","0","3","0","2","N","","","","","","","","","","","","03","  ","","",""
"1903","2","0","0","0","0","0","0","0","0","2","0","","36","12","2018","2018131162","3","40.1665","-76.0518","1901","08","0","0","0","0","0","1","0","0","3","1","0","0","18","2","1","00","2","40 09:59.491","5","00","76 03:06.483","1","0","0","0","36213","0","0","0","N","0","0","0","2","36213","0","2","1","01","N","N","0","0","1","0","0","0","0","Y","1857","1","2","1","0","1","0","0","1","0","2","N","","","","","","","","","","","","03","  ","","",""
"1654","2","0","0","0","0","0","0","0","0","4","0","","36","12","2018","2018131197","7","40.1812","-76.1818","1654","08","0","0","0","0","0","0","0","1","1","0","0","0","16","3","0","00","1","40 10:52.168","4","00","76 10:54.325","0","0","0","0","36408","0","0","0","N","0","0","0","1","36408","0","","4","01","N","N","0","","0","0","0","0","0","N","1653","0","2","0","0","0","0","0","2","0","2","N","","","","","","","","","","","","03","  ","","",""
"1905","1","0","0","0","0","0","0","0","0","7","0","","36","12","2018","2018131237","6","40.0216","-76.27","1901","08","0","0","0","0","0","0","0","0","3","0","0","0","18","2","2","00","2","40 01:17.855","6","00","76 16:11.960","2","0","0","0","36240","0","0","0","N","0","0","0","3","36240","0","","5","01","N","N","0","","1","1","0","0","0","Y","1859","2","1","0","0","2","0","0","1","0","1","N","","","","","","","","","","","","03","  ","","",""
"2257","3","0","0","0","0","0","0","0","0","4","0","","36","11","2018","2018131241","7","40.0382","-76.3235","2251","08","0","0","0","0","0","0","1","0","","0","0","0","22","3","1","01","0","40 02:17.653","","00","76 19:24.603","4","0","0","0","36301","0","0","0","N","0","0","0","5","36301","1","","1","01","N","N","0","","0","0","0","3","2","","2250","1","3","0","0","0","0","0","3","0","3","N","","","","","","","","","","","","03","  ","","",""
"2343","1","0","0","0","0","0","0","0","0","7","0","","36","12","2018","2018131247","6","40.0144","-76.2761","2337","08","0","0","0","0","0","0","0","0","2","0","0","0","23","2","1","00","2","40 00:51.663","5","00","76 16:33.783","4","0","0","0","36240","0","0","0","N","0","0","0","1","36240","1","","5","01","N","N","0","","0","0","0","0","0","Y","2330","1","1","0","0","0","0","0","1","0","1","N","","","","","","","","","","","","03","  ","","",""
"1710","1","0","0","0","0","0","0","0","0","5","0","","36","12","2018","2018131316","3","40.0608","-76.2787","1705","08","0","0","0","0","0","1","0","0","4","0","0","0","17","4","0","00","2","40 03:38.704","3","02","76 16:43.253","0","0","0","0","36101","0","0","0","N","0","0","0","1","36101","0","","1","01","N","N","0","","0","0","1","0","0","Y","1700","0","2","0","0","0","0","0","3","0","2","N","","","","","","","","","","","","03","  ","","",""
"1740","1","0","0","0","0","0","0","0","0","1","0","","36","12","2018","2018131317","6","40.0626","-76.3422","1734","08","0","0","1","0","0","0","0","0","2","0","0","0","17","2","0","00","1","40 03:45.484","3","00","76 20:31.929","0","0","0","0","36101","0","0","0","N","0","0","0","4","36101","0","","1","01","N","N","0","","0","0","3","0","0","N","1731","0","4","0","0","0","0","0","3","0","4","N","","","","","","","","","","","","03","  ","","",""
"1241","2","0","0","0","0","0","0","0","0","1","0","","36","12","2018","2018131323","7","40.1369","-76.3823","1231","08","1","0","0","0","0","0","0","0","1","0","0","0","12","1","0","02","1","40 08:12.891","2","00","76 22:56.389","0","0","0","0","36227","0","0","0","N","0","0","0","4","36506","0","","1","01","N","N","0","","0","0","0","3","2","N","1231","0","2","0","0","1","0","0","1","0","2","N","","","","","","","","","","","","03","  ","","",""
"1153","1","0","0","0","0","0","0","0","0","5","1","","36","12","2018","2018131326","6","40.128","-76.3049","1152","08","0","0","0","0","0","0","1","0","","0","1","0","11","1","0","00","0","40 07:40.823","","00","76 18:17.810","0","0","0","0","36235","0","0","0","N","0","0","0","2","36506","0","","1","01","N","N","0","","0","0","0","0","0","","1152","0","2","0","0","0","0","0","1","0","2","N","","","","","","","","","","","","03","  ","","",""
"1149","1","0","0","0","0","0","0","0","0","4","0","","36","12","2018","2018131357","7","","","1149","08","0","0","0","0","0","0","1","0","1","0","0","0","11","1","1","01","1","","1","00","","3","0","0","0","36301","0","0","0","N","0","0","0","3","36301","0","","1","01","N","N","0","","1","0","1","3","3","N","1145","1","2","0","0","0","0","0","3","0","2","N","","","","","","","","","","","","03","  ","","",""
"1038","2","0","0","0","0","0","0","0","0","4","0","","36","11","2018","2018131364","1","40.0469","-76.3118","1035","08","0","0","0","0","0","1","0","0","1","0","0","0","10","1","0","00","1","40 02:48.821","1","00","76 18:42.565","0","0","0","0","36301","0","0","0","N","0","0","0","1","36301","0","","2","01","N","N","0","","0","0","0","0","0","N","1035","0","2","0","0","0","0","0","3","0","2","N","","","","","","","","","","","","03","  ","","",""
"0830","0","0","0","0","0","0","0","0","0","6","0","","36","11","2018","2018131372","1","40.047","-76.3121","0814","08","0","0","0","0","0","0","0","0","1","0","0","0","08","1","1","01","1","40 02:49.253","4","00","76 18:43.447","8","0","0","0","36301","0","0","0","N","0","0","0","2","36301","0","","1","01","N","N","1","","0","0","1","3","2","Y","0814","1","2","0","0","0","1","0","3","0","2","N","","","","","","","","","","","","03","  ","","",""
"1710","2","0","0","0","0","0","0","0","0","2","0","","36","12","2018","2018131390","2","40.1331","-76.5796","1701","08","0","0","0","0","0","2","0","0","1","0","0","0","17","2","2","00","2","40 07:59.020","6","00","76 34:46.426","8","0","0","0","36237","0","0","0","N","0","0","0","2","36505","0","","1","01","N","N","0","","0","0","0","0","0","Y","1700","2","2","0","0","0","2","0","1","0","2","N","","","","","","","","","","","","03","  ","","",""
"1736","1","0","0","0","0","0","0","0","0","2","0","","36","11","2018","2018131391","2","40.0593","-76.3189","1719","08","0","0","0","0","0","2","0","0","1","0","0","0","17","4","0","00","1","40 03:33.366","6","00","76 19:08.075","0","0","0","0","36301","0","0","0","N","0","0","0","2","36301","0","","1","01","N","N","0","","0","0","1","0","0","N","1719","0","2","0","0","0","0","0","3","0","2","N","","","","","","","","","","","","03","  ","","",""
"1620","0","0","0","0","0","0","0","0","0","9","0","","36","12","2018","2018131436","7","40.1758","-75.9854","1609","08","0","0","0","0","0","0","0","0","","0","0","0","16","1","0","00","0","40 10:32.770","","00","75 59:07.357","0","0","0","0","36202","0","0","0","N","0","0","0","4","68T06","0","","1","01","N","N","0","","0","0","1","0","0","","1605","0","1","0","0","0","0","0","1","0","1","N","","","","","","","","","","","","03","  ","","",""
"0601","1","0","0","0","0","0","0","0","0","7","0","","36","12","2018","2018131438","6","","","0555","08","0","1","0","0","0","0","0","0","2","0","0","0","05","2","2","00","1","","1","00","","8","0","0","0","36238","0","0","0","Y","0","0","0","4","36238","0","","3","01","N","N","0","","0","0","0","0","0","N","0553","2","1","0","0","0","2","0","3","0","1","N","","","","","","","","","","","","03","  ","","",""
"1511","0","0","0","0","0","0","0","0","0","8","0","","36","11","2018","2018131448","5","40.0338","-76.3011","1511","08","0","0","0","0","0","1","0","0","","0","0","0","15","1","1","01","0","40 02:01.547","","00","76 18:03.895","3","0","0","0","36301","1","0","0","N","1","0","0","2","36301","0","","1","01","N","Y","0","","1","0","1","3","2","","1511","1","2","0","0","0","0","0","3","0","1","N","","","","","","","","","","","","03","  ","","",""
"1535","2","0","0","0","0","0","0","0","0","4","0","","36","12","2018","2018131476","6","40.1919","-76.1765","1530","08","0","0","1","0","0","1","0","0","","0","0","0","15","1","0","01","0","40 11:30.663","","00","76 10:35.439","0","0","0","0","36218","0","0","0","N","0","0","0","3","36408","0","","1","01","N","N","0","","0","0","0","3","2","","1528","0","2","0","0","0","0","0","1","0","2","N","","","","","","","","","","","","03","  ","","",""
"0943","0","0","0","0","0","0","0","0","0","4","0","","36","12","2018","2018131485","6","40.0719","-76.3904","0837","08","0","0","0","0","0","0","1","0","2","0","0","0","08","1","2","01","1","40 04:18.681","1","00","76 23:25.274","3","0","0","0","36214","0","0","0","N","0","0","0","3","36214","0","","1","01","N","N","1","","2","0","1","3","2","N","0835","2","2","0","0","0","0","0","3","0","2","N","","","","","","","","","","","","03","  ","","",""
"1205","2","0","0","0","0","0","0","0","0","1","0","","36","12","2018","2018131486","7","40.0619","-76.3449","1158","08","0","0","0","0","0","0","0","0","","0","0","0","11","1","0","00","0","40 03:42.689","","00","76 20:41.733","0","0","0","0","36214","0","0","0","N","0","0","0","5","36214","0","","1","01","N","N","0","","0","0","0","0","0","","1155","0","2","0","0","0","0","0","3","0","2","N","","","","","","","","","","","","03","  ","","",""
"1411","0","0","0","0","0","0","0","0","0","4","0","","36","12","2018","2018131487","7","40.1233","-76.3753","1401","08","0","0","0","0","0","0","0","0","2","0","0","0","14","1","1","01","1","40 07:23.702","5","00","76 22:31.147","3","0","0","0","36214","0","0","0","N","0","0","0","6","36214","0","","1","01","N","N","0","","1","0","1","0","0","Y","1401","1","2","0","0","0","0","0","3","1","2","N","","","","","","","","","","","","03","  ","","",""
"2154","2","0","0","0","0","0","0","0","0","6","0","","36","12","2018","2018131505","6","40.1385","-76.3032","2150","08","0","0","0","0","0","0","1","0","1","0","0","0","21","3","1","00","1","40 08:18.520","1","00","76 18:11.393","8","0","0","0","36235","0","0","0","N","0","0","0","2","36506","0","","1","01","N","N","0","","0","0","0","0","0","N","2150","1","2","0","0","0","1","0","1","0","2","N","","","","","","","","","","","","03","  ","","",""
"2048","0","0","0","0","0","0","0","0","0","7","0","","36","11","2018","2018131544","6","40.0383","-76.2969","2044","08","0","0","0","0","0","1","0","0","","0","0","0","20","3","0","03","0","40 02:17.962","","00","76 17:48.984","0","0","0","0","36301","0","0","0","N","0","0","0","1","36301","0","","5","01","N","N","0","","0","0","0","0","0","","2044","0","1","0","0","0","0","0","3","1","1","N","","","","","","","","","","","","03","  ","","",""
"0011","3","0","0","0","0","0","0","0","0","4","0","","36","12","2018","2018131549","7","40.032","-76.304","0000","08","0","0","0","0","1","0","0","0","1","0","0","0","23","3","0","02","1","40 01:55.365","1","00","76 18:14.349","0","0","0","0","36301","0","0","0","N","0","0","0","1","36301","0","","2","02","","","0","","0","0","0","3","3","N","2358","0","3","0","0","0","0","0","3","0","3","N","","","","","","","","","","","","03","  ","","",""
"0035","1","0","0","0","0","0","0","0","0","7","0","","36","12","2018","2018131553","1","40.2191","-76.3544","0026","08","0","0","0","0","0","0","0","0","2","0","0","0","00","2","1","01","1","40 13:08.608","5","00","76 21:15.663","8","0","0","0","36227","0","0","0","N","0","0","0","1","36506","0","","5","01","N","N","0","","0","0","0","0","0","N","0026","1","1","0","0","0","1","0","1","0","1","N","","","","","","","","","","","","03","  ","","",""
"0753","2","0","0","0","0","0","0","0","0","1","0","","36","12","2018","2018131579","5","40.1518","-76.2448","0746","08","0","0","0","0","0","0","0","0","","0","0","0","07","1","0","00","0","40 09:06.473","","00","76 14:41.398","0","0","0","0","36235","0","0","0","N","0","0","0","4","36506","0","","1","01","N","N","0","","0","0","0","0","0","","0746","0","2","0","0","0","0","0","1","0","2","N","","","","","","","","","","","","03","  ","","",""
"1935","1","0","0","0","0","0","0","0","0","1","0","","36","11","2018","2018131595","5","40.0903","-76.3803","1930","08","0","0","0","0","0","1","1","0","2","0","0","0","19","2","3","00","1","40 05:24.957","2","00","76 22:49.125","3","0","0","0","36214","0","0","0","N","0","0","0","4","36214","0","","1","01","N","N","0","","3","0","1","0","0","Y","1930","3","2","0","0","0","0","0","3","0","2","N","","","","","","","","","","","","03","  ","","",""
"1042","1","0","0","0","0","0","0","0","0","1","0","","36","12","2018","2018131638","5","40.1694","-76.1978","1039","08","0","0","0","0","0","0","0","1","1","0","0","0","10","1","0","02","1","40 10:09.748","1","00","76 11:51.952","0","0","0","0","36408","0","0","0","N","0","0","0","2","36408","0","","1","01","N","N","1","","0","0","0","3","2","N","1039","0","2","0","0","0","0","0","2","0","2","N","","","","","","","","","","","","03","  ","","",""
"0740","1","0","0","0","0","0","0","0","0","4","0","","36","12","2018","2018131731","2","40.0477","-76.4215","0735","08","0","0","0","0","0","1","0","0","2","0","0","0","07","1","0","01","1","40 02:51.589","7","00","76 25:17.326","0","0","0","0","36239","0","0","0","N","0","0","0","2","36239","0","","1","01","N","N","0","","0","0","1","3","2","N","0732","0","2","0","0","0","0","0","3","0","2","N","","","","","","","","","","","","03","  ","","",""
"2039","2","0","0","0","0","0","0","0","0","1","0","","36","12","2018","2018131807","1","40.0211","-76.3355","2035","08","0","0","0","0","0","0","0","0","2","0","0","0","20","2","0","00","2","40 01:16.126","4","00","76 20:07.786","0","0","0","0","36220","0","0","0","N","0","0","0","3","36101","0","","1","01","N","N","0","","0","0","0","0","0","N","2033","0","2","0","0","0","0","0","3","0","2","N","","","","","","","","","","","","03","  ","","",""
"2132","1","0","1","0","0","0","0","0","0","2","0","","36","11","2018","2018131918","5","40.0396","-76.2136","2132","08","0","0","0","0","0","0","1","0","2","0","0","0","21","2","2","00","2","40 02:22.717","4","00","76 12:48.802","2","0","0","0","36215","0","0","0","N","0","0","0","2","36215","1","","1","01","N","N","1","","0","1","0","0","0","N","2127","2","2","0","0","0","0","0","1","0","2","N","","","","","","","","","","","","03","  ","","",""
"2233","1","0","0","0","0","0","0","0","0","7","0","","36","12","2018","2018131935","7","40.1389","-76.2223","2229","08","0","0","0","0","1","0","0","0","","0","0","0","22","2","0","01","0","40 08:20.182","","00","76 13:20.414","0","0","0","0","36238","0","0","0","N","0","0","0","2","36238","0","","5","09","N","N","0","","0","0","0","3","3","N","2229","0","1","0","0","0","0","0","3","0","1","N","","","","","","","","","","","","07","  ","","",""
"1458","0","0","0","0","0","0","1","0","0","8","1","","36","12","2018","2018131938","2","40.0324","-76.5031","1457","08","0","0","0","0","0","1","0","0","1","0","0","0","14","1","1","01","2","40 01:56.546","5","00","76 30:11.145","2","0","0","0","36404","1","0","1","N","1","0","1","4","36404","0","","1","01","Y","N","0","","0","1","0","0","0","Y","1455","1","2","0","0","0","0","0","3","0","1","N","","","","","","","","","","","","03","  ","","",""
"1602","2","0","0","0","0","0","0","0","0","4","0","","36","12","2018","2018131942","2","40.1317","-76.2175","1555","08","0","0","0","0","0","1","0","0","1","0","0","0","15","1","1","00","1","40 07:54.280","4","00","76 13:03.159","3","0","0","0","36238","0","0","0","N","0","0","0","2","36238","0","","1","01","N","N","0","","1","0","0","0","0","Y","1555","1","2","0","0","0","0","0","3","0","2","N","","","","","","","","","","","","03","  ","","",""
"0835","2","0","0","0","0","0","0","0","0","4","0","","36","12","2018","2018131970","3","40.048","-76.3055","0815","08","0","0","0","0","0","0","0","0","","0","0","0","08","1","0","01","0","40 02:52.652","","00","76 18:19.882","0","0","0","0","36301","0","0","0","N","0","0","0","2","36301","0","","1","01","N","N","0","","0","0","0","3","2","","0815","0","2","0","0","0","0","0","3","0","2","N","","","","","","","","","","","","03","  ","","",""
"0746","2","0","0","0","0","0","0","0","0","4","0","","36","12","2018","2018131977","3","40.0402","-76.3152","0743","08","0","0","0","0","0","0","0","0","1","0","0","0","07","1","2","01","1","40 02:24.734","3","00","76 18:54.712","3","0","0","0","36301","0","0","0","N","0","0","0","4","36301","1","","1","01","N","N","0","","1","0","0","3","3","N","0743","2","2","0","0","0","0","0","3","0","2","N","","","","","","","","","","","","03","  ","","",""
"0823","1","0","0","0","0","0","0","0","0","8","0","","36","12","2018","2018132024","3","40.0302","-76.293","0823","08","0","0","0","0","0","1","0","0","","0","0","0","08","1","2","01","0","40 01:48.723","","00","76 17:34.850","3","0","0","0","36301","2","0","0","N","2","0","0","3","36301","0","","1","01","N","N","0","","2","0","0","3","3","","0820","2","3","0","0","0","0","0","3","0","1","N","","","","","","","","","","","","03","  ","","",""
"0826","2","0","0","0","0","0","0","0","0","1","0","99","36","12","2018","2018132035","3","40.2196","-76.081","0819","08","0","0","0","0","1","0","0","0","1","0","0","0","08","1","0","00","2","40 13:10.499","2","00","76 04:51.441","0","0","0","0","36210","0","0","0","N","0","0","0","2","36210","0","","1","01","N","N","0","","0","0","0","0","0","N","0815","0","2","0","0","0","0","0","1","0","2","Y","8","8","U","","","N","","","","","","03","  ","","",""
"1743","0","0","0","0","0","0","0","0","0","4","0","","36","10","2018","2018132058","5","40.0384","-76.0825","1714","08","0","1","0","0","0","0","0","0","1","0","0","0","17","1","0","02","1","40 02:18.306","3","00","76 04:57.152","0","0","0","0","36221","0","0","0","N","0","0","0","2","68J01","0","","1","01","N","N","0","","0","0","1","0","0","N","1702","0","2","0","0","0","0","0","1","0","2","N","","","","","","","","","","","","03","  ","","",""
"1221","0","0","0","0","0","0","0","0","0","4","0","","36","11","2018","2018132104","2","40.1943","-76.0174","1210","08","0","0","0","0","0","0","0","1","","0","0","0","12","1","0","00","0","40 11:39.315","","00","76 01:02.477","0","0","0","0","36202","0","0","0","N","0","0","0","1","68J01","0","","4","08","N","N","1","","0","0","1","0","0","","1207","0","2","0","0","0","0","0","1","0","2","N","","","","","","","","","","","","07","  ","","",""
"0704","0","0","0","0","0","0","0","0","0","7","0","","36","11","2018","2018132120","6","39.8535","-76.2876","0630","08","0","0","0","0","0","0","0","0","2","0","0","0","06","3","0","00","2","39 51:12.774","6","00","76 17:15.290","0","0","0","0","36224","0","0","0","N","0","0","0","1","68J01","0","","5","01","N","N","1","","0","0","0","0","0","Y","0623","0","1","0","0","0","0","0","1","0","1","N","","","","","","","","","","","","03","  ","","",""
"1546","1","0","0","0","0","0","0","0","0","2","0","","36","12","2018","2018132140","3","39.9916","-76.0176","1521","08","0","0","0","0","0","0","2","0","","0","0","0","14","1","0","00","0","39 59:29.903","","00","76 01:03.260","0","0","0","0","36232","0","0","0","N","0","0","0","5","68J01","0","","1","01","N","N","1","","0","0","1","3","2","","1447","0","4","0","0","0","0","0","1","1","4","N","","","","","","","","","","","","03","  ","","",""
"2257","1","0","0","0","0","0","0","0","0","1","0","","36","12","2018","2018132165","6","39.9133","-76.2437","2239","08","0","0","0","0","0","0","0","0","","0","0","0","22","2","0","00","0","39 54:47.947","","00","76 14:37.186","0","0","0","0","36229","0","0","0","N","0","0","0","2","68J01","0","","1","01","N","N","0","","0","0","1","0","0","","2236","0","2","0","0","0","0","0","1","0","2","N","","","","","","","","","","","","03","  ","","",""
"0042","1","0","0","0","0","0","0","0","0","1","1","","36","12","2018","2018132167","7","40.2195","-76.0857","0039","08","0","0","0","0","0","0","1","0","2","0","1","0","00","2","0","00","1","40 13:10.233","3","00","76 05:08.508","0","0","0","0","36210","0","0","0","N","0","0","0","4","68T06","0","","1","01","N","N","0","","0","0","0","0","0","N","0035","0","2","0","0","0","0","0","1","0","2","N","","","","","","","","","","","","03","  ","","",""
"1741","1","0","0","0","0","0","0","0","0","4","0","","36","12","2018","2018132172","7","39.9933","-76.029","1736","08","0","0","0","0","1","0","1","0","","0","0","0","17","2","0","01","0","39 59:35.937","","00","76 01:44.572","0","0","0","0","36232","0","0","0","N","0","0","0","5","68J01","0","","1","01","N","N","1","","0","0","0","9","2","","1734","0","2","0","0","0","0","0","1","0","2","N","","","","","","","","","","","","03","  ","","",""
"2234","1","0","0","0","0","0","0","0","0","2","0","","36","12","2018","2018132260","7","40.04","-76.2867","2227","08","0","0","0","1","0","1","0","0","2","0","0","0","22","3","2","00","2","40 02:23.850","3","00","76 17:12.107","3","0","0","0","36220","0","0","0","N","0","0","0","4","36101","0","","1","09","N","N","0","","2","0","2","0","0","Y","2223","2","3","0","0","0","0","0","3","0","3","N","","","","","","","","","","","","07","  ","","",""
"1627","0","0","0","0","0","0","0","0","0","1","0","","36","12","2018","2018132261","5","40.106","-76.3288","1614","08","0","0","0","0","0","0","0","0","2","0","0","0","16","1","1","00","1","40 06:21.672","4","00","76 19:43.505","3","0","0","0","36101","0","0","0","N","0","0","0","2","36101","0","","1","01","N","N","0","","1","0","1","0","0","N","1614","1","2","0","0","0","0","0","3","1","2","N","","","","","","","","","","","","03","  ","","",""
"0239","1","0","0","0","0","0","0","0","0","0","0","","36","12","2018","2018132262","6","40.0631","-76.3391","0239","08","0","0","0","0","0","0","0","0","","0","0","0","02","3","0","01","0","40 03:47.262","","00","76 20:20.880","0","0","0","0","36101","0","0","0","N","0","0","0","1","36101","0","","1","01","N","N","0","","0","0","0","3","2","","0200","0","1","0","0","0","0","0","3","0","1","N","","","","","","","","","","","","03","  ","","",""
"0750","1","0","0","0","0","0","0","0","0","1","0","","36","12","2018","2018132263","2","40.0705","-76.3188","0743","08","0","0","0","0","0","1","0","0","1","0","0","0","07","1","1","10","1","40 04:13.890","3","00","76 19:07.800","3","0","0","0","36101","0","0","0","N","0","0","0","2","36101","0","","1","01","N","N","0","","1","0","1","0","0","N","0740","1","2","0","0","0","0","0","3","0","2","N","","","","","","","","","","","","03","  ","","",""
"1355","1","0","0","0","0","0","0","0","0","1","0","","36","12","2018","2018132264","2","40.0579","-76.2807","1349","08","0","1","0","0","0","0","0","0","","0","0","0","13","1","0","00","0","40 03:28.603","","00","76 16:50.650","0","0","0","0","36101","0","0","0","N","0","0","0","4","36101","0","","1","01","N","N","0","","0","0","1","0","0","","1337","0","2","0","0","0","0","0","3","0","2","N","","","","","","","","","","","","03","  ","","",""
"0634","1","0","0","0","0","0","0","0","0","1","0","","36","12","2018","2018132266","3","40.0884","-76.3806","0631","08","0","0","0","0","0","1","1","0","1","0","0","0","06","3","1","01","2","40 05:18.375","5","03","76 22:50.176","3","0","0","0","36214","0","0","0","N","0","0","0","2","36214","0","","1","01","N","N","0","","1","0","1","3","2","Y","0628","1","2","0","0","0","0","0","3","0","2","N","","","","","","","","","","","","03","  ","","",""
"1620","0","0","0","0","0","0","0","0","0","1","0","","36","12","2018","2018132267","1","40.0309","-76.2357","1613","08","0","1","0","0","0","1","0","0","1","0","0","0","16","1","2","00","2","40 01:51.401","4","00","76 14:08.386","3","0","0","0","36215","0","0","0","N","0","0","0","5","36215","0","","1","01","N","N","0","","2","0","3","0","0","N","1613","2","3","0","0","0","0","0","1","0","3","N","","","","","","","","","","","","03","  ","","",""
"1651","1","0","0","0","0","0","0","0","0","4","0","","36","12","2018","2018132268","6","40.0325","-76.245","1645","08","0","0","0","0","0","1","0","0","2","0","0","0","16","3","0","00","1","40 01:56.865","2","00","76 14:42.108","0","0","0","0","36215","0","0","0","N","0","0","0","2","36215","0","","1","01","N","N","1","","0","0","0","3","3","N","1645","0","2","0","0","0","0","0","1","0","2","N","","","","","","","","","","","","03","  ","","",""
"1108","1","0","0","0","0","0","0","0","0","4","0","","36","11","2018","2018132269","6","40.1618","-76.393","1107","08","0","0","0","0","0","0","1","1","2","1","0","0","11","1","0","01","2","40 09:42.560","2","00","76 23:34.873","1","0","0","0","36410","0","0","0","N","0","0","0","2","36410","0","2","1","01","N","N","0","0","0","0","1","3","2","N","1106","0","2","1","0","1","0","0","2","0","2","N","","","","","","","","","","","","03","  ","","",""
"0234","1","0","0","0","0","0","0","0","0","7","0","","36","12","2018","2018132270","1","40.0731","-76.4845","0218","08","0","0","0","0","0","0","0","0","","0","0","0","02","2","0","02","0","40 04:23.080","","00","76 29:04.135","9","0","0","0","36230","0","0","0","N","0","0","0","1","36410","0","","4","09","N","N","0","","0","0","0","3","3","","0215","0","1","0","0","0","0","1","1","0","1","N","","","","","","","","","","","","07","05","","",""
"1517","1","0","0","0","0","0","0","0","0","7","0","","36","12","2018","2018132271","1","40.0724","-76.5023","1505","08","0","0","0","0","0","1","0","0","2","0","0","0","15","1","0","00","2","40 04:20.630","5","00","76 30:08.380","0","0","0","0","36230","0","0","0","N","0","0","0","1","36410","0","","5","09","N","N","0","","0","0","0","0","0","N","1505","0","1","0","0","0","0","0","1","0","1","N","","","","","","","","","","","","03","  ","","",""