"ARRIVAL_TM","AUTOMOBILE_COUNT","BELTED_DEATH_COUNT","BELTED_SUSP_SERIOUS_INJ_COUNT","BICYCLE_COUNT","BICYCLE_DEATH_COUNT","BICYCLE_SUSP_SERIOUS_INJ_COUNT","BUS_COUNT","CHLDPAS_DEATH_COUNT","CHLDPAS_SUSP_SERIOUS_INJ_COUNT","COLLISION_TYPE","COMM_VEH_COUNT","CONS_ZONE_SPD_LIM","COUNTY","CRASH_MONTH","CRASH_YEAR","CRN","DAY_OF_WEEK","DEC_LAT","DEC_LONG","DISPATCH_TM","DISTRICT","DRIVER_COUNT_16YR","DRIVER_COUNT_17YR","DRIVER_COUNT_18YR","DRIVER_COUNT_19YR","DRIVER_COUNT_20YR","DRIVER_COUNT_50_64YR","DRIVER_COUNT_65_74YR","DRIVER_COUNT_75PLUS","EST_HRS_CLOSED","FATAL_COUNT","HEAVY_TRUCK_COUNT","HORSE_BUGGY_COUNT","HOUR_OF_DAY","ILLUMINATION","INJURY_COUNT","INTERSECT_TYPE","LANE_CLOSED","LATITUDE","LN_CLOSE_DIR","LOCATION_TYPE","LONGITUDE","MAX_SEVERITY_LEVEL","MCYCLE_DEATH_COUNT","MCYCLE_SUSP_SERIOUS_INJ_COUNT","MOTORCYCLE_COUNT","MUNICIPALITY","NONMOTR_COUNT","NONMOTR_DEATH_COUNT","NONMOTR_SUSP_SERIOUS_INJ_COUNT","NTFY_HIWY_MAINT","PED_COUNT","PED_DEATH_COUNT","PED_SUSP_SERIOUS_INJ_COUNT","PERSON_COUNT","POLICE_AGCY","POSSIBLE_INJ_COUNT","RDWY_SURF_TYPE_CD","RELATION_TO_ROAD","ROAD_CONDITION","SCH_BUS_IND","SCH_ZONE_IND","SMALL_TRUCK_COUNT","SPEC_JURIS_CD","SUSP_MINOR_INJ_COUNT","SUSP_SERIOUS_INJ_COUNT","SUV_COUNT","TCD_FUNC_CD","TCD_TYPE","TFC_DETOUR_IND","TIME_OF_DAY","TOT_INJ_COUNT","TOTAL_UNITS","UNB_DEATH_COUNT","UNB_SUSP_SERIOUS_INJ_COUNT","UNBELTED_OCC_COUNT","UNK_INJ_DEG_COUNT","UNK_INJ_PER_COUNT","URBAN_RURAL","VAN_COUNT","VEHICLE_COUNT","WORK_ZONE_IND","WORK_ZONE_LOC","WORK_ZONE_TYPE","WORKERS_PRES","WZ_CLOSE_DETOUR","WZ_FLAGGER","WZ_LAW_OFFCR_IND","WZ_LN_CLOSURE","WZ_MOVING","WZ_OTHER","WZ_SHLDER_MDN","ROADWAY_CLEARED","WEATHER1","WEATHER2","WZ_WORKERS_INJ_KILLED","SECONDARY_CRASH","INTERSECTION_RELATED"
"1648","1","0","0","0","0","0","0","0","0","6","0","","36","12","2018","2018132272","1","40.2141","-76.4308","1637","08","0","0","0","0","0","0","0","0","1","0","0","0","16","2","0","00","1","40 12:50.821","2","00","76 25:50.992","0","0","0","0","36230","0","0","0","N","0","0","0","2","36410","0","","1","09","N","N","0","","0","0","1","0","0","N","1635","0","2","0","0","0","0","0","1","0","2","N","","","","","","","","","","","","03","  ","","",""
"1119","2","0","0","0","0","0","0","0","0","4","0","","36","12","2018","2018132273","2","40.2203","-76.4404","1111","08","0","0","0","0","0","0","0","2","1","0","0","0","11","1","2","01","2","40 13:12.958","5","00","76 26:25.539","4","0","0","0","36230","0","0","0","N","0","0","0","2","36410","2","","1","01","N","N","0","","0","0","0","3","3","N","1111","2","2","0","0","0","0","0","1","0","2","N","","","","","","","","","","","","03","  ","","",""
"1125","0","0","0","0","0","0","0","0","0","0","0","","36","12","2018","2018132274","6","40.1188","-76.4247","1120","08","0","0","1","0","0","0","0","0","","0","0","0","11","1","1","00","0","40 07:07.730","","00","76 25:29.050","8","0","0","0","36230","0","0","0","N","0","0","0","2","36410","0","","2","01","N","N","0","","0","0","1","0","0","","1120","1","1","0","0","0","1","0","1","0","1","N","","","","","","","","","","","","03","  ","","",""
"1734","0","0","0","0","0","0","0","0","0","9","0","","36","12","2018","2018132275","7","40.1933","-76.4157","1723","08","0","0","0","0","0","0","1","0","","0","0","0","17","2","0","00","0","40 11:35.840","","00","76 24:56.667","0","0","0","0","36230","0","0","0","N","0","0","0","1","36410","0","","1","01","N","N","0","","0","0","1","0","0","","1723","0","1","0","0","0","0","0","1","0","1","N","","","","","","","","","","","","03","  ","","",""
"0731","1","0","0","0","0","0","0","0","0","7","0","","36","12","2018","2018132276","2","40.1113","-76.4552","0721","08","0","0","0","0","0","0","0","0","2","0","0","0","07","1","0","05","1","40 06:40.853","1","00","76 27:18.594","0","0","0","0","36230","0","0","0","N","0","0","0","1","36410","0","","5","01","N","N","0","","0","0","0","3","3","N","0720","0","2","0","0","0","0","0","1","0","1","N","","","","","","","","","","","","03","  ","","",""
"1843","0","0","0","0","0","0","0","0","0","7","0","","36","11","2018","2018132347","5","40.053","-76.0452","1800","08","0","0","0","0","0","0","0","0","","0","0","0","17","2","0","00","0","40 03:10.772","","00","76 02:42.761","0","0","0","0","36232","0","0","0","N","0","0","0","1","68J01","0","","4","07","N","N","1","","0","0","0","0","0","","1756","0","1","0","0","0","0","0","1","0","1","N","","","","","","","","","","","","10","  ","","",""
"1811","0","0","0","0","0","0","0","0","0","8","0","","36","12","2018","2018132409","2","40.1766","-76.1746","1808","08","0","0","0","0","0","0","0","1","","1","0","0","18","3","0","00","0","40 10:35.607","","00","76 10:28.449","1","0","0","0","36408","1","1","0","N","1","1","0","2","36408","0","2","1","01","N","N","0","0","0","0","0","0","0","","1807","0","2","0","0","0","0","0","2","1","1","N","","","","","","","","","","","","03","  ","","",""
"0756","1","0","0","0","0","0","0","0","0","7","0","","36","12","2018","2018132571","5","40.2382","-76.1437","0750","08","0","0","0","1","0","0","0","0","","0","0","0","07","1","0","00","0","40 14:17.512","","00","76 08:37.140","0","0","0","0","36236","0","0","0","N","0","0","0","1","36408","0","","5","01","N","N","0","","0","0","0","0","0","","0747","0","1","0","0","0","0","0","1","0","1","N","","","","","","","","","","","","03","  ","","",""
"1840","1","0","0","0","0","0","0","0","0","4","0","","36","12","2018","2018132707","3","40.2264","-76.1804","1834","08","0","0","0","0","0","0","1","0","2","0","0","0","18","2","2","01","2","40 13:34.893","6","00","76 10:49.273","3","0","0","0","36236","0","0","0","N","0","0","0","2","36408","1","","1","01","N","N","0","","1","0","1","3","3","Y","1833","2","2","0","0","0","0","0","1","0","2","N","","","","","","","","","","","","03","  ","","",""
"2150","1","0","0","0","0","0","0","0","0","8","0","","36","12","2018","2018132708","5","40.0314","-76.2952","2148","08","0","0","0","1","0","0","0","0","","0","0","0","21","3","1","00","0","40 01:52.978","","00","76 17:42.839","4","0","0","0","36301","1","0","0","N","1","0","0","2","36301","1","","1","01","N","N","0","","0","0","0","0","0","","2146","1","2","0","0","0","0","0","3","0","1","N","","","","","","","","","","","","03","  ","","",""
"1620","0","0","0","0","0","0","0","0","0","1","0","","36","12","2018","2018132731","5","40.0802","-76.2789","1615","08","0","0","1","0","0","0","0","0","1","0","0","0","16","4","0","00","2","40 04:48.750","2","00","76 16:43.874","0","0","0","0","36101","0","0","0","N","0","0","0","2","36101","0","","1","01","N","N","1","","0","0","1","0","0","N","1612","0","2","0","0","0","0","0","3","0","2","N","","","","","","","","","","","","03","  ","","",""
"1718","1","0","0","0","0","0","0","0","0","1","0","","36","12","2018","2018132732","5","40.0705","-76.3267","1708","08","0","0","0","0","0","0","1","0","","0","0","0","16","3","0","00","0","40 04:13.874","","00","76 19:35.983","0","0","0","0","36101","0","0","0","N","0","0","0","2","36101","0","","1","01","N","N","0","","0","0","1","0","0","","1659","0","2","0","0","0","0","0","3","0","2","N","","","","","","","","","","","","03","  ","","",""
"1331","1","0","0","0","0","0","0","0","0","1","0","","36","11","2018","2018132733","3","40.0739","-76.3499","1330","08","0","0","0","0","0","1","1","0","","0","0","0","13","1","0","01","0","40 04:25.930","","00","76 20:59.798","0","0","0","0","36214","0","0","0","N","0","0","0","3","36214","0","","1","01","N","N","1","","0","0","0","0","0","","1325","0","2","0","0","0","0","0","3","0","2","N","","","","","","","","","","","","03","  ","","",""
"1740","1","0","0","0","0","0","0","0","0","1","0","","36","12","2018","2018132734","2","40.0578","-76.3597","1734","08","0","0","0","0","0","0","2","0","1","0","0","0","17","3","1","00","2","40 03:28.016","1","00","76 21:34.908","3","0","0","0","36214","0","0","0","N","0","0","0","3","36214","0","","1","01","N","N","0","","1","0","1","0","0","Y","1731","1","2","0","0","0","0","0","3","0","2","N","","","","","","","","","","","","03","  ","","",""
"1012","1","0","0","0","0","0","0","0","0","2","1","","36","12","2018","2018132834","4","40.1573","-76.6101","1010","08","0","0","0","0","0","0","0","1","1","0","1","0","10","1","0","02","1","40 09:26.438","3","00","76 36:36.495","0","0","0","0","36407","0","0","0","N","0","0","0","2","36407","0","","1","01","N","N","0","","0","0","0","3","2","N","1003","0","2","0","0","0","0","0","2","0","2","N","","","","","","","","","","","","03","  ","","",""
"1150","0","0","0","0","0","0","0","0","0","1","0","","36","11","2018","2018132874","6","39.9893","-75.9928","1137","08","0","0","0","0","0","0","1","0","","0","0","0","11","1","1","00","0","39 59:21.579","","00","75 59:34.213","3","0","0","0","36232","0","0","0","N","0","0","0","4","68J01","0","","1","09","N","N","0","","1","0","2","0","0","","1108","1","2","0","0","0","0","0","1","0","2","N","","","","","","","","","","","","03","  ","","",""
"1514","4","0","0","0","0","0","0","0","0","1","0","","36","11","2018","2018132893","5","40.0056","-76.1086","1514","08","0","0","0","0","0","0","0","0","2","0","0","0","15","1","2","00","2","40 00:20.463","3","00","76 06:33.053","3","0","0","0","36226","0","0","0","N","0","0","0","13","68J01","1","","1","01","N","N","0","","1","0","1","0","0","Y","1504","2","5","0","0","0","0","0","1","0","5","N","","","","","","","","","","","","03","  ","","",""
"0058","0","0","0","0","0","0","0","0","0","8","0","","36","11","2018","2018132901","1","40.0011","-76.0827","0047","08","0","0","0","0","0","0","0","0","2","0","0","0","00","2","1","00","1","40 00:04.084","3","00","76 04:57.616","2","0","0","0","36226","1","0","1","N","1","0","1","2","68J01","0","","3","09","N","N","0","","0","1","0","0","0","N","0005","1","2","0","0","0","0","1","1","0","1","N","","","","","","","","","","","","07","  ","","",""
"1648","1","0","0","0","0","0","0","0","0","1","0","","36","12","2018","2018132928","5","39.9093","-76.1856","1616","08","0","0","0","0","0","0","0","0","","0","0","0","16","4","1","00","0","39 54:33.561","","00","76 11:08.155","3","0","0","0","36229","0","0","0","N","0","0","0","2","68J01","0","","1","01","N","N","0","","1","0","1","0","0","","1613","1","2","0","0","0","0","0","1","0","2","N","","","","","","","","","","","","03","  ","","",""
"1423","0","0","0","0","0","0","0","0","0","4","0","","36","12","2018","2018132932","6","39.8454","-76.2196","1417","08","0","0","0","0","0","1","0","0","2","0","0","1","14","1","1","02","1","39 50:43.496","5","00","76 13:10.569","3","0","0","0","36212","1","0","0","N","0","0","0","3","68J01","0","","1","01","N","N","1","","1","0","0","0","0","N","1416","1","2","0","0","0","0","0","1","0","1","N","","","","","","","","","","","","03","  ","","",""
"0908","1","0","0","0","0","0","0","0","0","4","0","","36","12","2018","2018132947","1","39.9803","-76.163","0901","08","0","0","0","0","1","1","0","0","","0","0","0","08","1","4","01","0","39 58:49.236","","00","76 09:46.622","3","0","0","0","36233","0","0","0","N","0","0","0","4","68J01","0","","1","01","N","N","1","","4","0","1","3","3","","0859","4","3","0","0","0","0","0","1","0","3","N","","","","","","","","","","","","03","  ","","",""
"1643","2","0","0","0","0","0","0","0","0","6","0","","36","12","2018","2018132977","1","40.1381","-76.3046","1633","08","0","0","0","0","0","1","1","0","","0","0","0","16","1","0","01","0","40 08:17.062","","00","76 18:16.505","0","0","0","0","36235","0","0","0","N","0","0","0","2","36506","0","","1","01","N","N","0","","0","0","0","3","3","","1633","0","2","0","0","0","0","0","1","0","2","N","","","","","","","","","","","","03","  ","","",""
"1558","2","0","0","0","0","0","0","0","0","1","0","","36","12","2018","2018132991","4","40.0506","-76.3192","1546","08","0","0","0","0","0","1","0","0","","0","0","0","15","1","0","00","0","40 03:02.183","","00","76 19:09.065","0","0","0","0","36301","0","0","0","N","0","0","0","3","36301","0","","1","01","N","N","0","","0","0","0","3","2","","1543","0","2","0","0","0","0","0","3","0","2","N","","","","","","","","","","","","03","  ","","",""
"1515","2","0","0","0","0","0","0","0","0","4","0","","36","12","2018","2018133026","3","40.1147","-76.244","1511","08","0","0","0","0","0","0","0","2","","0","0","0","15","1","1","01","0","40 06:52.778","","00","76 14:38.314","8","0","0","0","36101","0","0","0","N","0","0","0","3","36101","0","","1","01","N","N","0","","0","0","0","3","3","","1511","1","2","0","0","0","1","0","3","0","2","N","","","","","","","","","","","","03","  ","","",""
"1810","3","0","0","0","0","0","0","0","0","1","0","","36","12","2018","2018133027","3","40.0716","-76.2873","1804","08","0","1","0","0","0","1","0","0","1","0","0","0","17","3","0","00","1","40 04:17.813","2","00","76 17:14.224","0","0","0","0","36101","0","0","0","N","0","0","0","4","36101","0","","1","01","N","N","0","","0","0","0","0","0","N","1759","0","3","0","0","0","0","0","3","0","3","N","","","","","","","","","","","","03","  ","","",""
"0808","2","0","0","0","0","0","0","0","0","4","0","","36","12","2018","2018133028","6","40.0758","-76.3365","0801","08","0","0","0","0","0","1","0","0","2","0","0","0","07","1","0","00","1","40 04:32.765","3","00","76 20:11.490","0","0","0","0","36101","0","0","0","N","0","0","0","3","36101","0","","1","01","N","N","0","","0","0","1","0","0","N","0744","0","3","0","0","0","0","0","3","0","3","N","","","","","","","","","","","","03","  ","","",""
"1515","0","0","0","0","0","0","0","0","0","7","0","","36","12","2018","2018133029","6","40.0681","-76.292","1511","08","0","0","0","0","0","0","1","1","2","0","0","0","15","1","2","00","1","40 04:05.030","4","00","76 17:31.213","4","0","0","0","36101","0","0","0","N","0","0","0","5","36101","2","","1","01","N","N","1","","0","0","1","0","0","N","1510","2","3","0","0","0","0","0","3","1","3","N","","","","","","","","","","","","03","  ","","",""
"1554","1","0","0","0","0","0","0","0","0","4","0","","36","12","2018","2018133030","6","40.0603","-76.2772","1544","08","0","0","0","0","0","1","1","0","","0","0","0","15","1","0","01","0","40 03:36.711","","00","76 16:39.051","0","0","0","0","36101","0","0","0","N","0","0","0","4","36101","0","","1","01","N","N","0","","0","0","1","3","2","","1540","0","2","0","0","0","0","0","3","0","2","N","","","","","","","","","","","","03","  ","","",""
"0244","1","0","0","0","0","0","0","0","0","7","0","","36","12","2018","2018133032","3","40.0718","-76.3183","0236","08","0","0","0","0","0","0","0","0","1","0","0","0","02","3","0","02","1","40 04:18.411","2","00","76 19:05.916","0","0","0","0","36101","0","0","0","N","0","0","0","1","36101","0","","4","01","N","N","0","","0","0","0","0","0","N","0230","0","1","0","0","0","0","0","3","0","1","N","","","","","","","","","","","","03","  ","","",""
"1741","2","0","0","0","0","0","0","0","0","1","0","","36","12","2018","2018133033","3","40.0413","-76.3892","1729","08","0","0","0","0","0","1","0","1","1","0","0","0","17","3","2","00","1","40 02:28.711","4","00","76 23:20.973","3","0","0","0","36214","0","0","0","N","0","0","0","4","36214","1","","1","01","N","N","0","","1","0","1","3","2","N","1726","2","3","0","0","0","0","0","3","0","3","N","","","","","","","","","","","","03","  ","","",""
"0852","1","0","0","0","0","0","0","0","0","1","0","","36","10","2018","2018133034","2","40.0807","-76.2441","0842","08","0","0","0","0","0","0","0","1","","0","0","0","08","1","1","02","0","40 04:50.696","","00","76 14:38.898","3","0","0","0","36215","0","0","0","N","0","0","0","2","36215","0","","1","01","N","N","0","","1","0","1","3","3","","0840","1","2","0","0","0","0","0","1","0","2","N","","","","","","","","","","","","03","  ","","",""
"1501","1","0","0","0","0","0","0","0","0","1","0","","36","12","2018","2018133035","2","40.0552","-76.2172","1456","08","0","0","1","0","0","1","0","0","","0","0","0","14","1","0","00","0","40 03:18.628","","00","76 13:02.023","0","0","0","0","36215","0","0","0","N","0","0","0","2","36215","0","","1","01","N","N","0","","0","0","1","0","0","","1453","0","2","0","0","0","0","0","1","0","2","N","","","","","","","","","","","","03","  ","","",""
"1438","2","0","0","0","0","0","0","0","0","4","0","","36","12","2018","2018133072","4","40.1128","-76.3965","1430","08","0","0","0","0","0","0","0","0","1","0","0","0","14","1","1","02","1","40 06:45.982","4","00","76 23:47.576","4","0","0","0","36214","0","0","0","N","0","0","0","2","36214","1","","1","01","N","N","0","","0","0","0","3","3","N","1428","1","2","0","0","0","0","0","3","0","2","N","","","","","","","","","","","","03","  ","","",""
"0158","0","0","0","0","0","0","0","0","0","7","0","","36","12","2018","2018133118","2","40.0395","-76.3631","0158","08","0","0","0","0","0","0","0","0","2","0","0","0","01","3","0","00","1","40 02:22.127","4","00","76 21:47.245","0","0","0","0","36214","0","0","0","Y","0","0","0","2","36214","0","","4","01","N","N","0","","0","0","1","0","0","N","0157","0","1","0","0","1","0","0","3","0","1","N","","","","","","","","","","","","03","  ","","",""
"2202","2","0","0","0","0","0","0","0","0","4","0","","36","12","2018","2018133138","6","40.0442","-76.2921","2158","08","0","0","0","0","0","0","0","0","1","0","0","0","21","3","2","01","1","40 02:39.112","4","00","76 17:31.624","3","0","0","0","36301","0","0","0","N","0","0","0","3","36301","0","","1","01","N","N","0","","2","0","0","3","2","N","2155","2","2","0","0","0","0","1","3","0","2","N","","","","","","","","","","","","03","  ","","",""
"2014","1","0","0","0","0","0","0","0","0","4","0","","36","12","2018","2018133189","4","40.077","-76.5541","2011","08","0","0","0","0","0","0","0","0","3","0","0","0","20","3","2","01","2","40 04:37.275","7","00","76 33:14.778","3","0","0","0","36211","0","0","0","Y","0","0","0","2","36504","0","","1","01","N","N","1","","2","0","0","3","3","Y","2010","2","2","0","0","0","0","0","1","0","2","N","","","","","","","","","","","","03","  ","","",""
"1714","1","0","0","0","0","0","0","0","0","1","1","","36","12","2018","2018133195","4","40.0609","-76.3583","1713","08","0","0","0","0","0","1","0","0","2","0","1","0","17","3","1","00","1","40 03:39.314","4","00","76 21:29.876","4","0","0","0","36214","0","0","0","N","0","0","0","2","36214","1","","1","01","N","N","0","","0","0","0","0","0","N","1704","1","2","0","0","0","0","0","3","0","2","N","","","","","","","","","","","","03","  ","","",""
"1853","1","0","0","0","0","0","0","0","0","4","0","","36","11","2018","2018133203","1","40.0157","-76.3496","1853","08","0","0","0","0","0","0","0","0","2","0","0","0","18","3","0","01","1","40 00:56.470","3","00","76 20:58.524","0","0","0","0","36412","0","0","0","N","0","0","0","2","36412","0","","1","01","N","N","1","","0","0","0","3","2","N","1853","0","2","0","0","0","0","0","3","0","2","N","","","","","","","","","","","","03","  ","","",""
"1448","1","0","0","0","0","0","0","0","0","4","0","","36","12","2018","2018133220","4","40.0762","-76.3477","1444","08","0","0","0","0","1","1","0","0","1","0","0","0","14","1","1","02","1","40 04:34.184","1","00","76 20:51.758","3","0","0","0","36101","0","0","0","N","0","0","0","4","36101","0","","1","01","Y","N","0","","1","0","1","3","3","N","1441","1","2","0","0","0","0","0","3","0","2","N","","","","","","","","","","","","03","  ","","",""
"1415","2","0","0","0","0","0","0","0","0","5","0","","36","12","2018","2018133226","6","40.042","-76.3143","1407","08","0","0","0","0","0","1","0","0","1","0","0","0","14","1","0","00","1","40 02:31.087","4","00","76 18:51.340","0","0","0","0","36301","0","0","0","N","0","0","0","2","36301","0","","1","01","N","N","0","","0","0","0","0","0","N","1404","0","2","0","0","0","0","0","3","0","2","N","","","","","","","","","","","","03","  ","","",""
"0641","1","0","0","0","0","0","0","0","0","4","0","","36","12","2018","2018133236","5","40.0431","-76.3022","0639","08","0","0","0","0","0","0","0","0","2","0","0","0","06","5","1","01","2","40 02:35.283","7","00","76 18:08.098","3","0","0","0","36301","0","0","0","N","0","0","0","2","36301","0","","1","01","N","N","0","","1","0","1","3","2","Y","0637","1","2","0","0","0","0","0","3","0","2","N","","","","","","","","","","","","03","  ","","",""
"1722","3","0","0","0","0","0","0","0","0","1","0","","36","12","2018","2018133237","4","39.9415","-76.3064","1713","08","1","0","0","0","0","0","0","0","2","0","0","0","17","2","2","00","1","39 56:29.471","2","00","76 18:23.176","8","0","0","0","36228","0","0","0","N","0","0","0","6","36503","0","","1","01","N","N","0","","0","0","0","0","0","N","1711","2","3","0","0","0","2","0","1","0","3","N","","","","","","","","","","","","03","  ","","",""
"1650","1","0","0","0","0","0","0","0","0","1","0","","36","12","2018","2018133238","4","40.1516","-76.2488","1650","08","0","0","0","0","0","0","1","0","","0","0","0","16","2","0","00","0","40 09:05.619","","00","76 14:55.632","0","0","0","0","36235","0","0","0","N","0","0","0","2","36506","0","","1","01","N","N","0","","0","0","1","0","0","","1650","0","2","0","0","0","0","0","1","0","2","N","","","","","","","","","","","","03","  ","","",""
"1454","0","0","0","0","0","0","0","0","0","7","0","","36","11","2018","2018133328","4","40.048","-76.1185","1453","08","0","0","0","0","0","0","0","0","","0","0","0","14","1","1","00","0","40 02:52.768","","00","76 07:06.739","8","0","0","0","36234","0","0","0","N","0","0","0","1","68J01","0","","4","01","N","N","0","","0","0","0","0","0","","1446","1","1","0","0","0","1","0","1","1","1","N","","","","","","","","","","","","03","  ","","",""
"1137","1","0","0","0","0","0","0","0","0","7","0","","36","11","2018","2018133331","5","39.7316","-76.1372","1127","08","0","0","0","0","0","0","0","0","","0","0","0","10","8","0","02","0","39 43:53.911","","00","76 08:13.747","9","0","0","0","36219","0","0","0","N","0","0","0","1","68J01","0","","4","01","N","N","0","","0","0","0","0","0","","1059","0","1","0","0","0","0","1","1","0","1","N","","","","","","","","","","","","99","  ","","",""
"2156","1","0","0","0","0","0","0","0","0","4","1","","36","12","2018","2018133348","4","39.9376","-76.0833","2141","08","0","0","0","0","0","0","0","0","","0","1","0","21","2","0","01","0","39 56:15.278","","00","76 04:59.948","0","0","0","0","36201","0","0","0","N","0","0","0","2","68J01","0","","1","01","N","N","0","","0","0","0","3","3","","2137","0","2","0","0","0","0","0","1","0","2","N","","","","","","","","","","","","03","  ","","",""
"1632","3","0","0","0","0","0","0","0","0","4","0","","36","12","2018","2018133349","5","39.9","-76.225","1621","08","0","0","0","0","0","0","1","0","1","0","0","0","16","4","0","01","1","39 53:59.838","2","00","76 13:29.964","0","0","0","0","36229","0","0","0","N","0","0","0","5","68J01","0","","1","01","N","N","0","","0","0","0","3","3","N","1618","0","3","0","0","0","0","0","1","0","3","N","","","","","","","","","","","","03","  ","","",""
"2050","0","0","0","0","0","0","0","0","0","7","0","","36","12","2018","2018133356","1","39.8755","-76.1718","2038","08","0","1","0","0","0","0","0","0","","0","0","0","20","4","0","00","0","39 52:31.657","","00","76 10:18.674","0","0","0","0","36212","0","0","0","N","0","0","0","2","68J01","0","","5","01","N","N","1","","0","0","0","0","0","","2036","0","1","0","0","0","0","0","1","0","1","N","","","","","","","","","","","","03","  ","","",""
"1123","0","0","0","0","0","0","0","0","0","4","0","","36","12","2018","2018133369","4","40.0392","-76.0644","1114","08","0","0","0","0","0","1","0","1","1","0","0","0","11","1","1","01","1","40 02:21.008","4","00","76 03:51.801","3","0","0","0","36221","0","0","0","Y","0","0","0","2","68J01","0","","1","01","N","N","0","","1","0","2","9","3","N","1112","1","2","0","0","0","0","0","1","0","2","N","","","","","","","","","","","","03","  ","","",""
"2028","0","0","0","0","0","0","0","0","0","5","0","","36","11","2018","2018133391","1","40.1505","-76.2971","2026","08","0","0","0","0","0","0","0","0","","0","0","0","20","1","0","00","0","40 09:01.620","","00","76 17:49.655","0","0","0","0","36409","0","0","0","N","0","0","0","1","36409","0","","6","01","N","N","0","","0","0","1","0","0","","2026","0","2","0","0","0","0","0","3","1","2","N","","","","","","","","","","","","03","  ","","",""
"0650","1","0","0","0","0","0","0","0","0","7","0","","36","12","2018","2018133425","4","40.1638","-76.1515","0640","08","0","0","0","0","0","0","0","0","","0","0","0","06","5","0","00","0","40 09:49.540","","00","76 09:05.385","0","0","0","0","36218","0","0","0","Y","0","0","0","1","36408","0","","4","01","N","N","0","","0","0","0","0","0","","0638","0","1","0","0","0","0","0","1","0","1","N","","","","","","","","","","","","03","  ","","",""
"0611","3","0","0","0","0","0","0","0","0","4","0","","36","12","2018","2018133521","1","40.0352","-76.2871","0602","08","0","0","0","0","1","0","0","0","1","0","0","0","06","5","0","02","1","40 02:06.874","1","00","76 17:13.668","0","0","0","0","36301","0","0","0","N","0","0","0","1","36301","0","","2","01","","","0","","0","0","0","3","3","N","0600","0","4","0","0","0","0","0","3","1","4","N","","","","","","","","","","","","03","  ","","",""
"1624","0","0","0","0","0","0","0","0","0","1","1","","36","12","2018","2018133524","4","40.0693","-76.3104","1622","08","0","0","0","0","0","1","0","0","2","0","1","0","16","1","2","00","1","40 04:09.619","3","00","76 18:37.614","3","0","0","0","36101","0","0","0","N","0","0","0","2","36101","1","","1","01","N","N","0","","1","0","0","0","0","N","1619","2","2","0","0","1","0","0","3","1","2","N","","","","","","","","","","","","03","  ","","",""
"0722","0","0","0","0","0","0","0","0","0","1","0","","36","12","2018","2018133526","5","40.0752","-76.2972","0720","08","0","0","0","0","0","2","0","0","","0","0","0","07","1","0","02","0","40 04:30.591","","00","76 17:49.962","0","0","0","0","36101","0","0","0","N","0","0","0","2","36101","0","","1","01","N","N","0","","0","0","1","0","0","","0718","0","2","0","0","0","0","0","3","1","2","N","","","","","","","","","","","","03","  ","","",""
"1402","2","0","0","0","0","0","0","0","0","4","0","","36","11","2018","2018133527","6","40.0308","-76.2364","1359","08","0","0","0","0","0","0","1","0","","0","0","0","13","1","0","00","0","40 01:50.739","","06","76 14:11.032","0","0","0","0","36215","0","0","0","N","0","0","0","2","36215","0","","1","01","N","N","0","","0","0","0","3","3","","1357","0","2","0","0","0","0","0","1","0","2","N","","","","","","","","","","","","03","  ","","",""
"0906","1","0","0","0","0","0","0","0","0","8","0","","36","11","2018","2018133528","5","40.0275","-76.2218","0906","08","0","0","0","0","0","0","0","1","2","0","0","0","09","1","1","02","1","40 01:38.921","3","00","76 13:18.394","2","0","0","0","36215","1","0","1","N","1","0","1","2","36215","0","","1","01","N","N","0","","0","1","0","3","2","N","0906","1","2","0","0","0","0","0","1","0","1","N","","","","","","","","","","","","03","  ","","",""
"1754","0","0","0","0","0","0","0","0","0","4","0","","36","12","2018","2018133590","5","40.2363","-76.0736","1743","08","0","0","0","0","0","1","0","0","2","0","0","0","17","3","0","02","1","40 14:10.655","2","00","76 04:24.882","0","0","0","0","36401","0","0","0","N","0","0","0","2","36408","0","","1","01","N","N","1","","0","0","1","0","0","N","1742","0","2","0","0","1","0","0","1","0","2","N","","","","","","","","","","","","03","  ","","",""
"1608","2","0","0","0","0","0","0","0","0","4","0","","36","12","2018","2018133592","4","39.9857","-76.2839","1602","08","0","0","0","0","0","0","0","1","","0","0","0","15","1","0","00","0","39 59:08.767","","00","76 17:01.598","0","0","0","0","36240","0","0","0","N","0","0","0","2","36240","0","","1","01","N","N","0","","0","0","0","0","0","","1559","0","2","0","0","0","0","0","1","0","2","N","","","","","","","","","","","","03","  ","","",""
"1852","0","0","0","0","0","0","0","0","0","1","0","","36","12","2018","2018133600","4","40.0525","-76.2615","1840","08","0","0","0","0","0","0","0","0","","0","0","0","18","3","0","00","0","40 03:08.905","","00","76 15:41.278","0","0","0","0","36301","0","0","0","N","0","0","0","4","36301","0","","1","01","N","N","0","","0","0","2","0","0","","1819","0","2","0","0","0","0","0","3","0","2","N","","","","","","","","","","","","03","  ","","",""
"1708","0","0","0","0","0","0","0","0","0","5","0","","36","12","2018","2018133664","4","40.0526","-76.3779","1657","08","0","0","0","0","0","0","0","0","2","0","0","0","16","3","2","00","1","40 03:09.512","4","00","76 22:40.361","4","0","0","0","36214","1","0","0","Y","1","0","0","2","36214","2","","2","01","N","N","1","","0","0","1","0","0","N","1655","2","3","0","0","0","0","0","3","0","2","N","","","","","","","","","","","","03","  ","","",""