"ARRIVAL_TM","AUTOMOBILE_COUNT","BELTED_DEATH_COUNT","BELTED_SUSP_SERIOUS_INJ_COUNT","BICYCLE_COUNT","BICYCLE_DEATH_COUNT","BICYCLE_SUSP_SERIOUS_INJ_COUNT","BUS_COUNT","CHLDPAS_DEATH_COUNT","CHLDPAS_SUSP_SERIOUS_INJ_COUNT","COLLISION_TYPE","COMM_VEH_COUNT","CONS_ZONE_SPD_LIM","COUNTY","CRASH_MONTH","CRASH_YEAR","CRN","DAY_OF_WEEK","DEC_LAT","DEC_LONG","DISPATCH_TM","DISTRICT","DRIVER_COUNT_16YR","DRIVER_COUNT_17YR","DRIVER_COUNT_18YR","DRIVER_COUNT_19YR","DRIVER_COUNT_20YR","DRIVER_COUNT_50_64YR","DRIVER_COUNT_65_74YR","DRIVER_COUNT_75PLUS","EST_HRS_CLOSED","FATAL_COUNT","HEAVY_TRUCK_COUNT","HORSE_BUGGY_COUNT","HOUR_OF_DAY","ILLUMINATION","INJURY_COUNT","INTERSECT_TYPE","LANE_CLOSED","LATITUDE","LN_CLOSE_DIR","LOCATION_TYPE","LONGITUDE","MAX_SEVERITY_LEVEL","MCYCLE_DEATH_COUNT","MCYCLE_SUSP_SERIOUS_INJ_COUNT","MOTORCYCLE_COUNT","MUNICIPALITY","NONMOTR_COUNT","NONMOTR_DEATH_COUNT","NONMOTR_SUSP_SERIOUS_INJ_COUNT","NTFY_HIWY_MAINT","PED_COUNT","PED_DEATH_COUNT","PED_SUSP_SERIOUS_INJ_COUNT","PERSON_COUNT","POLICE_AGCY","POSSIBLE_INJ_COUNT","RDWY_SURF_TYPE_CD","RELATION_TO_ROAD","ROAD_CONDITION","SCH_BUS_IND","SCH_ZONE_IND","SMALL_TRUCK_COUNT","SPEC_JURIS_CD","SUSP_MINOR_INJ_COUNT","SUSP_SERIOUS_INJ_COUNT","SUV_COUNT","TCD_FUNC_CD","TCD_TYPE","TFC_DETOUR_IND","TIME_OF_DAY","TOT_INJ_COUNT","TOTAL_UNITS","UNB_DEATH_COUNT","UNB_SUSP_SERIOUS_INJ_COUNT","UNBELTED_OCC_COUNT","UNK_INJ_DEG_COUNT","UNK_INJ_PER_COUNT","URBAN_RURAL","VAN_COUNT","VEHICLE_COUNT","WORK_ZONE_IND","WORK_ZONE_LOC","WORK_ZONE_TYPE","WORKERS_PRES","WZ_CLOSE_DETOUR","WZ_FLAGGER","WZ_LAW_OFFCR_IND","WZ_LN_CLOSURE","WZ_MOVING","WZ_OTHER","WZ_SHLDER_MDN","ROADWAY_CLEARED","WEATHER1","WEATHER2","WZ_WORKERS_INJ_KILLED","SECONDARY_CRASH","INTERSECTION_RELATED"
"2045","1","0","0","0","0","0","0","0","0","8","0","","36","12","2018","2018133672","4","39.9976","-76.3553","2043","08","0","0","0","0","0","0","0","0","","0","0","0","20","3","1","02","0","39 59:51.262","","00","76 21:19.178","8","0","0","0","36412","1","0","0","N","1","0","0","2","36412","0","","1","01","N","N","0","","0","0","0","3","8","","2043","1","2","0","0","0","1","0","3","0","1","N","","","","","","","","","","","","03","  ","","",""
"2303","2","0","0","0","0","0","0","0","0","4","0","","36","12","2018","2018133674","5","40.1153","-76.5245","2258","08","0","0","0","0","0","0","0","0","","0","0","0","22","3","0","01","0","40 06:55.202","","00","76 31:28.278","0","0","0","0","36413","0","0","0","N","0","0","0","2","36413","0","","1","01","N","N","0","","0","0","0","0","0","","2258","0","2","0","0","0","0","0","2","0","2","N","","","","","","","","","","","","03","  ","","",""
"1248","2","0","0","0","0","0","0","0","0","4","0","","36","12","2018","2018133682","3","40.1632","-76.1511","1248","08","0","0","0","0","0","0","2","0","","0","0","0","12","1","0","02","0","40 09:47.891","","00","76 09:03.796","0","0","0","0","36218","0","0","0","N","0","0","0","3","36408","0","","1","01","N","N","0","","0","0","0","0","0","","1243","0","2","0","0","0","0","0","1","0","2","N","","","","","","","","","","","","03","  ","","",""
"1708","2","0","0","0","0","0","0","0","0","1","1","","36","12","2018","2018133689","6","40.082","-76.3561","1702","08","0","0","0","0","0","1","1","0","2","0","1","0","17","3","2","00","1","40 04:55.044","4","00","76 21:21.820","3","0","0","0","36214","0","0","0","N","0","0","0","10","36214","0","","1","01","N","N","0","","2","0","5","0","0","N","1700","2","8","0","0","0","0","0","3","0","8","N","","","","","","","","","","","","03","  ","","",""
"1235","1","0","0","0","0","0","0","0","0","5","1","","36","12","2018","2018133703","2","40.1628","-76.2762","1223","08","0","0","0","0","0","1","0","1","1","0","1","0","12","1","0","01","1","40 09:46.015","1","00","76 16:34.301","0","0","0","0","36235","0","0","0","N","0","0","0","2","36506","0","","1","01","N","N","0","","0","0","0","3","2","N","1223","0","2","0","0","0","0","0","1","0","2","N","","","","","","","","","","","","03","  ","","",""
"0944","2","0","0","0","0","0","0","0","0","4","0","","36","12","2018","2018133749","6","40.0547","-76.2687","0938","08","0","0","0","0","0","0","0","1","1","0","0","0","09","1","0","01","1","40 03:16.666","3","02","76 16:07.711","0","0","0","0","36301","0","0","0","N","0","0","0","2","36301","0","","1","01","N","N","0","","0","0","0","3","3","Y","0935","0","2","0","0","0","0","0","3","0","2","N","","","","","","","","","","","","03","  ","","",""
"1543","1","0","0","0","0","0","0","0","0","4","0","","36","12","2018","2018133900","6","40.1459","-76.2098","1540","08","0","0","0","0","0","0","1","0","","0","0","0","15","1","1","02","0","40 08:45.202","","00","76 12:35.234","3","0","0","0","36238","0","0","0","N","0","0","0","3","36238","0","","1","01","N","N","0","","1","0","1","3","3","N","1535","1","2","0","0","0","0","0","3","0","2","N","","","","","","","","","","","","03","  ","","",""
"1511","0","0","0","0","0","0","0","0","0","7","0","","36","12","2018","2018133907","5","39.9927","-76.4705","1508","08","0","0","0","0","0","0","0","0","4","0","0","0","15","1","0","00","2","39 59:33.554","5","00","76 28:13.975","0","0","0","0","36223","0","0","0","N","0","0","0","1","36223","0","","4","01","N","N","0","","0","0","1","0","0","Y","1507","0","1","0","0","0","0","0","1","0","1","N","","","","","","","","","","","","03","  ","","",""
"2047","1","0","0","0","0","0","0","0","0","5","0","","36","12","2018","2018133967","6","40.1305","-76.0349","2044","08","1","0","0","0","0","0","0","0","2","0","0","0","20","2","1","00","2","40 07:49.704","6","00","76 02:05.771","3","0","0","0","36213","0","0","0","N","0","0","0","1","36213","0","","2","09","N","N","0","","1","0","1","0","0","Y","2040","1","2","0","0","0","0","0","1","0","2","N","","","","","","","","","","","","07","05","","",""
"1455","2","0","0","0","0","0","0","0","0","4","0","","36","12","2018","2018134095","3","40.1532","-76.3072","1452","08","0","0","0","0","0","0","1","0","","0","0","0","14","1","0","01","0","40 09:11.492","","00","76 18:25.863","0","0","0","0","36409","0","0","0","N","0","0","0","2","36409","0","","1","01","N","N","0","","0","0","0","3","3","","1452","0","2","0","0","0","0","0","3","0","2","N","","","","","","","","","","","","03","  ","","",""
"2159","1","0","0","0","0","0","0","0","0","4","0","","36","12","2018","2018134104","6","40.1128","-76.3965","2155","08","0","0","0","0","0","0","0","0","2","0","0","0","21","2","0","01","1","40 06:45.982","7","00","76 23:47.576","0","0","0","0","36214","0","0","0","N","0","0","0","2","36214","0","","1","09","N","N","1","","0","0","0","3","3","Y","2150","0","2","0","0","0","0","0","3","0","2","N","","","","","","","","","","","","07","  ","","",""
"0856","2","0","0","0","0","0","0","0","0","1","0","","36","12","2018","2018134169","3","40.0457","-76.308","0852","08","0","0","0","0","1","0","0","0","","0","0","0","08","1","1","00","0","40 02:44.694","","00","76 18:28.882","4","0","0","0","36301","0","0","0","N","0","0","0","2","36301","1","","1","01","N","N","0","","0","0","0","0","0","","0852","1","2","0","0","0","0","0","3","0","2","N","","","","","","","","","","","","03","  ","","",""
"2223","1","0","0","0","0","0","0","0","0","7","0","","36","11","2018","2018134105","5","40.0966","-76.0721","2221","08","0","0","0","0","0","0","0","0","2","0","0","0","22","2","0","02","1","40 05:47.821","1","00","76 04:19.405","0","0","0","0","36209","0","0","0","N","0","0","0","2","36415","0","","2","01","N","N","0","","0","0","0","3","3","N","2219","0","1","0","0","0","0","0","1","0","1","N","","","","","","","","","","","","03","  ","","",""
"2139","2","0","0","0","0","0","0","0","0","4","0","","36","12","2018","2018134106","7","40.1383","-76.1002","2132","08","0","0","0","0","0","2","0","0","1","0","0","0","21","2","1","01","1","40 08:17.897","3","00","76 06:00.677","4","0","0","0","36209","0","0","0","N","0","0","0","3","36415","1","","1","01","N","N","0","","0","0","0","3","3","N","2132","1","2","0","0","0","0","0","1","0","2","N","","","","","","","","","","","","03","  ","","",""
"1713","1","0","0","0","0","0","0","0","0","8","0","","36","12","2018","2018134178","5","40.0392","-76.2951","1711","08","0","0","0","0","0","0","0","0","","0","0","0","17","3","1","01","0","40 02:20.968","","00","76 17:42.317","3","0","0","0","36301","1","0","0","N","1","0","0","3","36301","0","","1","01","N","N","0","","1","0","0","3","2","","1707","1","2","0","0","0","0","0","3","0","1","N","","","","","","","","","","","","03","  ","","",""
"1300","1","0","0","0","0","0","0","0","0","4","0","","36","12","2018","2018134190","7","40.0422","-76.2957","1245","08","0","0","0","0","0","0","0","1","","0","0","0","12","1","0","01","0","40 02:32.089","","00","76 17:44.343","0","0","0","0","36301","0","0","0","N","0","0","0","6","36301","0","","1","09","N","N","1","","0","0","0","3","3","","1206","0","2","0","0","1","0","0","3","0","2","N","","","","","","","","","","","","07","  ","","",""
"1550","0","0","0","0","0","0","0","0","0","7","0","","36","12","2018","2018134270","7","40.0579","-76.4039","1545","08","0","0","1","0","0","0","0","0","1","0","0","0","15","1","0","00","1","40 03:27.787","1","00","76 24:14.509","0","0","0","0","36239","0","0","0","N","0","0","0","2","36239","0","","4","09","N","N","0","","0","0","1","0","0","N","1545","0","1","0","0","0","0","0","3","0","1","N","","","","","","","","","","","","07","  ","","",""
"1430","1","0","0","0","0","0","0","0","0","1","0","","36","12","2018","2018134286","6","40.1056","-76.3544","1430","08","0","0","1","0","0","1","0","0","","0","0","0","14","1","0","00","0","40 06:20.116","","00","76 21:15.843","0","0","0","0","36406","0","0","0","N","0","0","0","4","36101","0","","1","09","N","N","0","","0","0","1","0","0","","1428","0","2","0","0","0","0","0","3","0","2","N","","","","","","","","","","","","05","  ","","",""
"1518","1","0","0","0","0","0","0","0","0","4","0","","36","12","2018","2018134287","6","40.0582","-76.2956","1510","08","0","1","0","0","0","1","0","0","","0","0","0","15","1","0","00","0","40 03:29.620","","00","76 17:44.260","0","0","0","0","36101","0","0","0","N","0","0","0","3","36101","0","","1","09","N","N","1","","0","0","0","0","0","","1508","0","2","0","0","0","0","0","3","0","2","N","","","","","","","","","","","","07","  ","","",""
"1712","0","0","0","0","0","0","0","0","0","1","0","","36","12","2018","2018134288","6","40.0859","-76.3069","1700","08","0","0","0","0","0","0","1","0","","0","0","0","16","2","0","00","0","40 05:09.255","","00","76 18:24.789","0","0","0","0","36101","0","0","0","N","0","0","0","3","36101","0","","1","09","N","N","0","","0","0","2","0","0","","1657","0","2","0","0","0","0","0","3","0","2","N","","","","","","","","","","","","07","  ","","",""
"1805","1","0","0","0","0","0","0","0","0","4","0","","36","12","2018","2018134328","3","40.0314","-76.4816","1800","08","0","0","0","0","0","1","0","0","","0","0","0","18","3","0","01","0","40 01:53.017","","00","76 28:53.643","0","0","0","0","36239","0","0","0","N","0","0","0","2","36404","0","","1","01","N","N","0","","0","0","0","3","2","","1800","0","2","0","0","0","0","0","3","1","2","N","","","","","","","","","","","","03","  ","","",""
"0856","0","0","0","0","0","0","0","0","0","1","1","","36","12","2018","2018134460","4","40.0576","-76.3116","0849","08","0","0","0","0","0","0","0","0","2","0","1","0","08","1","0","00","1","40 03:27.361","2","00","76 18:41.817","0","0","0","0","36101","0","0","0","N","0","0","0","2","36101","0","","1","01","N","N","0","","0","0","0","0","0","N","0847","0","2","0","0","0","0","0","3","1","2","N","","","","","","","","","","","","03","  ","","",""
"1046","1","0","0","0","0","0","0","0","0","1","0","","36","12","2018","2018134461","4","40.0641","-76.3408","1036","08","0","0","0","0","0","0","0","0","2","0","0","0","10","1","0","00","1","40 03:50.681","4","00","76 20:26.973","0","0","0","0","36101","0","0","0","N","0","0","0","2","36101","0","","1","01","N","N","0","","0","0","0","3","2","N","1030","0","2","0","0","0","0","0","3","1","2","N","","","","","","","","","","","","03","  ","","",""
"0531","2","0","0","0","0","0","0","0","0","4","0","","36","11","2018","2018134462","4","40.0157","-76.3496","0526","08","0","0","0","0","0","0","0","0","2","0","0","0","05","3","0","01","1","40 00:56.470","4","00","76 20:58.524","0","0","0","0","36412","0","0","0","N","0","0","0","2","36412","0","","1","01","N","N","0","","0","0","0","3","2","N","0524","0","2","0","0","0","0","0","3","0","2","N","","","","","","","","","","","","03","  ","","",""
"1145","0","0","0","0","0","0","0","0","0","7","0","","36","12","2018","2018134608","1","40.0519","-76.4157","1142","08","0","0","0","0","0","1","0","0","2","0","0","0","11","1","0","02","1","40 03:06.663","1","00","76 24:56.436","0","0","0","0","36239","0","0","0","N","0","0","0","1","36239","0","","2","09","N","N","1","","0","0","0","3","3","N","1142","0","1","0","0","0","0","0","3","0","1","N","","","","","","","","","","","","07","  ","","",""
"0725","1","0","0","0","0","0","0","0","0","7","0","","36","11","2018","2018134660","7","40.032","-76.3162","0722","08","0","0","0","0","0","0","0","0","2","0","0","0","07","1","0","00","2","40 01:55.334","4","00","76 18:58.426","0","0","0","0","36301","0","0","0","N","0","0","0","2","36301","0","","5","01","N","N","0","","0","0","0","0","0","N","0720","0","1","0","0","0","0","0","3","0","1","N","","","","","","","","","","","","03","  ","","",""
"2326","2","0","0","0","0","0","0","0","0","4","0","","36","11","2018","2018134706","5","40.0261","-76.314","2324","08","0","0","1","0","0","0","0","0","2","0","0","0","23","3","0","00","2","40 01:34.036","6","00","76 18:50.395","0","0","0","0","36301","0","0","0","N","0","0","0","1","36301","0","","1","01","N","N","0","","0","0","1","0","0","Y","2321","0","3","0","0","0","0","0","3","0","3","N","","","","","","","","","","","","03","  ","","",""
"1822","2","0","0","0","0","0","0","0","0","1","0","","36","11","2018","2018134708","2","40.045","-76.2837","1816","08","0","0","0","0","0","0","0","0","1","0","0","0","18","3","0","01","1","40 02:41.866","4","00","76 17:01.190","0","0","0","0","36301","0","0","0","N","0","0","0","2","36301","0","","1","09","N","N","0","","0","0","0","1","2","N","1816","0","2","0","0","0","0","0","3","0","2","N","","","","","","","","","","","","07","  ","","",""
"2327","2","0","0","0","0","0","0","0","0","2","0","","36","12","2018","2018134711","1","40.2053","-76.1477","2323","08","0","1","0","0","1","0","0","0","2","0","0","0","23","2","0","00","2","40 12:19.183","6","00","76 08:51.761","0","0","0","0","36210","0","0","0","N","0","0","0","6","36210","0","","1","09","N","N","0","","0","0","0","0","0","Y","2320","0","2","0","0","0","0","0","1","0","2","N","","","","","","","","","","","","07","  ","","",""
"2140","2","0","0","0","0","0","0","0","0","4","0","","36","11","2018","2018134716","3","40.0457","-76.2883","2129","08","0","0","0","0","0","0","0","0","3","0","0","0","21","3","0","00","2","40 02:44.395","5","00","76 17:17.865","9","0","0","0","36301","0","0","0","N","0","0","0","2","36301","0","","6","01","N","N","0","","0","0","2","0","0","Y","2129","0","4","0","0","0","0","1","3","0","4","N","","","","","","","","","","","","03","  ","","",""
"2246","2","0","0","0","0","0","0","0","0","4","0","","36","12","2018","2018134719","7","40.0377","-76.2948","2245","08","0","0","0","0","0","0","0","0","2","0","0","0","22","3","0","01","1","40 02:15.800","4","00","76 17:41.200","0","0","0","0","36301","0","0","0","N","0","0","0","2","36301","0","","1","09","N","N","0","","0","0","1","3","3","N","2235","0","3","0","0","0","0","0","3","0","3","N","","","","","","","","","","","","07","  ","","",""
"1225","1","0","0","0","0","0","0","0","0","7","0","","36","12","2018","2018134778","1","40.1206","-76.2246","1220","08","0","0","0","0","0","0","0","0","2","0","0","0","12","1","0","00","1","40 07:15.867","2","01","76 13:26.851","0","0","0","0","36238","0","0","0","Y","0","0","0","1","36238","0","","3","01","N","N","0","","0","0","0","0","0","N","1219","0","1","0","0","0","0","0","3","0","1","N","","","","","","","","","","","","03","  ","","",""
"0210","2","0","0","0","0","0","0","0","0","4","0","","36","12","2018","2018134794","1","39.9858","-76.2836","0205","08","0","0","0","0","0","0","0","0","1","0","0","0","02","3","0","01","1","39 59:08.888","3","00","76 17:01.092","0","0","0","0","36240","0","0","0","N","0","0","0","2","36240","0","","1","09","N","N","0","","0","0","0","3","2","N","0200","0","2","0","0","0","0","0","1","0","2","N","","","","","","","","","","","","07","  ","","",""
"1042","1","0","0","0","0","0","0","0","0","4","0","","36","12","2018","2018134801","5","40.0791","-76.3465","1038","08","0","0","0","0","0","0","1","0","2","0","0","0","10","1","2","02","2","40 04:44.850","7","00","76 20:47.336","3","0","0","0","36101","0","0","0","N","0","0","0","5","36101","1","","1","01","N","N","0","","1","0","2","3","3","Y","1035","2","3","0","0","0","0","0","3","0","3","N","","","","","","","","","","","","03","  ","","",""
"1636","2","0","0","0","0","0","0","0","0","1","0","","36","12","2018","2018134802","2","40.0737","-76.2668","1630","08","0","0","0","0","0","1","0","0","1","0","0","0","16","1","2","00","1","40 04:25.233","4","00","76 16:00.330","4","0","0","0","36101","0","0","0","N","0","0","0","5","36101","2","","1","01","N","N","0","","0","0","0","0","0","N","1630","2","3","0","0","0","0","0","3","1","3","N","","","","","","","","","","","","03","  ","","",""
"1616","2","0","0","0","0","0","0","0","0","4","0","","36","12","2018","2018134803","6","40.109","-76.3347","1606","08","0","0","0","1","0","0","0","0","2","0","0","0","16","3","0","01","2","40 06:32.520","2","00","76 20:04.814","0","0","0","0","36101","0","0","0","N","0","0","0","2","36101","0","","1","09","N","N","0","","0","0","0","3","2","N","1605","0","2","0","0","0","0","0","3","0","2","N","","","","","","","","","","","","07","  ","","",""
"1500","1","0","0","0","0","0","0","0","0","8","0","","36","12","2018","2018134831","5","40.0467","-76.2926","1458","08","0","0","1","0","0","0","0","0","1","0","0","0","14","1","1","00","1","40 02:47.981","1","00","76 17:33.325","8","0","0","0","36301","1","0","0","N","1","0","0","3","36301","0","","1","01","N","Y","0","","0","0","0","0","0","Y","1457","1","2","0","0","0","1","0","3","0","1","N","","","","","","","","","","","","03","  ","","",""
"1605","1","0","0","0","0","0","0","0","0","7","0","","36","12","2018","2018134882","5","40.2473","-76.108","1600","08","0","0","1","0","0","0","0","0","","0","0","0","16","1","0","00","0","40 14:50.395","","00","76 06:28.755","0","0","0","0","36210","0","0","0","N","0","0","0","1","36210","0","","5","01","N","N","0","","0","0","0","0","0","","1600","0","1","0","0","0","0","0","1","0","1","N","","","","","","","","","","","","03","  ","","",""
"0535","0","0","0","1","1","0","0","0","0","4","1","","36","12","2018","2018134912","2","40.0165","-76.1628","0530","08","0","0","0","0","0","0","0","0","4","1","1","0","05","3","0","00","2","40 00:59.424","6","07","76 09:45.965","1","0","0","0","36215","1","1","0","N","0","0","0","2","36215","0","2","1","01","N","N","0","0","0","0","0","0","0","Y","0529","0","2","0","0","0","0","0","1","0","1","N","","","","","","","","","","","","03","  ","","",""
"1835","1","0","0","0","0","0","0","0","0","4","0","","36","12","2018","2018134924","3","40.1762","-76.3088","1755","08","0","0","0","0","0","0","1","1","","0","0","0","17","3","0","00","0","40 10:34.571","","07","76 18:31.860","0","0","0","0","36235","0","0","0","N","0","0","0","3","36506","0","","1","01","N","N","1","","0","0","0","0","0","","1755","0","2","0","0","0","0","0","1","0","2","N","","","","","","","","","","","","03","  ","","",""
"1115","1","0","0","0","0","0","0","0","0","7","0","","36","12","2018","2018135042","2","40.1389","-76.6005","1107","08","0","0","0","1","0","0","0","0","","0","0","0","10","1","0","00","0","40 08:20.160","","00","76 36:01.967","0","0","0","0","36211","0","0","0","N","0","0","0","1","36504","0","","5","01","N","N","0","","0","0","0","0","0","","1055","0","1","0","0","0","0","0","1","0","1","N","","","","","","","","","","","","03","  ","","",""
"1848","1","0","0","0","0","0","0","0","0","1","0","","36","12","2018","2018135076","6","40.0386","-76.3358","1838","08","0","0","0","0","0","2","0","0","2","0","0","0","18","3","1","01","1","40 02:18.842","3","00","76 20:08.849","3","0","0","0","36220","0","0","0","N","0","0","0","4","36101","0","","1","09","N","N","0","","1","0","0","3","2","N","1834","1","2","0","0","2","0","0","3","1","2","N","","","","","","","","","","","","07","  ","","",""
"2104","1","0","0","0","0","0","0","0","0","4","0","","36","12","2018","2018135077","7","40.0695","-76.3076","2104","08","0","0","0","0","0","3","0","0","2","0","0","0","21","3","3","01","1","40 04:10.226","2","00","76 18:28.241","3","0","0","0","36101","0","0","0","N","0","0","0","5","36101","0","","1","09","N","N","0","","3","0","1","3","2","N","2104","3","3","0","0","0","0","0","3","1","3","N","","","","","","","","","","","","07","  ","","",""
"1929","0","0","0","0","0","0","0","0","0","4","0","","36","12","2018","2018135078","1","40.1","-76.3541","1922","08","0","0","0","0","0","1","0","0","","0","0","0","19","3","2","01","0","40 06:00.025","","00","76 21:14.898","3","0","0","0","36406","0","0","0","N","0","0","0","3","36101","0","","1","09","N","N","1","","2","0","1","3","2","","1920","2","2","0","0","0","0","0","3","0","2","N","","","","","","","","","","","","03","  ","","",""
"2212","2","0","0","0","0","0","0","0","0","4","0","","36","12","2018","2018135079","1","40.1138","-76.3056","2206","08","0","0","0","1","1","0","0","0","1","0","0","0","22","3","1","01","1","40 06:49.608","7","00","76 18:20.148","3","0","0","0","36101","0","0","0","N","0","0","0","2","36101","0","","1","09","N","N","0","","1","0","0","3","2","N","2204","1","2","0","0","0","0","0","3","0","2","N","","","","","","","","","","","","03","  ","","",""
"1334","0","0","0","0","0","0","0","0","0","4","0","","36","12","2018","2018135080","2","40.0327","-76.243","1330","08","0","0","0","0","0","0","0","0","2","0","0","0","13","1","2","00","1","40 01:57.657","3","00","76 14:34.949","3","0","0","0","36215","0","0","0","N","0","0","0","4","36215","0","","1","01","N","N","0","","2","0","2","3","2","N","1328","2","2","0","0","0","0","0","1","0","2","N","","","","","","","","","","","","03","  ","","",""
"1639","1","0","0","0","0","0","0","0","0","7","0","","36","11","2018","2018135081","5","40.1559","-76.4172","1631","08","0","1","0","0","0","0","0","0","3","0","0","0","16","1","2","00","2","40 09:21.239","6","00","76 25:02.010","8","0","0","0","36230","0","0","0","N","0","0","0","4","36410","0","","4","01","N","N","0","","0","0","0","0","0","Y","1629","2","1","0","0","0","2","2","1","0","1","N","","","","","","","","","","","","03","  ","","",""
"0845","1","0","0","0","0","0","0","0","0","4","0","","36","11","2018","2018135082","2","40.1375","-76.4525","0835","08","0","0","0","0","0","0","0","0","","0","0","0","08","1","0","00","0","40 08:15.170","","00","76 27:09.100","0","0","0","0","36230","0","0","0","N","0","0","0","2","36410","0","","1","01","N","N","0","","0","0","0","0","0","","0833","0","2","0","0","0","0","0","1","1","2","N","","","","","","","","","","","","03","  ","","",""
"1509","1","0","0","0","0","0","0","0","0","2","0","","36","12","2018","2018135083","2","40.1985","-76.4907","1502","08","0","0","0","0","0","0","0","0","2","0","0","0","15","1","2","00","2","40 11:54.690","5","00","76 29:26.360","8","0","0","0","36230","0","0","0","N","0","0","0","2","36410","0","","1","01","N","N","0","","0","0","1","0","0","Y","1501","2","2","0","0","0","2","0","1","0","2","N","","","","","","","","","","","","03","  ","","",""
"1106","1","0","0","0","0","0","0","0","0","4","0","","36","12","2018","2018135084","3","40.1651","-76.393","1103","08","0","1","0","0","0","0","0","0","2","0","0","0","11","1","0","00","1","40 09:54.348","6","00","76 23:34.808","0","0","0","0","36410","0","0","0","N","0","0","0","2","36410","0","","1","01","N","N","0","","0","0","1","0","0","N","1101","0","2","0","0","0","0","0","2","0","2","N","","","","","","","","","","","","03","  ","","",""
"1848","1","0","0","0","0","0","0","0","0","7","0","","36","12","2018","2018135085","4","40.2261","-76.45","1839","08","0","0","0","0","0","0","0","0","1","0","0","0","18","2","1","00","1","40 13:33.922","2","00","76 26:59.971","8","0","0","0","36230","0","0","0","N","0","0","0","1","36410","0","","5","01","N","N","0","","0","0","0","0","0","N","1836","1","1","0","0","0","1","0","1","0","1","N","","","","","","","","","","","","98","  ","","",""
"1725","0","0","0","1","0","0","0","0","0","4","0","","36","12","2018","2018135086","5","40.1623","-76.3872","1720","08","0","0","0","0","0","0","0","0","","0","0","0","17","3","1","02","0","40 09:44.283","","00","76 23:13.876","8","0","0","0","36410","1","0","0","N","0","0","0","2","36410","0","","1","01","N","N","0","","0","0","1","3","3","","1718","1","2","0","0","0","1","0","2","0","1","N","","","","","","","","","","","","03","  ","","",""
"1942","2","0","0","0","0","0","0","0","0","4","0","","36","12","2018","2018135087","7","40.125","-76.4674","1937","08","0","0","0","0","0","0","0","1","","0","0","0","19","2","0","02","0","40 07:29.965","","02","76 28:02.782","0","0","0","0","36230","0","0","0","N","0","0","0","3","36410","0","","1","09","N","N","0","","0","0","0","0","0","","1936","0","2","0","0","0","0","0","1","0","2","N","","","","","","","","","","","","07","  ","","",""
"1157","0","0","0","0","0","0","0","0","0","1","0","","36","11","2018","2018135109","5","40.1654","-76.2004","1153","08","0","0","1","0","0","1","0","0","2","0","0","0","11","1","1","00","2","40 09:55.275","5","03","76 12:01.456","3","0","0","0","36218","0","0","0","N","0","0","0","3","36408","0","","1","07","N","N","1","","1","0","2","0","0","Y","1153","1","3","0","0","0","0","0","1","0","3","N","","","","","","","","","","","","10","  ","","",""
"1656","1","0","0","0","0","0","0","0","0","4","0","","36","11","2018","2018135114","4","40.1968","-76.1692","1654","08","0","0","0","0","0","1","0","0","","0","0","0","16","4","1","01","0","40 11:48.459","","00","76 10:08.984","3","0","0","0","36218","0","0","0","N","0","0","0","2","36408","0","","1","01","N","N","1","","1","0","0","3","2","","1653","1","2","0","0","1","0","0","1","0","2","N","","","","","","","","","","","","03","  ","","",""
"1905","4","0","0","0","0","0","0","0","0","5","0","","36","12","2018","2018135153","5","40.0429","-76.2958","1901","08","1","0","0","0","0","0","0","0","2","0","0","0","19","3","0","00","1","40 02:34.567","1","00","76 17:44.890","0","0","0","0","36301","0","0","0","N","0","0","0","3","36301","0","","6","01","N","N","0","","0","0","0","0","0","N","1900","0","4","0","0","2","0","0","3","0","4","N","","","","","","","","","","","","03","  ","","",""
"2115","2","0","0","0","0","0","0","0","0","4","0","","36","12","2018","2018135160","2","40.0381","-76.3211","2115","08","0","0","0","0","0","0","0","0","1","0","0","0","21","3","0","00","1","40 02:16.986","3","00","76 19:16.025","0","0","0","0","36301","0","0","0","N","0","0","0","4","36301","0","","6","01","N","N","0","","0","0","0","0","0","Y","2115","0","2","0","0","0","0","0","3","0","2","N","","","","","","","","","","","","03","  ","","",""
"1545","1","0","0","0","0","0","0","0","0","1","0","","36","12","2018","2018135364","5","","","1538","08","0","0","0","0","0","0","0","1","2","0","0","0","15","1","0","01","2","","3","00","","0","0","0","0","36301","0","0","0","N","0","0","0","2","36301","0","","1","01","N","N","0","","0","0","1","3","2","N","1530","0","2","0","0","0","0","0","3","0","2","N","","","","","","","","","","","","03","  ","","",""
"0016","1","0","0","0","0","0","0","0","0","7","0","","36","12","2018","2018135369","1","40.1402","-76.2992","0010","08","0","0","0","0","0","0","0","0","1","0","0","0","00","2","0","00","1","40 08:24.892","6","00","76 17:57.206","0","0","0","0","36235","0","0","0","N","0","0","0","1","36506","0","","5","09","N","N","0","","0","0","0","0","0","N","0010","0","1","0","0","0","0","0","1","0","1","N","","","","","","","","","","","","07","  ","","",""
"1622","1","0","0","0","0","0","0","0","0","4","0","","36","12","2018","2018135370","6","40.2093","-76.2267","1618","08","0","0","1","0","0","0","0","0","2","0","0","0","16","1","0","02","1","40 12:33.401","1","07","76 13:36.284","0","0","0","0","36204","0","0","0","N","0","0","0","2","36506","0","","1","09","N","N","0","","0","0","0","0","0","Y","1618","0","2","0","0","0","0","0","1","1","2","N","","","","","","","","","","","","07","  ","","",""