"ARRIVAL_TM","AUTOMOBILE_COUNT","BELTED_DEATH_COUNT","BELTED_SUSP_SERIOUS_INJ_COUNT","BICYCLE_COUNT","BICYCLE_DEATH_COUNT","BICYCLE_SUSP_SERIOUS_INJ_COUNT","BUS_COUNT","CHLDPAS_DEATH_COUNT","CHLDPAS_SUSP_SERIOUS_INJ_COUNT","COLLISION_TYPE","COMM_VEH_COUNT","CONS_ZONE_SPD_LIM","COUNTY","CRASH_MONTH","CRASH_YEAR","CRN","DAY_OF_WEEK","DEC_LAT","DEC_LONG","DISPATCH_TM","DISTRICT","DRIVER_COUNT_16YR","DRIVER_COUNT_17YR","DRIVER_COUNT_18YR","DRIVER_COUNT_19YR","DRIVER_COUNT_20YR","DRIVER_COUNT_50_64YR","DRIVER_COUNT_65_74YR","DRIVER_COUNT_75PLUS","EST_HRS_CLOSED","FATAL_COUNT","HEAVY_TRUCK_COUNT","HORSE_BUGGY_COUNT","HOUR_OF_DAY","ILLUMINATION","INJURY_COUNT","INTERSECT_TYPE","LANE_CLOSED","LATITUDE","LN_CLOSE_DIR","LOCATION_TYPE","LONGITUDE","MAX_SEVERITY_LEVEL","MCYCLE_DEATH_COUNT","MCYCLE_SUSP_SERIOUS_INJ_COUNT","MOTORCYCLE_COUNT","MUNICIPALITY","NONMOTR_COUNT","NONMOTR_DEATH_COUNT","NONMOTR_SUSP_SERIOUS_INJ_COUNT","NTFY_HIWY_MAINT","PED_COUNT","PED_DEATH_COUNT","PED_SUSP_SERIOUS_INJ_COUNT","PERSON_COUNT","POLICE_AGCY","POSSIBLE_INJ_COUNT","RDWY_SURF_TYPE_CD","RELATION_TO_ROAD","ROAD_CONDITION","SCH_BUS_IND","SCH_ZONE_IND","SMALL_TRUCK_COUNT","SPEC_JURIS_CD","SUSP_MINOR_INJ_COUNT","SUSP_SERIOUS_INJ_COUNT","SUV_COUNT","TCD_FUNC_CD","TCD_TYPE","TFC_DETOUR_IND","TIME_OF_DAY","TOT_INJ_COUNT","TOTAL_UNITS","UNB_DEATH_COUNT","UNB_SUSP_SERIOUS_INJ_COUNT","UNBELTED_OCC_COUNT","UNK_INJ_DEG_COUNT","UNK_INJ_PER_COUNT","URBAN_RURAL","VAN_COUNT","VEHICLE_COUNT","WORK_ZONE_IND","WORK_ZONE_LOC","WORK_ZONE_TYPE","WORKERS_PRES","WZ_CLOSE_DETOUR","WZ_FLAGGER","WZ_LAW_OFFCR_IND","WZ_LN_CLOSURE","WZ_MOVING","WZ_OTHER","WZ_SHLDER_MDN","ROADWAY_CLEARED","WEATHER1","WEATHER2","WZ_WORKERS_INJ_KILLED","SECONDARY_CRASH","INTERSECTION_RELATED"
"0955","1","0","0","0","0","0","0","0","0","7","0","","36","12","2018","2018135373","7","40.1326","-76.347","0950","08","0","0","0","0","0","0","0","0","","0","0","0","09","1","0","01","0","40 07:57.364","","00","76 20:49.148","0","0","0","0","36227","0","0","0","N","0","0","0","1","36506","0","","5","09","N","N","0","","0","0","0","0","0","","0950","0","1","0","0","0","0","0","1","0","1","N","","","","","","","","","","","","07","  ","","",""
"1045","1","0","0","0","0","0","0","0","0","1","0","","36","12","2018","2018135376","3","40.2093","-76.2267","1040","08","0","0","0","0","1","0","0","1","","0","0","0","10","1","0","02","0","40 12:33.401","","00","76 13:36.284","0","0","0","0","36204","0","0","0","N","0","0","0","3","36506","0","","1","09","N","N","0","","0","0","1","0","0","","1040","0","3","0","0","0","0","0","1","1","3","N","","","","","","","","","","","","07","  ","","",""
"2255","1","0","0","0","0","0","0","0","0","7","0","","36","12","2018","2018135411","7","40.1548","-76.2388","2245","08","0","0","0","0","0","0","0","0","","0","0","0","22","2","1","00","0","40 09:17.274","","00","76 14:19.734","8","0","0","0","36235","0","0","0","N","0","0","0","1","36506","0","","5","09","N","N","0","","0","0","0","0","0","","2245","1","1","0","0","0","1","0","1","0","1","N","","","","","","","","","","","","07","  ","","",""
"1745","0","0","0","0","0","0","0","0","0","1","0","","36","12","2018","2018135421","3","40.0657","-76.3349","1735","08","0","0","0","0","0","1","0","0","2","0","0","0","17","3","0","00","1","40 03:56.443","4","00","76 20:05.719","0","0","0","0","36301","0","0","0","N","0","0","0","4","36301","0","","1","01","N","N","0","","0","0","2","0","0","Y","1717","0","2","0","0","0","0","0","3","0","2","N","","","","","","","","","","","","03","  ","","",""
"1209","0","0","0","0","0","0","0","0","0","1","0","","36","12","2018","2018135443","3","40.1213","-76.0388","1205","08","0","0","0","0","1","1","0","0","","0","0","0","12","1","0","02","0","40 07:16.519","","00","76 02:19.591","0","0","0","0","36213","0","0","0","N","0","0","0","3","36213","0","","1","01","N","N","1","","0","0","1","3","2","","1203","0","2","0","0","0","0","0","1","0","2","N","","","","","","","","","","","","03","  ","","",""
"0344","1","0","0","0","0","0","0","0","0","7","0","","36","11","2018","2018135477","6","40.2455","-76.1813","0327","08","0","0","0","0","0","0","0","0","","0","0","0","03","2","2","00","0","40 14:43.746","","00","76 10:52.656","3","0","0","0","36236","0","0","0","N","0","0","0","2","68T06","0","","4","06","N","N","0","","2","0","0","0","0","","0327","2","1","0","0","0","0","0","1","0","1","N","","","","","","","","","","","","10","  ","","",""
"1537","0","0","0","0","0","0","0","0","0","5","0","","36","12","2018","2018135597","2","40.0382","-76.5105","1536","08","0","0","0","0","0","2","0","0","1","0","0","0","15","1","0","00","1","40 02:17.581","4","00","76 30:37.724","0","0","0","0","36404","0","0","0","N","0","0","0","3","36404","0","","1","09","N","N","0","","0","0","2","0","0","N","1533","0","3","0","0","0","0","0","3","1","3","N","","","","","","","","","","","","03","  ","","",""
"1057","0","0","0","0","0","0","0","0","0","6","0","","36","12","2018","2018135667","2","40.0536","-76.2872","1051","08","0","0","0","0","0","1","0","0","","0","0","0","10","1","0","00","0","40 03:12.821","","00","76 17:13.929","0","0","0","0","36101","0","0","0","N","0","0","0","2","36101","0","","5","01","N","N","1","","0","0","1","0","0","","1048","0","2","0","0","0","0","0","3","0","2","N","","","","","","","","","","","","03","  ","","",""
"0742","1","0","0","0","0","0","0","0","0","1","0","","36","12","2018","2018135668","3","40.077","-76.3091","0739","08","0","0","0","0","0","0","0","0","1","0","0","0","07","1","0","00","1","40 04:37.090","3","00","76 18:32.750","0","0","0","0","36101","0","0","0","N","0","0","0","2","36101","0","","1","01","N","N","0","","0","0","1","0","0","N","0723","0","2","0","0","0","0","0","3","0","2","N","","","","","","","","","","","","03","  ","","",""
"0806","1","0","0","0","0","0","0","0","0","4","0","","36","12","2018","2018135669","3","40.0586","-76.306","0802","08","0","0","0","0","0","1","0","0","","0","0","0","08","1","1","00","0","40 03:30.983","","00","76 18:21.611","4","0","0","0","36101","0","0","0","N","0","0","0","4","36101","1","","1","01","N","N","0","","0","0","1","0","0","","0800","1","2","0","0","0","0","0","3","0","2","N","","","","","","","","","","","","03","  ","","",""
"0510","0","0","0","0","0","0","0","0","0","7","0","","36","12","2018","2018135701","3","40.1887","-76.3594","0506","08","0","1","0","0","0","0","0","0","2","0","0","0","05","2","0","00","2","40 11:19.437","5","00","76 21:33.912","0","0","0","0","36227","0","0","0","N","0","0","0","1","36506","0","","2","01","N","N","1","","0","0","0","0","0","Y","0506","0","1","0","0","0","0","0","1","0","1","N","","","","","","","","","","","","03","  ","","",""
"1542","1","0","0","0","0","0","0","0","0","5","0","","36","12","2018","2018135706","3","40.1175","-76.2316","1534","08","0","0","0","0","1","1","0","0","2","0","0","0","15","1","0","00","1","40 07:03.008","2","03","76 13:53.660","0","0","0","0","36238","0","0","0","N","0","0","0","3","36238","0","","1","01","N","N","0","","0","0","0","0","0","N","1531","0","2","0","0","0","0","0","3","1","2","N","","","","","","","","","","","","03","  ","","",""
"1908","1","0","0","0","0","0","0","0","0","1","0","","36","12","2018","2018135758","1","40.0574","-76.2815","1902","08","0","0","0","0","0","0","0","1","2","0","0","0","18","3","1","00","1","40 03:26.726","3","00","76 16:53.356","3","0","0","0","36301","0","0","0","N","0","0","0","5","36301","0","","1","01","N","N","0","","1","0","1","0","0","N","1848","1","2","0","0","0","0","0","3","0","2","N","","","","","","","","","","","","03","  ","","",""
"1802","0","0","0","0","0","0","0","0","0","1","0","","36","12","2018","2018135824","3","40.1098","-76.4799","1802","08","0","0","0","0","0","0","0","0","1","0","0","0","18","3","0","00","2","40 06:35.237","3","00","76 28:47.618","0","0","0","0","36230","0","0","0","N","0","0","0","2","36413","0","","1","01","N","N","0","","0","0","1","3","2","N","1802","0","2","0","0","0","0","0","1","1","2","N","","","","","","","","","","","","03","  ","","",""
"1612","1","0","0","0","0","0","0","0","0","4","0","","36","11","2018","2018135947","4","39.9892","-75.9912","1604","08","0","0","0","0","0","1","0","0","","0","0","0","15","1","0","02","0","39 59:21.219","","00","75 59:28.413","0","0","0","0","36232","0","0","0","N","0","0","0","2","68J01","0","","1","01","N","N","0","","0","0","1","3","3","","1555","0","2","0","0","1","0","0","1","0","2","N","","","","","","","","","","","","03","  ","","",""
"2256","2","0","0","0","0","0","0","0","0","4","0","","36","12","2018","2018136055","6","40.1697","-76.5351","2251","08","0","1","1","0","0","0","0","0","2","0","0","0","22","2","0","02","1","40 10:10.754","3","00","76 32:06.526","0","0","0","0","36225","0","0","0","N","0","0","0","2","36505","0","","1","01","N","N","0","","0","0","0","0","0","N","2250","0","2","0","0","0","0","0","2","0","2","N","","","","","","","","","","","","03","  ","","",""
"0805","0","0","0","0","0","0","0","0","0","7","0","","36","12","2018","2018136057","2","40.277","-76.0956","0800","08","0","0","0","0","0","1","0","0","2","0","0","0","07","1","1","00","1","40 16:37.023","5","00","76 05:44.029","3","0","0","0","36236","0","0","0","N","0","0","0","1","36408","0","","5","01","N","N","0","","1","0","1","0","0","N","0759","1","1","0","0","0","0","0","1","0","1","N","","","","","","","","","","","","03","  ","","",""
"1033","0","0","0","0","0","0","0","0","0","1","0","","36","12","2018","2018136089","5","40.0699","-76.3016","1033","08","0","0","0","0","0","1","0","0","1","0","0","0","10","1","0","00","1","40 04:11.725","1","00","76 18:05.664","0","0","0","0","36101","0","0","0","N","0","0","0","2","36101","0","","1","01","N","N","0","","0","0","2","3","2","N","1031","0","2","0","0","0","0","0","3","0","2","N","","","","","","","","","","","","03","  ","","",""
"1515","0","0","0","0","0","0","0","0","0","7","0","","36","12","2018","2018136090","3","40.0556","-76.2981","1508","08","0","0","0","0","0","0","0","1","3","0","0","0","15","1","1","00","2","40 03:20.110","6","00","76 17:53.020","3","0","0","0","36101","0","0","0","N","0","0","0","1","36101","0","","1","01","N","N","0","","1","0","1","0","0","Y","1507","1","1","0","0","0","0","0","3","0","1","N","","","","","","","","","","","","03","  ","","",""
"0809","2","0","0","0","0","0","0","0","0","1","0","","36","12","2018","2018136091","5","40.0613","-76.2986","0805","08","0","0","0","0","0","0","0","0","2","0","0","0","08","1","0","00","1","40 03:40.680","4","00","76 17:54.970","0","0","0","1","36101","0","0","0","N","0","0","0","1","36101","0","","6","01","N","N","0","","0","0","2","0","0","N","0803","0","5","0","0","0","0","0","3","0","5","N","","","","","","","","","","","","03","  ","","",""
"1625","2","0","0","0","0","0","0","0","0","5","0","","36","12","2018","2018136092","5","40.0691","-76.3075","1616","08","0","0","0","0","0","1","0","0","2","0","0","0","16","1","0","00","1","40 04:08.823","4","03","76 18:27.128","0","0","0","0","36101","0","0","0","N","0","0","0","3","36101","0","","1","01","N","N","0","","0","0","1","0","0","N","1612","0","3","0","0","0","0","0","3","0","3","N","","","","","","","","","","","","03","  ","","",""
"0547","0","0","0","0","0","0","0","0","0","4","0","","36","12","2018","2018136093","1","40.0616","-76.2862","0538","08","0","1","0","0","0","0","0","0","","0","0","0","05","2","0","00","0","40 03:41.910","","00","76 17:10.340","0","0","0","0","36101","0","0","0","N","0","0","0","1","36101","0","","1","09","N","N","0","","0","0","2","0","0","","0529","0","2","0","0","0","0","0","3","0","2","N","","","","","","","","","","","","03","  ","","",""
"1923","1","0","0","0","0","0","0","0","0","1","0","","36","12","2018","2018136094","2","40.0423","-76.279","1917","08","0","0","0","0","0","1","0","0","","0","0","0","18","3","1","00","0","40 02:32.272","","00","76 16:44.284","4","0","0","0","36220","0","0","0","N","0","0","0","1","36101","1","","2","01","N","N","0","","0","0","1","0","0","","1843","1","2","0","0","0","0","0","3","0","2","N","","","","","","","","","","","","03","  ","","",""
"0801","1","0","0","0","0","0","0","0","0","1","0","","36","12","2018","2018136095","4","40.0519","-76.3216","0747","08","0","0","0","0","0","2","0","0","2","0","0","0","07","1","1","00","1","40 03:06.688","3","00","76 19:17.938","4","0","0","0","36101","0","0","0","N","0","0","0","3","36101","1","","1","01","N","N","0","","0","0","1","0","0","N","0743","1","2","0","0","0","0","0","3","0","2","N","","","","","","","","","","","","03","  ","","",""
"0325","1","0","0","0","0","0","0","0","0","7","0","","36","12","2018","2018136157","7","40.1088","-76.2028","0323","08","0","0","0","1","0","0","0","0","3","0","0","0","03","2","0","00","2","40 06:31.784","5","00","76 12:10.233","0","0","0","0","36238","0","0","0","Y","0","0","0","1","36238","0","","5","09","N","N","0","","0","0","0","0","0","Y","0320","0","1","0","0","0","0","0","3","0","1","N","","","","","","","","","","","","07","  ","","",""
"2205","1","0","0","0","0","0","0","0","0","7","0","","36","12","2018","2018136166","6","40.1861","-76.1674","2155","08","0","1","0","0","0","0","0","0","","0","0","0","21","3","0","02","0","40 11:09.841","","00","76 10:02.801","0","0","0","0","36408","0","0","0","N","0","0","0","1","36408","0","","2","09","N","N","0","","0","0","0","0","0","","2150","0","1","0","0","0","0","0","2","0","1","N","","","","","","","","","","","","07","  ","","",""
"1120","1","0","0","0","0","0","0","0","0","7","0","","36","11","2018","2018136173","5","40.2254","-76.3994","1101","08","0","0","0","0","0","1","0","0","","0","0","0","11","1","1","00","0","40 13:31.561","","00","76 23:57.994","4","0","0","0","36227","0","0","0","N","0","0","0","1","68T06","1","","4","01","N","N","0","","0","0","0","0","0","","1101","1","1","0","0","0","0","0","1","0","1","N","","","","","","","","","","","","03","  ","","",""
"1508","1","0","0","0","0","0","0","0","0","1","0","","36","11","2018","2018136176","1","40.2122","-76.0538","1507","08","0","0","0","0","1","1","0","0","2","0","0","0","15","1","1","00","2","40 12:43.983","4","00","76 03:13.774","8","0","0","0","36202","0","0","0","N","0","0","0","7","68T06","0","","1","01","N","N","0","","0","0","3","0","0","Y","1504","1","4","0","0","0","1","1","1","0","4","N","","","","","","","","","","","","03","  ","","",""
"0002","2","0","0","0","0","0","0","0","0","7","0","","36","12","2018","2018136217","2","40.1742","-75.9612","2340","08","0","0","0","0","0","0","0","0","2","0","0","0","23","2","1","00","2","40 10:27.040","4","00","75 57:40.299","3","0","0","0","36203","0","0","0","N","0","0","0","2","68T06","0","","4","01","N","N","0","","1","0","0","0","0","N","2340","1","2","0","0","0","0","0","1","0","2","N","","","","","","","","","","","","03","  ","","",""
"1238","2","0","0","0","0","0","0","0","0","1","0","","36","12","2018","2018136263","3","40.038","-76.3438","1234","08","0","0","0","0","0","2","0","0","2","0","0","0","12","1","1","01","2","40 02:16.808","3","00","76 20:37.817","3","0","0","0","36223","0","0","0","N","0","0","0","3","36223","0","","1","01","N","N","0","","1","0","0","3","2","Y","1231","1","3","0","0","0","0","0","1","1","3","N","","","","","","","","","","","","03","  ","","",""
"1810","2","0","0","0","0","0","0","0","0","2","0","","36","12","2018","2018136264","7","40.0042","-76.477","1759","08","0","0","0","1","0","0","1","0","3","0","0","0","17","2","0","00","2","40 00:15.169","5","00","76 28:37.129","0","0","0","0","36223","0","0","0","N","0","0","0","2","36223","0","","1","09","N","N","0","","0","0","1","0","0","Y","1757","0","3","0","0","0","0","0","1","0","3","N","","","","","","","","","","","","07","  ","","",""
"0840","1","0","0","0","0","0","0","0","0","4","0","","36","12","2018","2018136265","4","40.1009","-76.0823","0835","08","0","0","0","0","0","0","0","0","1","0","0","0","08","1","0","01","1","40 06:03.334","2","00","76 04:56.150","0","0","0","0","36415","0","0","0","N","0","0","0","6","36415","0","","1","01","N","N","0","","0","0","1","3","3","N","0835","0","2","0","0","0","0","0","1","0","2","N","","","","","","","","","","","","03","  ","","",""
"1450","2","0","0","0","0","0","0","0","0","4","0","","36","12","2018","2018136266","5","40.1383","-76.1002","1448","08","0","0","0","0","0","1","0","1","2","0","0","0","14","1","2","01","1","40 08:17.874","7","00","76 06:00.622","3","0","0","0","36209","0","0","0","N","0","0","0","4","36415","0","","1","01","N","N","0","","2","0","0","3","3","N","1448","2","3","0","0","0","0","0","1","1","3","N","","","","","","","","","","","","03","  ","","",""
"0838","0","0","0","0","0","0","0","0","0","1","1","","36","12","2018","2018136267","2","40.1452","-76.1165","0833","08","0","0","0","0","0","1","0","0","1","0","1","0","08","1","0","02","1","40 08:42.670","4","00","76 06:59.472","0","0","0","0","36209","0","0","0","N","0","0","0","2","36415","0","","1","01","N","N","0","","0","0","0","3","2","N","0830","0","2","0","0","0","0","0","1","1","2","N","","","","","","","","","","","","03","  ","","",""
"1329","1","0","0","0","0","0","0","0","0","6","0","","36","12","2018","2018136268","4","40.036","-76.3082","1326","08","0","0","0","0","0","0","0","0","","0","0","0","13","1","1","00","0","40 02:09.771","","00","76 18:29.488","3","0","0","0","36301","0","0","0","N","0","0","0","2","36301","0","","1","01","N","N","0","","1","0","1","0","0","","1326","1","2","0","0","0","0","0","3","0","2","N","","","","","","","","","","","","03","  ","","",""
"1510","2","0","0","0","0","0","0","0","0","4","0","","36","12","2018","2018136328","3","40.181","-76.1813","1508","08","0","0","0","0","0","0","0","1","","0","0","0","15","1","0","01","0","40 10:51.703","","00","76 10:52.842","0","0","0","0","36408","0","0","0","N","0","0","0","3","36408","0","","1","01","N","N","0","","0","0","0","3","3","","1500","0","2","0","0","0","0","0","2","0","2","N","","","","","","","","","","","","03","  ","","",""
"0710","0","0","0","0","0","0","0","0","0","1","0","","36","12","2018","2018136365","5","40.0592","-76.4079","0705","08","0","0","0","0","0","0","0","0","2","0","0","0","07","1","0","00","1","40 03:33.236","6","00","76 24:28.354","0","0","0","0","36239","0","0","0","N","0","0","0","4","36239","0","","1","01","N","N","1","","0","0","2","0","0","N","0704","0","3","0","0","0","0","0","3","0","3","N","","","","","","","","","","","","03","  ","","",""
"0742","1","0","0","0","0","0","0","0","0","6","1","","36","11","2018","2018136374","2","39.9517","-76.0565","0728","08","0","0","0","0","0","1","0","0","1","0","1","0","07","5","0","00","2","39 57:06.000","6","00","76 03:23.500","0","0","0","0","36231","0","0","0","N","0","0","0","2","68J01","0","","1","09","N","N","0","","0","0","0","0","0","N","0726","0","2","0","0","0","0","0","1","0","2","N","","","","","","","","","","","","07","  ","","",""
"0033","1","0","0","0","0","0","0","0","0","0","0","","36","11","2018","2018136379","1","39.9951","-76.1575","0032","08","0","0","0","0","0","0","0","0","","0","0","0","00","2","0","02","0","39 59:42.517","","00","76 09:26.947","0","0","0","0","36233","0","0","0","N","0","0","0","1","68J01","0","","4","01","N","N","0","","0","0","0","3","3","","0024","0","1","0","0","0","0","0","1","0","1","N","","","","","","","","","","","","03","  ","","",""
"1300","2","0","1","0","0","0","0","0","0","2","0","","36","11","2018","2018136381","5","40.0035","-76.0984","1252","08","0","0","0","0","0","0","1","1","","0","0","0","12","1","2","00","0","40 00:12.581","","00","76 05:54.204","2","0","0","0","36226","0","0","0","N","0","0","0","2","68J01","0","","1","07","N","N","0","","1","1","0","0","0","","1246","2","2","0","0","0","0","0","1","0","2","N","","","","","","","","","","","","10","  ","","",""
"1541","2","0","0","0","0","0","0","0","0","1","0","","36","11","2018","2018136386","1","40.2146","-76.066","1504","08","0","0","1","0","0","0","1","0","3","0","0","0","15","1","3","00","1","40 12:52.456","4","00","76 03:57.762","3","0","0","0","36202","0","0","0","N","0","0","0","6","68T06","2","","1","01","N","N","0","","1","0","1","0","0","N","1500","3","3","0","0","0","0","0","1","0","3","N","","","","","","","","","","","","03","  ","","",""
"1539","1","0","0","0","0","0","0","0","0","1","0","","36","12","2018","2018136390","3","39.984","-76.0973","1521","08","0","1","0","0","0","2","0","0","2","0","0","0","15","1","0","01","1","39 59:02.474","6","00","76 05:50.433","0","0","0","0","36226","0","0","0","N","0","0","0","3","68J01","0","","1","01","N","N","1","","0","0","1","3","2","N","1514","0","3","0","0","0","0","0","1","0","3","N","","","","","","","","","","","","03","  ","","",""
"1608","1","0","0","0","0","0","0","0","0","7","0","","36","12","2018","2018136392","5","39.9969","-76.0502","1559","08","0","0","0","0","0","0","0","0","","0","0","0","15","1","0","00","0","39 59:48.863","","00","76 03:00.750","0","0","0","0","36232","0","0","0","Y","0","0","0","1","68J01","0","","4","01","N","N","0","","0","0","0","0","0","","1548","0","1","0","0","0","0","0","1","0","1","N","","","","","","","","","","","","03","  ","","",""
"0730","0","0","0","0","0","0","0","0","0","7","0","","36","12","2018","2018136397","1","39.9174","-76.0932","0718","08","0","0","0","0","0","0","0","0","","0","0","0","07","5","1","02","0","39 55:02.492","","00","76 05:35.403","3","0","0","0","36201","0","0","0","N","0","0","0","1","68J01","0","","4","01","N","N","0","","1","0","1","0","0","","0710","1","1","0","0","0","0","0","1","0","1","N","","","","","","","","","","","","03","  ","","",""
"2037","1","0","0","0","0","0","0","0","0","7","0","","36","12","2018","2018136400","2","40.1357","-75.8778","1939","08","0","0","0","0","0","0","0","0","","0","0","0","19","2","0","00","0","40 08:08.500","","00","75 52:40.000","0","0","0","0","36203","0","0","0","N","0","0","0","1","68J01","0","","2","01","N","N","0","","0","0","0","0","0","","1933","0","1","0","0","0","0","0","1","0","1","N","","","","","","","","","","","","03","  ","","",""
"0030","0","0","0","0","0","0","0","0","0","7","0","","36","12","2018","2018136402","5","39.9662","-76.0024","0026","08","0","0","0","0","0","0","0","0","","0","0","0","00","2","0","00","0","39 57:58.225","","00","76 00:08.516","0","0","0","0","36231","0","0","0","N","0","0","0","1","68J01","0","","4","01","N","N","1","","0","0","0","0","0","","0025","0","1","0","0","0","0","0","1","0","1","N","","","","","","","","","","","","03","  ","","",""
"1241","0","0","0","0","0","0","0","0","0","0","1","","36","12","2018","2018136407","5","39.9948","-76.0275","1220","08","0","0","0","0","0","0","0","0","3","0","1","0","12","1","0","00","1","39 59:41.211","4","00","76 01:39.160","0","0","0","0","36232","0","0","0","Y","0","0","0","1","68J01","0","","1","01","N","N","0","","0","0","0","3","8","N","1219","0","1","0","0","0","0","0","1","0","1","N","","","","","","","","","","","","03","  ","","",""
"0616","1","0","0","0","0","0","0","0","0","7","0","","36","12","2018","2018136408","6","40.0661","-75.9846","0558","08","0","0","0","0","0","0","0","0","3","0","0","0","05","2","0","00","2","40 03:58.100","5","00","75 59:04.720","0","0","0","0","36232","0","0","0","N","0","0","0","1","68J01","0","","4","01","N","N","0","","0","0","0","0","0","Y","0554","0","1","0","0","0","0","0","1","0","1","N","","","","","","","","","","","","05","  ","","",""
"0916","1","0","0","0","0","0","0","0","0","7","0","","36","12","2018","2018136409","6","39.8434","-76.1","0905","08","0","0","1","0","0","0","0","0","1","0","0","0","09","1","2","00","1","39 50:36.340","4","00","76 05:59.870","2","0","0","0","36205","0","0","0","N","0","0","0","2","68J01","0","","4","09","N","N","0","","1","1","0","0","0","N","0903","2","1","0","1","2","0","0","1","0","1","N","","","","","","","","","","","","05","  ","","",""
"1028","1","0","0","0","0","0","0","0","0","7","0","","36","12","2018","2018136411","6","39.9519","-76.0393","1011","08","0","0","1","0","0","0","0","0","","0","0","0","08","1","1","02","0","39 57:06.969","","00","76 02:21.631","3","0","0","0","36231","0","0","0","N","0","0","0","1","68J01","0","","4","09","N","N","0","","1","0","0","0","0","","0830","1","1","0","0","0","0","0","1","0","1","N","","","","","","","","","","","","05","  ","","",""
"1256","1","0","0","0","0","0","0","0","0","4","1","","36","12","2018","2018136414","6","39.9933","-76.029","1252","08","0","0","0","0","0","0","1","1","1","0","1","0","12","1","1","01","1","39 59:35.937","3","00","76 01:44.572","8","0","0","0","36232","0","0","0","N","0","0","0","2","68J01","0","","1","01","N","N","0","","0","0","0","3","2","N","1251","1","2","0","0","0","1","0","1","0","2","N","","","","","","","","","","","","03","  ","","",""
"2118","0","0","0","0","0","0","0","0","0","7","0","","36","12","2018","2018136415","6","39.7425","-76.191","2029","08","0","0","0","0","0","0","1","0","3","0","0","0","20","2","1","00","1","39 44:32.970","2","00","76 11:27.610","3","0","0","0","36219","0","0","0","N","0","0","0","1","68J01","0","","4","09","N","N","0","","1","0","1","0","0","N","2024","1","1","0","0","0","0","0","1","0","1","N","","","","","","","","","","","","05","  ","","",""
"1228","0","0","0","0","0","0","0","0","0","7","0","","36","12","2018","2018136419","7","39.9629","-76.0635","1223","08","0","0","0","0","0","0","0","1","","0","0","0","12","1","0","00","0","39 57:46.570","","00","76 03:48.530","0","0","0","0","36231","0","0","0","N","0","0","0","1","68J01","0","","4","09","N","N","1","","0","0","0","0","0","","1221","0","1","0","0","0","0","0","1","0","1","N","","","","","","","","","","","","07","  ","","",""
"0322","1","0","0","0","0","0","0","0","0","7","0","","36","12","2018","2018136423","1","40.0348","-75.9931","0309","08","0","0","1","0","0","0","0","0","","0","0","0","03","2","0","00","0","40 02:05.321","","03","75 59:35.063","0","0","0","0","36232","0","0","0","N","0","0","0","1","68J01","0","","2","08","N","N","0","","0","0","0","0","0","","0305","0","1","0","0","0","0","0","1","0","1","N","","","","","","","","","","","","07","  ","","",""
"1807","0","0","0","0","0","0","0","0","0","7","0","","36","12","2018","2018136424","2","39.8476","-76.1124","1757","08","0","0","0","0","0","0","0","0","2","0","0","0","17","2","0","00","2","39 50:51.360","5","00","76 06:44.685","0","0","0","0","36212","0","0","0","N","0","0","0","1","68J01","0","","4","01","N","N","0","","0","0","1","3","8","Y","1747","0","1","0","0","0","0","0","1","0","1","N","","","","","","","","","","","","03","  ","","",""
"0743","1","0","0","0","0","0","1","0","0","2","1","","36","12","2018","2018136427","3","39.9149","-76.1877","0723","08","0","0","0","1","0","0","0","0","2","0","0","0","07","1","1","00","2","39 54:53.669","5","00","76 11:15.877","3","0","0","0","36229","0","0","0","N","0","0","0","2","68J01","0","","1","01","Y","N","0","","1","0","0","0","0","Y","0708","1","2","0","0","0","0","0","1","0","2","N","","","","","","","","","","","","03","  ","","",""
"0950","0","0","0","0","0","0","0","0","0","7","0","","36","12","2018","2018136438","4","40.0708","-76.1141","0927","08","0","0","0","0","0","0","1","0","3","0","0","0","08","1","1","00","1","40 04:14.977","5","03","76 06:50.815","3","0","0","0","36234","0","0","0","N","0","0","0","1","68J01","0","","2","01","N","N","0","","1","0","1","0","0","N","0830","1","1","0","0","0","0","0","1","0","1","N","","","","","","","","","","","","03","  ","","",""
"1105","1","0","0","0","0","0","0","0","0","5","0","","36","12","2018","2018136439","4","39.9843","-76.0734","1103","08","0","0","0","0","0","0","2","0","2","0","0","0","10","1","2","01","1","39 59:03.301","6","00","76 04:24.250","3","0","0","0","36226","0","0","0","N","0","0","0","2","68J01","0","","1","01","N","N","0","","2","0","1","0","0","N","1058","2","2","0","0","0","0","0","1","0","2","N","","","","","","","","","","","","03","  ","","",""
"1828","0","0","0","0","0","0","0","0","0","9","0","","36","12","2018","2018136448","7","40.141","-76.5522","1813","08","0","0","0","0","0","1","0","0","","0","0","0","18","2","0","00","0","40 08:27.568","","00","76 33:07.751","0","0","0","0","36225","0","0","0","N","0","0","0","2","36505","0","","1","09","N","N","0","","0","0","1","0","0","N","1811","0","1","0","0","0","0","0","2","0","1","N","","","","","","","","","","","","07","  ","","",""
"1119","0","0","0","0","0","0","0","0","0","9","0","","36","12","2018","2018136605","7","40.0201","-76.3388","1107","08","0","0","0","0","0","0","1","0","","0","0","0","11","1","0","02","0","40 01:12.249","","00","76 20:19.834","0","0","0","0","36220","0","0","0","N","0","0","0","1","36101","0","","1","09","N","N","1","","0","0","0","0","0","","1103","0","1","0","0","0","0","0","3","0","1","N","","","","","","","","","","","","07","  ","","",""