"ARRIVAL_TM","AUTOMOBILE_COUNT","BELTED_DEATH_COUNT","BELTED_SUSP_SERIOUS_INJ_COUNT","BICYCLE_COUNT","BICYCLE_DEATH_COUNT","BICYCLE_SUSP_SERIOUS_INJ_COUNT","BUS_COUNT","CHLDPAS_DEATH_COUNT","CHLDPAS_SUSP_SERIOUS_INJ_COUNT","COLLISION_TYPE","COMM_VEH_COUNT","CONS_ZONE_SPD_LIM","COUNTY","CRASH_MONTH","CRASH_YEAR","CRN","DAY_OF_WEEK","DEC_LAT","DEC_LONG","DISPATCH_TM","DISTRICT","DRIVER_COUNT_16YR","DRIVER_COUNT_17YR","DRIVER_COUNT_18YR","DRIVER_COUNT_19YR","DRIVER_COUNT_20YR","DRIVER_COUNT_50_64YR","DRIVER_COUNT_65_74YR","DRIVER_COUNT_75PLUS","EST_HRS_CLOSED","FATAL_COUNT","HEAVY_TRUCK_COUNT","HORSE_BUGGY_COUNT","HOUR_OF_DAY","ILLUMINATION","INJURY_COUNT","INTERSECT_TYPE","LANE_CLOSED","LATITUDE","LN_CLOSE_DIR","LOCATION_TYPE","LONGITUDE","MAX_SEVERITY_LEVEL","MCYCLE_DEATH_COUNT","MCYCLE_SUSP_SERIOUS_INJ_COUNT","MOTORCYCLE_COUNT","MUNICIPALITY","NONMOTR_COUNT","NONMOTR_DEATH_COUNT","NONMOTR_SUSP_SERIOUS_INJ_COUNT","NTFY_HIWY_MAINT","PED_COUNT","PED_DEATH_COUNT","PED_SUSP_SERIOUS_INJ_COUNT","PERSON_COUNT","POLICE_AGCY","POSSIBLE_INJ_COUNT","RDWY_SURF_TYPE_CD","RELATION_TO_ROAD","ROAD_CONDITION","SCH_BUS_IND","SCH_ZONE_IND","SMALL_TRUCK_COUNT","SPEC_JURIS_CD","SUSP_MINOR_INJ_COUNT","SUSP_SERIOUS_INJ_COUNT","SUV_COUNT","TCD_FUNC_CD","TCD_TYPE","TFC_DETOUR_IND","TIME_OF_DAY","TOT_INJ_COUNT","TOTAL_UNITS","UNB_DEATH_COUNT","UNB_SUSP_SERIOUS_INJ_COUNT","UNBELTED_OCC_COUNT","UNK_INJ_DEG_COUNT","UNK_INJ_PER_COUNT","URBAN_RURAL","VAN_COUNT","VEHICLE_COUNT","WORK_ZONE_IND","WORK_ZONE_LOC","WORK_ZONE_TYPE","WORKERS_PRES","WZ_CLOSE_DETOUR","WZ_FLAGGER","WZ_LAW_OFFCR_IND","WZ_LN_CLOSURE","WZ_MOVING","WZ_OTHER","WZ_SHLDER_MDN","ROADWAY_CLEARED","WEATHER1","WEATHER2","WZ_WORKERS_INJ_KILLED","SECONDARY_CRASH","INTERSECTION_RELATED"
"1144","2","0","0","0","0","0","0","0","0","1","0","","36","12","2018","2018136606","1","40.0775","-76.3378","1141","08","0","0","0","1","0","0","0","0","","0","0","0","11","1","0","06","0","40 04:39.015","","02","76 20:16.070","0","0","0","0","36101","0","0","0","N","0","0","0","3","36101","0","","1","09","N","N","0","","0","0","0","3","4","","1139","0","2","0","0","0","0","0","3","0","2","N","","","","","","","","","","","","07","  ","","",""
"0856","0","0","0","0","0","0","0","0","0","1","0","","36","12","2018","2018136607","4","40.077","-76.3085","0845","08","0","0","0","0","0","0","0","0","","0","0","0","08","1","1","00","0","40 04:37.174","","00","76 18:30.620","4","0","0","0","36101","0","0","0","N","0","0","0","3","36101","1","","1","01","N","N","0","","0","0","2","0","0","","0840","1","2","0","0","0","0","0","3","0","2","N","","","","","","","","","","","","03","  ","","",""
"1312","1","0","0","0","0","0","0","0","0","1","0","","36","12","2018","2018136608","4","40.0767","-76.3374","1250","08","0","0","0","0","0","1","0","0","","0","0","0","12","1","0","02","0","40 04:35.854","","00","76 20:15.073","0","0","0","0","36101","0","0","0","N","0","0","0","2","36101","0","","1","01","N","N","0","","0","0","0","0","0","","1245","0","2","0","0","0","0","0","3","1","2","N","","","","","","","","","","","","03","  ","","",""
"2133","2","0","0","0","0","0","0","0","0","1","0","","36","12","2018","2018136609","4","40.0657","-76.3151","2127","08","0","0","0","0","0","0","0","0","2","0","0","0","21","3","0","00","2","40 03:56.694","2","00","76 18:54.434","0","0","0","0","36101","0","0","0","N","0","0","0","2","36101","0","","1","01","N","N","0","","0","0","0","0","0","N","2116","0","2","0","0","0","0","0","3","0","2","N","","","","","","","","","","","","03","  ","","",""
"0842","0","0","0","0","0","0","0","0","0","4","0","","36","12","2018","2018136610","5","40.0603","-76.2772","0837","08","0","0","0","0","0","0","0","0","2","0","0","0","08","5","2","01","1","40 03:37.033","4","00","76 16:38.007","3","0","0","0","36101","0","0","0","N","0","0","0","3","36101","0","","1","01","N","N","0","","2","0","2","3","2","N","0836","2","2","0","0","0","0","0","3","0","2","N","","","","","","","","","","","","03","  ","","",""
"1821","1","0","0","0","0","0","0","0","0","1","0","","36","12","2018","2018136638","5","40.1083","-76.5077","1821","08","0","0","1","0","0","0","0","0","1","0","0","0","18","3","0","00","1","40 06:29.958","1","00","76 30:27.583","0","0","0","0","36413","0","0","0","N","0","0","0","1","36413","0","","2","09","N","N","1","","0","0","0","0","0","Y","1819","0","2","0","0","0","0","0","2","0","2","N","","","","","","","","","","","","07","  ","","",""
"1406","2","0","0","0","0","0","0","0","0","4","0","","36","12","2018","2018136643","5","40.152","-76.2075","1404","08","0","0","1","0","0","0","0","0","1","0","0","0","14","1","0","00","1","40 09:07.021","1","07","76 12:26.925","0","0","0","0","36402","0","0","0","N","0","0","0","2","36402","0","","1","09","N","N","0","","0","0","0","0","0","N","1404","0","2","0","0","0","0","0","2","0","2","N","","","","","","","","","","","","07","  ","","",""
"2343","2","0","0","0","0","0","0","0","0","4","0","","36","12","2018","2018136662","7","40.0482","-76.3032","2342","08","0","0","0","0","0","0","0","0","2","0","0","0","23","3","0","01","1","40 02:53.639","1","00","76 18:11.682","0","0","0","0","36301","0","0","0","N","0","0","0","2","36301","0","","1","09","N","N","0","","0","0","0","3","8","N","2342","0","2","0","0","0","0","0","3","0","2","N","","","","","","","","","","","","07","  ","","",""
"2146","0","0","0","0","0","0","0","0","0","8","0","","36","12","2018","2018136689","6","40.0364","-76.3054","2136","08","0","0","0","0","0","1","0","0","","0","0","0","21","3","1","01","0","40 02:10.973","","00","76 18:19.330","2","0","0","0","36301","1","0","1","N","1","0","1","2","36301","0","","1","09","N","N","0","","0","1","0","3","8","","2134","1","2","0","0","0","0","0","3","1","1","N","","","","","","","","","","","","07","  ","","",""
"1537","1","0","0","0","0","0","0","0","0","7","0","","36","12","2018","2018136733","1","39.8729","-76.2601","1514","08","0","0","0","0","0","0","0","0","","0","0","0","14","1","2","00","0","39 52:22.260","","00","76 15:36.510","8","0","0","0","36224","0","0","0","N","0","0","0","2","68J01","0","","4","09","N","N","0","","0","0","0","0","0","","1450","2","1","0","0","0","2","0","1","0","1","N","","","","","","","","","","","","07","05","","",""
"1108","0","0","0","0","0","0","0","0","0","9","0","","36","12","2018","2018136741","2","39.9522","-76.2395","1059","08","0","0","0","0","0","0","0","0","","0","0","0","10","1","0","00","0","39 57:08.059","","00","76 14:22.261","0","0","0","0","36233","0","0","0","N","0","0","0","2","68J01","0","","1","01","N","N","0","","0","0","0","0","0","","1056","0","1","0","0","0","0","0","1","1","1","N","","","","","","","","","","","","03","  ","","",""
"0211","1","0","0","0","0","0","0","0","0","9","0","","36","12","2018","2018136759","4","40.2316","-76.3344","0148","08","0","0","0","0","0","0","0","0","","0","0","0","01","3","0","00","0","40 13:53.900","","00","76 20:04.019","0","0","0","0","36217","0","0","0","N","0","0","0","1","68T06","0","","1","01","N","N","0","","0","0","0","0","0","","0148","0","1","0","0","0","0","0","1","0","1","N","","","","","","","","","","","","03","  ","","",""
"2226","1","0","0","0","0","0","0","0","0","7","1","","36","12","2018","2018136781","5","40.129","-76.5019","2213","08","0","0","0","0","0","1","0","0","2","0","1","0","22","2","0","00","2","40 07:44.466","3","00","76 30:06.798","0","0","0","0","36225","0","0","0","Y","0","0","0","2","36505","0","","3","09","N","N","0","","0","0","0","0","0","N","2213","0","2","0","0","0","0","0","2","0","2","N","","","","","","","","","","","","07","  ","","",""
"1609","0","0","0","0","0","0","0","0","0","1","0","","36","12","2018","2018136801","6","40.0398","-76.3651","1600","08","1","0","0","0","0","0","0","0","1","0","0","0","15","1","0","02","2","40 02:23.179","2","00","76 21:54.426","0","0","0","0","36214","0","0","0","N","0","0","0","3","36214","0","","1","09","N","N","0","","0","0","2","3","2","N","1556","0","2","0","0","0","0","0","3","0","2","N","","","","","","","","","","","","07","  ","","",""
"0812","0","0","0","0","0","0","0","0","0","1","0","","36","11","2018","2018136913","6","39.8536","-76.0733","0748","08","0","1","0","0","0","0","0","0","","0","0","0","07","1","1","00","0","39 51:13.514","","07","76 04:24.664","3","0","0","0","36205","0","0","0","N","0","0","0","2","68J01","0","","1","01","N","N","0","","1","0","1","0","0","","0746","1","2","0","0","0","0","0","1","1","2","N","","","","","","","","","","","","03","  ","","",""
"1700","0","0","0","0","0","0","0","0","0","7","0","","36","12","2018","2018136951","3","39.8662","-76.2541","1621","08","0","0","0","0","0","0","0","0","","0","0","0","13","1","0","00","0","39 51:58.153","","00","76 15:14.810","0","0","0","0","36208","0","0","0","N","0","0","0","1","68J01","0","","4","01","N","N","1","","0","0","0","0","0","","1355","0","1","0","0","0","0","0","1","0","1","N","","","","","","","","","","","","03","  ","","",""
"1555","0","0","0","0","0","0","0","0","0","1","0","","36","12","2018","2018136968","5","40.0065","-76.113","1542","08","0","0","0","0","0","0","0","0","","0","0","0","15","1","0","00","0","40 00:23.337","","00","76 06:46.710","0","0","0","0","36226","0","0","0","N","0","0","0","5","68J01","0","","1","09","N","N","1","","0","0","0","0","0","","1539","0","2","0","0","0","0","0","1","1","2","N","","","","","","","","","","","","07","  ","","",""
"1705","2","0","0","0","0","0","0","0","0","4","0","","36","12","2018","2018137006","2","40.0491","-76.3057","1658","08","0","0","1","0","0","0","0","0","1","0","0","0","16","3","0","01","1","40 02:56.626","2","00","76 18:20.639","0","0","0","0","36301","0","0","0","N","0","0","0","2","36301","0","","1","01","","","0","","0","0","0","3","3","N","1658","0","2","0","0","0","0","0","3","0","2","N","","","","","","","","","","","","03","  ","","",""
"1736","2","0","0","0","0","0","0","0","0","1","0","","36","12","2018","2018137034","5","40.1055","-76.3544","1727","08","0","0","0","0","0","2","1","0","1","0","0","0","17","2","0","00","1","40 06:19.861","1","00","76 21:15.828","0","0","0","0","36406","0","0","0","N","0","0","0","3","36101","0","","1","01","N","N","0","","0","0","1","0","0","N","1724","0","3","0","0","0","0","0","3","0","3","N","","","","","","","","","","","","03","  ","","",""
"0716","0","0","0","0","0","0","0","0","0","1","0","","36","12","2018","2018137036","2","40.0568","-76.3056","0714","08","0","0","0","0","0","0","0","0","1","0","0","0","07","1","0","00","1","40 03:24.655","1","00","76 18:20.313","0","0","0","0","36101","0","0","0","N","0","0","0","2","36101","0","","1","09","N","N","2","","0","0","0","0","0","N","0712","0","2","0","0","0","0","0","3","0","2","N","","","","","","","","","","","","03","  ","","",""
"1707","0","0","0","0","0","0","0","0","0","1","0","","36","12","2018","2018137037","2","40.0708","-76.3364","1657","08","0","0","0","0","0","1","0","1","1","0","0","0","16","3","0","00","1","40 04:14.960","3","00","76 20:11.140","0","0","0","0","36101","0","0","0","N","0","0","0","2","36101","0","","1","01","N","N","0","","0","0","2","0","0","N","1654","0","2","0","0","2","0","0","3","0","2","N","","","","","","","","","","","","03","  ","","",""
"1912","2","0","0","0","0","0","0","0","0","1","0","","36","12","2018","2018137038","4","40.1","-76.3551","1902","08","0","0","0","0","1","0","0","0","2","0","0","0","19","3","0","00","1","40 06:00.064","4","00","76 21:18.217","0","0","0","0","36406","0","0","0","N","0","0","0","3","36101","0","","1","01","N","N","1","","0","0","0","0","0","N","1901","0","3","0","0","0","0","0","3","0","3","N","","","","","","","","","","","","03","  ","","",""
"1638","2","0","0","0","0","0","0","0","0","1","0","","36","12","2018","2018137220","2","40.1653","-76.1589","1635","08","0","0","0","0","0","2","0","0","","0","0","0","16","4","0","00","0","40 09:55.040","","00","76 09:32.219","0","0","0","0","36218","0","0","0","N","0","0","0","2","36408","0","","1","01","N","N","0","","0","0","0","0","0","","1630","0","2","0","0","0","0","0","1","0","2","N","","","","","","","","","","","","03","  ","","",""
"1227","2","0","0","0","0","0","0","0","0","4","0","","36","11","2018","2018137222","7","40.0515","-76.3039","1226","08","0","0","0","0","0","0","1","0","2","0","0","0","12","1","0","01","1","40 03:05.233","4","00","76 18:13.882","0","0","0","0","36301","0","0","0","N","0","0","0","2","36301","0","","1","01","N","N","1","","0","0","0","0","0","Y","1212","0","3","0","0","0","0","0","3","0","3","N","","","","","","","","","","","","03","  ","","",""
"0519","1","0","0","0","0","0","0","0","0","7","0","","36","12","2018","2018137225","7","40.0551","-76.409","0514","08","0","0","0","0","0","0","0","0","","0","0","0","05","3","0","02","0","40 03:18.204","","00","76 24:32.529","0","0","0","0","36239","0","0","0","N","0","0","0","1","36239","0","","5","09","N","N","0","","0","0","0","0","0","","0513","0","1","0","0","0","0","0","3","0","1","N","","","","","","","","","","","","07","  ","","",""
"1833","0","0","0","0","0","0","0","0","0","4","0","","36","12","2018","2018137234","4","40.0808","-76.4083","1820","08","0","1","0","0","0","0","0","0","","0","0","0","18","2","0","02","0","40 04:50.944","","00","76 24:29.891","0","0","0","0","36214","0","0","0","N","0","0","0","2","36214","0","","1","01","N","N","0","","0","0","2","3","3","","1818","0","2","0","0","0","0","0","3","0","2","N","","","","","","","","","","","","03","  ","","",""
"1706","1","0","0","0","0","0","0","0","0","5","1","","36","12","2018","2018137291","6","40.1744","-76.1444","1701","08","0","0","0","1","0","0","0","0","","0","1","0","17","2","0","00","0","40 10:27.805","","00","76 08:39.717","0","0","0","0","36218","0","0","0","N","0","0","0","2","36408","0","","1","01","N","N","0","","0","0","0","0","0","","1701","0","2","0","0","0","0","0","1","0","2","N","","","","","","","","","","","","03","  ","","",""
"0811","0","0","0","0","0","0","0","0","0","4","0","","36","12","2018","2018137371","6","40.1147","-76.244","0803","08","0","0","0","0","0","0","1","0","1","0","0","0","08","1","2","02","2","40 06:52.778","5","00","76 14:38.314","3","0","0","0","36101","0","0","0","N","0","0","0","4","36101","0","","1","09","N","N","0","","2","0","1","3","3","Y","0800","2","2","0","0","0","0","0","3","1","2","N","","","","","","","","","","","","07","  ","","",""
"2017","1","0","0","0","0","0","0","0","0","4","0","","36","12","2018","2018137372","6","40.0685","-76.3144","1959","08","0","0","0","0","0","0","0","0","2","0","0","0","19","3","0","01","1","40 04:06.500","4","00","76 18:51.700","0","0","0","0","36101","0","0","0","N","0","0","0","4","36101","0","","1","09","N","N","0","","0","0","1","3","3","N","1943","0","2","0","0","0","0","0","3","0","2","N","","","","","","","","","","","","07","  ","","",""
"1938","1","0","1","0","0","0","0","0","0","2","0","","36","12","2018","2018137470","7","40.1266","-76.3051","1934","08","0","0","0","0","1","0","0","0","1","0","0","0","19","3","4","01","2","40 07:35.600","5","00","76 18:18.296","2","0","0","0","36235","0","0","0","N","0","0","0","4","36506","1","","1","01","N","N","0","","2","1","1","3","2","N","1934","4","2","0","0","0","0","0","1","0","2","N","","","","","","","","","","","","03","  ","","",""
"1815","1","0","0","0","0","0","0","0","0","4","0","","36","12","2018","2018137471","6","40.1559","-76.3435","1802","08","0","0","0","0","0","0","0","1","","0","0","0","18","2","0","01","0","40 09:21.372","","00","76 20:36.769","0","0","0","0","36227","0","0","0","N","0","0","0","3","36506","0","","1","09","N","N","0","","0","0","0","3","3","","1802","0","2","0","0","0","0","0","1","1","2","N","","","","","","","","","","","","03","  ","","",""
"0032","1","0","0","0","0","0","0","0","0","8","0","","36","12","2018","2018137472","1","40.0388","-76.3129","0028","08","0","0","0","0","0","0","0","0","2","0","0","0","00","3","1","01","1","40 02:19.627","2","00","76 18:46.601","8","0","0","0","36301","1","0","0","N","1","0","0","2","36301","0","","1","01","N","N","0","","0","0","0","3","2","Y","0026","1","2","0","0","0","1","0","3","0","1","N","","","","","","","","","","","","03","  ","","",""
"2007","1","0","0","0","0","0","0","0","0","7","0","","36","12","2018","2018137476","7","40.0774","-76.3398","2002","08","0","0","0","0","0","0","0","0","","0","0","0","20","3","1","00","0","40 04:38.679","","00","76 20:23.170","4","0","0","0","36101","0","0","0","N","0","0","0","1","36101","1","","1","01","N","N","0","","0","0","0","0","0","","2002","1","1","0","0","0","0","0","3","0","1","N","","","","","","","","","","","","03","  ","","",""
"1302","1","0","0","0","0","0","0","0","0","1","0","","36","12","2018","2018137485","7","40.058","-76.3059","1259","08","0","0","0","0","0","0","0","0","","0","0","0","12","1","0","00","0","40 03:29.196","","00","76 18:21.368","0","0","0","0","36101","0","0","0","N","0","0","0","2","36101","0","","1","01","N","N","1","","0","0","0","0","0","","1255","0","2","0","0","0","0","0","3","0","2","N","","","","","","","","","","","","03","  ","","",""
"1355","1","0","0","0","0","0","0","0","0","4","0","","36","12","2018","2018137488","6","40.0698","-76.3424","1340","08","0","0","1","0","0","1","0","0","1","0","0","0","12","1","0","00","1","40 04:11.400","1","07","76 20:32.700","0","0","0","0","36301","0","0","0","N","0","0","0","3","36301","0","","1","01","N","N","0","","0","0","1","3","3","N","1250","0","2","0","0","0","0","0","3","0","2","N","","","","","","","","","","","","03","  ","","",""
"1747","2","0","0","0","0","0","0","0","0","2","0","","36","12","2018","2018137494","3","40.0307","-76.3117","1742","08","0","0","0","0","0","0","0","0","2","0","0","0","17","3","1","00","2","40 01:50.424","6","00","76 18:41.948","8","0","0","0","36301","0","0","0","Y","0","0","0","2","36301","0","","1","01","N","N","0","","0","0","0","0","0","Y","1742","1","2","0","0","0","1","0","3","0","2","N","","","","","","","","","","","","03","  ","","",""
"0618","2","0","0","0","0","0","0","0","0","1","0","","36","12","2018","2018137496","3","40.0359","-76.4569","0615","08","0","0","0","1","0","0","0","0","2","0","0","0","06","3","1","00","1","40 02:09.157","3","00","76 27:24.700","4","0","0","0","36239","0","0","0","N","0","0","0","2","36239","1","","1","01","N","N","0","","0","0","0","0","0","Y","0615","1","2","0","0","1","0","0","3","0","2","N","","","","","","","","","","","","03","  ","","",""
"1719","0","0","0","0","0","0","0","0","0","8","0","","36","12","2018","2018137501","6","40.0299","-76.2948","1717","08","0","0","0","0","0","0","0","0","","0","0","0","17","3","1","01","0","40 01:47.729","","99","76 17:41.305","4","0","0","0","36301","1","0","0","N","1","0","0","2","36301","1","","1","01","N","N","0","","0","0","1","0","0","","1715","1","2","0","0","0","0","1","3","0","1","N","","","","","","","","","","","","03","  ","","",""
"1256","1","0","0","0","0","0","0","0","0","4","0","","36","12","2018","2018137510","7","40.1562","-76.3637","1251","08","0","0","0","0","0","0","2","0","","0","0","0","12","1","0","02","0","40 09:22.146","","00","76 21:49.404","0","0","0","0","36227","0","0","0","N","0","0","0","3","36506","0","","1","01","N","N","0","","0","0","1","0","0","","1249","0","2","0","0","0","0","0","1","0","2","N","","","","","","","","","","","","03","  ","","",""
"1232","1","0","0","0","0","0","0","0","0","4","0","","36","12","2018","2018137516","6","40.1326","-76.347","1229","08","1","0","0","0","0","0","0","0","1","0","0","0","12","1","0","01","1","40 07:57.364","1","00","76 20:49.148","0","0","0","0","36227","0","0","0","N","0","0","0","3","36506","0","","1","09","N","N","1","","0","0","0","3","3","N","1229","0","2","0","0","0","0","0","1","0","2","N","","","","","","","","","","","","03","  ","","",""
"1058","0","0","0","0","0","0","0","0","0","1","0","","36","12","2018","2018137527","6","40.0516","-76.3102","1052","08","0","0","0","0","0","0","0","0","","0","0","0","10","1","1","00","0","40 03:05.821","","00","76 18:36.685","4","0","0","0","36301","0","0","0","N","0","0","0","3","36301","1","","1","01","N","N","0","","0","0","1","0","0","","1051","1","2","0","0","0","0","1","3","1","2","N","","","","","","","","","","","","03","  ","","",""
"0325","0","0","0","0","0","0","0","0","0","7","0","","36","12","2018","2018137598","1","40.1801","-76.1133","0317","08","0","0","0","0","0","0","0","0","","0","0","0","03","2","0","00","0","40 10:48.402","","00","76 06:47.864","0","0","0","0","36210","0","0","0","N","0","0","0","1","36210","0","","5","01","N","N","1","","0","0","0","0","0","","0317","0","1","0","0","1","0","0","1","0","1","N","","","","","","","","","","","","03","  ","","",""
"1100","0","0","0","0","0","0","0","0","0","8","0","","36","12","2018","2018137603","3","40.1019","-76.3054","1100","08","0","0","0","0","0","0","0","0","","0","0","0","06","2","1","03","0","40 06:06.986","","00","76 18:19.352","4","0","0","0","36101","1","0","0","N","1","0","0","2","36101","1","","1","01","N","Y","0","","0","0","0","3","3","","0645","1","2","0","0","0","0","0","3","1","1","N","","","","","","","","","","","","03","  ","","",""
"1814","2","0","0","0","0","0","0","0","0","4","0","","36","12","2018","2018137643","6","40.038","-76.5068","1814","08","0","0","0","0","1","0","0","0","1","0","0","0","18","2","0","01","1","40 02:16.641","3","00","76 30:24.425","0","0","0","0","36404","0","0","0","N","0","0","0","3","36404","0","","1","09","N","N","0","","0","0","0","0","0","Y","1814","0","2","0","0","0","0","0","3","0","2","N","","","","","","","","","","","","07","  ","","",""
"2039","0","0","0","0","0","0","0","0","0","1","0","","36","12","2018","2018137650","1","40.1675","-76.1655","2035","08","0","0","0","0","0","1","1","0","2","0","0","0","20","3","2","00","1","40 10:02.997","3","00","76 09:55.650","8","0","0","0","36218","0","0","0","N","0","0","0","6","36408","0","","1","09","N","N","1","","0","0","2","0","0","N","2032","2","4","0","0","0","2","0","1","1","4","N","","","","","","","","","","","","07","  ","","",""
"1911","2","0","0","0","0","0","0","0","0","5","0","","36","12","2018","2018137673","7","40.0289","-76.2977","1905","08","0","0","0","0","0","0","0","0","","0","0","0","18","3","0","01","0","40 01:44.047","","00","76 17:51.838","0","0","0","0","36301","0","0","0","N","0","0","0","5","36301","0","","1","01","","","0","","0","0","0","3","3","","1843","0","2","0","0","0","0","0","3","0","2","N","","","","","","","","","","","","03","  ","","",""
"1956","1","0","0","0","0","0","0","0","0","7","0","","36","12","2018","2018137719","6","40.2031","-76.1191","1954","08","0","0","0","1","0","0","0","0","2","0","0","0","19","2","3","00","1","40 12:11.014","1","00","76 07:08.863","3","0","0","0","36210","0","0","0","Y","0","0","0","3","36210","0","","3","09","N","N","0","","1","0","0","0","0","N","1952","3","1","0","0","0","2","0","1","0","1","N","","","","","","","","","","","","07","  ","","",""
"1531","0","0","0","0","0","0","0","0","0","8","0","","36","12","2018","2018137737","6","40.0986","-76.3045","1522","08","0","0","0","0","0","0","0","0","","0","0","0","15","1","1","00","0","40 05:54.800","","00","76 18:16.300","3","0","0","0","36101","1","0","0","N","1","0","0","3","36101","0","","1","01","N","N","0","","1","0","1","0","0","","1521","1","2","0","0","0","0","0","3","0","1","N","","","","","","","","","","","","03","  ","","",""
"1146","1","0","0","0","0","0","0","0","0","1","1","","36","12","2018","2018137738","7","40.0808","-76.2779","1143","08","0","0","0","0","0","0","0","0","2","0","1","0","11","1","1","00","1","40 04:50.954","2","00","76 16:40.336","3","0","0","0","36101","0","0","0","N","0","0","0","9","36101","0","","1","01","N","N","0","","1","0","1","0","0","N","1140","1","3","0","0","0","0","0","3","0","3","N","","","","","","","","","","","","03","  ","","",""
"1631","1","0","0","0","0","0","0","0","0","5","0","","36","12","2018","2018137739","1","40.0665","-76.333","1630","08","0","0","1","0","0","0","0","0","2","0","0","0","16","1","1","00","1","40 03:59.320","3","00","76 19:58.706","3","0","0","0","36101","0","0","0","N","0","0","0","3","36101","0","","1","01","N","N","0","","1","0","1","0","0","N","1624","1","2","0","0","0","0","0","3","0","2","N","","","","","","","","","","","","03","  ","","",""
"1837","1","0","0","0","0","0","0","0","0","7","0","","36","12","2018","2018137740","1","40.0688","-76.3041","1834","08","0","0","0","0","0","0","0","0","1","0","0","0","18","3","1","06","1","40 04:07.842","4","02","76 18:14.733","4","0","0","0","36101","0","0","0","N","0","0","0","4","36101","1","","4","01","N","N","0","","0","0","0","0","0","N","1833","1","1","0","0","0","0","0","3","0","1","N","","","","","","","","","","","","03","  ","","",""
"1121","0","0","0","0","0","0","0","0","0","7","0","","36","12","2018","2018137757","4","40.1873","-76.1844","1119","08","0","0","0","0","0","1","0","0","1","0","0","0","11","1","1","01","1","40 11:14.631","2","00","76 11:03.908","3","0","0","0","36408","0","0","0","N","0","0","0","1","36408","0","","4","01","N","N","1","","1","0","0","3","2","N","1119","1","1","0","0","0","0","0","2","0","1","N","","","","","","","","","","","","03","  ","","",""
"0956","1","0","0","0","0","0","0","0","0","1","0","","36","12","2018","2018137794","2","40.2159","-76.0902","0955","08","0","0","0","0","0","1","0","0","1","0","0","0","09","1","0","01","1","40 12:57.412","3","00","76 05:24.627","0","0","0","0","36210","0","0","0","N","0","0","0","4","36210","0","","1","09","N","N","0","","0","0","1","3","2","N","0954","0","2","0","0","0","0","0","1","0","2","N","","","","","","","","","","","","03","  ","","",""
"1408","0","0","0","0","0","0","0","0","0","4","0","","36","12","2018","2018137837","4","39.8192","-76.1186","1403","08","0","0","0","0","0","1","1","0","","0","0","0","13","1","0","01","0","39 49:08.946","","00","76 07:06.825","0","0","0","0","36222","0","0","0","N","0","0","0","2","68J01","0","","1","01","N","N","1","","0","0","0","3","3","","1358","0","2","0","0","1","0","0","1","1","2","N","","","","","","","","","","","","03","  ","","",""
"1001","1","0","0","0","0","0","0","0","0","4","0","","36","12","2018","2018137838","6","39.9912","-76.0152","0949","08","0","0","0","0","0","0","1","0","","0","0","0","09","1","0","02","0","39 59:28.447","","00","76 00:54.659","0","0","0","0","36232","0","0","0","N","0","0","0","2","68J01","0","","1","09","N","N","0","","0","0","1","0","0","","0947","0","2","0","0","0","0","0","1","0","2","N","","","","","","","","","","","","07","05","","",""
"1242","0","0","0","0","0","0","0","0","0","7","0","","36","12","2018","2018137854","6","39.9608","-76.0916","1236","08","0","0","0","0","0","1","0","0","2","0","0","0","12","1","0","00","2","39 57:38.766","6","00","76 05:29.919","0","0","0","0","36201","0","0","0","N","0","0","0","1","68J01","0","","4","09","N","N","0","","0","0","1","0","0","Y","1235","0","1","0","0","0","0","0","1","0","1","N","","","","","","","","","","","","07","  ","","",""
"1305","0","0","0","0","0","0","0","0","0","1","0","","36","12","2018","2018137855","6","39.9274","-76.3068","1252","08","0","0","0","0","0","1","0","0","","0","0","0","12","1","0","00","0","39 55:38.634","","00","76 18:24.480","0","0","0","0","36224","0","0","0","N","0","0","0","2","68J01","0","","1","01","N","N","2","","0","0","0","0","0","","1251","0","2","0","0","0","0","0","1","0","2","N","","","","","","","","","","","","03","  ","","",""
"0120","1","0","0","0","0","0","0","0","0","7","0","","36","12","2018","2018137897","1","40.1654","-76.6079","0113","08","0","0","0","0","0","0","0","0","","0","0","0","00","3","0","00","0","40 09:55.420","","00","76 36:28.352","0","0","0","0","36225","0","0","0","N","0","0","0","1","36505","0","","4","01","N","N","0","","0","0","0","0","0","","0045","0","1","0","0","0","0","0","2","0","1","N","","","","","","","","","","","","03","  ","","",""
"1516","1","0","0","0","0","0","0","0","0","7","0","","36","12","2018","2018137901","1","40.1419","-76.5578","1514","08","1","0","0","0","0","0","0","0","2","0","0","0","15","1","0","00","1","40 08:38.532","2","00","76 33:20.178","0","0","0","0","36225","0","0","0","N","0","0","0","2","36505","0","","4","01","N","N","0","","0","0","0","3","2","N","1511","0","1","0","0","0","0","0","2","0","1","N","","","","","","","","","","","","03","  ","","",""
"0753","0","0","0","0","0","0","0","0","0","7","0","","36","12","2018","2018137915","5","40.0086","-76.4803","0747","08","0","0","0","0","0","0","0","0","3","0","0","0","07","1","0","00","2","40 00:30.804","5","00","76 28:49.138","0","0","0","0","36223","0","0","0","N","0","0","0","1","36223","0","","5","02","N","N","1","","0","0","0","0","0","Y","0740","0","1","0","0","0","0","0","1","0","1","N","","","","","","","","","","","","03","  ","","",""