"ARRIVAL_TM","AUTOMOBILE_COUNT","BELTED_DEATH_COUNT","BELTED_SUSP_SERIOUS_INJ_COUNT","BICYCLE_COUNT","BICYCLE_DEATH_COUNT","BICYCLE_SUSP_SERIOUS_INJ_COUNT","BUS_COUNT","CHLDPAS_DEATH_COUNT","CHLDPAS_SUSP_SERIOUS_INJ_COUNT","COLLISION_TYPE","COMM_VEH_COUNT","CONS_ZONE_SPD_LIM","COUNTY","CRASH_MONTH","CRASH_YEAR","CRN","DAY_OF_WEEK","DEC_LAT","DEC_LONG","DISPATCH_TM","DISTRICT","DRIVER_COUNT_16YR","DRIVER_COUNT_17YR","DRIVER_COUNT_18YR","DRIVER_COUNT_19YR","DRIVER_COUNT_20YR","DRIVER_COUNT_50_64YR","DRIVER_COUNT_65_74YR","DRIVER_COUNT_75PLUS","EST_HRS_CLOSED","FATAL_COUNT","HEAVY_TRUCK_COUNT","HORSE_BUGGY_COUNT","HOUR_OF_DAY","ILLUMINATION","INJURY_COUNT","INTERSECT_TYPE","LANE_CLOSED","LATITUDE","LN_CLOSE_DIR","LOCATION_TYPE","LONGITUDE","MAX_SEVERITY_LEVEL","MCYCLE_DEATH_COUNT","MCYCLE_SUSP_SERIOUS_INJ_COUNT","MOTORCYCLE_COUNT","MUNICIPALITY","NONMOTR_COUNT","NONMOTR_DEATH_COUNT","NONMOTR_SUSP_SERIOUS_INJ_COUNT","NTFY_HIWY_MAINT","PED_COUNT","PED_DEATH_COUNT","PED_SUSP_SERIOUS_INJ_COUNT","PERSON_COUNT","POLICE_AGCY","POSSIBLE_INJ_COUNT","RDWY_SURF_TYPE_CD","RELATION_TO_ROAD","ROAD_CONDITION","SCH_BUS_IND","SCH_ZONE_IND","SMALL_TRUCK_COUNT","SPEC_JURIS_CD","SUSP_MINOR_INJ_COUNT","SUSP_SERIOUS_INJ_COUNT","SUV_COUNT","TCD_FUNC_CD","TCD_TYPE","TFC_DETOUR_IND","TIME_OF_DAY","TOT_INJ_COUNT","TOTAL_UNITS","UNB_DEATH_COUNT","UNB_SUSP_SERIOUS_INJ_COUNT","UNBELTED_OCC_COUNT","UNK_INJ_DEG_COUNT","UNK_INJ_PER_COUNT","URBAN_RURAL","VAN_COUNT","VEHICLE_COUNT","WORK_ZONE_IND","WORK_ZONE_LOC","WORK_ZONE_TYPE","WORKERS_PRES","WZ_CLOSE_DETOUR","WZ_FLAGGER","WZ_LAW_OFFCR_IND","WZ_LN_CLOSURE","WZ_MOVING","WZ_OTHER","WZ_SHLDER_MDN","ROADWAY_CLEARED","WEATHER1","WEATHER2","WZ_WORKERS_INJ_KILLED","SECONDARY_CRASH","INTERSECTION_RELATED"
"1205","1","0","0","0","0","0","0","0","0","6","0","","36","12","2018","2018137916","5","40.0264","-76.3945","1158","08","0","0","0","0","0","1","0","0","","0","0","0","11","1","0","00","0","40 01:35.075","","00","76 23:40.048","0","0","0","0","36223","0","0","0","N","0","0","0","2","36223","0","","1","09","N","N","1","","0","0","0","0","0","","1155","0","2","0","0","0","0","0","1","0","2","N","","","","","","","","","","","","07","  ","","",""
"1742","0","0","0","0","0","0","0","0","0","7","0","","36","12","2018","2018137917","5","40.0265","-76.3945","1742","08","0","0","0","0","0","0","0","0","","0","0","0","17","2","0","00","0","40 01:35.335","","00","76 23:40.093","0","0","0","0","36223","0","0","0","N","0","0","0","1","36223","0","","4","09","N","N","1","","0","0","0","0","0","","1742","0","1","0","0","0","0","0","1","0","1","N","","","","","","","","","","","","07","05","","",""
"1727","1","0","0","0","0","0","0","0","0","1","0","","36","12","2018","2018137935","3","40.0062","-76.248","1722","08","0","1","0","0","0","0","0","0","","0","0","0","17","2","1","02","0","40 00:22.236","","00","76 14:52.792","8","0","0","0","36240","0","0","0","N","0","0","0","4","36240","0","","1","01","N","N","0","","0","0","1","0","0","","1721","1","2","0","0","0","1","1","1","0","2","N","","","","","","","","","","","","03","  ","","",""
"1448","1","0","0","0","0","0","0","0","0","7","0","","36","12","2018","2018137959","5","40.1798","-76.135","1439","08","0","0","0","0","0","0","0","0","2","0","0","0","14","1","1","00","1","40 10:47.334","1","00","76 08:05.937","4","0","0","0","36218","0","0","0","Y","0","0","0","1","36408","1","","3","09","N","N","0","","0","0","0","0","0","N","1439","1","1","0","0","0","0","0","1","0","1","N","","","","","","","","","","","","07","  ","","",""
"1515","0","0","1","0","0","0","1","0","0","7","1","","36","12","2018","2018137962","2","40.1956","-76.1985","1511","08","0","0","0","0","0","1","0","0","4","0","0","0","15","1","1","00","2","40 11:44.100","5","00","76 11:54.499","2","0","0","0","36408","0","0","0","N","0","0","0","18","36408","0","","5","01","Y","N","0","","0","1","0","0","0","Y","1509","1","2","0","0","0","0","0","2","1","2","N","","","","","","","","","","","","03","  ","","",""
"1601","0","0","0","1","1","0","0","0","0","4","0","","36","12","2018","2018137963","6","40.1712","-76.1256","1555","08","0","0","0","1","0","0","0","0","3","1","0","0","15","1","0","00","2","40 10:16.386","5","00","76 07:32.057","1","0","0","0","36218","1","1","0","N","0","0","0","2","36408","0","4","1","01","N","N","1","0","0","0","0","0","0","Y","1554","0","2","0","0","0","0","0","1","0","1","N","","","","","","","","","","","","03","  ","","",""
"1110","1","0","0","0","0","0","0","0","0","1","0","","36","12","2018","2018138030","4","40.0633","-76.3057","1102","08","0","0","0","0","0","0","1","0","","0","0","0","17","4","2","00","0","40 03:47.748","","00","76 18:20.561","3","0","0","0","36101","0","0","0","N","0","0","0","3","36101","0","","1","01","N","N","0","","2","0","1","0","0","","1730","2","2","0","0","0","0","0","3","0","2","N","","","","","","","","","","","","03","  ","","",""
"1718","1","0","0","0","0","0","0","0","0","1","0","","36","12","2018","2018138031","4","40.064","-76.3067","1715","08","0","0","0","0","0","0","1","0","","0","0","0","17","3","1","02","0","40 03:50.229","","00","76 18:24.189","4","0","0","0","36101","0","0","0","N","0","0","0","3","36101","1","","1","01","N","N","1","","0","0","0","0","0","","1712","1","3","0","0","0","0","0","3","1","3","N","","","","","","","","","","","","03","  ","","",""
"1501","1","0","0","0","0","0","0","0","0","4","0","","36","12","2018","2018138032","5","40.0388","-76.3304","1500","08","0","0","0","1","0","0","0","0","3","0","0","0","14","1","0","02","1","40 02:19.596","3","00","76 19:49.426","0","0","0","0","36220","0","0","0","N","0","0","0","3","36101","0","","1","09","N","N","0","","0","0","1","3","2","N","1459","0","2","0","0","0","0","0","3","0","2","N","","","","","","","","","","","","07","  ","","",""
"1601","1","0","0","0","0","0","0","0","0","7","0","","36","12","2018","2018138033","5","40.0444","-76.2762","1556","08","0","0","0","0","0","0","0","0","2","0","0","0","15","1","1","00","2","40 02:39.760","6","00","76 16:34.420","3","0","0","0","36220","0","0","0","N","0","0","0","3","36101","0","","2","09","N","N","0","","1","0","0","0","0","Y","1554","1","1","0","0","0","0","0","3","0","1","N","","","","","","","","","","","","03","  ","","",""
"1320","2","0","0","0","0","0","0","0","0","5","0","","36","12","2018","2018138034","2","40.0679","-76.2951","1313","08","0","0","0","0","0","1","0","0","","0","0","0","13","1","0","00","0","40 04:04.618","","00","76 17:42.207","0","0","0","0","36101","0","0","0","N","0","0","0","2","36101","0","","1","01","N","N","0","","0","0","0","0","0","","1311","0","2","0","0","0","0","0","3","0","2","N","","","","","","","","","","","","03","  ","","",""
"1906","0","0","0","0","0","0","0","0","0","1","0","","36","12","2018","2018138035","3","40.0767","-76.1062","1903","08","0","0","0","0","0","0","0","0","2","0","0","1","19","2","1","00","1","40 04:36.030","5","00","76 06:22.140","8","0","0","0","36209","1","0","0","N","0","0","0","2","36415","0","","1","01","N","N","0","","0","0","1","0","0","Y","1901","1","2","0","0","0","1","0","1","0","1","N","","","","","","","","","","","","03","  ","","",""
"0559","1","0","0","0","0","0","0","0","0","1","0","","36","12","2018","2018138036","6","40.1117","-76.11","0551","08","0","0","0","0","0","1","1","0","3","0","1","0","05","2","2","00","2","40 06:42.100","5","00","76 06:35.890","3","0","0","0","36209","0","0","0","N","0","0","0","10","36415","0","","1","01","N","N","0","","2","0","0","0","0","Y","0549","2","3","0","0","0","0","0","1","1","3","N","","","","","","","","","","","","03","  ","","",""
"0846","2","0","0","0","0","0","0","0","0","4","0","","36","12","2018","2018138037","2","40.1028","-76.0775","0843","08","0","0","0","0","0","0","0","1","","0","0","0","08","1","1","01","0","40 06:09.927","","00","76 04:39.143","3","0","0","0","36415","0","0","0","N","0","0","0","5","36415","0","","1","01","N","N","0","","1","0","0","3","3","","0841","1","2","0","0","0","0","0","1","0","2","N","","","","","","","","","","","","03","  ","","",""
"1758","0","0","0","0","0","0","0","0","0","7","0","","36","12","2018","2018138039","4","40.1037","-76.0861","1757","08","0","1","0","0","0","0","0","0","3","0","0","0","17","3","0","00","2","40 06:13.354","6","00","76 05:09.955","0","0","0","0","36415","0","0","0","N","0","0","0","1","36415","0","","4","01","N","N","1","","0","0","0","0","0","Y","1755","0","1","0","0","1","0","0","1","0","1","N","","","","","","","","","","","","03","  ","","",""
"0714","1","0","0","0","0","0","0","0","0","4","0","","36","12","2018","2018138040","5","40.1107","-76.0667","0710","08","1","0","0","0","0","0","0","0","","0","0","0","07","1","0","01","0","40 06:38.461","","00","76 04:00.204","0","0","0","0","36415","0","0","0","N","0","0","0","2","36415","0","","1","01","N","N","0","","0","0","1","3","2","","0708","0","2","0","0","0","0","0","1","0","2","N","","","","","","","","","","","","03","  ","","",""
"1645","2","0","0","0","0","0","0","0","0","4","0","","36","12","2018","2018138042","2","40.2396","-76.1375","1635","08","0","0","0","0","0","0","0","0","","0","0","0","16","1","0","00","0","40 14:22.705","","00","76 08:15.136","0","0","0","0","36405","0","0","0","N","0","0","0","2","36210","0","","1","01","N","N","0","","0","0","0","0","0","","1635","0","2","0","0","0","0","0","1","0","2","N","","","","","","","","","","","","03","  ","","",""
"1418","2","0","0","0","0","0","0","0","0","5","0","","36","12","2018","2018138075","4","40.0499","-76.3059","1418","08","0","0","0","0","0","1","1","0","1","0","0","0","14","1","0","00","2","40 02:59.600","2","00","76 18:21.200","0","0","0","0","36301","0","0","0","N","0","0","0","2","36301","0","","1","01","N","N","0","","0","0","2","0","0","Y","1416","0","4","0","0","0","0","0","3","0","4","N","","","","","","","","","","","","03","  ","","",""
"1657","0","0","0","0","0","0","0","0","0","1","0","","36","12","2018","2018138077","5","40.1901","-76.1882","1653","08","0","0","1","0","0","0","0","0","2","0","0","0","16","3","1","00","2","40 11:24.451","1","00","76 11:17.487","3","0","0","0","36408","0","0","0","N","0","0","0","2","36408","0","","1","09","N","N","0","","1","0","2","0","0","N","1653","1","2","0","0","0","0","0","2","0","2","N","","","","","","","","","","","","07","  ","","",""
"1714","2","0","0","0","0","0","0","0","0","2","0","","36","12","2018","2018138106","5","40.0627","-76.4281","1702","08","0","0","0","0","0","0","0","0","2","0","0","0","17","3","1","01","2","40 03:45.558","6","00","76 25:41.201","3","0","0","0","36239","0","0","0","N","0","0","0","2","36239","0","","1","09","N","N","0","","1","0","0","0","0","Y","1702","1","2","0","0","0","0","0","3","0","2","N","","","","","","","","","","","","07","  ","","",""
"1418","2","0","0","0","0","0","0","0","0","2","0","","36","12","2018","2018138126","2","40.0819","-76.351","1412","08","0","0","0","0","0","0","0","0","2","0","0","0","14","1","1","06","1","40 04:54.975","2","02","76 21:03.454","4","0","0","0","36214","0","0","0","N","0","0","0","6","36214","1","","7","01","N","N","0","","0","0","0","3","2","N","1404","1","2","0","0","0","0","0","3","0","2","N","","","","","","","","","","","","03","  ","","",""
"1519","2","0","0","0","0","0","0","0","0","4","0","","36","12","2018","2018138216","5","40.0695","-76.3076","1518","08","0","0","0","0","0","1","0","0","1","0","0","0","15","1","1","01","1","40 04:10.226","2","00","76 18:28.241","4","0","0","0","36101","0","0","0","N","0","0","0","2","36101","1","","1","09","N","N","0","","0","0","0","3","2","N","1513","1","2","0","0","0","0","0","3","0","2","N","","","","","","","","","","","","07","  ","","",""
"1708","1","0","0","0","0","0","0","0","0","4","0","","36","12","2018","2018138231","5","40.0452","-76.3139","1658","08","0","0","0","0","0","1","0","0","","0","0","0","16","3","1","01","0","40 02:42.759","","00","76 18:50.122","4","0","0","0","36301","0","0","0","N","0","0","0","2","36301","1","","1","09","N","N","0","","0","0","1","3","3","","1658","1","2","0","0","0","0","0","3","0","2","N","","","","","","","","","","","","07","  ","","",""
"1414","2","0","0","0","0","0","0","0","0","1","0","","36","12","2018","2018138253","2","40.203","-76.205","1414","08","0","0","0","0","0","0","0","0","","0","0","0","14","1","1","00","0","40 12:10.967","","00","76 12:17.899","8","0","0","0","36204","0","0","0","N","0","0","0","1","36506","0","","6","01","N","N","0","","0","0","0","0","0","","1414","1","2","0","0","0","1","0","1","0","2","N","","","","","","","","","","","","03","  ","","",""
"0325","0","0","0","0","0","0","0","0","0","7","0","","36","12","2018","2018138254","2","40.1282","-76.3049","0324","08","0","0","0","0","1","0","0","0","","0","0","0","03","3","1","00","0","40 07:41.397","","00","76 18:17.768","4","0","0","0","36235","0","0","0","N","0","0","0","1","36506","1","","5","09","N","N","1","","0","0","0","0","0","","0324","1","1","0","0","1","0","0","1","0","1","N","","","","","","","","","","","","07","  ","","",""
"1311","2","0","0","0","0","0","0","0","0","4","0","","36","12","2018","2018138275","7","40.0684","-76.3429","1257","08","0","0","0","0","0","2","0","0","2","0","0","0","12","1","2","00","1","40 04:06.352","1","00","76 20:34.527","4","0","0","0","36301","0","0","0","N","0","0","0","2","36301","2","","1","01","N","N","0","","0","0","0","0","0","Y","1255","2","2","0","0","0","0","0","3","0","2","N","","","","","","","","","","","","03","  ","","",""
"1655","1","0","0","0","0","0","0","0","0","1","0","","36","12","2018","2018138306","5","40.142","-76.5535","1651","08","0","0","0","0","0","1","0","0","","0","0","0","16","2","1","07","0","40 08:31.201","","02","76 33:12.647","4","0","0","0","36225","0","0","0","N","0","0","0","3","36505","1","","1","09","N","N","0","","0","0","2","0","0","N","1649","1","3","0","0","0","0","0","2","0","3","N","","","","","","","","","","","","07","  ","","",""
"1727","3","0","0","0","0","0","0","0","0","1","0","","36","12","2018","2018138354","3","40.0605","-76.3062","1727","08","0","0","0","0","0","2","0","0","2","0","0","0","17","3","2","00","1","40 03:37.637","1","00","76 18:22.203","3","0","0","0","36101","0","0","0","N","0","0","0","5","36101","1","","1","01","N","N","0","","1","0","1","0","0","N","1716","2","4","0","0","0","0","0","3","0","4","N","","","","","","","","","","","","03","  ","","",""
"0724","2","0","0","0","0","0","0","0","0","5","0","","36","12","2018","2018138355","6","40.1051","-76.3329","0719","08","0","0","0","0","0","1","0","0","","0","0","0","00","2","0","00","0","40 06:18.431","","00","76 19:58.339","0","0","0","0","36101","0","0","0","N","0","0","0","1","36101","0","","1","09","N","N","0","","0","0","0","0","0","","0000","0","2","0","0","0","0","0","3","0","2","N","","","","","","","","","","","","07","  ","","",""
"0953","1","0","0","0","0","0","0","0","0","1","0","","36","12","2018","2018138394","4","40.1471","-76.2096","0951","08","0","0","0","0","0","0","1","0","","0","0","0","09","1","1","02","0","40 08:49.545","","00","76 12:34.419","8","0","0","0","36238","0","0","0","N","0","0","0","2","36238","0","","1","01","N","N","0","","0","0","0","0","0","","0948","1","2","0","0","1","1","0","3","1","2","N","","","","","","","","","","","","03","  ","","",""
"1633","1","0","0","0","0","0","0","0","0","1","0","","36","12","2018","2018138401","6","40.1242","-76.2211","1605","08","0","0","0","0","0","0","0","0","","0","0","0","15","1","0","00","0","40 07:27.066","","00","76 13:16.110","0","0","0","0","36238","0","0","0","N","0","0","0","2","36238","0","","1","01","N","N","0","","0","0","1","0","0","","1545","0","2","0","0","1","0","0","3","0","2","N","","","","","","","","","","","","03","  ","","",""
"1207","1","0","0","0","0","0","0","0","0","4","0","","36","12","2018","2018138570","4","40.0608","-76.3049","1207","08","0","1","0","0","0","0","0","0","","0","0","0","12","1","0","01","0","40 03:38.764","","00","76 18:17.528","0","0","0","0","36101","0","0","0","N","0","0","0","2","36101","0","","1","01","N","N","1","","0","0","0","3","3","","1205","0","2","0","0","0","0","0","3","0","2","N","","","","","","","","","","","","03","  ","","",""
"0537","0","0","0","0","0","0","0","0","0","7","0","","36","12","2018","2018138594","5","40.156","-76.1959","0523","08","0","0","0","0","0","0","0","0","2","0","0","0","05","3","1","03","2","40 09:21.495","6","00","76 11:45.409","2","0","0","0","36402","0","0","0","N","0","0","0","1","36402","0","","5","01","N","N","1","","0","1","0","0","0","Y","0530","1","1","0","1","1","0","0","2","0","1","N","","","","","","","","","","","","03","  ","","",""
"1600","1","0","0","0","0","0","0","0","0","4","0","","36","12","2018","2018138626","4","40.0417","-76.3256","1550","08","0","0","0","0","0","1","1","0","2","0","0","0","15","1","1","00","2","40 02:30.043","6","00","76 19:32.044","3","0","0","0","36239","0","0","0","N","0","0","0","2","36239","0","","1","01","N","N","0","","1","0","1","0","0","Y","1550","1","2","0","0","0","0","0","3","0","2","N","","","","","","","","","","","","03","  ","","",""
"1502","1","0","0","0","0","0","0","0","0","7","0","","36","12","2018","2018138764","4","40.0446","-76.3273","1458","08","0","0","0","1","0","0","0","0","2","0","0","0","14","1","0","02","1","40 02:40.579","1","00","76 19:38.450","0","0","0","0","36220","0","0","0","N","0","0","0","1","36101","0","","5","01","N","N","0","","0","0","0","0","0","Y","1454","0","1","0","0","0","0","0","3","0","1","N","","","","","","","","","","","","03","  ","","",""
"1526","1","0","0","0","0","0","0","0","0","1","0","","36","12","2018","2018138765","4","40.068","-76.3004","1523","08","0","0","0","0","0","1","0","0","","0","0","0","15","1","0","06","0","40 04:04.650","","02","76 18:03.588","0","0","0","0","36101","0","0","0","N","0","0","0","2","36101","0","","1","01","N","N","1","","0","0","0","0","0","","1518","0","2","0","0","0","0","0","3","0","2","N","","","","","","","","","","","","03","  ","","",""
"1134","2","0","0","0","0","0","0","0","0","1","0","","36","12","2018","2018138766","6","40.0462","-76.3093","1134","08","0","0","0","0","0","0","0","0","","0","0","0","11","1","1","00","0","40 02:46.319","","00","76 18:33.309","4","0","0","0","36301","0","0","0","N","0","0","0","2","36301","1","","1","01","N","N","0","","0","0","0","0","0","","1131","1","2","0","0","0","0","0","3","0","2","N","","","","","","","","","","","","03","  ","","",""
"1823","1","0","1","0","0","0","0","0","0","4","0","","36","12","2018","2018138767","5","40.1104","-76.4407","1813","08","0","0","0","1","0","0","0","1","2","0","0","0","18","2","2","03","2","40 06:37.470","3","00","76 26:26.356","2","0","0","0","36230","0","0","0","N","0","0","0","2","36410","0","","1","01","N","N","0","","1","1","1","0","0","Y","1810","2","2","0","0","0","0","0","1","0","2","N","","","","","","","","","","","","03","  ","","",""
"0522","0","0","0","0","0","0","0","0","0","7","0","","36","12","2018","2018138768","3","40.1967","-76.4191","0514","08","0","0","0","0","0","0","0","0","1","0","0","0","05","2","1","00","1","40 11:48.125","2","00","76 25:08.601","8","0","0","0","36230","0","0","0","N","0","0","0","1","36410","0","","4","01","N","N","1","","0","0","0","0","0","N","0514","1","1","0","0","0","1","0","1","0","1","N","","","","","","","","","","","","03","  ","","",""
"1940","0","0","0","0","0","0","0","0","0","9","0","","36","12","2018","2018138769","4","40.2245","-76.4319","1848","08","0","0","0","0","0","0","0","0","","0","0","0","18","2","0","00","0","40 13:28.159","","00","76 25:54.713","0","0","0","0","36230","0","0","0","N","0","0","0","2","36410","0","","1","01","N","N","0","","0","0","1","0","0","","1844","0","1","0","0","0","0","0","1","0","1","N","","","","","","","","","","","","03","  ","","",""
"1515","1","0","0","0","0","0","0","0","0","1","0","","36","12","2018","2018138770","6","40.1289","-76.412","1512","08","0","0","0","0","0","1","1","1","1","0","0","0","15","1","7","02","1","40 07:43.867","2","00","76 24:43.106","3","0","0","0","36230","0","0","0","N","0","0","0","7","36410","4","","1","01","N","N","0","","3","0","1","0","0","N","1510","7","3","0","0","0","0","0","1","1","3","N","","","","","","","","","","","","03","  ","","",""
"1105","0","0","0","0","0","0","0","0","0","7","0","","36","12","2018","2018138771","1","40.1626","-76.4314","1102","08","0","0","0","0","0","0","0","0","1","0","0","0","10","1","1","00","1","40 09:45.516","4","00","76 25:52.989","4","0","0","0","36230","0","0","0","N","0","0","0","1","36410","1","","4","01","N","N","0","","0","0","1","0","0","N","1059","1","1","0","0","0","0","0","1","0","1","N","","","","","","","","","","","","03","  ","","",""
"1355","1","0","0","0","0","0","0","0","0","1","0","","36","12","2018","2018138783","5","40.1341","-76.2126","1351","08","0","0","0","0","0","0","1","0","2","0","0","0","13","1","2","00","1","40 08:02.850","5","00","76 12:45.485","3","0","0","0","36238","0","0","0","N","0","0","0","2","36238","0","","1","01","N","N","0","","1","0","1","0","0","N","1349","2","2","0","0","0","1","0","3","0","2","N","","","","","","","","","","","","03","  ","","",""
"1920","1","0","0","0","0","0","0","0","0","4","0","","36","12","2018","2018138787","6","40.0392","-76.3088","1913","08","0","0","0","0","0","1","0","0","","0","0","0","18","3","1","01","0","40 02:21.253","","00","76 18:31.645","4","0","0","0","36301","0","0","0","N","0","0","0","3","36301","1","","1","09","N","N","0","","0","0","0","2","3","","1852","1","2","0","0","0","0","0","3","1","2","N","","","","","","","","","","","","07","  ","","",""
"1521","1","0","0","0","0","0","0","0","0","7","0","","36","12","2018","2018138798","5","40.1473","-76.0316","1513","08","0","0","0","0","0","0","1","0","","0","0","0","15","1","0","00","0","40 08:50.143","","00","76 01:53.874","0","0","0","0","36213","0","0","0","N","0","0","0","1","36213","0","","5","01","N","N","0","","0","0","0","0","0","","1513","0","1","0","0","1","0","0","1","0","1","N","","","","","","","","","","","","03","  ","","",""
"1908","2","0","0","0","0","0","0","0","0","1","0","","36","12","2018","2018138824","5","40.2413","-76.0567","1900","08","0","0","0","1","0","0","0","1","2","0","0","0","18","3","0","01","1","40 14:28.789","2","00","76 03:24.239","0","0","0","0","36401","0","0","0","N","0","0","0","5","36408","0","","1","01","N","N","0","","0","0","0","3","2","N","1857","0","2","0","0","0","0","0","1","0","2","N","","","","","","","","","","","","03","  ","","",""
"1744","2","0","0","0","0","0","0","0","0","6","0","","36","12","2018","2018138828","5","40.2779","-76.202","1732","08","0","0","0","0","0","0","0","0","3","0","0","0","17","2","0","00","1","40 16:40.300","1","00","76 12:07.308","0","0","0","0","36236","0","0","0","N","0","0","0","2","36408","0","","1","01","N","N","0","","0","0","0","0","0","N","1729","0","2","0","0","0","0","0","1","0","2","N","","","","","","","","","","","","03","  ","","",""
"2309","1","0","0","0","0","0","0","0","0","0","0","","36","12","2018","2018138830","5","40.0432","-76.4333","2300","08","0","0","0","0","0","0","0","0","2","0","0","0","23","2","0","00","2","40 02:35.362","4","00","76 25:59.925","0","0","0","0","36239","0","0","0","Y","0","0","0","1","36239","0","","1","01","N","N","0","","0","0","0","0","0","N","2300","0","1","0","0","1","0","0","3","0","1","N","","","","","","","","","","","","03","  ","","",""
"0742","3","0","0","0","0","0","0","0","0","5","0","","36","12","2018","2018138903","5","40.0677","-76.3307","0736","08","0","0","0","1","1","1","0","0","1","0","0","0","07","1","0","00","1","40 04:03.549","3","02","76 19:50.558","0","0","0","0","36101","0","0","0","N","0","0","0","4","36101","0","","1","01","N","N","0","","0","0","1","0","0","N","0734","0","4","0","0","0","0","0","3","0","4","N","","","","","","","","","","","","03","  ","","",""
"1337","0","0","0","0","0","0","0","0","0","7","0","","36","12","2018","2018138904","5","40.0521","-76.2771","1334","08","0","0","0","0","0","0","0","0","2","0","0","0","13","1","0","00","1","40 03:07.535","4","00","76 16:37.535","0","0","0","0","36101","0","0","0","N","0","0","0","1","36101","0","","5","01","N","N","1","","0","0","0","9","1","N","1331","0","1","0","0","0","0","0","3","0","1","N","","","","","","","","","","","","03","  ","","",""
"1742","1","0","0","0","0","0","0","0","0","1","0","","36","12","2018","2018138905","5","40.0698","-76.3123","1734","08","0","0","0","0","1","1","0","0","","0","0","0","17","3","2","00","0","40 04:11.175","","00","76 18:44.229","3","0","0","0","36101","0","0","0","N","0","0","0","4","36101","1","","1","01","N","N","0","","1","0","1","0","0","","1731","2","2","0","0","0","0","0","3","0","2","N","","","","","","","","","","","","03","  ","","",""
"1205","1","0","0","0","0","0","0","0","0","4","0","","36","12","2018","2018138940","5","40.0591","-76.4629","1200","08","0","0","0","0","0","0","0","0","2","0","0","0","12","1","0","02","2","40 03:32.814","7","00","76 27:46.398","0","0","0","0","36239","0","0","0","N","0","0","0","2","36239","0","","1","09","N","N","1","","0","0","0","0","0","Y","1200","0","2","0","0","0","0","0","3","0","2","N","","","","","","","","","","","","07","  ","","",""
"1649","1","0","0","0","0","0","0","0","0","4","0","","36","12","2018","2018138945","5","40.0525","-76.4731","1645","08","0","0","0","1","0","0","0","0","2","0","0","0","16","4","0","00","1","40 03:08.886","6","00","76 28:23.325","0","0","0","0","36239","0","0","0","N","0","0","0","2","36239","0","","1","09","N","N","0","","0","0","1","0","0","N","1641","0","2","0","0","0","0","0","3","0","2","N","","","","","","","","","","","","07","  ","","",""
"1147","0","0","0","0","0","0","0","0","0","4","0","","36","12","2018","2018138967","5","39.9858","-76.2836","1140","08","0","0","0","0","0","2","0","0","2","0","0","0","11","1","1","01","1","39 59:08.888","2","00","76 17:01.092","3","0","0","0","36240","0","0","0","N","0","0","0","2","36240","0","","1","01","N","N","0","","1","0","2","3","2","N","1133","1","2","0","0","0","0","0","1","0","2","N","","","","","","","","","","","","03","  ","","",""
"1518","1","0","0","0","0","0","0","0","0","4","0","","36","12","2018","2018138976","2","40.0665","-76.3359","1459","08","1","0","0","0","0","0","0","0","","0","0","0","14","1","1","00","0","40 03:59.300","","07","76 20:09.100","4","0","0","0","36301","0","0","0","N","0","0","0","4","36301","1","","1","01","N","N","0","","0","0","1","0","0","","1459","1","2","0","0","0","0","1","3","0","2","N","","","","","","","","","","","","03","  ","","",""
"1439","1","0","0","0","0","0","0","0","0","4","0","","36","12","2018","2018139062","4","40.1594","-76.5945","1435","08","0","0","0","0","0","0","0","1","","0","0","0","14","1","0","01","0","40 09:33.937","","00","76 35:40.084","0","0","0","0","36407","0","0","0","N","0","0","0","3","36407","0","","1","01","N","N","0","","0","0","0","3","3","","1433","0","2","0","0","0","0","0","2","1","2","N","","","","","","","","","","","","03","  ","","",""
"1824","3","0","0","0","0","0","0","0","0","1","0","","36","12","2018","2018139081","5","40.0564","-76.322","1818","08","0","0","0","1","0","0","0","0","","0","0","0","17","3","1","00","0","40 03:22.996","","00","76 19:19.296","4","0","0","0","36301","0","0","0","N","0","0","0","5","36301","1","","1","01","N","N","0","","0","0","0","0","0","N","1732","1","3","0","0","1","0","0","3","0","3","N","","","","","","","","","","","","03","  ","","",""
"0020","1","0","0","0","0","0","0","0","0","7","0","","36","12","2018","2018139146","3","40.1524","-76.5867","0018","08","0","0","0","0","0","0","0","0","2","0","0","0","00","2","0","00","1","40 09:08.600","2","00","76 35:12.000","0","0","0","0","36407","0","0","0","N","0","0","0","1","36407","0","","5","01","N","N","0","","0","0","0","0","0","N","0015","0","1","0","0","0","0","0","2","0","1","N","","","","","","","","","","","","03","  ","","",""
"0647","1","0","0","0","0","0","0","0","0","1","0","","36","11","2018","2018139157","2","40.0679","-76.2975","0640","08","0","0","0","0","0","0","0","1","","0","0","0","06","5","0","00","0","40 04:04.465","","00","76 17:50.953","0","0","0","0","36101","0","0","0","N","0","0","0","2","36101","0","","1","01","N","N","0","","0","0","1","0","0","","0637","0","3","0","0","0","0","0","3","0","2","N","","","","","","","","","","","","03","  ","","",""