"ARRIVAL_TM","AUTOMOBILE_COUNT","BELTED_DEATH_COUNT","BELTED_SUSP_SERIOUS_INJ_COUNT","BICYCLE_COUNT","BICYCLE_DEATH_COUNT","BICYCLE_SUSP_SERIOUS_INJ_COUNT","BUS_COUNT","CHLDPAS_DEATH_COUNT","CHLDPAS_SUSP_SERIOUS_INJ_COUNT","COLLISION_TYPE","COMM_VEH_COUNT","CONS_ZONE_SPD_LIM","COUNTY","CRASH_MONTH","CRASH_YEAR","CRN","DAY_OF_WEEK","DEC_LAT","DEC_LONG","DISPATCH_TM","DISTRICT","DRIVER_COUNT_16YR","DRIVER_COUNT_17YR","DRIVER_COUNT_18YR","DRIVER_COUNT_19YR","DRIVER_COUNT_20YR","DRIVER_COUNT_50_64YR","DRIVER_COUNT_65_74YR","DRIVER_COUNT_75PLUS","EST_HRS_CLOSED","FATAL_COUNT","HEAVY_TRUCK_COUNT","HORSE_BUGGY_COUNT","HOUR_OF_DAY","ILLUMINATION","INJURY_COUNT","INTERSECT_TYPE","LANE_CLOSED","LATITUDE","LN_CLOSE_DIR","LOCATION_TYPE","LONGITUDE","MAX_SEVERITY_LEVEL","MCYCLE_DEATH_COUNT","MCYCLE_SUSP_SERIOUS_INJ_COUNT","MOTORCYCLE_COUNT","MUNICIPALITY","NONMOTR_COUNT","NONMOTR_DEATH_COUNT","NONMOTR_SUSP_SERIOUS_INJ_COUNT","NTFY_HIWY_MAINT","PED_COUNT","PED_DEATH_COUNT","PED_SUSP_SERIOUS_INJ_COUNT","PERSON_COUNT","POLICE_AGCY","POSSIBLE_INJ_COUNT","RDWY_SURF_TYPE_CD","RELATION_TO_ROAD","ROAD_CONDITION","SCH_BUS_IND","SCH_ZONE_IND","SMALL_TRUCK_COUNT","SPEC_JURIS_CD","SUSP_MINOR_INJ_COUNT","SUSP_SERIOUS_INJ_COUNT","SUV_COUNT","TCD_FUNC_CD","TCD_TYPE","TFC_DETOUR_IND","TIME_OF_DAY","TOT_INJ_COUNT","TOTAL_UNITS","UNB_DEATH_COUNT","UNB_SUSP_SERIOUS_INJ_COUNT","UNBELTED_OCC_COUNT","UNK_INJ_DEG_COUNT","UNK_INJ_PER_COUNT","URBAN_RURAL","VAN_COUNT","VEHICLE_COUNT","WORK_ZONE_IND","WORK_ZONE_LOC","WORK_ZONE_TYPE","WORKERS_PRES","WZ_CLOSE_DETOUR","WZ_FLAGGER","WZ_LAW_OFFCR_IND","WZ_LN_CLOSURE","WZ_MOVING","WZ_OTHER","WZ_SHLDER_MDN","ROADWAY_CLEARED","WEATHER1","WEATHER2","WZ_WORKERS_INJ_KILLED","SECONDARY_CRASH","INTERSECTION_RELATED"
"0343","1","0","0","0","0","0","0","0","0","7","0","","36","12","2018","2018139169","7","40.1663","-76.2888","0336","08","0","0","0","0","0","0","0","0","2","0","0","0","03","2","0","00","1","40 09:58.859","6","00","76 17:19.542","0","0","0","0","36235","0","0","0","Y","0","0","0","1","36506","0","","4","09","N","N","0","","0","0","0","0","0","Y","0336","0","1","0","0","0","0","0","1","0","1","N","","","","","","","","","","","","07","  ","","",""
"2110","1","0","0","0","0","0","0","0","0","7","0","","36","12","2018","2018139204","6","40.0361","-76.3241","2107","08","0","0","0","0","0","0","0","0","2","0","0","0","21","3","0","00","1","40 02:09.974","2","00","76 19:26.867","0","0","0","0","36301","0","0","0","N","0","0","0","1","36301","0","","3","09","N","N","0","","0","0","1","0","0","N","2104","0","2","0","0","0","0","0","3","0","2","N","","","","","","","","","","","","07","05","","",""
"1848","2","0","0","0","0","0","0","0","0","6","0","","36","12","2018","2018139212","6","40.014","-76.2631","1838","08","0","0","0","0","0","1","0","1","2","0","0","0","18","2","0","00","2","40 00:50.257","1","00","76 15:47.223","0","0","0","0","36240","0","0","0","N","0","0","0","2","36240","0","","1","09","N","N","0","","0","0","0","0","0","Y","1835","0","2","0","0","1","0","0","1","0","2","N","","","","","","","","","","","","07","05","","",""
"0013","1","0","0","0","0","0","0","0","0","7","0","","36","12","2018","2018139292","7","40.1644","-76.5917","0011","08","0","0","1","0","0","0","0","0","1","0","0","0","00","2","0","00","1","40 09:51.800","5","00","76 35:30.000","0","0","0","0","36407","0","0","0","N","0","0","0","3","36407","0","","2","09","N","N","0","","0","0","0","0","0","N","0009","0","1","0","0","0","0","0","2","0","1","N","","","","","","","","","","","","05","  ","","",""
"1500","1","0","0","0","0","0","0","0","0","4","0","","36","12","2018","2018139323","6","40.0285","-76.3142","1456","08","0","0","0","0","0","0","1","0","1","0","0","0","14","1","2","01","2","40 01:42.463","2","00","76 18:51.195","3","0","0","0","36301","0","0","0","N","0","0","0","3","36301","1","","1","09","N","N","0","","1","0","1","3","3","Y","1455","2","2","0","0","0","0","0","3","0","2","N","","","","","","","","","","","","07","  ","","",""
"1730","1","0","0","0","0","0","0","0","0","8","0","","36","12","2018","2018139339","5","40.0404","-76.2974","1724","08","0","0","0","0","0","1","0","0","","0","0","0","17","3","1","01","0","40 02:25.541","","00","76 17:50.674","3","0","0","0","36301","1","0","0","N","1","0","0","2","36301","0","","1","09","N","N","0","","1","0","0","3","2","","1720","1","2","0","0","0","0","0","3","0","1","N","","","","","","","","","","","","07","  ","","",""
"1038","0","0","0","0","0","0","0","0","0","7","0","","36","12","2018","2018139354","7","40.2259","-76.1328","1035","08","1","0","0","0","0","0","0","0","1","0","0","0","10","1","1","00","1","40 13:33.077","1","00","76 07:58.240","3","0","0","0","36210","0","0","0","N","0","0","0","1","36210","0","","4","09","N","N","0","","1","0","1","0","0","N","1032","1","1","0","0","0","0","0","1","0","1","N","","","","","","","","","","","","03","  ","","",""
"1117","0","0","0","0","0","0","0","0","0","4","0","","36","12","2018","2018139380","7","40.1845","-76.1729","1115","08","0","0","0","0","0","1","0","0","2","0","0","0","11","1","2","01","1","40 11:04.182","2","00","76 10:22.547","4","0","0","0","36408","0","0","0","N","0","0","0","5","36408","2","","1","01","N","N","0","","0","0","1","3","3","Y","1111","2","2","0","0","0","0","0","2","1","2","N","","","","","","","","","","","","03","  ","","",""
"1706","1","0","0","0","0","0","0","0","0","4","0","","36","12","2018","2018139416","6","40.0691","-76.3569","1700","08","0","0","0","0","0","0","1","0","1","0","0","0","16","3","0","01","2","40 04:08.816","1","00","76 21:24.786","0","0","0","0","36214","0","0","0","N","0","0","0","2","36214","0","","1","09","N","N","1","","0","0","0","3","2","N","1655","0","2","0","0","0","0","0","3","0","2","N","","","","","","","","","","","","07","  ","","",""
"2245","1","0","0","0","0","0","0","0","0","7","0","","36","12","2018","2018139433","6","40.1193","-76.6234","2241","08","1","0","0","0","0","0","0","0","","0","0","0","22","2","0","02","0","40 07:09.483","","00","76 37:24.358","0","0","0","0","36237","0","0","0","N","0","0","0","1","36505","0","","4","09","N","N","0","","0","0","0","0","0","","2241","0","1","0","0","0","0","0","1","0","1","N","","","","","","","","","","","","03","  ","","",""
"2157","1","0","0","0","0","0","0","0","0","7","0","","36","12","2018","2018139473","6","40.27","-76.1548","2152","08","0","0","0","0","0","0","0","0","4","0","0","0","21","2","0","00","2","40 16:11.877","6","00","76 09:17.422","0","0","0","0","36236","0","0","0","N","0","0","0","1","36408","0","","2","09","N","N","0","","0","0","0","0","0","Y","2151","0","1","0","0","0","0","0","1","0","1","N","","","","","","","","","","","","05","  ","","",""
"0041","2","0","0","0","0","0","0","0","0","2","0","","36","12","2018","2018139483","1","40.0299","-76.3597","0037","08","0","0","0","0","0","0","0","0","","0","0","0","00","2","0","00","0","40 01:47.570","","00","76 21:34.820","0","0","0","0","36223","0","0","0","N","0","0","0","1","36223","0","","4","01","N","N","0","","0","0","0","0","0","","0032","0","2","0","0","0","0","0","1","0","2","N","","","","","","","","","","","","03","  ","","",""
"1013","0","0","0","0","0","0","0","0","0","4","1","","36","12","2018","2018139484","5","40.0188","-76.3641","1003","08","0","0","0","0","0","0","0","0","2","0","1","0","10","1","0","00","2","40 01:07.630","5","00","76 21:50.680","0","0","0","0","36223","0","0","0","N","0","0","0","2","36223","0","","1","01","N","N","0","","0","0","1","0","0","Y","1003","0","2","0","0","0","0","0","1","0","2","N","","","","","","","","","","","","03","  ","","",""
"1504","1","0","0","0","0","0","0","0","0","4","0","","36","12","2018","2018139485","6","40.0263","-76.3945","1452","08","0","0","0","1","0","0","0","0","","0","0","0","14","1","0","00","0","40 01:34.841","","00","76 23:40.127","0","0","0","0","36223","0","0","0","N","0","0","0","2","36223","0","","5","09","N","N","0","","0","0","1","0","0","","1450","0","2","0","0","0","0","0","1","0","2","N","","","","","","","","","","","","07","  ","","",""
"1528","2","0","0","0","0","0","0","0","0","4","0","","36","12","2018","2018139494","7","40.1665","-76.3186","1523","08","0","2","0","0","0","0","0","0","","0","0","0","15","1","0","02","0","40 09:59.332","","00","76 19:06.822","0","0","0","0","36235","0","0","0","N","0","0","0","4","36506","0","","1","09","N","N","0","","0","0","0","0","0","","1523","0","2","0","0","0","0","0","1","0","2","N","","","","","","","","","","","","05","  ","","",""
"1508","2","0","0","0","0","0","0","0","0","4","0","","36","12","2018","2018139495","1","40.1397","-76.3","1505","08","0","0","0","1","0","0","1","0","","0","0","0","15","1","0","01","0","40 08:23.067","","00","76 18:00.133","0","0","0","0","36235","0","0","0","N","0","0","0","3","36506","0","","1","09","N","N","0","","0","0","0","3","3","","1505","0","2","0","0","0","0","0","1","0","2","N","","","","","","","","","","","","07","  ","","",""
"0559","1","0","0","0","0","0","0","0","0","7","0","","36","12","2018","2018139551","6","40.2239","-76.0966","0544","08","0","0","0","0","0","0","0","0","","0","0","0","05","2","0","00","0","40 13:26.056","","00","76 05:47.913","0","0","0","0","36210","0","0","0","N","0","0","0","1","68T06","0","","2","09","N","N","0","","0","0","0","0","0","","0544","0","1","0","0","0","0","0","1","0","1","N","","","","","","","","","","","","07","  ","","",""
"1525","2","0","0","0","0","0","0","0","0","1","0","","36","12","2018","2018139595","6","40.0989","-76.2586","1514","08","0","0","0","0","0","0","0","0","2","0","0","0","15","1","2","00","2","40 05:56.183","2","00","76 15:30.781","3","0","0","0","36101","0","0","0","N","0","0","0","3","36101","0","","1","09","N","N","0","","2","0","0","0","0","N","1513","2","2","0","0","0","0","0","3","0","2","N","","","","","","","","","","","","07","  ","","",""
"1620","3","0","0","0","0","0","0","0","0","2","0","","36","12","2018","2018139596","6","40.0398","-76.2837","1605","08","0","0","0","0","0","0","1","0","1","0","0","0","16","4","3","00","1","40 02:23.181","3","00","76 17:01.170","3","0","0","0","36220","0","0","0","N","0","0","0","3","36101","0","","1","09","N","N","0","","3","0","0","0","0","N","1603","3","3","0","0","0","0","0","3","0","3","N","","","","","","","","","","","","07","  ","","",""
"1630","2","0","0","0","0","0","0","0","0","4","0","","36","12","2018","2018139597","6","40.0674","-76.3072","1623","08","0","0","0","0","0","0","0","0","","0","0","0","16","3","0","02","0","40 04:02.790","","00","76 18:26.089","0","0","0","0","36101","0","0","0","N","0","0","0","2","36101","0","","1","09","N","N","0","","0","0","0","0","0","","1621","0","2","0","0","0","0","0","3","0","2","N","","","","","","","","","","","","03","  ","","",""
"1746","1","0","0","0","0","0","0","0","0","1","0","","36","12","2018","2018139598","6","40.0343","-76.3354","1746","08","0","0","0","0","1","0","0","0","1","0","0","0","17","3","0","02","1","40 02:03.487","1","00","76 20:07.263","0","0","0","0","36220","0","0","0","N","0","0","0","2","36101","0","","1","09","N","N","0","","0","0","1","0","0","N","1744","0","2","0","0","0","0","0","3","0","2","N","","","","","","","","","","","","07","  ","","",""
"1805","0","0","0","0","0","0","0","0","0","1","0","","36","12","2018","2018139599","6","40.0635","-76.282","1759","08","0","0","0","0","0","0","1","0","1","0","0","0","17","2","0","00","1","40 03:48.712","3","00","76 16:55.287","0","0","0","0","36101","0","0","0","N","0","0","0","4","36101","0","","1","09","N","N","0","","0","0","2","0","0","Y","1757","0","2","0","0","0","0","0","3","0","2","N","","","","","","","","","","","","03","  ","","",""
"1845","1","0","0","0","0","0","0","0","0","1","0","","36","12","2018","2018139600","6","40.0614","-76.2788","1845","08","0","0","0","0","1","0","0","0","1","0","0","0","18","2","0","00","1","40 03:40.977","3","00","76 16:43.777","0","0","0","0","36101","0","0","0","N","0","0","0","2","36101","0","","1","09","N","N","0","","0","0","1","0","0","Y","1825","0","2","0","0","0","0","0","3","0","2","N","","","","","","","","","","","","03","  ","","",""
"1717","2","0","0","0","0","0","0","0","0","1","0","","36","12","2018","2018139601","7","40.1151","-76.3056","1703","08","0","0","0","0","0","0","0","1","2","0","0","0","17","2","2","00","1","40 06:54.407","1","00","76 18:20.303","3","0","0","0","36101","0","0","0","N","0","0","0","2","36101","1","","1","01","N","N","0","","1","0","0","0","0","N","1700","2","2","0","0","0","0","0","3","0","2","N","","","","","","","","","","","","03","  ","","",""
"0950","1","0","0","0","0","0","0","0","0","1","0","","36","12","2018","2018139602","7","40.0442","-76.3634","0943","08","0","0","0","0","0","1","0","0","1","0","0","0","09","1","0","00","1","40 02:39.058","1","00","76 21:48.245","0","0","0","0","36214","0","0","0","N","0","0","0","3","36214","0","","1","01","N","N","0","","0","0","1","0","0","N","0940","0","2","0","0","0","0","0","3","0","2","N","","","","","","","","","","","","03","  ","","",""
"1401","1","0","0","0","0","0","0","0","0","1","0","","36","12","2018","2018139636","1","40.0317","-76.477","1353","08","0","0","0","0","1","0","0","0","2","0","0","0","13","1","1","02","2","40 01:54.243","4","00","76 28:37.337","3","0","0","0","36239","0","0","0","N","0","0","0","6","36239","0","","1","01","N","N","0","","1","0","0","3","2","N","1352","1","2","0","0","1","0","0","3","1","2","N","","","","","","","","","","","","03","  ","","",""
"0335","0","0","0","0","0","0","0","0","0","7","0","","36","12","2018","2018139697","1","40.0325","-76.2708","0335","08","0","0","0","0","0","0","0","0","","0","0","0","03","3","0","00","0","40 01:57.040","","00","76 16:15.042","0","0","0","0","36240","0","0","0","Y","0","0","0","1","36240","0","","5","01","N","N","1","","0","0","0","0","0","","0320","0","1","0","0","0","0","0","1","0","1","N","","","","","","","","","","","","03","  ","","",""
"2131","2","0","1","0","0","0","0","0","0","2","0","","36","12","2018","2018139706","1","","","2127","08","0","1","0","0","0","0","0","0","2","0","0","0","21","2","2","00","2","","5","00","","2","0","0","0","36225","0","0","0","N","0","0","0","4","36505","0","","1","01","N","N","0","","1","1","0","0","0","Y","2127","2","2","0","0","0","0","0","2","0","2","N","","","","","","","","","","","","03","  ","","",""
"1243","2","0","0","0","0","0","0","0","0","4","0","","36","12","2018","2018139709","5","40.091","-76.2881","1239","08","0","0","0","0","0","0","0","2","","0","0","0","12","1","0","01","0","40 05:27.672","","00","76 17:17.160","0","0","0","0","36101","0","0","0","N","0","0","0","2","36101","0","","1","09","N","N","0","","0","0","0","3","3","","1235","0","2","0","0","0","0","0","3","0","2","N","","","","","","","","","","","","07","  ","","",""
"1746","3","0","0","0","0","0","0","0","0","1","0","","36","12","2018","2018139710","6","40.0636","-76.2822","1746","08","0","0","0","0","0","0","0","0","1","0","0","0","17","3","1","00","2","40 03:49.098","3","00","76 16:55.850","3","0","0","0","36101","0","0","0","N","0","0","0","6","36101","0","","1","09","N","N","0","","1","0","1","0","0","N","1722","1","4","0","0","0","0","0","3","0","4","N","","","","","","","","","","","","03","  ","","",""
"0432","1","0","0","0","0","0","0","0","0","7","0","","36","12","2018","2018139711","7","40.0216","-76.3346","0424","08","0","0","0","0","0","1","0","0","","0","0","0","04","3","0","02","0","40 01:17.735","","00","76 20:04.604","0","0","0","0","36220","0","0","0","N","0","0","0","1","36101","0","","4","01","N","N","0","","0","0","0","3","3","","0423","0","1","0","0","0","0","0","3","0","1","N","","","","","","","","","","","","05","  ","","",""
"2056","1","0","0","0","0","0","0","0","0","7","0","","36","12","2018","2018139712","1","40.1001","-76.3524","2043","08","0","0","0","0","0","0","0","0","","0","0","0","20","3","0","01","0","40 06:00.506","","00","76 21:08.531","0","0","0","0","36406","0","0","0","N","0","0","0","1","36101","0","","4","01","N","N","0","","0","0","0","3","3","","2041","0","1","0","0","0","0","0","3","0","1","N","","","","","","","","","","","","98","  ","","",""
"1725","1","0","0","0","0","0","0","0","0","1","0","","36","12","2018","2018139713","6","40.091","-76.3802","1719","08","0","0","0","0","0","0","0","0","","0","0","0","17","2","0","00","0","40 05:27.722","","00","76 22:48.671","0","0","0","0","36214","0","0","0","N","0","0","0","2","36214","0","","1","09","N","N","0","","0","0","1","3","2","","1715","0","2","0","0","0","0","0","3","0","2","N","","","","","","","","","","","","07","  ","","",""
"1726","2","0","0","0","0","0","0","0","0","6","0","","36","12","2018","2018139760","7","40.1332","-76.3811","1716","08","0","0","0","0","0","1","0","1","","0","0","0","17","2","0","00","0","40 07:59.344","","00","76 22:52.066","0","0","0","0","36227","1","0","0","N","0","0","0","3","36506","0","","1","09","N","N","0","","0","0","1","0","0","","1716","0","3","0","0","0","0","0","1","0","3","N","","","","","","","","","","","","07","  ","","",""
"1459","1","0","0","0","0","0","0","0","0","7","0","","36","12","2018","2018139761","7","40.1291","-76.2485","1449","08","0","0","0","1","0","0","0","0","","0","0","0","14","1","1","00","0","40 07:20.981","","00","76 14:53.532","3","0","0","0","36235","0","0","0","N","0","0","0","1","36506","0","","5","01","N","N","0","","1","0","0","0","0","","1449","1","1","0","0","0","0","0","1","0","1","N","","","","","","","","","","","","03","  ","","",""
"0850","1","0","0","0","0","0","0","0","0","7","0","","36","12","2018","2018139863","2","40.1176","-76.5346","0841","08","0","0","0","0","0","1","0","0","2","0","0","0","08","1","0","00","1","40 07:03.492","4","00","76 32:04.698","0","0","0","0","36225","0","0","0","N","0","0","0","1","36505","0","","5","01","N","N","0","","0","0","0","0","0","N","0835","0","1","0","0","0","0","0","2","0","1","N","","","","","","","","","","","","03","  ","","",""
"0352","1","0","0","0","0","0","0","0","0","7","0","","36","12","2018","2018139875","5","40.0782","-76.2709","0345","08","0","0","0","0","0","0","0","0","2","0","0","0","03","2","1","00","1","40 04:41.670","2","00","76 16:15.100","4","0","0","0","36101","0","0","0","N","0","0","0","1","36101","1","","5","01","N","N","0","","0","0","0","0","0","N","0342","1","1","0","0","0","0","0","3","0","1","N","","","","","","","","","","","","03","  ","","",""
"1141","0","0","0","0","0","0","0","0","0","0","1","","36","12","2018","2018139876","6","40.0699","-76.3146","1136","08","0","0","0","0","0","0","0","0","2","0","1","0","11","1","0","00","1","40 04:11.718","3","00","76 18:52.538","0","0","0","0","36101","0","0","0","N","0","0","0","1","36101","0","","1","09","N","N","0","","0","0","0","0","0","N","1136","0","1","0","0","0","0","0","3","0","1","N","","","","","","","","","","","","07","  ","","",""
"1548","1","0","0","0","0","0","0","0","0","4","0","","36","12","2018","2018139877","6","40.0441","-76.3089","1546","08","0","0","0","0","0","1","0","0","1","0","0","0","15","1","0","01","1","40 02:38.755","2","00","76 18:32.002","0","0","0","0","36301","0","0","0","N","0","0","0","2","36301","0","","1","01","N","N","0","","0","0","1","3","2","N","1544","0","2","0","0","0","0","0","3","0","2","N","","","","","","","","","","","","03","  ","","",""
"1816","0","0","0","0","0","0","0","0","0","7","0","","36","12","2018","2018139911","4","40.1311","-76.6446","1806","08","0","0","0","0","0","0","1","0","","0","0","0","18","2","0","00","0","40 07:51.795","","00","76 38:40.504","0","0","0","0","36237","0","0","0","N","0","0","0","1","36505","0","","5","01","N","N","0","","0","0","0","0","0","N","1803","0","1","0","0","0","0","0","1","1","1","N","","","","","","","","","","","","03","  ","","",""
"0500","1","0","0","0","0","0","0","0","0","9","0","","36","12","2018","2019000060","7","40.2312","-76.3409","0435","08","0","0","0","0","0","1","0","0","","0","0","0","04","2","0","00","0","40 13:52.163","","00","76 20:27.116","0","0","0","0","36217","0","0","0","N","0","0","0","1","68T06","0","","1","01","N","N","0","","0","0","0","0","0","","0435","0","1","0","0","0","0","0","1","0","1","N","","","","","","","","","","","","05","  ","","",""
"1429","4","0","0","0","0","0","0","0","0","4","0","","36","12","2018","2019000125","2","40.0399","-76.3182","1420","08","0","0","0","0","0","0","0","0","3","0","0","0","14","1","0","00","1","40 02:23.537","3","00","76 19:05.600","0","0","0","0","36301","0","0","0","N","0","0","0","3","36301","0","","1","09","N","N","0","","0","0","2","0","0","N","1419","0","6","0","0","0","0","0","3","0","6","N","","","","","","","","","","","","07","  ","","",""
"1114","2","0","0","0","0","0","0","0","0","9","0","","36","12","2018","2019000215","2","40.0354","-76.5039","1114","08","0","0","0","0","0","1","1","0","1","0","0","0","11","1","0","01","2","40 02:07.458","7","00","76 30:14.122","0","0","0","0","36404","0","0","0","N","0","0","0","5","36404","0","","1","09","N","N","0","","0","0","0","0","0","Y","1114","0","2","0","0","0","0","0","3","0","2","N","","","","","","","","","","","","07","  ","","",""
"1811","1","0","0","0","0","0","0","0","0","6","0","","36","12","2018","2019000253","3","40.0524","-76.3064","1811","08","0","0","0","0","0","2","0","0","3","0","0","0","17","3","0","01","1","40 03:08.600","2","00","76 18:22.873","0","0","0","0","36101","0","0","0","N","0","0","0","2","36101","0","","1","01","N","N","0","","0","0","1","3","2","N","1711","0","2","0","0","0","0","0","3","0","2","N","","","","","","","","","","","","03","  ","","",""
"2112","1","0","0","0","0","0","0","0","0","7","0","","36","12","2018","2019000254","7","40.0385","-76.2775","2108","08","0","0","0","0","0","0","0","0","1","0","0","0","21","3","1","02","1","40 02:18.491","4","00","76 16:38.946","2","0","0","0","36220","0","0","0","N","0","0","0","1","36101","0","","5","01","N","N","0","","0","1","0","0","0","Y","2106","1","1","0","1","1","0","0","3","0","1","N","","","","","","","","","","","","03","  ","","",""
"1855","2","0","0","0","0","0","0","0","0","4","0","","36","12","2018","2019000257","2","40.001","-76.4215","1845","08","0","0","0","0","0","0","0","0","","0","0","0","18","3","3","01","0","40 00:03.498","","00","76 25:17.439","3","0","0","0","36223","0","0","0","N","0","0","0","3","36223","2","","1","09","N","N","0","","1","0","1","3","3","","1840","3","3","0","0","0","0","0","1","0","3","N","","","","","","","","","","","","07","  ","","",""
"1102","1","0","0","0","0","0","0","0","0","0","0","","36","12","2018","2019000267","2","","","1053","08","0","0","0","0","0","0","0","0","","0","0","0","10","1","1","00","0","","","00","","3","0","0","0","36238","0","0","0","N","0","0","0","1","36238","0","","1","01","N","N","0","","1","0","0","0","0","","1050","1","1","0","0","0","0","0","3","0","1","N","","","","","","","","","","","","03","  ","","",""
"1814","1","0","0","0","0","0","0","0","0","4","0","","36","12","2018","2019000285","6","40.0231","-76.2772","1807","08","0","0","0","0","0","0","0","0","2","0","0","0","18","2","2","00","2","40 01:23.033","6","00","76 16:37.807","3","0","0","0","36240","0","0","0","N","0","0","0","3","36240","0","","1","09","N","N","0","","2","0","1","0","0","Y","1804","2","2","0","0","0","0","0","1","0","2","N","","","","","","","","","","","","07","05","","",""
"1110","2","0","0","0","0","0","0","0","0","1","0","","36","12","2018","2019000287","1","40.1395","-76.2109","1108","08","0","0","0","0","0","0","0","0","2","0","0","0","11","1","1","00","1","40 08:22.326","1","00","76 12:39.346","3","0","0","0","36238","0","0","0","N","0","0","0","2","36238","0","","1","01","N","N","0","","1","0","0","0","0","N","1106","1","2","0","0","0","0","0","3","0","2","N","","","","","","","","","","","","03","  ","","",""
"0602","1","0","0","0","0","0","0","0","0","1","0","","36","12","2018","2019000381","4","40.1406","-76.5911","0553","08","0","0","0","0","0","0","0","0","","0","0","0","05","3","0","00","0","40 08:26.187","","00","76 35:27.952","0","0","0","0","36237","0","0","0","N","0","0","0","2","36505","0","","1","01","N","N","0","","0","0","0","0","0","","0545","0","2","0","0","0","0","0","1","1","2","N","","","","","","","","","","","","03","  ","","",""
"1838","1","0","0","0","0","0","0","0","0","4","0","","36","12","2018","2019000291","2","40.1444","-76.2101","1823","08","0","0","0","0","0","1","0","0","","0","0","0","18","2","0","01","0","40 08:39.870","","00","76 12:36.188","0","0","0","0","36238","0","0","0","N","0","0","0","2","36238","0","","1","09","N","N","0","","0","0","0","3","3","","1820","0","2","0","0","0","0","0","3","0","2","N","","","","","","","","","","","","07","  ","","",""
"2055","1","0","0","0","0","0","0","0","0","1","0","","36","12","2018","2019000293","3","40.0157","-76.3496","2052","08","0","0","0","0","0","0","0","0","1","0","0","0","20","3","1","01","1","40 00:56.470","3","00","76 20:58.524","8","0","0","0","36412","0","0","0","N","0","0","0","3","36412","0","","1","01","N","N","1","","0","0","0","3","2","N","2045","1","2","0","0","0","1","0","3","0","2","N","","","","","","","","","","","","03","  ","","",""
"0008","0","0","0","0","0","0","0","0","0","7","0","","36","12","2018","2019000389","6","39.98","-76.3108","0001","08","0","0","0","0","1","0","0","0","","0","0","0","23","3","0","00","0","39 58:48.166","","00","76 18:38.798","0","0","0","0","36228","0","0","0","N","0","0","0","2","36503","0","","4","09","N","N","1","","0","0","0","0","0","","2355","0","1","0","0","0","0","0","1","0","1","N","","","","","","","","","","","","03","  ","","",""
"0752","2","0","0","0","0","0","0","0","0","5","0","","36","12","2018","2019000408","2","40.063","-76.3139","0739","08","0","0","0","0","0","0","0","0","","0","0","0","07","1","0","00","0","40 03:46.930","","00","76 18:50.169","0","0","0","0","36101","0","0","0","N","0","0","0","2","36101","0","","1","01","N","N","0","","0","0","0","0","0","","0736","0","2","0","0","0","0","0","3","0","2","N","","","","","","","","","","","","03","  ","","",""
"1800","1","0","0","0","0","0","0","0","0","4","1","","36","12","2018","2019000409","2","40.0397","-76.2835","1755","08","0","0","0","1","0","1","0","0","2","0","1","0","17","3","2","01","2","40 02:23.075","6","00","76 17:00.728","3","0","0","0","36220","0","0","0","N","0","0","0","3","36101","0","","1","09","N","N","0","","2","0","0","3","2","Y","1752","2","2","0","0","0","0","0","3","0","2","N","","","","","","","","","","","","07","  ","","",""
"1350","1","0","0","0","0","0","0","0","0","7","0","","36","12","2018","2019000411","2","40.028","-76.3612","1357","08","0","0","0","0","0","0","0","0","2","0","0","0","13","1","0","01","1","40 01:40.803","3","00","76 21:40.412","0","0","0","0","36223","0","0","0","N","0","0","0","2","36223","0","","4","09","N","N","0","","0","0","0","3","3","N","1350","0","2","0","0","0","0","0","1","0","1","N","","","","","","","","","","","","07","  ","","",""
"1550","1","0","0","0","0","0","0","0","0","4","0","","36","12","2018","2019000438","7","40.0414","-76.2876","1547","08","1","0","0","0","0","0","0","0","","0","0","0","15","1","1","01","0","40 02:29.125","","00","76 17:15.339","4","0","0","0","36301","0","0","0","N","0","0","0","2","36301","1","","1","01","N","N","0","","0","0","1","3","2","","1545","1","2","0","0","0","0","0","3","0","2","N","","","","","","","","","","","","03","  ","","",""
"1240","2","0","0","0","0","0","0","0","0","2","0","","36","12","2018","2019000440","5","40.038","-76.2919","1237","08","0","0","0","0","1","0","0","0","1","0","0","0","12","1","1","00","2","40 02:16.740","5","00","76 17:30.987","3","0","0","0","36301","0","0","0","N","0","0","0","2","36301","0","","1","09","N","N","0","","1","0","0","0","0","Y","1235","1","2","0","0","0","0","0","3","0","2","N","","","","","","","","","","","","07","  ","","",""
"1404","2","0","0","0","0","0","0","0","0","2","0","","36","12","2018","2019000445","6","40.1772","-76.1405","1404","08","0","0","0","0","0","0","1","0","1","0","0","0","14","1","1","03","1","40 10:37.967","2","00","76 08:25.910","3","0","0","0","36218","0","0","0","N","0","0","0","4","36408","0","","1","09","N","N","0","","1","0","0","0","0","N","1404","1","2","0","0","0","0","0","1","0","2","N","","","","","","","","","","","","07","  ","","",""
"1113","2","0","0","0","0","0","0","0","0","4","0","","36","12","2018","2019000487","1","40.0366","-76.3033","1108","08","0","0","0","0","0","1","0","1","2","0","0","0","11","1","1","01","1","40 02:11.783","2","00","76 18:11.766","3","0","0","0","36301","0","0","0","N","0","0","0","3","36301","0","","1","01","N","N","0","","1","0","0","3","2","N","1107","1","2","0","0","1","0","0","3","0","2","N","","","","","","","","","","","","03","  ","","",""