"ARRIVAL_TM","AUTOMOBILE_COUNT","BELTED_DEATH_COUNT","BELTED_SUSP_SERIOUS_INJ_COUNT","BICYCLE_COUNT","BICYCLE_DEATH_COUNT","BICYCLE_SUSP_SERIOUS_INJ_COUNT","BUS_COUNT","CHLDPAS_DEATH_COUNT","CHLDPAS_SUSP_SERIOUS_INJ_COUNT","COLLISION_TYPE","COMM_VEH_COUNT","CONS_ZONE_SPD_LIM","COUNTY","CRASH_MONTH","CRASH_YEAR","CRN","DAY_OF_WEEK","DEC_LAT","DEC_LONG","DISPATCH_TM","DISTRICT","DRIVER_COUNT_16YR","DRIVER_COUNT_17YR","DRIVER_COUNT_18YR","DRIVER_COUNT_19YR","DRIVER_COUNT_20YR","DRIVER_COUNT_50_64YR","DRIVER_COUNT_65_74YR","DRIVER_COUNT_75PLUS","EST_HRS_CLOSED","FATAL_COUNT","HEAVY_TRUCK_COUNT","HORSE_BUGGY_COUNT","HOUR_OF_DAY","ILLUMINATION","INJURY_COUNT","INTERSECT_TYPE","LANE_CLOSED","LATITUDE","LN_CLOSE_DIR","LOCATION_TYPE","LONGITUDE","MAX_SEVERITY_LEVEL","MCYCLE_DEATH_COUNT","MCYCLE_SUSP_SERIOUS_INJ_COUNT","MOTORCYCLE_COUNT","MUNICIPALITY","NONMOTR_COUNT","NONMOTR_DEATH_COUNT","NONMOTR_SUSP_SERIOUS_INJ_COUNT","NTFY_HIWY_MAINT","PED_COUNT","PED_DEATH_COUNT","PED_SUSP_SERIOUS_INJ_COUNT","PERSON_COUNT","POLICE_AGCY","POSSIBLE_INJ_COUNT","RDWY_SURF_TYPE_CD","RELATION_TO_ROAD","ROAD_CONDITION","SCH_BUS_IND","SCH_ZONE_IND","SMALL_TRUCK_COUNT","SPEC_JURIS_CD","SUSP_MINOR_INJ_COUNT","SUSP_SERIOUS_INJ_COUNT","SUV_COUNT","TCD_FUNC_CD","TCD_TYPE","TFC_DETOUR_IND","TIME_OF_DAY","TOT_INJ_COUNT","TOTAL_UNITS","UNB_DEATH_COUNT","UNB_SUSP_SERIOUS_INJ_COUNT","UNBELTED_OCC_COUNT","UNK_INJ_DEG_COUNT","UNK_INJ_PER_COUNT","URBAN_RURAL","VAN_COUNT","VEHICLE_COUNT","WORK_ZONE_IND","WORK_ZONE_LOC","WORK_ZONE_TYPE","WORKERS_PRES","WZ_CLOSE_DETOUR","WZ_FLAGGER","WZ_LAW_OFFCR_IND","WZ_LN_CLOSURE","WZ_MOVING","WZ_OTHER","WZ_SHLDER_MDN","ROADWAY_CLEARED","WEATHER1","WEATHER2","WZ_WORKERS_INJ_KILLED","SECONDARY_CRASH","INTERSECTION_RELATED"
"1244","1","0","0","0","0","0","0","0","0","2","0","","36","12","2018","2019000564","4","40.0346","-75.9731","1226","08","0","0","0","0","0","0","0","0","2","0","0","1","12","1","3","00","2","40 02:04.460","7","00","75 58:23.080","3","0","0","0","36232","3","0","0","N","0","0","0","4","68J01","0","","1","01","N","N","0","","3","0","0","0","0","Y","1224","3","2","0","0","0","0","0","1","0","1","N","","","","","","","","","","","","03","  ","","",""
"0234","1","0","0","0","0","0","0","0","0","0","0","","36","12","2018","2019000569","6","39.9432","-76.0103","0141","08","0","0","0","0","0","1","0","0","3","0","0","0","01","2","0","00","2","39 56:35.630","6","00","76 00:36.970","0","0","0","0","36231","0","0","0","N","0","0","0","1","68J01","0","","1","09","N","N","0","","0","0","0","0","0","Y","0138","0","1","0","0","0","0","0","1","0","1","N","","","","","","","","","","","","07","  ","","",""
"0441","1","0","0","0","0","0","0","0","0","4","0","","36","12","2018","2019000634","7","40.1479","-76.182","0401","08","0","0","0","0","0","0","0","0","3","0","0","0","04","2","0","00","2","40 08:52.430","1","00","76 10:55.332","0","0","0","0","36238","1","0","0","N","0","0","0","2","68J01","0","","2","09","N","N","1","","0","0","0","0","0","Y","0401","0","2","0","0","0","0","0","3","0","2","N","","","","","","","","","","","","05","  ","","",""
"1046","1","0","0","0","0","0","0","0","0","4","0","","36","12","2018","2019000635","7","40.2208","-76.0187","1038","08","0","0","1","0","0","0","0","1","1","0","0","0","10","1","0","02","1","40 13:14.779","3","00","76 01:07.485","0","0","0","0","36202","0","0","0","N","0","0","0","3","68J01","0","","1","01","N","N","0","","0","0","1","3","3","N","1035","0","2","0","0","0","0","0","1","0","2","N","","","","","","","","","","","","03","  ","","",""
"1407","1","0","0","0","0","0","0","0","0","7","0","","36","12","2018","2019000643","1","40.1121","-75.9792","1342","08","0","0","0","0","0","0","1","0","1","0","0","0","13","1","1","00","1","40 06:43.425","3","00","75 58:44.674","8","0","0","0","36203","0","0","0","N","0","0","0","1","68J01","0","","4","01","N","N","0","","0","0","0","0","0","N","1341","1","1","0","0","0","1","0","1","0","1","N","","","","","","","","","","","","03","  ","","",""
"1741","1","0","0","0","0","0","0","0","0","4","0","","36","12","2018","2019000655","2","40.0384","-76.109","1725","08","0","0","0","0","0","0","0","0","2","0","0","0","17","3","0","01","2","40 02:18.347","1","00","76 06:32.465","0","0","0","0","36221","0","0","0","N","0","0","0","2","68J01","0","","1","09","N","N","1","","0","0","0","0","0","N","1718","0","2","0","0","0","0","0","1","0","2","N","","","","","","","","","","","","07","  ","","",""
"2128","1","0","0","0","0","0","0","0","0","7","0","","36","12","2018","2019000658","2","39.912","-76.1703","2108","08","0","0","0","0","0","0","0","0","","0","0","0","21","2","0","00","0","39 54:43.076","","00","76 10:13.243","0","0","0","0","36216","0","0","0","N","0","0","0","1","68J01","0","","4","09","N","N","0","","0","0","0","0","0","","2107","0","1","0","0","0","0","0","1","0","1","N","","","","","","","","","","","","07","  ","","",""
"1740","0","0","0","0","0","0","0","0","0","4","0","","36","12","2018","2019000790","6","40.0606","-76.2768","1732","08","0","0","0","0","0","0","0","1","3","0","0","0","17","3","3","01","2","40 03:38.398","4","02","76 16:37.304","3","0","0","0","36101","0","0","0","N","0","0","0","3","36101","0","","1","09","N","N","0","","3","0","2","3","2","Y","1732","3","2","0","0","0","0","0","3","0","2","N","","","","","","","","","","","","07","  ","","",""
"1230","1","0","0","0","0","0","0","0","0","4","0","","36","12","2018","2019000791","2","40.1133","-76.4512","1228","08","0","0","0","0","0","1","0","0","1","0","0","0","12","1","2","01","1","40 06:47.876","2","00","76 27:04.154","3","0","0","0","36230","0","0","0","N","0","0","0","3","36410","1","","1","01","N","N","1","","1","0","0","3","2","N","1225","2","2","0","0","0","0","0","1","0","2","N","","","","","","","","","","","","03","  ","","",""
"2053","1","0","0","0","0","0","0","0","0","7","0","","36","12","2018","2019000792","6","40.1646","-76.4822","2043","08","0","0","0","0","0","0","0","0","","0","0","0","20","2","0","03","0","40 09:52.381","","00","76 28:55.812","0","0","0","0","36230","0","0","0","N","0","0","0","1","36410","0","","5","09","N","N","0","","0","0","0","0","0","","2042","0","1","0","0","0","0","0","1","0","1","N","","","","","","","","","","","","05","  ","","",""
"1343","1","2","0","0","0","0","0","0","0","2","0","","36","12","2018","2019000878","3","39.8794","-76.1316","1336","08","0","0","0","0","0","1","1","0","3","2","0","0","13","1","2","00","2","39 52:45.663","5","00","76 07:53.983","1","0","0","0","36205","0","0","0","N","0","0","0","4","68J01","0","2","1","01","N","N","1","0","2","0","0","0","0","Y","1334","2","2","0","0","0","0","0","1","0","2","N","","","","","","","","","","","","03","  ","","",""
"1405","1","0","0","0","0","0","0","0","0","4","0","","36","12","2018","2019000952","4","39.9843","-76.0734","1351","08","0","0","0","0","0","0","0","1","2","0","0","0","13","1","1","01","1","39 59:03.297","3","00","76 04:24.374","3","0","0","0","36226","0","0","0","N","0","0","0","2","68J01","0","","1","01","N","N","0","","1","0","0","3","3","N","1349","1","2","0","0","0","0","0","1","1","2","N","","","","","","","","","","","","03","  ","","",""
"1635","1","0","0","0","0","0","0","0","0","4","0","","36","12","2018","2019000954","4","39.9039","-76.2419","1632","08","0","0","0","0","0","0","0","0","2","0","0","0","16","1","1","02","2","39 54:13.976","5","00","76 14:30.883","3","0","0","0","36229","0","0","0","N","0","0","0","3","68J01","0","","1","01","N","N","1","","1","0","0","0","0","Y","1631","1","2","0","0","0","0","0","1","0","2","N","","","","","","","","","","","","03","  ","","",""
"0757","1","0","0","0","0","0","0","0","0","4","0","","36","12","2018","2019000958","5","40.0272","-75.9541","0745","08","0","0","0","0","0","0","1","0","","0","0","0","07","1","0","01","0","40 01:38.006","","00","75 57:14.828","0","0","0","0","36232","0","0","0","N","0","0","0","2","68J01","0","","1","01","N","N","0","","0","0","0","3","3","","0739","0","2","0","0","0","0","0","1","1","2","N","","","","","","","","","","","","03","  ","","",""
"0902","0","0","0","0","0","0","0","0","0","7","0","","36","12","2018","2019000968","6","39.9335","-76.3064","0841","08","0","1","0","0","0","0","0","0","1","0","0","0","08","1","0","00","2","39 56:00.599","5","00","76 18:22.866","0","0","0","0","36224","0","0","0","N","0","0","0","1","68J01","0","","2","09","N","N","1","","0","0","0","0","0","Y","0839","0","1","0","0","0","0","0","1","0","1","N","","","","","","","","","","","","07","  ","","",""
"0229","1","0","0","0","0","0","0","0","0","7","0","","36","12","2018","2019000980","7","39.9197","-76.0628","0213","08","0","0","0","0","0","0","0","0","","0","0","0","02","2","0","00","0","39 55:10.883","","00","76 03:46.177","0","0","0","0","36201","0","0","0","N","0","0","0","1","68J01","0","","4","09","N","N","0","","0","0","0","0","0","","0212","0","1","0","0","0","0","0","1","0","1","N","","","","","","","","","","","","03","  ","","",""
"0400","1","0","2","0","0","0","0","0","0","2","0","","36","12","2018","2019001014","7","40.147","-76.1845","0354","08","0","0","0","0","0","0","0","0","3","0","0","0","03","2","2","00","2","40 08:50.868","1","00","76 10:59.830","2","0","0","0","36238","0","0","0","Y","0","0","0","2","36238","0","","1","98","N","N","1","","0","2","0","0","0","Y","0349","2","2","0","0","0","0","0","3","0","2","N","","","","","","","","","","","","05","  ","","",""
"2214","2","0","0","0","0","0","0","0","0","2","0","","36","12","2018","2019001021","4","40.1312","-76.5638","2210","08","0","0","1","1","0","0","0","0","3","0","0","0","22","3","2","01","1","40 07:52.441","4","00","76 33:49.538","3","0","0","0","36225","0","0","0","N","0","0","0","2","36505","0","","1","01","","","0","","2","0","0","3","2","Y","2210","2","2","0","0","1","0","0","2","0","2","N","","","","","","","","","","","","03","  ","","",""
"1521","0","0","0","0","0","0","0","0","0","7","0","","36","12","2018","2019001048","1","40.0201","-76.4684","1508","08","0","0","0","0","0","0","0","0","","0","0","0","15","1","0","00","0","40 01:12.223","","00","76 28:06.153","0","0","0","0","36223","0","0","0","N","0","0","0","1","36223","0","","2","01","N","N","1","","0","0","0","0","0","","1505","0","1","0","0","0","0","0","1","0","1","N","","","","","","","","","","","","03","  ","","",""
"1729","1","0","0","0","0","0","0","0","0","2","0","","36","12","2018","2019001124","7","40.0947","-76.1555","1720","08","0","0","0","0","0","0","1","0","","0","0","0","17","2","1","00","0","40 05:41.000","","00","76 09:19.700","4","0","0","0","36238","0","0","0","N","0","0","0","1","36238","1","","6","01","N","N","1","","0","0","0","0","0","","1718","1","2","0","0","0","0","0","3","0","2","N","","","","","","","","","","","","03","  ","","",""
"1654","1","0","0","0","0","0","0","0","0","4","0","","36","12","2018","2019001143","6","39.7739","-76.0739","1641","08","0","0","0","0","1","0","0","0","","0","0","0","16","4","0","01","0","39 46:25.869","","00","76 04:26.053","0","0","0","0","36222","0","0","0","N","0","0","0","4","68J01","0","","1","01","N","N","0","","0","0","0","3","3","","1639","0","2","0","0","0","0","0","1","1","2","N","","","","","","","","","","","","03","  ","","",""
"0244","0","0","0","0","0","0","0","0","0","7","0","","36","12","2018","2019001147","5","40.2202","-76.0624","0211","08","0","0","0","0","0","0","0","0","","0","0","0","02","2","0","00","0","40 13:12.822","","00","76 03:44.703","0","0","0","0","36202","0","0","0","N","0","0","0","1","68J01","0","","4","01","N","N","0","","0","0","1","0","0","","0200","0","1","0","0","0","0","0","1","0","1","N","","","","","","","","","","","","03","  ","","",""
"2213","1","0","0","0","0","0","0","0","0","7","0","","36","12","2018","2019001149","6","39.8778","-76.2134","2154","08","0","0","0","0","0","0","0","0","2","0","0","0","21","2","0","00","1","39 52:40.125","3","00","76 12:48.347","0","0","0","0","36212","0","0","0","N","0","0","0","1","68J01","0","","2","09","N","N","0","","0","0","0","0","0","N","2148","0","1","0","0","1","0","0","1","0","1","N","","","","","","","","","","","","07","  ","","",""
"1140","1","0","0","0","0","0","0","0","0","7","0","","36","12","2018","2019001153","1","40.0419","-75.9894","1113","08","0","0","0","0","0","0","0","0","","0","0","0","11","1","1","00","0","40 02:30.660","","00","75 59:21.810","3","0","0","0","36232","0","0","0","N","0","0","0","2","68J01","0","","4","09","N","N","0","","1","0","0","0","0","","1106","1","1","0","0","1","0","0","1","0","1","N","","","","","","","","","","","","07","  ","","",""
"1818","0","0","0","0","0","0","0","0","0","1","0","","36","12","2018","2019001159","5","40.2309","-76.3157","1730","08","0","0","0","0","0","2","0","0","","0","0","0","17","2","0","00","0","40 13:51.398","","00","76 18:56.587","0","0","0","0","36217","0","0","0","N","0","0","0","4","68J01","0","","1","09","N","N","1","","0","0","1","0","0","","1724","0","2","0","0","0","0","0","1","0","2","N","","","","","","","","","","","","07","  ","","",""
"0048","0","0","0","0","0","0","0","0","0","7","0","","36","12","2018","2019001162","1","39.9154","-76.2089","0048","08","0","0","0","0","0","0","0","0","","0","0","0","00","2","0","00","0","39 54:55.514","","00","76 12:32.113","0","0","0","0","36229","0","0","0","N","0","0","0","1","68J01","0","","2","01","N","N","0","","0","0","1","0","0","","0048","0","1","0","0","0","0","0","1","0","1","N","","","","","","","","","","","","03","  ","","",""
"0710","0","0","0","0","0","0","0","0","0","7","0","","36","12","2018","2019001171","2","39.8887","-76.1383","0650","08","0","0","0","0","0","0","0","0","","0","0","0","06","5","0","00","0","39 53:19.308","","00","76 08:17.719","0","0","0","0","36216","0","0","0","N","0","0","0","1","68J01","0","","4","09","N","N","0","","0","0","1","0","0","","0649","0","1","0","0","0","0","0","1","0","1","N","","","","","","","","","","","","07","  ","","",""
"1439","1","0","0","0","0","0","0","0","0","6","1","","36","12","2018","2019001177","5","39.8715","-76.2395","1434","08","0","0","0","0","0","0","0","0","2","0","1","0","14","1","1","00","1","39 52:17.486","3","00","76 14:22.265","8","0","0","0","36208","0","0","0","N","0","0","0","2","68J01","0","","1","01","N","N","0","","0","0","0","0","0","N","1431","1","2","0","0","0","1","0","1","0","2","N","","","","","","","","","","","","03","  ","","",""
"1815","0","0","0","0","0","0","0","0","0","7","0","","36","12","2018","2019001181","6","39.9145","-76.0432","1752","08","0","0","0","0","0","0","0","0","3","0","0","0","17","2","1","00","2","39 54:52.331","6","00","76 02:35.616","8","0","0","0","36201","0","0","0","N","0","0","0","2","68J01","0","","4","09","N","N","1","","0","0","0","0","0","Y","1750","1","1","0","0","1","1","0","1","0","1","N","","","","","","","","","","","","07","05","","",""
"1304","1","0","0","0","0","0","0","0","0","4","0","","36","12","2018","2019001208","1","40.1239","-76.2139","1259","08","0","0","0","0","0","0","0","1","2","0","0","0","12","1","1","00","2","40 07:26.071","5","07","76 12:50.091","4","0","0","0","36238","0","0","0","N","0","0","0","2","36238","1","","1","01","N","N","1","","0","0","0","0","0","Y","1256","1","2","0","0","0","0","0","3","0","2","N","","","","","","","","","","","","03","  ","","",""
"1611","1","0","0","0","0","0","0","0","0","1","1","","36","12","2018","2019001274","6","40.0634","-76.3403","1549","08","0","0","0","0","0","0","0","0","","0","0","0","15","1","0","00","0","40 03:48.335","","00","76 20:24.938","0","0","0","0","36101","0","0","0","N","0","0","0","2","36101","0","","1","09","N","N","1","","0","0","0","0","0","","1546","0","2","0","0","0","0","0","3","0","2","N","","","","","","","","","","","","07","  ","","",""
"0151","2","0","0","0","0","0","0","0","0","7","0","","36","12","2018","2019001276","4","40.0331","-76.2452","0149","08","0","0","0","0","1","0","0","0","","0","0","0","01","3","2","02","0","40 01:59.084","","00","76 14:42.829","3","0","0","0","36215","0","0","0","N","0","0","0","2","36215","0","","4","01","N","N","0","","2","0","0","3","2","","0147","2","2","0","0","0","0","0","1","0","2","N","","","","","","","","","","","","03","  ","","",""
"1008","1","0","0","0","0","0","0","0","0","7","0","","36","12","2018","2019001278","4","40.02","-76.2382","1003","08","0","0","0","0","0","0","0","0","2","0","0","0","10","1","1","01","2","40 01:11.798","2","00","76 14:17.283","8","0","0","0","36215","0","0","0","N","0","0","0","1","36215","0","","4","01","N","Y","0","","0","0","0","3","2","Y","1003","1","1","0","0","1","1","0","1","0","1","N","","","","","","","","","","","","03","  ","","",""
"0705","1","0","0","0","0","0","0","0","0","7","0","","36","12","2018","2019001279","5","40.005","-76.2006","0650","08","0","0","0","0","1","0","0","0","","0","0","0","06","5","0","00","0","40 00:18.040","","00","76 12:02.210","0","0","0","0","36215","0","0","0","N","0","0","0","1","36215","0","","4","01","N","N","0","","0","0","0","0","0","","0650","0","1","0","0","0","0","0","1","0","1","N","","","","","","","","","","","","03","  ","","",""
"1744","1","0","0","0","0","0","0","0","0","1","0","","36","12","2018","2019001280","6","40.0177","-76.1685","1731","08","0","0","0","0","0","0","0","0","2","0","0","0","17","2","0","00","2","40 01:03.599","3","00","76 10:06.844","0","0","0","0","36215","0","0","0","N","0","0","0","2","36215","0","","1","09","N","N","0","","0","0","1","0","0","N","1720","0","2","0","0","0","0","0","1","0","2","N","","","","","","","","","","","","07","  ","","",""
"1224","1","0","0","0","0","0","0","0","0","4","0","","36","12","2018","2019001281","1","40.0231","-76.1961","1220","08","0","0","0","0","0","0","1","1","1","0","0","0","12","1","1","00","1","40 01:23.110","3","07","76 11:46.014","3","0","0","0","36215","0","0","0","N","0","0","0","7","36215","0","","1","09","N","N","0","","1","0","1","3","3","N","1218","1","2","0","0","3","0","0","1","0","2","N","","","","","","","","","","","","07","  ","","",""
"0725","1","0","0","0","0","0","0","0","0","4","0","","36","12","2018","2019001282","2","40.0398","-76.2621","0717","08","0","0","0","0","0","1","0","0","2","0","0","0","07","1","0","00","1","40 02:23.330","6","07","76 15:43.488","0","0","0","0","36301","0","0","0","N","0","0","0","2","36215","0","","1","09","N","N","0","","0","0","0","3","3","N","0715","0","2","0","0","0","0","0","3","1","2","N","","","","","","","","","","","","03","  ","","",""
"1107","0","0","0","0","0","0","0","0","0","4","0","","36","12","2018","2019001283","4","40.0302","-76.2324","1103","08","0","0","0","0","0","1","1","0","1","0","0","0","11","1","0","00","1","40 01:48.808","4","07","76 13:56.804","0","0","0","0","36215","0","0","0","N","0","0","0","2","36215","0","","1","01","N","N","0","","0","0","2","0","0","N","1101","0","2","0","0","0","0","0","1","0","2","N","","","","","","","","","","","","03","  ","","",""
"1810","1","0","0","0","0","0","0","0","0","2","0","","36","12","2018","2019001284","4","40.0924","-76.1539","1755","08","0","0","0","0","0","0","0","1","3","0","0","0","17","2","2","00","2","40 05:32.727","6","00","76 09:13.984","8","0","0","0","36234","0","0","0","N","0","0","0","2","36215","0","","1","01","N","N","0","","0","0","1","0","0","Y","1753","2","2","0","0","0","2","0","1","0","2","N","","","","","","","","","","","","03","  ","","",""
"1533","0","0","0","0","0","0","0","0","0","1","0","","36","12","2018","2019001285","5","40.0576","-76.2725","1507","08","0","0","1","0","0","1","0","0","","0","0","0","15","1","1","00","0","40 03:27.317","","00","76 16:21.102","4","0","0","0","36215","0","0","0","N","0","0","0","2","36215","1","","1","09","N","N","1","","0","0","1","0","0","","1503","1","2","0","0","0","0","0","1","0","2","N","","","","","","","","","","","","07","  ","","",""
"1635","1","0","0","0","0","0","0","0","0","1","0","","36","12","2018","2019001286","5","40.0471","-76.25","1621","08","0","0","0","0","0","0","0","0","","0","0","0","16","3","1","00","0","40 02:49.651","","00","76 15:00.024","4","0","0","0","36215","0","0","0","N","0","0","0","3","36215","1","","1","09","N","N","0","","0","0","1","0","0","","1617","1","2","0","0","0","0","0","1","0","2","N","","","","","","","","","","","","07","  ","","",""
"0754","0","0","0","0","0","0","0","0","0","4","1","","36","12","2018","2019001287","6","40.0877","-76.1868","0734","08","1","0","0","0","0","0","1","0","","0","1","0","07","5","0","02","0","40 05:15.847","","00","76 11:12.344","0","0","0","0","36234","0","0","0","N","0","0","0","2","36215","0","","1","09","N","N","0","","0","0","1","3","3","","0734","0","2","0","0","0","0","0","1","0","2","N","","","","","","","","","","","","07","  ","","",""
"1440","1","0","0","0","0","0","0","0","0","1","0","","36","12","2018","2019001288","6","40.0317","-76.1965","1434","08","0","0","1","0","0","0","1","0","2","0","0","0","14","1","2","00","2","40 01:54.104","1","00","76 11:47.226","4","0","0","0","36215","0","0","0","N","0","0","0","3","36215","2","","1","01","N","N","0","","0","0","1","0","0","N","1432","2","2","0","0","0","0","0","1","0","2","N","","","","","","","","","","","","03","  ","","",""
"1729","3","0","0","0","0","0","0","0","0","1","1","","36","12","2018","2019001289","6","40.039","-76.2449","1721","08","0","0","0","0","0","1","0","0","3","0","1","0","17","3","1","00","2","40 02:20.368","4","00","76 14:41.487","3","0","0","0","36215","0","0","0","N","0","0","0","11","36215","0","","1","09","N","N","0","","1","0","0","0","0","Y","1721","1","5","0","0","0","0","1","1","0","5","N","","","","","","","","","","","","03","  ","","",""
"1931","4","0","0","0","0","0","0","0","0","1","0","","36","12","2018","2019001290","6","40.0171","-76.1656","1922","08","0","0","0","0","1","0","0","0","2","0","0","0","19","3","0","00","1","40 01:01.474","3","00","76 09:56.242","0","0","0","0","36215","0","0","0","N","0","0","0","4","36215","0","","1","09","N","N","0","","0","0","0","0","0","N","1912","0","4","0","0","0","0","0","1","0","4","N","","","","","","","","","","","","07","  ","","",""
"0833","1","0","0","0","0","0","0","0","0","4","0","","36","12","2018","2019001291","2","40.0331","-76.2452","0826","08","0","1","0","0","0","0","1","0","2","0","0","0","08","1","0","02","1","40 01:59.084","3","00","76 14:42.829","0","0","0","0","36215","0","0","0","N","0","0","0","3","36215","0","","1","01","N","N","0","","0","0","1","3","2","N","0824","0","2","0","0","0","0","0","1","0","2","N","","","","","","","","","","","","03","  ","","",""
"1207","1","0","0","0","0","0","0","0","0","4","0","","36","12","2018","2019001292","2","40.0332","-76.2462","1201","08","0","0","0","0","0","0","1","0","2","0","0","0","11","1","1","00","2","40 01:59.678","3","00","76 14:46.194","8","0","0","0","36215","0","0","0","N","0","0","0","3","36215","0","","1","01","N","N","0","","0","0","1","0","0","N","1157","1","2","0","0","0","1","0","1","0","2","N","","","","","","","","","","","","03","  ","","",""
"1106","1","0","0","0","0","0","0","0","0","7","0","","36","12","2018","2019001293","4","40.1007","-76.2252","1103","08","1","0","0","0","0","0","0","0","1","0","0","0","11","1","1","00","2","40 06:02.487","6","00","76 13:30.543","4","0","0","0","36234","0","0","0","N","0","0","0","1","36215","1","","2","01","N","N","0","","0","0","0","0","0","N","1100","1","1","0","0","0","0","0","1","0","1","N","","","","","","","","","","","","03","  ","","",""
"1215","1","0","0","0","0","0","0","0","0","1","0","","36","12","2018","2019001294","6","40.0402","-76.2391","1214","08","0","0","0","0","0","0","1","0","","0","0","0","12","1","0","01","0","40 02:24.730","","00","76 14:20.844","0","0","0","0","36215","0","0","0","N","0","0","0","2","36215","0","","1","09","N","N","0","","0","0","1","3","2","","1210","0","2","0","0","0","0","0","1","0","2","N","","","","","","","","","","","","07","  ","","",""
"2204","1","0","0","0","0","0","0","0","0","4","0","","36","12","2018","2019001295","1","40.031","-76.2354","2159","08","0","0","0","0","0","0","0","0","2","0","0","0","21","3","0","01","2","40 01:50.356","4","00","76 14:03.582","0","0","0","0","36215","0","0","0","N","0","0","0","4","36215","0","","1","01","N","N","0","","0","0","1","3","2","Y","2159","0","2","0","0","0","0","0","1","0","2","N","","","","","","","","","","","","03","  ","","",""
"0010","1","0","0","0","0","0","0","0","0","7","0","","36","12","2018","2019001335","2","40.2825","-76.1518","0007","08","0","0","0","1","0","0","0","0","2","0","0","0","00","2","0","00","1","40 16:56.775","3","00","76 09:06.278","0","0","0","0","36236","0","0","0","N","0","0","0","1","36408","0","","4","02","N","N","0","","0","0","0","0","0","N","0006","0","1","0","0","0","0","0","1","0","1","N","","","","","","","","","","","","03","  ","","",""
"0812","1","0","0","0","0","0","0","0","0","1","0","","36","12","2018","2019001463","3","40.0895","-76.2648","0759","08","0","1","0","0","0","1","0","0","","0","0","0","07","1","1","00","0","40 05:22.188","","00","76 15:53.427","4","0","0","0","36101","0","0","0","N","0","0","0","3","36101","1","","1","01","N","N","0","","0","0","1","0","0","","0757","1","2","0","0","0","0","0","3","0","2","N","","","","","","","","","","","","03","  ","","",""
"1815","3","0","0","0","0","0","0","0","0","4","0","","36","12","2018","2019001464","3","40.0685","-76.3074","1810","08","0","0","0","0","0","1","0","0","2","0","0","0","17","3","0","01","1","40 04:06.527","1","00","76 18:26.750","0","0","0","0","36101","0","0","0","N","0","0","0","4","36101","0","","1","01","N","N","0","","0","0","0","3","2","N","1751","0","3","0","0","0","0","0","3","0","3","N","","","","","","","","","","","","03","  ","","",""
"0233","4","0","0","0","0","0","0","0","0","4","0","","36","12","2018","2019001465","7","40.0336","-76.3246","0229","08","0","0","0","0","0","0","0","0","3","0","0","0","02","3","0","00","2","40 02:00.860","2","00","76 19:28.580","0","0","0","0","36220","0","0","0","N","0","0","0","1","36101","0","","1","09","N","N","0","","0","0","0","0","0","Y","0228","0","4","0","0","0","0","0","3","0","4","N","","","","","","","","","","","","05","  ","","",""
"2334","1","0","1","0","0","0","0","0","0","7","0","","36","12","2018","2019001466","1","40.0852","-76.3725","2331","08","0","0","0","0","0","0","0","0","2","0","0","0","23","2","1","00","2","40 05:06.614","4","00","76 22:20.947","2","0","0","0","36214","0","0","0","N","0","0","0","1","36214","0","","5","01","N","N","0","","0","1","0","0","0","N","2329","1","1","0","0","0","0","0","3","0","1","N","","","","","","","","","","","","03","  ","","",""
"1010","1","0","0","0","0","0","0","0","0","1","0","","36","12","2018","2019001469","2","40.1559","-76.1316","1002","08","0","0","0","0","0","1","0","1","2","0","0","0","10","1","0","00","2","40 09:21.155","3","07","76 07:53.582","0","0","0","0","36209","0","0","0","N","0","0","0","3","36415","0","","1","01","N","N","0","","0","0","1","0","0","N","1000","0","2","0","0","0","0","0","1","0","2","N","","","","","","","","","","","","03","  ","","",""
"2359","0","0","0","0","0","0","0","0","0","7","0","","36","12","2018","2019001470","2","40.1466","-76.1189","2354","08","0","0","0","0","0","0","0","0","2","0","0","0","23","3","0","00","1","40 08:47.664","6","00","76 07:08.101","0","0","0","0","36209","0","0","0","N","0","0","0","1","36415","0","","5","01","N","N","1","","0","0","0","0","0","N","2351","0","1","0","0","0","0","0","1","0","1","N","","","","","","","","","","","","03","  ","","",""
"0149","1","0","0","0","0","0","0","0","0","7","0","","36","12","2018","2019001471","5","40.0677","-76.0702","0132","08","0","0","0","0","0","0","0","0","","0","0","0","01","3","1","00","0","40 04:03.726","","00","76 04:12.472","3","0","0","0","36209","0","0","0","N","0","0","0","1","36415","0","","5","01","N","N","0","","1","0","0","0","0","","0132","1","1","0","0","0","0","0","1","0","1","N","","","","","","","","","","","","03","  ","","",""
"2040","1","0","0","0","0","0","0","0","0","7","0","","36","12","2018","2019001472","1","40.155","-76.1013","2035","08","0","0","0","1","0","0","0","0","","0","0","0","20","2","1","00","0","40 09:17.844","","00","76 06:04.674","3","0","0","0","36209","0","0","0","N","0","0","0","1","36415","0","","5","01","N","N","0","","1","0","0","3","8","","2034","1","1","0","0","0","0","0","1","0","1","N","","","","","","","","","","","","03","  ","","",""
"2239","1","0","0","0","0","0","0","0","0","1","0","","36","12","2018","2019001479","1","40.1712","-76.5922","2235","08","0","0","0","0","0","0","0","0","","0","0","0","22","2","0","00","0","40 10:16.338","","00","76 35:31.925","0","0","0","0","36225","0","0","0","N","0","0","0","2","36505","0","","1","09","","","1","","0","0","0","0","0","","2235","0","2","0","0","0","0","0","2","0","2","N","","","","","","","","","","","","03","  ","","",""