"ARRIVAL_TM","AUTOMOBILE_COUNT","BELTED_DEATH_COUNT","BELTED_SUSP_SERIOUS_INJ_COUNT","BICYCLE_COUNT","BICYCLE_DEATH_COUNT","BICYCLE_SUSP_SERIOUS_INJ_COUNT","BUS_COUNT","CHLDPAS_DEATH_COUNT","CHLDPAS_SUSP_SERIOUS_INJ_COUNT","COLLISION_TYPE","COMM_VEH_COUNT","CONS_ZONE_SPD_LIM","COUNTY","CRASH_MONTH","CRASH_YEAR","CRN","DAY_OF_WEEK","DEC_LAT","DEC_LONG","DISPATCH_TM","DISTRICT","DRIVER_COUNT_16YR","DRIVER_COUNT_17YR","DRIVER_COUNT_18YR","DRIVER_COUNT_19YR","DRIVER_COUNT_20YR","DRIVER_COUNT_50_64YR","DRIVER_COUNT_65_74YR","DRIVER_COUNT_75PLUS","EST_HRS_CLOSED","FATAL_COUNT","HEAVY_TRUCK_COUNT","HORSE_BUGGY_COUNT","HOUR_OF_DAY","ILLUMINATION","INJURY_COUNT","INTERSECT_TYPE","LANE_CLOSED","LATITUDE","LN_CLOSE_DIR","LOCATION_TYPE","LONGITUDE","MAX_SEVERITY_LEVEL","MCYCLE_DEATH_COUNT","MCYCLE_SUSP_SERIOUS_INJ_COUNT","MOTORCYCLE_COUNT","MUNICIPALITY","NONMOTR_COUNT","NONMOTR_DEATH_COUNT","NONMOTR_SUSP_SERIOUS_INJ_COUNT","NTFY_HIWY_MAINT","PED_COUNT","PED_DEATH_COUNT","PED_SUSP_SERIOUS_INJ_COUNT","PERSON_COUNT","POLICE_AGCY","POSSIBLE_INJ_COUNT","RDWY_SURF_TYPE_CD","RELATION_TO_ROAD","ROAD_CONDITION","SCH_BUS_IND","SCH_ZONE_IND","SMALL_TRUCK_COUNT","SPEC_JURIS_CD","SUSP_MINOR_INJ_COUNT","SUSP_SERIOUS_INJ_COUNT","SUV_COUNT","TCD_FUNC_CD","TCD_TYPE","TFC_DETOUR_IND","TIME_OF_DAY","TOT_INJ_COUNT","TOTAL_UNITS","UNB_DEATH_COUNT","UNB_SUSP_SERIOUS_INJ_COUNT","UNBELTED_OCC_COUNT","UNK_INJ_DEG_COUNT","UNK_INJ_PER_COUNT","URBAN_RURAL","VAN_COUNT","VEHICLE_COUNT","WORK_ZONE_IND","WORK_ZONE_LOC","WORK_ZONE_TYPE","WORKERS_PRES","WZ_CLOSE_DETOUR","WZ_FLAGGER","WZ_LAW_OFFCR_IND","WZ_LN_CLOSURE","WZ_MOVING","WZ_OTHER","WZ_SHLDER_MDN","ROADWAY_CLEARED","WEATHER1","WEATHER2","WZ_WORKERS_INJ_KILLED","SECONDARY_CRASH","INTERSECTION_RELATED"
"0648","2","0","0","0","0","0","0","0","0","4","0","","36","11","2018","2019001481","1","40.0512","-76.3062","0646","08","0","0","0","0","0","0","0","0","2","0","0","0","06","5","2","01","2","40 03:04.433","7","00","76 18:22.148","3","0","0","0","36301","0","0","0","N","0","0","0","2","36301","1","","1","01","N","N","0","","1","0","0","3","3","Y","0644","2","2","0","0","0","0","0","3","0","2","N","","","","","","","","","","","","03","  ","","",""
"1554","1","0","0","0","0","0","0","0","0","7","0","","36","12","2018","2019001496","2","40.2156","-76.0929","1545","08","0","0","1","0","0","0","0","0","","0","0","0","15","1","0","00","0","40 12:56.092","","00","76 05:34.525","0","0","0","0","36210","0","0","0","Y","0","0","0","2","36210","0","","5","09","N","N","0","","0","0","0","0","0","","1544","0","1","0","0","0","0","0","1","0","1","N","","","","","","","","","","","","07","  ","","",""
"0709","0","0","0","0","0","0","0","0","0","0","1","","36","12","2018","2019001647","6","39.9053","-76.134","0644","08","0","0","0","0","0","0","0","1","3","0","1","0","06","2","0","02","1","39 54:19.134","3","00","76 08:02.230","0","0","0","0","36216","0","0","0","N","0","0","0","1","68J01","0","","2","09","N","N","0","","0","0","0","0","0","N","0618","0","1","0","0","0","0","0","1","0","1","N","","","","","","","","","","","","07","  ","","",""
"1350","2","0","0","0","0","0","0","0","0","1","0","","36","12","2018","2019001737","6","40.0681","-76.3001","1325","08","1","0","1","0","0","0","0","0","","0","0","0","13","1","0","00","0","40 04:05.289","","00","76 18:00.393","0","0","0","0","36101","0","0","0","N","0","0","0","5","36101","0","","1","09","N","N","0","","0","0","0","0","0","","1324","0","2","0","0","0","0","0","3","0","2","N","","","","","","","","","","","","07","  ","","",""
"1619","0","0","0","0","0","0","0","0","0","5","0","","36","12","2018","2019001791","1","40.0516","-76.3975","1615","08","0","0","0","0","0","0","0","0","2","0","0","0","16","1","2","00","1","40 03:05.769","3","00","76 23:50.840","3","0","0","0","36214","0","0","0","N","0","0","0","4","36214","0","","1","01","N","N","1","","2","0","1","0","0","N","1613","2","2","0","0","0","0","0","3","0","2","N","","","","","","","","","","","","03","  ","","",""
"1912","1","0","0","0","0","0","0","0","0","1","1","","36","12","2018","2019001921","5","40.0626","-76.3422","1805","08","0","0","0","0","0","1","0","0","3","0","1","0","17","3","1","00","1","40 03:45.471","4","00","76 20:31.963","4","0","0","0","36101","0","0","0","N","0","0","0","3","36101","1","","1","09","N","N","0","","0","0","1","0","0","N","1757","1","3","0","0","0","0","0","3","0","3","N","","","","","","","","","","","","07","  ","","",""
"1101","2","0","0","0","0","0","0","0","0","4","0","","36","12","2018","2019001922","5","40.0936","-76.3506","1059","08","0","0","0","0","0","1","0","0","1","0","0","0","10","1","1","01","1","40 05:36.817","2","00","76 21:02.132","4","0","0","0","36406","0","0","0","N","0","0","0","3","36101","1","","1","01","N","N","0","","0","0","0","3","2","N","1056","1","2","0","0","0","0","0","3","0","2","N","","","","","","","","","","","","03","  ","","",""
"1409","0","0","1","0","0","0","0","0","0","1","0","","36","12","2018","2019001923","5","40.0708","-76.2874","1405","08","0","0","0","0","0","1","2","0","3","0","0","0","14","1","3","00","1","40 04:14.996","2","00","76 17:14.751","2","0","0","0","36101","0","0","0","N","0","0","0","7","36101","1","","1","01","N","N","0","","1","1","4","0","0","N","1403","3","4","0","0","0","0","0","3","0","4","N","","","","","","","","","","","","03","  ","","",""
"1401","2","0","0","0","0","0","0","0","0","4","0","","36","12","2018","2019002059","2","40.0601","-76.3201","1359","08","0","0","0","0","0","2","0","0","2","0","0","0","13","1","1","00","1","40 03:36.432","1","00","76 19:12.449","3","0","0","0","36101","0","0","0","N","0","0","0","2","36101","0","","1","09","N","N","0","","1","0","0","0","0","Y","1355","1","2","0","0","0","0","0","3","0","2","N","","","","","","","","","","","","07","  ","","",""
"0008","1","0","0","0","0","0","0","0","0","7","0","","36","12","2018","2019002064","2","40.0412","-76.383","2351","08","0","0","0","0","0","0","0","0","3","0","0","0","23","3","1","00","2","40 02:28.320","6","00","76 22:58.923","2","0","0","0","36214","0","0","0","N","0","0","0","1","36214","0","","5","09","N","N","0","","0","1","0","0","0","Y","2350","1","1","0","1","1","0","0","3","0","1","N","","","","","","","","","","","","07","  ","","",""
"1948","0","0","0","0","0","0","0","0","0","7","0","","36","09","2018","2019002083","5","40.0845","-76.5174","1945","08","0","0","0","0","0","0","1","0","3","0","0","0","19","2","1","00","2","40 05:04.163","5","00","76 31:02.520","2","0","0","0","36211","0","0","0","N","0","0","0","1","36504","0","","2","01","N","N","1","","0","1","0","0","0","Y","1945","1","1","0","0","0","0","0","1","0","1","N","","","","","","","","","","","","03","  ","","",""
"1042","2","0","0","0","0","0","0","0","0","1","0","","36","12","2018","2019002214","2","40.1628","-76.1499","1031","08","0","0","0","0","0","0","1","0","","0","0","0","10","1","0","01","0","40 09:46.140","","02","76 08:59.472","0","0","0","0","36218","0","0","0","N","0","0","0","3","36238","0","","1","01","N","N","1","","0","0","0","3","2","","1015","0","3","0","0","0","0","0","1","0","3","N","","","","","","","","","","","","03","  ","","",""
"0935","2","0","0","0","0","0","0","0","0","4","0","","36","12","2018","2019002218","5","40.0518","-76.2897","0932","08","0","0","0","0","0","0","0","0","1","0","0","0","09","1","0","00","1","40 03:06.322","1","07","76 17:22.776","0","0","0","0","36301","0","0","0","N","0","0","0","3","36301","0","","1","01","N","N","0","","0","0","0","3","3","N","0932","0","2","0","0","0","0","0","3","0","2","N","","","","","","","","","","","","03","  ","","",""
"0355","3","0","0","0","0","0","0","0","0","1","0","","36","12","2018","2019002319","5","40.038","-76.3202","0345","08","0","0","0","0","0","0","0","0","1","0","0","0","03","3","0","00","1","40 02:16.752","4","00","76 19:12.801","0","0","0","0","36301","0","0","0","N","0","0","0","1","36301","0","","2","01","N","N","0","","0","0","0","0","0","Y","0345","0","3","0","0","0","0","0","3","0","3","N","","","","","","","","","","","","03","  ","","",""
"2137","1","0","0","0","0","0","0","0","0","7","0","","36","12","2018","2019002569","2","40.2273","-76.1125","2114","08","0","0","0","0","0","0","0","0","2","0","0","0","21","2","0","00","1","40 13:38.208","3","00","76 06:44.837","0","0","0","0","36210","0","0","0","N","0","0","0","1","68T06","0","","3","08","N","N","0","","0","0","0","0","0","N","2114","0","1","0","0","0","0","0","1","0","1","N","","","","","","","","","","","","07","  ","","",""
"1808","1","0","0","0","0","0","0","0","0","4","0","","36","12","2018","2019002633","6","40.0776","-76.2587","1754","08","0","0","0","0","0","1","0","0","2","0","0","0","17","2","0","02","2","40 04:39.294","4","00","76 15:31.416","0","0","0","0","36215","0","0","0","N","0","0","0","2","36215","0","","1","09","N","N","0","","0","0","1","3","3","N","1722","0","2","0","0","0","0","0","1","0","2","N","","","","","","","","","","","","07","  ","","",""
"1437","1","0","0","0","0","0","0","0","0","4","0","","36","12","2018","2019002634","2","40.0386","-76.1816","1431","08","0","0","0","0","0","0","0","0","2","0","0","0","14","1","0","02","1","40 02:19.043","3","00","76 10:53.868","0","0","0","0","36215","0","0","0","N","0","0","0","2","36215","0","","1","09","N","N","0","","0","0","1","0","0","N","1430","0","2","0","0","0","0","0","1","0","2","N","","","","","","","","","","","","07","  ","","",""
"0545","0","0","0","0","0","0","0","0","0","7","0","","36","12","2018","2019002661","7","40.2183","-76.1506","0535","08","0","0","0","0","0","0","0","0","2","0","0","0","05","2","1","00","2","40 13:05.900","5","00","76 09:02.100","3","0","0","0","36236","0","0","0","N","0","0","0","1","36408","0","","2","09","N","N","1","","1","0","0","0","0","Y","0530","1","1","0","0","1","0","0","1","0","1","N","","","","","","","","","","","","07","  ","","",""
"1728","0","0","0","1","0","0","0","0","0","5","0","","36","01","2018","2019002816","1","40.1038","-76.0859","1726","08","0","0","0","0","0","0","0","0","1","0","0","0","17","3","1","00","1","40 06:13.662","3","00","76 05:09.137","3","0","0","0","36415","1","0","0","N","0","0","0","2","36415","0","","1","09","N","N","0","","1","0","1","0","0","N","1726","1","2","0","0","0","0","0","1","0","1","N","","","","","","","","","","","","03","  ","","",""
"1845","1","0","0","0","0","0","0","0","0","7","0","","36","12","2018","2019003257","6","40.2448","-76.1151","1841","08","0","0","0","1","0","0","0","0","","0","0","0","18","3","0","00","0","40 14:41.215","","00","76 06:54.310","0","0","0","0","36210","0","0","0","N","0","0","0","1","36210","0","","4","09","N","N","0","","0","0","0","0","0","","1839","0","1","0","0","0","0","0","1","0","1","N","","","","","","","","","","","","07","  ","","",""
"0529","1","0","0","0","0","0","0","0","0","4","0","","36","12","2018","2019003347","4","40.1399","-76.3827","0521","08","0","0","0","0","0","2","0","0","","0","0","0","05","3","0","01","0","40 08:23.771","","00","76 22:57.704","0","0","0","0","36227","0","0","0","N","0","0","0","2","36506","0","","1","01","N","N","0","","0","0","0","3","2","","0521","0","2","0","0","0","0","0","1","1","2","N","","","","","","","","","","","","03","  ","","",""
"1124","1","0","0","0","0","0","0","0","0","7","0","","36","11","2018","2019003502","7","40.0235","-76.1984","1118","08","0","0","0","0","0","0","0","0","","0","0","0","11","1","0","00","0","40 01:24.756","","00","76 11:54.175","0","0","0","0","36215","0","0","0","N","0","0","0","1","36215","0","","5","01","N","N","0","","0","0","0","0","0","","1110","0","1","0","0","0","0","0","1","0","1","N","","","","","","","","","","","","03","  ","","",""
"1011","1","0","0","0","0","0","0","0","0","1","0","","36","12","2018","2019003503","7","40.031","-76.2354","1009","08","0","0","0","0","0","0","0","0","1","0","0","0","10","1","1","01","1","40 01:50.123","3","00","76 14:03.641","3","0","0","0","36215","0","0","0","N","0","0","0","4","36215","0","","1","01","N","N","0","","1","0","2","3","2","N","1008","1","3","0","0","0","0","0","1","0","3","N","","","","","","","","","","","","03","  ","","",""
"2110","1","0","0","0","0","0","0","0","0","1","0","","36","12","2018","2019003504","7","40.024","-76.2006","2110","08","0","0","0","0","0","0","0","0","","0","0","0","21","3","1","00","0","40 01:26.326","","07","76 12:02.122","4","0","0","0","36215","0","0","0","N","0","0","0","3","36215","1","","1","01","N","N","0","","0","0","0","3","2","","2108","1","2","0","0","0","0","0","1","1","2","N","","","","","","","","","","","","03","  ","","",""
"1730","1","0","0","0","0","0","0","0","0","7","0","","36","12","2018","2019003860","4","40.0911","-76.4952","1717","08","0","0","0","0","0","0","0","0","1","0","0","0","17","2","0","00","1","40 05:28.133","1","00","76 29:42.898","0","0","0","0","36230","0","0","0","N","0","0","0","1","36410","0","","4","01","N","N","0","","0","0","0","0","0","N","1714","0","1","0","0","0","0","0","1","0","1","N","","","","","","","","","","","","03","  ","","",""
"0600","2","0","0","0","0","0","0","0","0","4","0","","36","01","2018","2019003861","3","40.1823","-76.4028","0555","08","0","0","0","0","0","0","1","0","1","0","0","0","05","2","0","02","2","40 10:56.413","7","00","76 24:10.209","0","0","0","0","36230","0","0","0","N","0","0","0","2","36410","0","","1","01","N","N","0","","0","0","0","3","3","N","0550","0","2","0","0","0","0","0","1","0","2","N","","","","","","","","","","","","03","  ","","",""
"1825","0","0","0","0","0","0","0","0","0","7","0","","36","12","2018","2019003892","2","40.1938","-76.1547","1819","08","0","0","0","0","0","0","0","0","","0","0","0","18","3","0","00","0","40 11:37.506","","03","76 09:16.903","0","0","0","0","36218","0","0","0","N","0","0","0","1","36408","0","","2","01","N","N","0","","0","0","1","0","0","","1815","0","1","0","0","0","0","0","1","0","1","N","","","","","","","","","","","","03","  ","","",""
"1324","0","0","0","0","0","0","0","0","0","7","0","","36","12","2018","2019004103","2","40.2279","-76.3705","1316","08","0","0","0","0","0","0","0","0","1","0","0","0","13","1","1","00","1","40 13:40.311","4","00","76 22:13.890","3","0","0","0","36217","0","0","0","N","0","0","0","1","68T06","0","","4","09","N","N","0","","1","0","0","0","0","N","1316","1","1","0","0","0","0","0","1","1","1","N","","","","","","","","","","","","07","  ","","",""
"0400","1","0","0","0","0","0","0","0","0","7","0","","36","12","2018","2019004399","7","40.147","-76.1847","0354","08","0","0","0","0","0","0","0","0","3","0","0","0","03","2","0","00","2","40 08:49.076","1","00","76 11:04.914","0","0","0","0","36238","0","0","0","Y","0","0","0","1","36238","0","","3","01","N","N","0","","0","0","0","0","0","Y","0354","0","1","0","0","0","0","0","3","0","1","N","","","","","","","","","","","","05","  ","","",""
"1442","0","0","0","0","0","0","0","0","0","4","0","","36","12","2018","2019004436","7","40.1636","-76.1524","1439","08","0","0","0","0","0","0","0","1","2","0","0","0","14","1","1","01","2","40 09:49.309","4","02","76 09:08.375","3","0","0","0","36218","0","0","0","N","0","0","0","5","36408","0","","1","01","N","N","0","","1","0","1","3","2","Y","1430","1","2","0","0","1","0","0","1","1","2","N","","","","","","","","","","","","03","  ","","",""
"1730","1","0","0","0","0","0","0","0","0","7","0","","36","12","2018","2019004983","6","40.1874","-76.1842","1730","08","0","1","0","0","0","0","0","0","1","0","0","0","17","3","0","00","1","40 11:14.720","2","00","76 11:02.976","0","0","0","0","36408","0","0","0","N","0","0","0","1","36408","0","","2","01","N","N","0","","0","0","0","0","0","N","1730","0","1","0","0","0","0","0","2","0","1","N","","","","","","","","","","","","03","  ","","",""
"1430","2","0","0","0","0","0","0","0","0","4","0","","36","12","2018","2019004989","1","40.0435","-76.298","1420","08","0","0","0","0","0","0","0","0","2","0","0","0","14","1","0","01","1","40 02:36.501","2","00","76 17:52.632","0","0","0","0","36301","0","0","0","N","0","0","0","2","36301","0","","1","01","N","N","0","","0","0","0","3","3","N","1420","0","2","0","0","0","0","0","3","0","2","N","","","","","","","","","","","","03","  ","","",""
"1711","1","0","0","0","0","0","0","0","0","1","0","","36","12","2018","2019005242","6","40.0538","-76.2646","1704","08","0","0","0","0","0","0","0","0","2","0","0","0","17","2","0","00","1","40 03:13.625","4","00","76 15:52.520","0","0","0","0","36215","0","0","0","N","0","0","0","4","36215","0","","1","09","N","N","0","","0","0","1","0","0","N","1704","0","2","0","0","1","0","0","1","0","2","N","","","","","","","","","","","","03","  ","","",""
"1325","1","0","0","0","0","0","0","0","0","1","0","","36","12","2018","2019005453","2","40.0606","-76.3357","1318","08","0","0","1","0","0","1","0","0","","0","0","0","13","1","0","00","0","40 03:38.180","","00","76 20:08.508","0","0","0","0","36101","0","0","0","N","0","0","0","3","36101","0","","1","09","N","N","0","","0","0","1","0","0","","1317","0","2","0","0","0","0","0","3","0","2","N","","","","","","","","","","","","07","  ","","",""
"0132","1","0","0","0","0","0","0","0","0","7","0","","36","12","2018","2019006024","2","40.0385","-76.3271","0124","08","0","0","0","0","0","0","0","0","2","0","0","0","01","3","2","00","2","40 02:18.722","6","00","76 19:37.686","3","0","0","0","36220","0","0","0","N","0","0","0","2","36101","0","","4","01","N","N","0","","2","0","0","0","0","Y","0124","2","1","0","0","0","0","0","3","0","1","N","","","","","","","","","","","","03","  ","","",""
"1407","2","0","0","0","0","0","0","0","0","1","0","","36","12","2018","2019006278","1","40.1298","-76.2166","1401","08","0","0","0","0","0","0","1","1","","0","0","0","14","1","0","01","0","40 07:47.418","","02","76 12:59.627","0","0","0","0","36238","0","0","0","N","0","0","0","2","36238","0","","1","01","N","N","0","","0","0","0","3","4","N","1401","0","2","0","0","0","0","0","3","0","2","N","","","","","","","","","","","","03","  ","","",""
"1533","0","0","0","0","0","0","0","0","0","7","0","","36","12","2018","2019006686","1","40.2456","-76.2211","1524","08","0","0","0","0","0","0","0","1","","0","0","0","15","1","0","00","0","40 14:44.237","","00","76 13:15.882","0","0","0","0","36204","0","0","0","N","0","0","0","2","68T06","0","","3","01","N","N","0","","0","0","0","0","0","","1522","0","1","0","0","0","0","0","1","1","1","N","","","","","","","","","","","","03","  ","","",""
"1808","1","0","0","0","0","0","0","0","0","9","0","","36","12","2018","2019006688","1","40.2455","-76.1837","1752","08","0","0","0","0","0","1","0","0","","0","0","0","17","2","0","00","0","40 14:43.871","","00","76 11:01.381","0","0","0","0","36236","0","0","0","N","0","0","0","1","68T06","0","","1","01","N","N","0","","0","0","0","0","0","","1752","0","1","0","0","0","0","0","1","0","1","N","","","","","","","","","","","","03","  ","","",""
"1538","1","0","0","0","0","0","0","0","0","7","0","","36","12","2018","2019006691","6","40.2276","-76.3749","1515","08","0","0","0","0","0","0","0","0","","0","0","0","15","1","0","00","0","40 13:39.428","","00","76 22:29.639","0","0","0","0","36217","0","0","0","N","0","0","0","1","68T06","0","","4","09","N","N","0","","0","0","0","0","0","","1514","0","1","0","0","0","0","0","1","0","1","N","","","","","","","","","","","","07","  ","","",""
"1156","0","0","0","0","0","0","0","0","0","1","2","","36","12","2018","2019007840","5","40.0046","-76.104","1156","08","0","0","0","0","0","1","0","0","1","0","2","0","11","1","0","00","1","40 00:16.693","4","00","76 06:14.516","0","0","0","0","36226","0","0","0","N","0","0","0","2","68J01","0","","1","09","N","N","0","","0","0","0","3","2","N","1152","0","2","0","0","0","0","0","1","0","2","N","","","","","","","","","","","","07","  ","","",""
"1325","2","0","0","0","0","0","0","0","0","1","0","","36","11","2018","2019010746","1","40.2216","-76.0906","1320","08","0","0","0","0","0","0","0","0","","0","0","0","13","1","0","00","0","40 13:17.704","","00","76 05:26.230","0","0","0","0","36210","0","0","0","N","0","0","0","3","68T06","0","","1","01","Y","N","0","","0","0","1","0","0","","1320","0","3","0","0","0","0","0","1","0","3","N","","","","","","","","","","","","03","  ","","",""
"0648","2","0","0","0","0","0","0","0","0","4","0","","36","01","2018","2019010895","2","40.0331","-76.2452","0644","08","0","1","0","0","1","0","0","0","1","0","0","0","06","3","2","02","2","40 01:59.084","4","00","76 14:42.829","3","0","0","0","36215","0","0","0","N","0","0","0","3","36215","0","","1","01","N","N","1","","2","0","0","3","2","N","0643","2","3","0","0","1","0","0","1","0","3","N","","","","","","","","","","","","03","  ","","",""
"1819","2","0","0","0","0","0","0","0","0","1","0","","36","11","2018","2019012138","4","40.1134","-76.5211","1817","08","0","0","0","0","0","0","0","0","1","0","0","0","18","2","0","00","1","40 06:48.387","2","00","76 31:15.876","0","0","0","0","36413","0","0","0","N","0","0","0","2","36413","0","","1","01","N","N","0","","0","0","0","2","2","Y","1817","0","2","0","0","0","0","0","2","0","2","N","","","","","","","","","","","","03","  ","","",""
"0718","2","0","0","0","0","0","0","0","0","4","0","","36","12","2018","2019012300","4","40.0571","-76.553","0713","08","0","0","0","0","0","0","0","0","2","0","0","0","07","1","2","03","2","40 03:25.480","5","00","76 33:10.825","2","0","0","0","36411","0","0","0","N","0","0","0","2","36504","0","","2","01","N","N","0","","0","2","0","0","0","Y","0710","2","2","0","0","0","0","0","1","0","2","N","","","","","","","","","","","","03","  ","","",""
"0254","1","0","0","0","0","0","0","0","0","7","0","","36","12","2018","2019014028","3","40.2045","-76.4867","0245","08","0","0","0","0","0","0","0","0","3","0","0","0","02","2","2","00","2","40 12:16.241","6","00","76 29:12.176","8","0","0","0","36230","0","0","0","N","0","0","0","2","36410","0","","4","01","N","N","0","","0","0","0","0","0","Y","0245","2","1","0","0","2","2","0","1","0","1","N","","","","","","","","","","","","03","  ","","",""
"0054","1","0","0","0","0","0","0","0","0","7","0","","36","12","2018","2019015222","5","40.192","-76.0805","0035","08","0","0","0","0","0","0","0","0","2","0","0","0","00","2","0","00","2","40 11:31.320","6","00","76 04:49.890","0","0","0","0","36202","0","0","0","N","0","0","0","1","68J01","0","","4","01","N","N","0","","0","0","0","0","0","Y","0021","0","1","0","0","1","0","0","1","0","1","N","","","","","","","","","","","","03","  ","","",""
"1423","1","0","0","0","0","0","0","0","0","1","0","","36","12","2018","2019015691","7","40.0615","-76.5586","1419","08","0","0","0","0","0","2","0","0","","0","0","0","13","1","0","01","0","40 03:41.508","","00","76 33:31.023","0","0","0","0","36211","0","0","0","N","0","0","0","2","36504","0","","1","09","N","N","0","","0","0","0","0","0","","1350","0","2","0","0","0","0","0","1","1","2","N","","","","","","","","","","","","07","  ","","",""
"1011","1","0","0","0","0","0","0","0","0","7","0","","36","11","2018","2019015920","5","40.065","-76.591","1005","08","0","0","0","0","0","0","0","0","","0","0","0","10","1","0","00","0","40 03:53.960","","00","76 35:27.439","0","0","0","0","36211","0","0","0","N","0","0","0","1","36504","0","","5","01","N","N","0","","0","0","0","0","0","","1004","0","1","0","0","0","0","0","1","0","1","N","","","","","","","","","","","","03","  ","","",""
"1210","1","0","0","0","0","0","0","0","0","7","0","","36","10","2018","2019016523","4","40.0842","-76.1095","1206","08","0","0","0","0","0","0","0","0","3","1","0","0","12","1","0","00","2","40 05:03.230","6","00","76 06:34.120","1","0","0","0","36209","0","0","0","N","0","0","0","1","36415","0","2","4","01","N","N","0","0","0","0","0","0","0","Y","1206","0","1","1","0","1","0","0","1","0","1","N","","","","","","","","","","","","03","  ","","",""
"1633","0","0","0","0","0","0","0","0","0","7","0","","36","12","2018","2019018635","7","40.0985","-76.2138","1615","08","0","0","0","0","0","1","0","0","","0","0","0","14","1","1","00","0","40 05:54.743","","00","76 12:49.856","8","0","0","0","36234","0","0","0","N","0","0","0","1","36215","0","","5","01","N","N","0","","0","0","1","0","0","","1445","1","1","0","0","0","1","0","1","0","1","N","","","","","","","","","","","","03","  ","","",""
"1627","0","0","0","0","0","0","0","0","0","1","0","","36","03","2018","2019029840","1","40.1858","-76.4096","1627","08","0","0","0","0","0","1","0","0","1","0","0","0","16","1","1","00","2","40 11:08.862","1","00","76 24:34.648","3","0","0","0","36230","0","0","0","N","0","0","0","2","36410","0","","1","01","N","N","1","","1","0","0","0","0","N","1620","1","2","0","0","2","0","0","1","1","2","N","","","","","","","","","","","","03","  ","","",""
"0029","1","0","0","0","0","0","0","0","0","7","0","","36","07","2018","2019038158","6","","","0027","08","0","0","0","0","0","0","0","0","2","0","0","0","00","2","1","00","1","","4","00","","8","0","0","0","36404","0","0","0","Y","0","0","0","1","36404","0","","3","01","N","N","0","","0","0","0","0","0","N","0021","1","1","0","0","0","1","0","3","0","1","N","","","","","","","","","","","","03","  ","","",""
"0457","1","0","0","0","0","0","0","0","0","7","0","","36","11","2018","2019040549","5","40.1062","-76.5099","0457","08","0","0","0","0","0","1","0","0","","0","0","0","04","3","0","00","0","40 06:22.448","","00","76 30:35.704","0","0","0","0","36211","0","0","0","N","0","0","0","1","36504","0","","4","01","N","N","0","","0","0","0","0","0","","0457","0","1","0","0","0","0","0","1","0","1","N","","","","","","","","","","","","03","  ","","",""
"1321","1","0","0","0","0","0","0","0","0","7","0","","36","12","2018","2019072633","3","39.959","-76.3","1321","08","0","0","0","0","0","1","0","0","","0","0","0","13","1","0","00","0","39 57:32.402","","00","76 18:00.120","0","0","0","0","36228","0","0","0","N","0","0","0","1","36503","0","","5","01","N","N","0","","0","0","0","0","0","N","1321","0","1","0","0","0","0","0","1","0","1","N","","","","","","","","","","","","03","  ","","",""
"","0","0","0","0","0","0","0","0","0","7","0","","36","02","2018","2019076082","7","40.1736","-76.5948","","08","0","0","0","0","0","0","0","0","","0","0","0","17","4","1","00","0","40 10:24.803","","00","76 35:41.374","8","0","0","0","36407","0","0","0","N","0","0","0","1","00000","0","","2","02","N","N","0","","0","0","1","0","0","","1730","1","1","0","0","0","1","0","2","0","1","N","","","","","","","","","","","","10","  ","","",""
"","0","0","0","0","0","0","1","0","0","7","1","","36","03","2018","2019076411","5","40.0288","-76.0822","","08","0","0","0","0","0","0","0","0","","0","0","0","07","1","1","01","0","40 01:43.556","","00","76 04:56.055","4","0","0","0","36221","0","0","0","N","0","0","0","17","00000","1","","4","01","Y","N","0","","0","0","0","3","3","","0700","1","1","0","0","0","0","0","1","0","1","N","","","","","","","","","","","","03","  ","","",""
"","1","0","0","0","0","0","0","0","0","4","0","","36","10","2018","2019083655","5","39.8706","-76.228","","08","0","0","0","0","0","1","0","0","","0","0","0","18","4","0","00","0","39 52:14.266","","07","76 13:40.951","0","0","0","0","36208","0","0","0","N","0","0","0","3","00000","0","","1","09","N","N","0","","0","0","1","3","3","","1840","0","2","0","0","0","0","0","1","0","2","N","","","","","","","","","","","","07","  ","","",""
"","1","0","0","0","0","0","0","0","0","7","0","","36","10","2018","2019083658","1","39.8715","-76.1541","","08","0","0","0","0","0","0","0","0","","0","0","0","13","1","1","00","0","39 52:17.288","","00","76 09:14.909","3","0","0","0","36212","0","0","0","N","0","0","0","1","00000","0","","4","01","N","N","0","","1","0","0","0","0","","1330","1","2","0","0","0","0","0","1","0","1","N","","","","","","","","","","","","03","  ","","",""
"","0","0","0","0","0","0","0","0","0","7","0","","36","11","2018","2019084157","5","40.0547","-76.1701","","08","0","0","0","0","0","0","0","0","","0","0","0","12","1","1","00","0","40 03:17.007","","00","76 10:12.478","3","0","0","0","36215","0","0","0","N","0","0","0","1","00000","0","","4","07","N","N","0","","1","0","1","0","0","","1200","1","1","0","0","0","0","0","1","0","1","N","","","","","","","","","","","","10","  ","","",""
"","0","0","0","0","0","0","0","0","0","4","0","","36","12","2018","2019084610","6","39.9615","-76.1028","","08","0","0","0","0","0","1","0","0","","0","0","0","21","2","1","01","0","39 57:41.266","","00","76 06:10.058","8","0","0","0","36226","0","0","0","N","0","0","0","2","00000","0","","1","09","N","N","1","","0","0","0","3","3","","2100","1","2","0","0","0","1","0","1","1","2","N","","","","","","","","","","","","07","  ","","",""